item_id,relative,line_start,line_end,historical_status,verdict,reason,current_independent_evidence,original_text
FFH-0001,task_plan.md,3,3,checked_complete_or_pass_claim,superseded,根计划明确被FCAP/R4取代；六阶段完成仅旧范围，不能据此关闭三市场生产目标。,TERMINAL_NOTICE.json; PLANNING_STATUS.md:45–58,> **2026-08-09 状态覆盖：`completed_historical_scope`。** 本文件的 v1.3.0 六阶段、75 项旧范围工作保持已完成；其测试数字和 live 证据是历史快照。最新要求增加了统一 resolver、Dropbox-only、latest 单次闭环、SourceBundle、current-triplet CI 和持续动态审核，统一由 revenue-forecast 的 [FCAP r2](../revenue-forecast/audit_review/2026-08-09_full_completion_assurance_plan/task_plan.md) 接管。本文件不再新增同类待办，也不能单独证明六项目标完成。
FFH-0002,task_plan.md,5,5,checked_complete_or_pass_claim,historical_only,9/9 HEAD、CI绿和干净树是当日观察；CI设计只覆盖synthetic，不能移植为9/19真实闭环。,filing-fetch/tests/e2e_support/isolated_wiki.py:synthetic seeds/no-op adapters; e2e/run_companies_reuse_only_e2e.py:scope,> **2026-09-09 深夜状态（只读核对，不新增待办）**：本仓当前 HEAD `bb8d485`、工作树干净；CI（`quality.yml`，含 `--require-revenue-config` 与 `$GITHUB_WORKSPACE` 符号链接）最近一次推送全绿。E2E 设计已于 `bb8d485` 提交：**harness 明确为 synthetic T1 范围，不代表真实数据 E2E**；真实原文/CLI/provider 层路由到 R4 测试矩阵（L/P/VR/AR），见 [e2e/E2E_DESIGN.md](e2e/E2E_DESIGN.md)。filing 的消费面证据仍在 R4 审计目录 [filing-audit.md](../company-wiki/docs/plans/painpoint-outcome-audit-2026-09-05/filing-audit.md) 与最新 [current-delta-2026-09-09.md](../company-wiki/docs/plans/painpoint-outcome-audit-2026-09-05/current-delta-2026-09-09.md)；本轮未改代码/配置/任务。
FFH-0003,task_plan.md,7,11,historical_requirement_or_finding,insufficient_evidence,三层基础设施存在，但当前生产配置、真实provider及消费review gate不在同一验收闭环；本轮实际三市场0/3。,revenue-forecast/audit_review/2026-09-18_real_company_skill_audit/runs/02–13; independent/acquisition_aftercheck.json; filing-fetch/tests/e2e_support/isolated_wiki.py:synthetic seeds/no-op adapters; e2e/run_companies_reuse_only_e2e.py:scope,"## 目标
修复审查发现的契约漂移（错误分类、文档、失效测试），并建立覆盖
『A股/港股/美股 × 文档已存在/不存在/部分存在』全场景矩阵的三层测试体系：
mock 单元测试（快）+ 隔离实例真实 E2E（真实 company-wiki 代码/临时状态）+
生产 live 一致性测试（少量）。"
FFH-0004,task_plan.md,16,16,historical_requirement_or_finding,supported_scoped,当前实现及隔离合同测试支持该局部修复；错误原因跨仓保真、deadline总时限另有缺口，不能扩大为端到端。,"filing-fetch/scripts/filing_contracts.py:99,350; scripts/fetch_filing.py:resolve_filing/_handle_from_resolution/main; tests/contracts.stdout.txt (280 passed, 78 subtests; live excluded; symlink skip)",| D1 | 错误码契约方向 | 实现对齐 SKILL.md：真正产生 config_error / identity_error / not_found / worker_paused |
FFH-0005,task_plan.md,17,17,historical_requirement_or_finding,insufficient_evidence,三层基础设施存在，但当前生产配置、真实provider及消费review gate不在同一验收闭环；本轮实际三市场0/3。,revenue-forecast/audit_review/2026-09-18_real_company_skill_audit/runs/02–13; independent/acquisition_aftercheck.json; filing-fetch/tests/e2e_support/isolated_wiki.py:synthetic seeds/no-op adapters; e2e/run_companies_reuse_only_e2e.py:scope,| D2 | E2E 基础设施 | 全量真实 company-wiki（真实代码 + 隔离临时实例）；下载场景用真实 StockInfoDLSimple / dayu-agent |
FFH-0006,task_plan.md,18,18,historical_requirement_or_finding,historical_only,这是历史工作树、测试总数或操作经过；当前代码/测试已演化，不以今天测试伪证明当日运行。,历史文档叙述/收据，不等于本轮重新执行；当前版本须另验,| D3 | Git 基线 | 不提交，v1.2.0 未提交改动与本次修改一并进行 |
FFH-0007,task_plan.md,21,21,historical_requirement_or_finding,historical_only,这是历史工作树、测试总数或操作经过；当前代码/测试已演化，不以今天测试伪证明当日运行。,历史文档叙述/收据，不等于本轮重新执行；当前版本须另验,- 66 tests pass（60 mock + 6 real-tool，其中 2 个 skip），耗时 ~32s；ruff 0.15.18 clean
FFH-0008,task_plan.md,22,22,historical_requirement_or_finding,historical_only,这是历史工作树、测试总数或操作经过；当前代码/测试已演化，不以今天测试伪证明当日运行。,历史文档叙述/收据，不等于本轮重新执行；当前版本须另验,- 工作区含未提交 v1.2.0（catalog_locked 重试）；根目录有垃圾文件 `nul`
FFH-0009,task_plan.md,23,23,historical_requirement_or_finding,historical_only,这是历史工作树、测试总数或操作经过；当前代码/测试已演化，不以今天测试伪证明当日运行。,历史文档叙述/收据，不等于本轮重新执行；当前版本须另验,- 无 pyproject.toml / pytest.ini / coverage 配置；测试用 `python -m unittest discover -s tests`
FFH-0010,task_plan.md,27,27,checked_complete_or_pass_claim,supported_scoped,当前实现及隔离合同测试支持该局部修复；错误原因跨仓保真、deadline总时限另有缺口，不能扩大为端到端。,"filing-fetch/scripts/filing_contracts.py:99,350; scripts/fetch_filing.py:resolve_filing/_handle_from_resolution/main; tests/contracts.stdout.txt (280 passed, 78 subtests; live excluded; symlink skip)",## Phase 1 — 代码契约修复 — 状态：completed
FFH-0011,task_plan.md,30,30,checked_complete_or_pass_claim,supported_scoped,当前实现及隔离合同测试支持该局部修复；错误原因跨仓保真、deadline总时限另有缺口，不能扩大为端到端。,"filing-fetch/scripts/filing_contracts.py:99,350; scripts/fetch_filing.py:resolve_filing/_handle_from_resolution/main; tests/contracts.stdout.txt (280 passed, 78 subtests; live excluded; symlink skip)","- [x] `validate_request`：在 unknown-field 检查后新增 `_required_text(request.get(""company_query""), ""company_query"")`"
FFH-0012,task_plan.md,31,31,checked_complete_or_pass_claim,supported_scoped,当前实现及隔离合同测试支持该局部修复；错误原因跨仓保真、deadline总时限另有缺口，不能扩大为端到端。,"filing-fetch/scripts/filing_contracts.py:99,350; scripts/fetch_filing.py:resolve_filing/_handle_from_resolution/main; tests/contracts.stdout.txt (280 passed, 78 subtests; live excluded; symlink skip)","- [x] `validate_request`：market hint 非 None 时必须 ∈ {CN, HK, US}，否则 request_error"
FFH-0013,task_plan.md,32,32,checked_complete_or_pass_claim,supported_scoped,当前实现及隔离合同测试支持该局部修复；错误原因跨仓保真、deadline总时限另有缺口，不能扩大为端到端。,"filing-fetch/scripts/filing_contracts.py:99,350; scripts/fetch_filing.py:resolve_filing/_handle_from_resolution/main; tests/contracts.stdout.txt (280 passed, 78 subtests; live excluded; symlink skip)",- [x] `validate_handle`：新增 request_id 非空文本校验（code=upstream_error，与 handle 其他校验一致）
FFH-0014,task_plan.md,33,33,checked_complete_or_pass_claim,supported_scoped,当前实现及隔离合同测试支持该局部修复；错误原因跨仓保真、deadline总时限另有缺口，不能扩大为端到端。,"filing-fetch/scripts/filing_contracts.py:99,350; scripts/fetch_filing.py:resolve_filing/_handle_from_resolution/main; tests/contracts.stdout.txt (280 passed, 78 subtests; live excluded; symlink skip)",- [x] 删除死常量 `GAP_RECEIPT_SCHEMA_VERSION`、`DOWNLOAD_AUTHORIZATION_SCHEMA_VERSION`
FFH-0015,task_plan.md,34,35,checked_complete_or_pass_claim,supported_scoped,当前实现及隔离合同测试支持该局部修复；错误原因跨仓保真、deadline总时限另有缺口，不能扩大为端到端。,"filing-fetch/scripts/filing_contracts.py:99,350; scripts/fetch_filing.py:resolve_filing/_handle_from_resolution/main; tests/contracts.stdout.txt (280 passed, 78 subtests; live excluded; symlink skip)","- [x] 保留 `SUPPORTED_COMPANY_WIKI_CONTRACTS` 并改为 dict（原为 frozenset 不可下标），
  在 1.2 resolve/ensure schema 校验中真正使用（resolve/ensure 分别查表）"
FFH-0016,task_plan.md,38,38,checked_complete_or_pass_claim,supported_scoped,当前实现及隔离合同测试支持该局部修复；错误原因跨仓保真、deadline总时限另有缺口，不能扩大为端到端。,"filing-fetch/scripts/filing_contracts.py:99,350; scripts/fetch_filing.py:resolve_filing/_handle_from_resolution/main; tests/contracts.stdout.txt (280 passed, 78 subtests; live excluded; symlink skip)","- [x] `_validate_company_wiki_root` + `load_company_wiki_root`：全部 FilingFetchError 加 `code=""config_error""`（含 token 替换失败）"
FFH-0017,task_plan.md,39,39,checked_complete_or_pass_claim,supported_scoped,当前实现及隔离合同测试支持该局部修复；错误原因跨仓保真、deadline总时限另有缺口，不能扩大为端到端。,"filing-fetch/scripts/filing_contracts.py:99,350; scripts/fetch_filing.py:resolve_filing/_handle_from_resolution/main; tests/contracts.stdout.txt (280 passed, 78 subtests; live excluded; symlink skip)","- [x] `_resolved_company_identity`：全部 raise 加 `code=""identity_error""`（字段空值校验内联化以携带正确 code）"
FFH-0018,task_plan.md,40,41,checked_complete_or_pass_claim,supported_scoped,当前实现及隔离合同测试支持该局部修复；错误原因跨仓保真、deadline总时限另有缺口，不能扩大为端到端。,"filing-fetch/scripts/filing_contracts.py:99,350; scripts/fetch_filing.py:resolve_filing/_handle_from_resolution/main; tests/contracts.stdout.txt (280 passed, 78 subtests; live excluded; symlink skip)","- [x] `_run_company_wiki_json` 非零退出分类扩展：CatalogOperationLockedError → catalog_locked（现有）；
  RuntimeError+""paused"" → worker_paused（新增）；其他 → fatal（fail-closed）"
FFH-0019,task_plan.md,43,44,checked_complete_or_pass_claim,supported_scoped,当前实现及隔离合同测试支持该局部修复；错误原因跨仓保真、deadline总时限另有缺口，不能扩大为端到端。,"filing-fetch/scripts/filing_contracts.py:99,350; scripts/fetch_filing.py:resolve_filing/_handle_from_resolution/main; tests/contracts.stdout.txt (280 passed, 78 subtests; live excluded; symlink skip)","  - [x] 删除死分支 `if ""company_query"" not in request` 与恒真 `if ""company_query"" in request`；
        删除 `_identity_arguments` 中不可达的 entity/security_id 冲突检查"
FFH-0020,task_plan.md,45,45,checked_complete_or_pass_claim,supported_scoped,当前实现及隔离合同测试支持该局部修复；错误原因跨仓保真、deadline总时限另有缺口，不能扩大为端到端。,"filing-fetch/scripts/filing_contracts.py:99,350; scripts/fetch_filing.py:resolve_filing/_handle_from_resolution/main; tests/contracts.stdout.txt (280 passed, 78 subtests; live excluded; symlink skip)","  - [x] `timeout_seconds` 增加 `math.isfinite` 校验（消息改为 ""positive and finite""）"
FFH-0021,task_plan.md,46,46,checked_complete_or_pass_claim,supported_scoped,当前实现及隔离合同测试支持该局部修复；错误原因跨仓保真、deadline总时限另有缺口，不能扩大为端到端。,"filing-fetch/scripts/filing_contracts.py:99,350; scripts/fetch_filing.py:resolve_filing/_handle_from_resolution/main; tests/contracts.stdout.txt (280 passed, 78 subtests; live excluded; symlink skip)","  - [x] resolve 响应校验 `payload[""schema_version""] == SUPPORTED[...][""resolve_schema_version""]`，否则 upstream_error"
FFH-0022,task_plan.md,47,47,checked_complete_or_pass_claim,supported_scoped,当前实现及隔离合同测试支持该局部修复；错误原因跨仓保真、deadline总时限另有缺口，不能扩大为端到端。,"filing-fetch/scripts/filing_contracts.py:99,350; scripts/fetch_filing.py:resolve_filing/_handle_from_resolution/main; tests/contracts.stdout.txt (280 passed, 78 subtests; live excluded; symlink skip)","  - [x] ensure 响应校验 `resolution[""schema_version""] == SUPPORTED[...][""ensure_schema_version""]`，否则 upstream_error"
FFH-0023,task_plan.md,48,48,checked_complete_or_pass_claim,supported_scoped,当前实现及隔离合同测试支持该局部修复；错误原因跨仓保真、deadline总时限另有缺口，不能扩大为端到端。,"filing-fetch/scripts/filing_contracts.py:99,350; scripts/fetch_filing.py:resolve_filing/_handle_from_resolution/main; tests/contracts.stdout.txt (280 passed, 78 subtests; live excluded; symlink skip)","  - [x] ""source is not reusable: ..."" → `code=""not_found""`"
FFH-0024,task_plan.md,49,49,checked_complete_or_pass_claim,supported_scoped,当前实现及隔离合同测试支持该局部修复；错误原因跨仓保真、deadline总时限另有缺口，不能扩大为端到端。,"filing-fetch/scripts/filing_contracts.py:99,350; scripts/fetch_filing.py:resolve_filing/_handle_from_resolution/main; tests/contracts.stdout.txt (280 passed, 78 subtests; live excluded; symlink skip)","  - [x] ""did not return exactly one source handle"" → `code=""upstream_error""`"
FFH-0025,task_plan.md,50,50,checked_complete_or_pass_claim,supported_scoped,当前实现及隔离合同测试支持该局部修复；错误原因跨仓保真、deadline总时限另有缺口，不能扩大为端到端。,"filing-fetch/scripts/filing_contracts.py:99,350; scripts/fetch_filing.py:resolve_filing/_handle_from_resolution/main; tests/contracts.stdout.txt (280 passed, 78 subtests; live excluded; symlink skip)","  - [x] ""source lacks capture provenance"" → `code=""not_found""`（消息保留 missing_capture_fields 细节）"
FFH-0026,task_plan.md,51,52,checked_complete_or_pass_claim,supported_scoped,当前实现及隔离合同测试支持该局部修复；错误原因跨仓保真、deadline总时限另有缺口，不能扩大为端到端。,"filing-fetch/scripts/filing_contracts.py:99,350; scripts/fetch_filing.py:resolve_filing/_handle_from_resolution/main; tests/contracts.stdout.txt (280 passed, 78 subtests; live excluded; symlink skip)","- [x] `main()`：stdin / --request-file 的 JSON 解析失败、非 dict、文件不可读 →
  `FilingFetchError(code=""request_error"")` → exit 2"
FFH-0027,task_plan.md,53,53,checked_complete_or_pass_claim,supported_scoped,当前实现及隔离合同测试支持该局部修复；错误原因跨仓保真、deadline总时限另有缺口，不能扩大为端到端。,"filing-fetch/scripts/filing_contracts.py:99,350; scripts/fetch_filing.py:resolve_filing/_handle_from_resolution/main; tests/contracts.stdout.txt (280 passed, 78 subtests; live excluded; symlink skip)",- [x] 退出码语义保持不变：FilingFetchError（任何 code）→ 2；意外异常 → 1；成功 → 0
FFH-0028,task_plan.md,56,56,checked_complete_or_pass_claim,historical_only,这是历史工作树、测试总数或操作经过；当前代码/测试已演化，不以今天测试伪证明当日运行。,历史文档叙述/收据，不等于本轮重新执行；当前版本须另验,- [x] `python -m unittest discover -s tests` 61 个 mock 测试全绿（含 live 1 个：test_cli_stdin_accepts_utf8_chinese_query）
FFH-0029,task_plan.md,57,57,checked_complete_or_pass_claim,historical_only,这是历史工作树、测试总数或操作经过；当前代码/测试已演化，不以今天测试伪证明当日运行。,历史文档叙述/收据，不等于本轮重新执行；当前版本须另验,- [x] `ruff check scripts tests` 通过
FFH-0030,task_plan.md,60,60,historical_requirement_or_finding,historical_only,这是历史工作树、测试总数或操作经过；当前代码/测试已演化，不以今天测试伪证明当日运行。,历史文档叙述/收据，不等于本轮重新执行；当前版本须另验,- 实现中途发现 `SUPPORTED_COMPANY_WIKI_CONTRACTS` 为 frozenset（dict 字面量被转键集）不可下标 → 改为 dict（首次运行 19 个测试 TypeError）
FFH-0031,task_plan.md,61,61,historical_requirement_or_finding,historical_only,这是历史工作树、测试总数或操作经过；当前代码/测试已演化，不以今天测试伪证明当日运行。,历史文档叙述/收据，不等于本轮重新执行；当前版本须另验,"- 现有 17 处 mock 响应补 `""schema_version"": ""1.0""`（16/24 空格两种缩进各命中一次 replace_all）"
FFH-0032,task_plan.md,65,65,checked_complete_or_pass_claim,supported_scoped,已重跑对应隔离测试；断言限定所构造的请求/返回/clock，不证明生产provider或所有时间交错。,"tests/contracts.stdout.txt (280 passed, 78 subtests; live excluded; symlink skip)",## Phase 2 — mock 层测试扩充与去重 — 状态：completed
FFH-0033,task_plan.md,68,68,checked_complete_or_pass_claim,supported_scoped,已重跑对应隔离测试；断言限定所构造的请求/返回/clock，不证明生产provider或所有时间交错。,"tests/contracts.stdout.txt (280 passed, 78 subtests; live excluded; symlink skip)",- [x] test_missing_company_query_is_request_error（含 code 断言）
FFH-0034,task_plan.md,69,69,checked_complete_or_pass_claim,supported_scoped,已重跑对应隔离测试；断言限定所构造的请求/返回/clock，不证明生产provider或所有时间交错。,"tests/contracts.stdout.txt (280 passed, 78 subtests; live excluded; symlink skip)","- [x] test_blank_company_query_is_request_error（`""  ""` / `"" AMD ""`）"
FFH-0035,task_plan.md,70,70,checked_complete_or_pass_claim,supported_scoped,已重跑对应隔离测试；断言限定所构造的请求/返回/clock，不证明生产provider或所有时间交错。,"tests/contracts.stdout.txt (280 passed, 78 subtests; live excluded; symlink skip)","- [x] test_invalid_market_hint_is_request_error（`market: ""XX""`）"
FFH-0036,task_plan.md,71,71,checked_complete_or_pass_claim,supported_scoped,已重跑对应隔离测试；断言限定所构造的请求/返回/clock，不证明生产provider或所有时间交错。,"tests/contracts.stdout.txt (280 passed, 78 subtests; live excluded; symlink skip)",- [x] test_float_fiscal_year_is_request_error（`2026.0`）
FFH-0037,task_plan.md,72,72,checked_complete_or_pass_claim,supported_scoped,已重跑对应隔离测试；断言限定所构造的请求/返回/clock，不证明生产provider或所有时间交错。,"tests/contracts.stdout.txt (280 passed, 78 subtests; live excluded; symlink skip)","- [x] test_non_padded_as_of_date_is_request_error（`""2026-7-18""`）"
FFH-0038,task_plan.md,75,75,checked_complete_or_pass_claim,supported_scoped,已重跑对应隔离测试；断言限定所构造的请求/返回/clock，不证明生产provider或所有时间交错。,"tests/contracts.stdout.txt (280 passed, 78 subtests; live excluded; symlink skip)",- [x] test_config_errors_carry_config_error_code（缺文件/坏 JSON/缺 source_catalog.yaml/缺目录，逐一断言 code）
FFH-0039,task_plan.md,76,76,checked_complete_or_pass_claim,supported_scoped,已重跑对应隔离测试；断言限定所构造的请求/返回/clock，不证明生产provider或所有时间交错。,"tests/contracts.stdout.txt (280 passed, 78 subtests; live excluded; symlink skip)",- [x] test_identity_failures_carry_identity_error_code（ambiguous / verified=False / active=False / 坏 schema_version / 不支持 market）
FFH-0040,task_plan.md,77,77,checked_complete_or_pass_claim,supported_scoped,已重跑对应隔离测试；断言限定所构造的请求/返回/clock，不证明生产provider或所有时间交错。,"tests/contracts.stdout.txt (280 passed, 78 subtests; live excluded; symlink skip)",- [x] test_missing_source_carries_not_found_code（missing/ambiguous/identity_conflict）
FFH-0041,task_plan.md,78,78,checked_complete_or_pass_claim,supported_scoped,已重跑对应隔离测试；断言限定所构造的请求/返回/clock，不证明生产provider或所有时间交错。,"tests/contracts.stdout.txt (280 passed, 78 subtests; live excluded; symlink skip)",- [x] test_ensure_missing_carries_not_found_code
FFH-0042,task_plan.md,79,79,checked_complete_or_pass_claim,supported_scoped,已重跑对应隔离测试；断言限定所构造的请求/返回/clock，不证明生产provider或所有时间交错。,"tests/contracts.stdout.txt (280 passed, 78 subtests; live excluded; symlink skip)",- [x] test_capture_not_ready_carries_not_found_code（消息含字段名 https_url/capture_trace）
FFH-0043,task_plan.md,80,80,checked_complete_or_pass_claim,supported_scoped,已重跑对应隔离测试；断言限定所构造的请求/返回/clock，不证明生产provider或所有时间交错。,"tests/contracts.stdout.txt (280 passed, 78 subtests; live excluded; symlink skip)",- [x] test_multi_match_carries_upstream_error_code
FFH-0044,task_plan.md,81,81,checked_complete_or_pass_claim,supported_scoped,已重跑对应隔离测试；断言限定所构造的请求/返回/clock，不证明生产provider或所有时间交错。,"tests/contracts.stdout.txt (280 passed, 78 subtests; live excluded; symlink skip)",- [x] test_worker_paused_maps_to_retryable_worker_paused（code/retryable=True/不自动重试 call_count==2/exit 2）
FFH-0045,task_plan.md,82,82,checked_complete_or_pass_claim,supported_scoped,已重跑对应隔离测试；断言限定所构造的请求/返回/clock，不证明生产provider或所有时间交错。,"tests/contracts.stdout.txt (280 passed, 78 subtests; live excluded; symlink skip)",- [x] test_resolve_schema_version_mismatch_is_upstream_error
FFH-0046,task_plan.md,83,83,checked_complete_or_pass_claim,supported_scoped,已重跑对应隔离测试；断言限定所构造的请求/返回/clock，不证明生产provider或所有时间交错。,"tests/contracts.stdout.txt (280 passed, 78 subtests; live excluded; symlink skip)",- [x] test_ensure_resolution_schema_version_mismatch_is_upstream_error
FFH-0047,task_plan.md,86,86,checked_complete_or_pass_claim,supported_scoped,已重跑对应隔离测试；断言限定所构造的请求/返回/clock，不证明生产provider或所有时间交错。,"tests/contracts.stdout.txt (280 passed, 78 subtests; live excluded; symlink skip)",- [x] test_timeout_seconds_must_be_finite（inf / nan → ValueError）
FFH-0048,task_plan.md,87,87,checked_complete_or_pass_claim,supported_scoped,已重跑对应隔离测试；断言限定所构造的请求/返回/clock，不证明生产provider或所有时间交错。,"tests/contracts.stdout.txt (280 passed, 78 subtests; live excluded; symlink skip)",- [x] test_subprocess_receives_remaining_deadline（timeout kwarg == 剩余预算 30.0）
FFH-0049,task_plan.md,88,88,checked_complete_or_pass_claim,supported_scoped,已重跑对应隔离测试；断言限定所构造的请求/返回/clock，不证明生产provider或所有时间交错。,"tests/contracts.stdout.txt (280 passed, 78 subtests; live excluded; symlink skip)",- [x] test_deadline_exhausted_before_resolve_is_upstream_error（subprocess 不被调用）
FFH-0050,task_plan.md,89,89,checked_complete_or_pass_claim,supported_scoped,已重跑对应隔离测试；断言限定所构造的请求/返回/clock，不证明生产provider或所有时间交错。,"tests/contracts.stdout.txt (280 passed, 78 subtests; live excluded; symlink skip)",- [x] test_catalog_locked_until_deadline_is_upstream_error（恒 locked → sleep(5)+sleep(3) 后耗尽）
FFH-0051,task_plan.md,90,90,checked_complete_or_pass_claim,supported_scoped,已重跑对应隔离测试；断言限定所构造的请求/返回/clock，不证明生产provider或所有时间交错。,"tests/contracts.stdout.txt (280 passed, 78 subtests; live excluded; symlink skip)",- [x] test_worker_paused_is_not_auto_retried（sleep 不被调用）
FFH-0052,task_plan.md,93,93,checked_complete_or_pass_claim,supported_scoped,已重跑对应隔离测试；断言限定所构造的请求/返回/clock，不证明生产provider或所有时间交错。,"tests/contracts.stdout.txt (280 passed, 78 subtests; live excluded; symlink skip)",- [x] test_published_date_equal_as_of_date_is_accepted
FFH-0053,task_plan.md,94,94,checked_complete_or_pass_claim,supported_scoped,已重跑对应隔离测试；断言限定所构造的请求/返回/clock，不证明生产provider或所有时间交错。,"tests/contracts.stdout.txt (280 passed, 78 subtests; live excluded; symlink skip)",- [x] test_relative_canonical_path_is_resolved_against_wiki_root
FFH-0054,task_plan.md,95,95,checked_complete_or_pass_claim,supported_scoped,已重跑对应隔离测试；断言限定所构造的请求/返回/clock，不证明生产provider或所有时间交错。,"tests/contracts.stdout.txt (280 passed, 78 subtests; live excluded; symlink skip)",- [x] test_bool_byte_size_is_rejected
FFH-0055,task_plan.md,96,96,checked_complete_or_pass_claim,supported_scoped,已重跑对应隔离测试；断言限定所构造的请求/返回/clock，不证明生产provider或所有时间交错。,"tests/contracts.stdout.txt (280 passed, 78 subtests; live excluded; symlink skip)",- [x] test_single_non_dict_match_is_rejected（code=upstream_error）
FFH-0056,task_plan.md,97,97,checked_complete_or_pass_claim,supported_scoped,已重跑对应隔离测试；断言限定所构造的请求/返回/clock，不证明生产provider或所有时间交错。,"tests/contracts.stdout.txt (280 passed, 78 subtests; live excluded; symlink skip)",- [x] test_missing_request_id_in_resolution_is_rejected（配合 1.1 新校验，code=upstream_error）
FFH-0057,task_plan.md,98,98,checked_complete_or_pass_claim,supported_scoped,已重跑对应隔离测试；断言限定所构造的请求/返回/clock，不证明生产provider或所有时间交错。,"tests/contracts.stdout.txt (280 passed, 78 subtests; live excluded; symlink skip)",- [x] test_handle_extra_fields_are_tolerated
FFH-0058,task_plan.md,101,101,checked_complete_or_pass_claim,supported_scoped,已重跑对应隔离测试；断言限定所构造的请求/返回/clock，不证明生产provider或所有时间交错。,"tests/contracts.stdout.txt (280 passed, 78 subtests; live excluded; symlink skip)",- [x] test_main_request_file_happy_path（stdin 被忽略）
FFH-0059,task_plan.md,102,102,checked_complete_or_pass_claim,supported_scoped,已重跑对应隔离测试；断言限定所构造的请求/返回/clock，不证明生产provider或所有时间交错。,"tests/contracts.stdout.txt (280 passed, 78 subtests; live excluded; symlink skip)",- [x] test_main_request_file_invalid_json_is_request_error_exit_2
FFH-0060,task_plan.md,103,103,checked_complete_or_pass_claim,supported_scoped,已重跑对应隔离测试；断言限定所构造的请求/返回/clock，不证明生产provider或所有时间交错。,"tests/contracts.stdout.txt (280 passed, 78 subtests; live excluded; symlink skip)",- [x] test_main_empty_stdin_is_request_error_exit_2
FFH-0061,task_plan.md,104,104,checked_complete_or_pass_claim,supported_scoped,已重跑对应隔离测试；断言限定所构造的请求/返回/clock，不证明生产provider或所有时间交错。,"tests/contracts.stdout.txt (280 passed, 78 subtests; live excluded; symlink skip)",- [x] test_main_allow_download_flag_builds_ensure_command
FFH-0062,task_plan.md,107,107,checked_complete_or_pass_claim,supported_scoped,被删旧名称当前不存在，替代identity/schema测试通过；这是测试清理，不是新增业务覆盖。,"tests/contracts.stdout.txt (280 passed, 78 subtests; live excluded; symlink skip); tests/test_fetch_filing.py",- [x] 合并 test_identity_response_not_resolved_is_rejected → 删除；保留测试补 code=identity_error 断言
FFH-0063,task_plan.md,108,108,checked_complete_or_pass_claim,supported_scoped,被删旧名称当前不存在，替代identity/schema测试通过；这是测试清理，不是新增业务覆盖。,"tests/contracts.stdout.txt (280 passed, 78 subtests; live excluded; symlink skip); tests/test_fetch_filing.py",- [x] 合并 test_upstream_unknown_schema_fails_closed → 删除
FFH-0064,task_plan.md,109,109,checked_complete_or_pass_claim,supported_scoped,已重跑对应隔离测试；断言限定所构造的请求/返回/clock，不证明生产provider或所有时间交错。,"tests/contracts.stdout.txt (280 passed, 78 subtests; live excluded; symlink skip)",- [x] 改名 test_main_fatal_error_exit_code → test_main_cli_accepts_fractional_timeout
FFH-0065,task_plan.md,112,112,checked_complete_or_pass_claim,historical_only,这是历史工作树、测试总数或操作经过；当前代码/测试已演化，不以今天测试伪证明当日运行。,历史文档叙述/收据，不等于本轮重新执行；当前版本须另验,- 61 → 88 tests 全绿；ruff clean
FFH-0066,task_plan.md,116,116,checked_complete_or_pass_claim,historical_only,历史13场景仅隔离company_raw及no-op provider；当前未重跑该旧矩阵。样本/断言改变保留为范围限制，不继承生产通过。,filing-fetch/tests/e2e_support/isolated_wiki.py:synthetic seeds/no-op adapters; e2e/run_companies_reuse_only_e2e.py:scope; 历史文档叙述/收据，不等于本轮重新执行；当前版本须另验,## Phase 3 — 隔离实例真实 E2E — 状态：completed
FFH-0067,task_plan.md,119,120,checked_complete_or_pass_claim,supported_scoped,当前fixture仍可见JSON launcher、no-op adapter及canonical HK目录；此处验证fixture设计，不能证明任意真实别名/目录。,filing-fetch/tests/e2e_support/isolated_wiki.py:synthetic seeds/no-op adapters; e2e/run_companies_reuse_only_e2e.py:scope,"- [x] tests/e2e_support/isolated_wiki.py：布局按计划；**补充 company_wiki.json**（filing-fetch 的
  --config 是 JSON 启动配置，非 source_catalog.yaml——首次运行 13 个 config_error 后修正）"
FFH-0068,task_plan.md,121,122,checked_complete_or_pass_claim,supported_scoped,当前fixture仍可见JSON launcher、no-op adapter及canonical HK目录；此处验证fixture设计，不能证明任意真实别名/目录。,filing-fetch/tests/e2e_support/isolated_wiki.py:synthetic seeds/no-op adapters; e2e/run_companies_reuse_only_e2e.py:scope,"- [x] source_acquisition.yaml 用 **no-op 适配器**（输出 schema_version/status/adapter/candidates 信封；
  第 2 次失败 adpater envelope 缺 schema_version/status，第 3 次缺 adapter 身份——逐层对齐 json_command_v1 契约）"
FFH-0069,task_plan.md,123,125,checked_complete_or_pass_claim,supported_scoped,当前fixture仍可见JSON launcher、no-op adapter及canonical HK目录；此处验证fixture设计，不能证明任意真实别名/目录。,filing-fetch/tests/e2e_support/isolated_wiki.py:synthetic seeds/no-op adapters; e2e/run_companies_reuse_only_e2e.py:scope,"- [x] 种子：CN 宁德时代 / US Apple Inc / HK 腾讯 → **HK 目标目录改为 canonical""騰訊控股""**
  （生产目录""腾讯""简体 vs canonical 繁体不匹配 = D15 观测；旧 sidecar 无 company_name，
  目录名兜底不成立 → 场景 3 改为 canonical 目录下验证旧 sidecar https→capture_ready）"
FFH-0070,task_plan.md,127,127,checked_complete_or_pass_claim,historical_only,历史13场景仅隔离company_raw及no-op provider；当前未重跑该旧矩阵。样本/断言改变保留为范围限制，不继承生产通过。,filing-fetch/tests/e2e_support/isolated_wiki.py:synthetic seeds/no-op adapters; e2e/run_companies_reuse_only_e2e.py:scope; 历史文档叙述/收据，不等于本轮重新执行；当前版本须另验,### 3.2 场景矩阵（13/13 通过，两轮稳定）
FFH-0071,task_plan.md,130,130,checked_complete_or_pass_claim,historical_only,历史13场景仅隔离company_raw及no-op provider；当前未重跑该旧矩阵。样本/断言改变保留为范围限制，不继承生产通过。,filing-fetch/tests/e2e_support/isolated_wiki.py:synthetic seeds/no-op adapters; e2e/run_companies_reuse_only_e2e.py:scope; 历史文档叙述/收据，不等于本轮重新执行；当前版本须另验,| 1 | ✓ | canonical_path 断言用 Path.parts（Windows 反斜杠）|
FFH-0072,task_plan.md,131,131,checked_complete_or_pass_claim,historical_only,历史13场景仅隔离company_raw及no-op provider；当前未重跑该旧矩阵。样本/断言改变保留为范围限制，不继承生产通过。,filing-fetch/tests/e2e_support/isolated_wiki.py:synthetic seeds/no-op adapters; e2e/run_companies_reuse_only_e2e.py:scope; 历史文档叙述/收据，不等于本轮重新执行；当前版本须另验,"| 2 | ✓ | sidecar company_name ""Apple Inc."" 兜底命中（非 security_id——实体匹配只比较 canonical_name）|"
FFH-0073,task_plan.md,132,132,checked_complete_or_pass_claim,historical_only,历史13场景仅隔离company_raw及no-op provider；当前未重跑该旧矩阵。样本/断言改变保留为范围限制，不继承生产通过。,filing-fetch/tests/e2e_support/isolated_wiki.py:synthetic seeds/no-op adapters; e2e/run_companies_reuse_only_e2e.py:scope; 历史文档叙述/收据，不等于本轮重新执行；当前版本须另验,| 3 | ✓ | 旧 sidecar https → scan 补 hash/capture_trace → capture_ready reuse |
FFH-0074,task_plan.md,133,133,checked_complete_or_pass_claim,historical_only,历史13场景仅隔离company_raw及no-op provider；当前未重跑该旧矩阵。样本/断言改变保留为范围限制，不继承生产通过。,filing-fetch/tests/e2e_support/isolated_wiki.py:synthetic seeds/no-op adapters; e2e/run_companies_reuse_only_e2e.py:scope; 历史文档叙述/收据，不等于本轮重新执行；当前版本须另验,| 4 | ✓ | not_found；文件集不变 |
FFH-0075,task_plan.md,134,134,checked_complete_or_pass_claim,historical_only,历史13场景仅隔离company_raw及no-op provider；当前未重跑该旧矩阵。样本/断言改变保留为范围限制，不继承生产通过。,filing-fetch/tests/e2e_support/isolated_wiki.py:synthetic seeds/no-op adapters; e2e/run_companies_reuse_only_e2e.py:scope; 历史文档叙述/收据，不等于本轮重新执行；当前版本须另验,| 5 | ✓ | fiscal_year 1999 → not_found |
FFH-0076,task_plan.md,135,135,checked_complete_or_pass_claim,historical_only,历史13场景仅隔离company_raw及no-op provider；当前未重跑该旧矩阵。样本/断言改变保留为范围限制，不继承生产通过。,filing-fetch/tests/e2e_support/isolated_wiki.py:synthetic seeds/no-op adapters; e2e/run_companies_reuse_only_e2e.py:scope; 历史文档叙述/收据，不等于本轮重新执行；当前版本须另验,| 6 | ✓ | as_of 2025-01-01 < published 2025-03-14 → future_matches → not_found |
FFH-0077,task_plan.md,136,138,checked_complete_or_pass_claim,historical_only,历史13场景仅隔离company_raw及no-op provider；当前未重跑该旧矩阵。样本/断言改变保留为范围限制，不继承生产通过。,filing-fetch/tests/e2e_support/isolated_wiki.py:synthetic seeds/no-op adapters; e2e/run_companies_reuse_only_e2e.py:scope; 历史文档叙述/收据，不等于本轮重新执行；当前版本须另验,"| 7 | ✓ | **计划漂移**：期望""消息含 missing_capture_fields""不可实现——上游 Phase 16.2 静默丢弃
     非 capture_ready handle，字段细节不传播；钉住 exit 2 not_found，细节由 mock 测试
     test_capture_not_ready_carries_not_found_code 覆盖 |"
FFH-0078,task_plan.md,139,139,checked_complete_or_pass_claim,historical_only,历史13场景仅隔离company_raw及no-op provider；当前未重跑该旧矩阵。样本/断言改变保留为范围限制，不继承生产通过。,filing-fetch/tests/e2e_support/isolated_wiki.py:synthetic seeds/no-op adapters; e2e/run_companies_reuse_only_e2e.py:scope; 历史文档叙述/收据，不等于本轮重新执行；当前版本须另验,| 8 | ✓ | 同长字节篡改 → upstream_error，消息含 snapshot_sha256 |
FFH-0079,task_plan.md,140,140,checked_complete_or_pass_claim,historical_only,历史13场景仅隔离company_raw及no-op provider；当前未重跑该旧矩阵。样本/断言改变保留为范围限制，不继承生产通过。,filing-fetch/tests/e2e_support/isolated_wiki.py:synthetic seeds/no-op adapters; e2e/run_companies_reuse_only_e2e.py:scope; 历史文档叙述/收据，不等于本轮重新执行；当前版本须另验,| 9 | ✓ | 万科 → identity_error（预验证 ambiguous 钉住）|
FFH-0080,task_plan.md,141,142,checked_complete_or_pass_claim,historical_only,历史13场景仅隔离company_raw及no-op provider；当前未重跑该旧矩阵。样本/断言改变保留为范围限制，不继承生产通过。,filing-fetch/tests/e2e_support/isolated_wiki.py:synthetic seeds/no-op adapters; e2e/run_companies_reuse_only_e2e.py:scope; 历史文档叙述/收据，不等于本轮重新执行；当前版本须另验,"| 10 | ✓ | 无 master → fatal（钉住映射）；断言在 payload.error（identify 的 stderr 详情被 filing-fetch
     折进错误消息，不在自身 stderr）|"
FFH-0081,task_plan.md,143,144,checked_complete_or_pass_claim,historical_only,历史13场景仅隔离company_raw及no-op provider；当前未重跑该旧矩阵。样本/断言改变保留为范围限制，不继承生产通过。,filing-fetch/tests/e2e_support/isolated_wiki.py:synthetic seeds/no-op adapters; e2e/run_companies_reuse_only_e2e.py:scope; 历史文档叙述/收据，不等于本轮重新执行；当前版本须另验,"| 11 | ✓ | **锁机制修正**：resolve 不抢锁；ensure 的 acquisition-journal 记录（任何 outcome）抢锁 →
     场景走 ensure+已存在文档 → 一轮 5s 退避后成功；elapsed ≥ 5 断言 |"
FFH-0082,task_plan.md,145,146,checked_complete_or_pass_claim,historical_only,历史13场景仅隔离company_raw及no-op provider；当前未重跑该旧矩阵。样本/断言改变保留为范围限制，不继承生产通过。,filing-fetch/tests/e2e_support/isolated_wiki.py:synthetic seeds/no-op adapters; e2e/run_companies_reuse_only_e2e.py:scope; 历史文档叙述/收据，不等于本轮重新执行；当前版本须另验,"| 12 | ✓ | **代码修复**：subprocess TimeoutExpired 原映射 fatal → 改 upstream_error（attempt 超预算）
     （fetch_filing.py + mock 测试 test_upstream_subprocess_timeout_is_upstream_error）|"
FFH-0083,task_plan.md,147,147,checked_complete_or_pass_claim,historical_only,历史13场景仅隔离company_raw及no-op provider；当前未重跑该旧矩阵。样本/断言改变保留为范围限制，不继承生产通过。,filing-fetch/tests/e2e_support/isolated_wiki.py:synthetic seeds/no-op adapters; e2e/run_companies_reuse_only_e2e.py:scope; 历史文档叙述/收据，不等于本轮重新执行；当前版本须另验,| 13 | ✓ | paused→worker_paused retryable；enabled→no-op 适配器 → not_found（无网络）|
FFH-0084,task_plan.md,150,150,checked_complete_or_pass_claim,historical_only,历史13场景仅隔离company_raw及no-op provider；当前未重跑该旧矩阵。样本/断言改变保留为范围限制，不继承生产通过。,filing-fetch/tests/e2e_support/isolated_wiki.py:synthetic seeds/no-op adapters; e2e/run_companies_reuse_only_e2e.py:scope; 历史文档叙述/收据，不等于本轮重新执行；当前版本须另验,- [x] 只读共享实例 / 变异各自实例；总耗时 ~55s
FFH-0085,task_plan.md,151,152,checked_complete_or_pass_claim,historical_only,历史13场景仅隔离company_raw及no-op provider；当前未重跑该旧矩阵。样本/断言改变保留为范围限制，不继承生产通过。,filing-fetch/tests/e2e_support/isolated_wiki.py:synthetic seeds/no-op adapters; e2e/run_companies_reuse_only_e2e.py:scope; 历史文档叙述/收据，不等于本轮重新执行；当前版本须另验,"- [x] tearDown 清理加重试（deadline 杀死的 ensure CLI 可能遗留 cwd=<tmp> 的 PowerShell 孙进程
  → WinError 32；_cleanup_temporary 6 次重试，注释说明机制）"
FFH-0086,task_plan.md,156,156,checked_complete_or_pass_claim,superseded,标题HK环境阻断与正文168追记成功不同步；需读为历史阶段状态而非当前结果。,task_plan.md:168–174; progress.md:22–25,## Phase 4 — 真实下载 E2E（opt-in）— 状态：completed（HK 环境阻断）
FFH-0087,task_plan.md,158,161,historical_requirement_or_finding,supported_scoped,下载测试有显式环境开关且使用临时catalog、真实adapter配置；存在测试代码不等于本轮运行。,tests/test_e2e_download.py; tests/e2e_support/isolated_wiki.py,"新建 tests/test_e2e_download.py。门控：
`@unittest.skipUnless(os.environ.get(""FILING_FETCH_E2E_DOWNLOAD"") == ""1"")` + 工具路径存在检查。
acquisition yaml 用**绝对 USER_PROFILE 路径**指向生产工具（fixture 的 PROJECT_ROOT 是临时目录，
生产的相对 ../ 记号会解析错）。"
FFH-0088,task_plan.md,163,166,checked_complete_or_pass_claim,historical_only,历史live成功/失败和放宽断言；本轮不运行生产写/下载。更换茅台样本或财年不等于支持原失败样本。,revenue-forecast/audit_review/2026-09-18_real_company_skill_audit/runs/02–13; independent/acquisition_aftercheck.json; 历史文档叙述/收据，不等于本轮重新执行；当前版本须另验,"- [x] test_download_cn_annual_report：**宁德时代** FY2024（茅台 FY2024 在 cninfo 有两个候选——
  中文+英文版 → 协调器合理返回 AMBIGUOUS → not_found，已实测验证并注释）→ exit 0、文件落位、
  sidecar 四条件（https_url/filing_date/content_sha256/retrieved_at——注意 sidecar 无 published_date
  顶层字段，resolver 从 manifest 派生）、二次运行 reuse（mtime 不变 + journal 无第二次 downloaded_new）"
FFH-0089,task_plan.md,167,167,checked_complete_or_pass_claim,historical_only,历史live成功/失败和放宽断言；本轮不运行生产写/下载。更换茅台样本或财年不等于支持原失败样本。,revenue-forecast/audit_review/2026-09-18_real_company_skill_audit/runs/02–13; independent/acquisition_aftercheck.json; 历史文档叙述/收据，不等于本轮重新执行；当前版本须另验,- [x] test_download_us_annual_report：AMD 10-K（dayu-sec）→ 全链路 21.7s 通过
FFH-0090,task_plan.md,168,174,checked_complete_or_pass_claim,historical_only,历史live成功/失败和放宽断言；本轮不运行生产写/下载。更换茅台样本或财年不等于支持原失败样本。,revenue-forecast/audit_review/2026-09-18_real_company_skill_audit/runs/02–13; independent/acquisition_aftercheck.json; 历史文档叙述/收据，不等于本轮重新执行；当前版本须另验,"- [x] test_download_hk_annual_report：**已跑通（20.3s）**。根因排查：
  1) 首次""0xC0000005 崩溃""是内存压力下的间歇事件（孤儿进程+生产 worker+Playwright 并发；
     机器清理后未再出现）；2) 真正根因：**fiscal_year 不匹配**——dayu CLI 按标题推断财年，
     下载的是最新年报""2025 年報""（FY2025，filed 2026-04-09），请求 2024 被
     `_candidate_from_meta` 年份过滤永远拒绝 → discover 轮询到截止耗尽；
     适配器又强制要求 fiscal_year → 请求改为 **fiscal_year 2025** 后全链路通过
     （下载→落位→sidecar 四条件→幂等 reuse→staging 无残留）"
FFH-0091,task_plan.md,175,177,checked_complete_or_pass_claim,historical_only,历史live成功/失败和放宽断言；本轮不运行生产写/下载。更换茅台样本或财年不等于支持原失败样本。,revenue-forecast/audit_review/2026-09-18_real_company_skill_audit/runs/02–13; independent/acquisition_aftercheck.json; 历史文档叙述/收据，不等于本轮重新执行；当前版本须另验,"- [x] test_download_rejects_corrupted_local_copy：**计划漂移**——上游无 quarantine-修复闭环
  （quarantine 仅存在于 scan 观察错误路径）；钉住现实：reuse-only 与 --allow-download 均
  upstream_error（永不提供损坏字节），journal 无 downloaded_new（REUSED 记录存在但无下载）"
FFH-0092,task_plan.md,178,179,checked_complete_or_pass_claim,historical_only,历史live成功/失败和放宽断言；本轮不运行生产写/下载。更换茅台样本或财年不等于支持原失败样本。,revenue-forecast/audit_review/2026-09-18_real_company_skill_audit/runs/02–13; independent/acquisition_aftercheck.json; 历史文档叙述/收据，不等于本轮重新执行；当前版本须另验,"- [x] 每用例后置断言：无 operation.lock；staging 无残留字节（writer 会留下空 request 目录，
  属上游行为，断言放宽为""无文件""）"
FFH-0093,task_plan.md,183,183,checked_complete_or_pass_claim,historical_only,历史live成功/失败和放宽断言；本轮不运行生产写/下载。更换茅台样本或财年不等于支持原失败样本。,revenue-forecast/audit_review/2026-09-18_real_company_skill_audit/runs/02–13; independent/acquisition_aftercheck.json; 历史文档叙述/收据，不等于本轮重新执行；当前版本须另验,## Phase 5 — live 一致性测试重写 — 状态：completed
FFH-0094,task_plan.md,185,185,historical_requirement_or_finding,historical_only,历史live成功/失败和放宽断言；本轮不运行生产写/下载。更换茅台样本或财年不等于支持原失败样本。,revenue-forecast/audit_review/2026-09-18_real_company_skill_audit/runs/02–13; independent/acquisition_aftercheck.json; 历史文档叙述/收据，不等于本轮重新执行；当前版本须另验,重写 tests/test_real_tool_conformance.py（7 测试，实测 ~40s ≤ 60s）：
FFH-0095,task_plan.md,186,186,checked_complete_or_pass_claim,supported_scoped,live测试当前通过load_company_wiki_root读取root；可保留该路径修复。,tests/test_real_tool_conformance.py:20–66,- [x] root 改为 `load_company_wiki_root()` 动态读取
FFH-0096,task_plan.md,187,187,checked_complete_or_pass_claim,historical_only,历史live成功/失败和放宽断言；本轮不运行生产写/下载。更换茅台样本或财年不等于支持原失败样本。,revenue-forecast/audit_review/2026-09-18_real_company_skill_audit/runs/02–13; independent/acquisition_aftercheck.json; 历史文档叙述/收据，不等于本轮重新执行；当前版本须另验,- [x] `identify --query`（CN 贵州茅台 / HK 腾讯 / US AMD）：schema 1.0 / resolved / market / verified / active
FFH-0097,task_plan.md,188,188,checked_complete_or_pass_claim,historical_only,历史live成功/失败和放宽断言；本轮不运行生产写/下载。更换茅台样本或财年不等于支持原失败样本。,revenue-forecast/audit_review/2026-09-18_real_company_skill_audit/runs/02–13; independent/acquisition_aftercheck.json; 历史文档叙述/收据，不等于本轮重新执行；当前版本须另验,- [x] ambiguous：identify --query 万科 → 退出 0、status=ambiguous、resolved=null、candidates 非空
FFH-0098,task_plan.md,189,191,checked_complete_or_pass_claim,historical_only,历史live成功/失败和放宽断言；本轮不运行生产写/下载。更换茅台样本或财年不等于支持原失败样本。,revenue-forecast/audit_review/2026-09-18_real_company_skill_audit/runs/02–13; independent/acquisition_aftercheck.json; 历史文档叙述/收据，不等于本轮重新执行；当前版本须另验,"- [x] ensure --entity：顶层 resolution 嵌套键、resolution.status=missing（**计划漂移**：ensure 写一条
  append-only journal 记录（含无下载的 REUSED/MISSING 路径），这是本套件唯一的写操作；
  AMD 可能已在生产存在 → 改用贵州茅台 quarterly（保证 missing））"
FFH-0099,task_plan.md,192,193,checked_complete_or_pass_claim,historical_only,历史live成功/失败和放宽断言；本轮不运行生产写/下载。更换茅台样本或财年不等于支持原失败样本。,revenue-forecast/audit_review/2026-09-18_real_company_skill_audit/runs/02–13; independent/acquisition_aftercheck.json; 历史文档叙述/收据，不等于本轮重新执行；当前版本须另验,"- [x] 生产 round-trip：DB 动态定位宁德时代 FY2024 annual（capture_ready 校验），filing-fetch 真实子进程
  reuse-only → exit 0（注意：使用 filing-fetch 默认配置，生产 wiki 无 company_wiki.json——首次失败修正）"
FFH-0100,task_plan.md,194,194,checked_complete_or_pass_claim,historical_only,历史live成功/失败和放宽断言；本轮不运行生产写/下载。更换茅台样本或财年不等于支持原失败样本。,revenue-forecast/audit_review/2026-09-18_real_company_skill_audit/runs/02–13; independent/acquisition_aftercheck.json; 历史文档叙述/收据，不等于本轮重新执行；当前版本须另验,- [x] 确定性测试（identify 两次全等）
FFH-0101,task_plan.md,195,195,checked_complete_or_pass_claim,historical_only,历史live成功/失败和放宽断言；本轮不运行生产写/下载。更换茅台样本或财年不等于支持原失败样本。,revenue-forecast/audit_review/2026-09-18_real_company_skill_audit/runs/02–13; independent/acquisition_aftercheck.json; 历史文档叙述/收据，不等于本轮重新执行；当前版本须另验,- [x] ensure 测试对生产 catalog 锁竞争做 3×5s 重试，仍锁则 skip（生产 worker 扫描窗口可能 >15s，属设计行为）
FFH-0102,task_plan.md,199,199,checked_complete_or_pass_claim,superseded,当时文档卫生已实施，但当前schema1.2和多根支持使SKILL部分文字再度过时；历史completed不能持续作无漂移保证。,"SKILL.md:37–53,88,139–146; scripts/filing_contracts.py:18–25",## Phase 6 — 文档与仓库卫生 — 状态：completed
FFH-0103,task_plan.md,201,203,checked_complete_or_pass_claim,superseded,当时文档卫生已实施，但当前schema1.2和多根支持使SKILL部分文字再度过时；历史completed不能持续作无漂移保证。,"SKILL.md:37–53,88,139–146; scripts/filing_contracts.py:18–25","- [x] SKILL.md：版本号 v1.3.0；状态码表补 `worker_paused` 行；退出码表澄清
  （2 = 所有结构化错误，1 = 仅未预期 fatal）；落盘路径修正为映射子目录；
  exchange hint 注明仅 identity 阶段；frontmatter description 同步路径"
FFH-0104,task_plan.md,204,205,checked_complete_or_pass_claim,superseded,当时文档卫生已实施，但当前schema1.2和多根支持使SKILL部分文字再度过时；历史completed不能持续作无漂移保证。,"SKILL.md:37–53,88,139–146; scripts/filing_contracts.py:18–25","- [x] CHANGELOG.md：v1.3.0 条目（错误分类、schema 校验、请求校验收紧、worker_paused、
  超时分类、main 解析、三层测试体系）"
FFH-0105,task_plan.md,206,206,checked_complete_or_pass_claim,supported_scoped,当前pyproject确有ruff/coverage设置；根目录未见nul，gitignore防护存在。此结论仅配置存在。,pyproject.toml; .gitignore; 本轮文件清单,- [x] `nul` 已不存在（计划基线过时，标记已无效）；.gitignore 增加 `nul` 防复发
FFH-0106,task_plan.md,207,208,checked_complete_or_pass_claim,supported_scoped,当前pyproject确有ruff/coverage设置；根目录未见nul，gitignore防护存在。此结论仅配置存在。,pyproject.toml; .gitignore; 本轮文件清单,"- [x] pyproject.toml：ruff（line-length=100 / target-version=py313）、
  coverage（source=scripts，omit tests，fail_under=90）"
FFH-0107,task_plan.md,209,210,checked_complete_or_pass_claim,historical_only,历史live成功/失败和放宽断言；本轮不运行生产写/下载。更换茅台样本或财年不等于支持原失败样本。,revenue-forecast/audit_review/2026-09-18_real_company_skill_audit/runs/02–13; independent/acquisition_aftercheck.json; 历史文档叙述/收据，不等于本轮重新执行；当前版本须另验,"- [x] 全量验证：ruff clean；`python -m unittest discover -s tests` → **113 tests OK（5 skip）**；
  coverage **96%**（fetch_filing 95% / filing_contracts 97%，≥ 90% 目标）"
FFH-0108,task_plan.md,211,213,checked_complete_or_pass_claim,supported_scoped,计划确实记录范围漂移，但未建立会随总完成状态保留的失败目标账本；透明记录值得保留。,"task_plan.md:136–177,220–234","- [x] 计划漂移检查：见各阶段 §计划漂移/漂移记录条目（nul 消失、SUPPORTED_CONTRACTS frozenset、
  锁机制 resolve 不锁、场景 7 字段细节、HK 环境阻断、quarantine 无修复闭环、茅台双候选、
  sidecar 无 published_date 顶层字段、生产无 company_wiki.json）"
FFH-0109,task_plan.md,220,220,historical_requirement_or_finding,historical_only,逐项属于历史错误/处置记录；其中换样本、改财年、放宽断言是范围调整，不作原业务痛点已关闭证据。,task_plan.md各对应Phase；filing-fetch/tests/e2e_support/isolated_wiki.py:synthetic seeds/no-op adapters; e2e/run_companies_reuse_only_e2e.py:scope,| SUPPORTED_COMPANY_WIKI_CONTRACTS 不可下标（frozenset）| 1 | 改为 dict（Phase 1，19 测试 TypeError）|
FFH-0110,task_plan.md,221,221,historical_requirement_or_finding,historical_only,逐项属于历史错误/处置记录；其中换样本、改财年、放宽断言是范围调整，不作原业务痛点已关闭证据。,task_plan.md各对应Phase；filing-fetch/tests/e2e_support/isolated_wiki.py:synthetic seeds/no-op adapters; e2e/run_companies_reuse_only_e2e.py:scope,"| 现有 mock 响应缺 schema_version | 1 | 16/24 空格两种缩进 replace_all 补 ""1.0""（Phase 1）|"
FFH-0111,task_plan.md,222,222,historical_requirement_or_finding,historical_only,逐项属于历史错误/处置记录；其中换样本、改财年、放宽断言是范围调整，不作原业务痛点已关闭证据。,task_plan.md各对应Phase；filing-fetch/tests/e2e_support/isolated_wiki.py:synthetic seeds/no-op adapters; e2e/run_companies_reuse_only_e2e.py:scope,"| 测试文件被误报""modified since read"" | 1 | 重新 Read 后编辑（Phase 1）|"
FFH-0112,task_plan.md,223,223,historical_requirement_or_finding,historical_only,逐项属于历史错误/处置记录；其中换样本、改财年、放宽断言是范围调整，不作原业务痛点已关闭证据。,task_plan.md各对应Phase；filing-fetch/tests/e2e_support/isolated_wiki.py:synthetic seeds/no-op adapters; e2e/run_companies_reuse_only_e2e.py:scope,| 隔离实例 13 个 config_error | 1 | fixture 缺 company_wiki.json（filing-fetch --config 是 JSON 启动配置）（Phase 3）|
FFH-0113,task_plan.md,224,224,historical_requirement_or_finding,historical_only,逐项属于历史错误/处置记录；其中换样本、改财年、放宽断言是范围调整，不作原业务痛点已关闭证据。,task_plan.md各对应Phase；filing-fetch/tests/e2e_support/isolated_wiki.py:synthetic seeds/no-op adapters; e2e/run_companies_reuse_only_e2e.py:scope,| no-op 适配器 envelope 不符 | 1-3 | 逐层补齐 schema_version/status → adapter 身份 → candidates（Phase 3）|
FFH-0114,task_plan.md,225,225,historical_requirement_or_finding,historical_only,逐项属于历史错误/处置记录；其中换样本、改财年、放宽断言是范围调整，不作原业务痛点已关闭证据。,task_plan.md各对应Phase；filing-fetch/tests/e2e_support/isolated_wiki.py:synthetic seeds/no-op adapters; e2e/run_companies_reuse_only_e2e.py:scope,"| HK 旧 sidecar 实体不匹配 → not_found | 1 | 目标目录改为 canonical""騰訊控股""（D15 观测，Phase 3）|"
FFH-0115,task_plan.md,226,226,historical_requirement_or_finding,historical_only,逐项属于历史错误/处置记录；其中换样本、改财年、放宽断言是范围调整，不作原业务痛点已关闭证据。,task_plan.md各对应Phase；filing-fetch/tests/e2e_support/isolated_wiki.py:synthetic seeds/no-op adapters; e2e/run_companies_reuse_only_e2e.py:scope,| 场景 12 间歇 fatal（TimeoutExpired）| 1 | 代码修复：subprocess 超时 → upstream_error（Phase 3）|
FFH-0116,task_plan.md,227,227,historical_requirement_or_finding,historical_only,逐项属于历史错误/处置记录；其中换样本、改财年、放宽断言是范围调整，不作原业务痛点已关闭证据。,task_plan.md各对应Phase；filing-fetch/tests/e2e_support/isolated_wiki.py:synthetic seeds/no-op adapters; e2e/run_companies_reuse_only_e2e.py:scope,| tearDown WinError 32 | 1 | 清理加重试（deadline 杀 CLI 遗留 cwd=<tmp> 的 PowerShell 孙进程）（Phase 3）|
FFH-0117,task_plan.md,228,228,historical_requirement_or_finding,historical_only,逐项属于历史错误/处置记录；其中换样本、改财年、放宽断言是范围调整，不作原业务痛点已关闭证据。,task_plan.md各对应Phase；filing-fetch/tests/e2e_support/isolated_wiki.py:synthetic seeds/no-op adapters; e2e/run_companies_reuse_only_e2e.py:scope,| 场景 11 elapsed 断言过紧 | 1 | ≥ 10.0 → ≥ 5.0（实测单轮退避 9.6s 成功）（Phase 3）|
FFH-0118,task_plan.md,229,229,historical_requirement_or_finding,historical_only,逐项属于历史错误/处置记录；其中换样本、改财年、放宽断言是范围调整，不作原业务痛点已关闭证据。,task_plan.md各对应Phase；filing-fetch/tests/e2e_support/isolated_wiki.py:synthetic seeds/no-op adapters; e2e/run_companies_reuse_only_e2e.py:scope,| 茅台 FY2024 双候选 → AMBIGUOUS | 1 | CN 下载改用宁德时代（Phase 4）|
FFH-0119,task_plan.md,230,230,historical_requirement_or_finding,historical_only,逐项属于历史错误/处置记录；其中换样本、改财年、放宽断言是范围调整，不作原业务痛点已关闭证据。,task_plan.md各对应Phase；filing-fetch/tests/e2e_support/isolated_wiki.py:synthetic seeds/no-op adapters; e2e/run_companies_reuse_only_e2e.py:scope,| sidecar 断言 published_date 不存在 | 1 | 改断言 filing_date（manifest 派生 published_date）（Phase 4）|
FFH-0120,task_plan.md,231,231,historical_requirement_or_finding,historical_only,逐项属于历史错误/处置记录；其中换样本、改财年、放宽断言是范围调整，不作原业务痛点已关闭证据。,task_plan.md各对应Phase；filing-fetch/tests/e2e_support/isolated_wiki.py:synthetic seeds/no-op adapters; e2e/run_companies_reuse_only_e2e.py:scope,| staging 断言过严 | 1 | writer 留空 request 目录 → 断言无残留字节（Phase 4）|
FFH-0121,task_plan.md,232,232,historical_requirement_or_finding,historical_only,逐项属于历史错误/处置记录；其中换样本、改财年、放宽断言是范围调整，不作原业务痛点已关闭证据。,task_plan.md各对应Phase；filing-fetch/tests/e2e_support/isolated_wiki.py:synthetic seeds/no-op adapters; e2e/run_companies_reuse_only_e2e.py:scope,| corrupted 断言 journal 非空 | 1 | REUSED 也记录 journal → 断言无 downloaded_new（Phase 4）|
FFH-0122,task_plan.md,233,233,historical_requirement_or_finding,historical_only,逐项属于历史错误/处置记录；其中换样本、改财年、放宽断言是范围调整，不作原业务痛点已关闭证据。,task_plan.md各对应Phase；filing-fetch/tests/e2e_support/isolated_wiki.py:synthetic seeds/no-op adapters; e2e/run_companies_reuse_only_e2e.py:scope,| round-trip --config 指向生产 company_wiki.json | 1 | 用 filing-fetch 默认配置（生产无此文件）（Phase 5）|
FFH-0123,task_plan.md,234,234,checked_complete_or_pass_claim,historical_only,逐项属于历史错误/处置记录；其中换样本、改财年、放宽断言是范围调整，不作原业务痛点已关闭证据。,task_plan.md各对应Phase；filing-fetch/tests/e2e_support/isolated_wiki.py:synthetic seeds/no-op adapters; e2e/run_companies_reuse_only_e2e.py:scope,| HK 下载失败（0xC0000005 + 900s 超时）| 3 | 诊断链：内存压力间歇崩溃 → 孤儿进程清理 → **根因=fiscal_year 2024 与 dayu 标题推断 2025 不匹配**，适配器年份过滤永远拒绝 → 改 fiscal_year 2025 通过（Phase 4）|
FFH-0124,findings.md,3,3,historical_requirement_or_finding,supported_scoped,当前harness源码确实声明synthetic companies-only范围，纠偏有效。,filing-fetch/tests/e2e_support/isolated_wiki.py:synthetic seeds/no-op adapters; e2e/run_companies_reuse_only_e2e.py:scope,> **2026-09-09 补充（只读）**：本仓 E2E 范围已收窄并提交（`bb8d485`）——harness 是 **synthetic T1 only**，真实数据/CLI/provider 层由 R4 测试矩阵承接（[e2e/E2E_DESIGN.md](e2e/E2E_DESIGN.md)）。下方 2026-08-01 的架构/契约结论仍是历史快照；当前消费面证据以 company-wiki R4 目录的 [filing-audit.md](../company-wiki/docs/plans/painpoint-outcome-audit-2026-09-05/filing-audit.md) 为准。本轮未改代码。
FFH-0125,findings.md,6,6,historical_requirement_or_finding,supported_scoped,当前生产接线支持thin CLI和envelope形状；latest模式新增ensure metadata-only分支。,"filing-fetch/scripts/filing_contracts.py:99,350; scripts/fetch_filing.py:resolve_filing/_handle_from_resolution/main; tests/contracts.stdout.txt (280 passed, 78 subtests; live excluded; symlink skip)",- filing-fetch 是 company-wiki CLI 的瘦客户端：identify → resolve（复用，默认）/ ensure（下载，需 --allow-download）
FFH-0126,findings.md,7,7,historical_requirement_or_finding,historical_only,旧行号/行数及上游现场是2026-08快照；raw capture_ready条件不包含当前consumer安全review，旧config形状也不是现行2.x策略的生产保证。,历史文档叙述/收据，不等于本轮重新执行；当前版本须另验; revenue-forecast/audit_review/2026-09-18_real_company_skill_audit/runs/02–13; independent/acquisition_aftercheck.json,- 两模块：scripts/fetch_filing.py（CLI+编排，501 行）+ scripts/filing_contracts.py（校验，154 行）
FFH-0127,findings.md,8,8,historical_requirement_or_finding,supported_scoped,当前生产接线支持thin CLI和envelope形状；latest模式新增ensure metadata-only分支。,"filing-fetch/scripts/filing_contracts.py:99,350; scripts/fetch_filing.py:resolve_filing/_handle_from_resolution/main; tests/contracts.stdout.txt (280 passed, 78 subtests; live excluded; symlink skip)",- 信任边界：身份/目录/路由/下载/落盘归 company-wiki；请求校验/授权/上游兼容/handle 深校验归 filing-fetch
FFH-0128,findings.md,9,11,historical_requirement_or_finding,historical_only,旧行号/行数及上游现场是2026-08快照；raw capture_ready条件不包含当前consumer安全review，旧config形状也不是现行2.x策略的生产保证。,历史文档叙述/收据，不等于本轮重新执行；当前版本须另验; revenue-forecast/audit_review/2026-09-18_real_company_skill_audit/runs/02–13; independent/acquisition_aftercheck.json,"- 调用形状：`python -m company_wiki.source_catalog.cli --config <abs> identify|resolve|ensure`，
  cwd=wiki_root（但绝对 --config 时 cwd 不参与解析）；成功=stdout 单行 JSON+退出 0；
  失败=stderr JSON `{status:""failed"",error_type,error}`+退出 1（company-wiki cli.py:803-816）"
FFH-0129,findings.md,14,15,historical_requirement_or_finding,historical_only,旧行号/行数及上游现场是2026-08快照；raw capture_ready条件不包含当前consumer安全review，旧config形状也不是现行2.x策略的生产保证。,历史文档叙述/收据，不等于本轮重新执行；当前版本须另验; revenue-forecast/audit_review/2026-09-18_real_company_skill_audit/runs/02–13; independent/acquisition_aftercheck.json,"- identify（cli.py:195-203）：--query/--market/--exchange；恒退出 0；输出
  {schema_version:""1.0"",status:resolved|ambiguous|conflict|missing,resolved:{…}|null,candidates,reason}"
FFH-0130,findings.md,17,17,historical_requirement_or_finding,supported_scoped,当前生产接线支持thin CLI和envelope形状；latest模式新增ensure metadata-only分支。,"filing-fetch/scripts/filing_contracts.py:99,350; scripts/fetch_filing.py:resolve_filing/_handle_from_resolution/main; tests/contracts.stdout.txt (280 passed, 78 subtests; live excluded; symlink skip)","  - resolve 输出扁平 ResolutionResult{schema_version:""1.0"",request_id,status,reason,matches[]}（resolver.py:256-265）"
FFH-0131,findings.md,18,18,historical_requirement_or_finding,supported_scoped,当前生产接线支持thin CLI和envelope形状；latest模式新增ensure metadata-only分支。,"filing-fetch/scripts/filing_contracts.py:99,350; scripts/fetch_filing.py:resolve_filing/_handle_from_resolution/main; tests/contracts.stdout.txt (280 passed, 78 subtests; live excluded; symlink skip)",  - ensure 输出含 resolution 嵌套键（acquisition_service.py:43-53）→ 与 fetch_filing.py:400 吻合
FFH-0132,findings.md,19,19,historical_requirement_or_finding,supported_scoped,当前生产接线支持thin CLI和envelope形状；latest模式新增ensure metadata-only分支。,"filing-fetch/scripts/filing_contracts.py:99,350; scripts/fetch_filing.py:resolve_filing/_handle_from_resolution/main; tests/contracts.stdout.txt (280 passed, 78 subtests; live excluded; symlink skip)",  - status 枚举：reused_exact|reused_equivalent|ambiguous|missing|identity_conflict
FFH-0133,findings.md,20,20,historical_requirement_or_finding,supported_scoped,当前生产接线支持thin CLI和envelope形状；latest模式新增ensure metadata-only分支。,"filing-fetch/scripts/filing_contracts.py:99,350; scripts/fetch_filing.py:resolve_filing/_handle_from_resolution/main; tests/contracts.stdout.txt (280 passed, 78 subtests; live excluded; symlink skip)",- matches handle 无 request_id（在 ResolutionResult 上）→ filing-fetch 自行注入（fetch_filing.py:416），脆弱但可用
FFH-0134,findings.md,21,22,historical_requirement_or_finding,historical_only,旧行号/行数及上游现场是2026-08快照；raw capture_ready条件不包含当前consumer安全review，旧config形状也不是现行2.x策略的生产保证。,历史文档叙述/收据，不等于本轮重新执行；当前版本须另验; revenue-forecast/audit_review/2026-09-18_real_company_skill_audit/runs/02–13; independent/acquisition_aftercheck.json,"- 锁：CatalogOperationLockedError 有结构化 error_type；锁文件 <catalog_dir>/operation.lock（O_CREAT|O_EXCL）；
  测试可 import company_wiki.source_catalog.lock.CatalogOperationLock 主动持锁"
FFH-0135,findings.md,23,24,historical_requirement_or_finding,historical_only,旧行号/行数及上游现场是2026-08快照；raw capture_ready条件不包含当前consumer安全review，旧config形状也不是现行2.x策略的生产保证。,历史文档叙述/收据，不等于本轮重新执行；当前版本须另验; revenue-forecast/audit_review/2026-09-18_real_company_skill_audit/runs/02–13; independent/acquisition_aftercheck.json,"- worker 暂停：状态在 <catalog_dir>/worker_control.json（desired_state:paused）；
  ensure --allow-download 时抛 RuntimeError(""source acquisition is paused; ..."")（cli.py:655-661），**无专属 error_type**"
FFH-0136,findings.md,25,26,historical_requirement_or_finding,historical_only,旧行号/行数及上游现场是2026-08快照；raw capture_ready条件不包含当前consumer安全review，旧config形状也不是现行2.x策略的生产保证。,历史文档叙述/收据，不等于本轮重新执行；当前版本须另验; revenue-forecast/audit_review/2026-09-18_real_company_skill_audit/runs/02–13; independent/acquisition_aftercheck.json,"- 下载路由：CN→StockInfoDLSimple/v2-clean-rewrite（json_command_v1，stdin JSON）；
  HK/US→dayu-agent venv（dayu_cli_v1）；两外部项目本机均存在且入口可 import（已实测）"
FFH-0137,findings.md,27,28,historical_requirement_or_finding,historical_only,旧行号/行数及上游现场是2026-08快照；raw capture_ready条件不包含当前consumer安全review，旧config形状也不是现行2.x策略的生产保证。,历史文档叙述/收据，不等于本轮重新执行；当前版本须另验; revenue-forecast/audit_review/2026-09-18_real_company_skill_audit/runs/02–13; independent/acquisition_aftercheck.json,"- 落盘：唯一 company_raw root 下 <Entity>/raw/financial_reports/{annual|semi_annual|quarterly}/ 等映射子目录
  （canonical_writer.py:90-101），**非** SKILL.md 字面的 raw/{kind}/"
FFH-0138,findings.md,29,30,historical_requirement_or_finding,historical_only,旧行号/行数及上游现场是2026-08快照；raw capture_ready条件不包含当前consumer安全review，旧config形状也不是现行2.x策略的生产保证。,历史文档叙述/收据，不等于本轮重新执行；当前版本须另验; revenue-forecast/audit_review/2026-09-18_real_company_skill_audit/runs/02–13; independent/acquisition_aftercheck.json,"- 实体目录名：_safe_component 去首尾空格和点（""Apple Inc.""→""Apple Inc""）；
  匹配=目录名 casefold 全等 或 sidecar 顶层 ticker/security_id/company_name（resolver.py:513-529）"
FFH-0139,findings.md,31,33,historical_requirement_or_finding,historical_only,旧行号/行数及上游现场是2026-08快照；raw capture_ready条件不包含当前consumer安全review，旧config形状也不是现行2.x策略的生产保证。,历史文档叙述/收据，不等于本轮重新执行；当前版本须另验; revenue-forecast/audit_review/2026-09-18_real_company_skill_audit/runs/02–13; independent/acquisition_aftercheck.json,"- capture_ready 四条件（resolver.py:563-578）：https source_url、published_date、snapshot_sha256、
  capture_trace(retrieved_at+collector_name+collector_version)；scan 自动补 hash/capture_trace；
  旧格式 sidecar 唯一可能缺 https_url（source_url 非 https 时 capture_ready=False）"
FFH-0140,findings.md,34,34,historical_requirement_or_finding,historical_only,旧行号/行数及上游现场是2026-08快照；raw capture_ready条件不包含当前consumer安全review，旧config形状也不是现行2.x策略的生产保证。,历史文档叙述/收据，不等于本轮重新执行；当前版本须另验; revenue-forecast/audit_review/2026-09-18_real_company_skill_audit/runs/02–13; independent/acquisition_aftercheck.json,- as_of_date < published_date → future_matches → MISSING（resolver.py:405-411）
FFH-0141,findings.md,35,36,historical_requirement_or_finding,historical_only,旧行号/行数及上游现场是2026-08快照；raw capture_ready条件不包含当前consumer安全review，旧config形状也不是现行2.x策略的生产保证。,历史文档叙述/收据，不等于本轮重新执行；当前版本须另验; revenue-forecast/audit_review/2026-09-18_real_company_skill_audit/runs/02–13; independent/acquisition_aftercheck.json,"- identify 离线可用：security_master 快照在 <catalog_dir>/security_master/{cn,hk,us}.json；
  复制生产快照到临时实例即可；不传 --refresh 无网络"
FFH-0142,findings.md,37,38,historical_requirement_or_finding,historical_only,旧行号/行数及上游现场是2026-08快照；raw capture_ready条件不包含当前consumer安全review，旧config形状也不是现行2.x策略的生产保证。,历史文档叙述/收据，不等于本轮重新执行；当前版本须另验; revenue-forecast/audit_review/2026-09-18_real_company_skill_audit/runs/02–13; independent/acquisition_aftercheck.json,"- 隔离实例：config 必须放 <tmp>/config/source_catalog.yaml（project_root=config 上两级）；
  source_catalog.yaml 顶层键必须恰好 {schema_version,catalog_dir,roots}；单 company_raw root 是 writer 硬要求"
FFH-0143,findings.md,43,43,historical_requirement_or_finding,superseded,对应旧D1–D14原始缺陷大部分已被当前显式校验/测试或文档更正取代；保留历史诊断，不能仍列作未修。现行文档另有新漂移。,"filing-fetch/scripts/filing_contracts.py:99,350; scripts/fetch_filing.py:resolve_filing/_handle_from_resolution/main; tests/contracts.stdout.txt (280 passed, 78 subtests; live excluded; symlink skip)",| D1 | 高 | filing_contracts.py:43-46 + fetch_filing.py 全局 | 错误分类漂移：SKILL.md 承诺 config_error/identity_error/not_found/worker_paused 从未产生；全部归为 fatal。worker_paused 在 retryable 集合中是死代码 |
FFH-0144,findings.md,44,44,historical_requirement_or_finding,superseded,对应旧D1–D14原始缺陷大部分已被当前显式校验/测试或文档更正取代；保留历史诊断，不能仍列作未修。现行文档另有新漂移。,"filing-fetch/scripts/filing_contracts.py:99,350; scripts/fetch_filing.py:resolve_filing/_handle_from_resolution/main; tests/contracts.stdout.txt (280 passed, 78 subtests; live excluded; symlink skip)",| D2 | 高 | filing_contracts.py:75-98 | validate_request 未强制 company_query（SKILL.md 声明必填）；缺失时以 fatal 而非 request_error 报错；fetch_filing.py:345-350 恒真/死分支；_identity_arguments:158-161 冲突检查不可达 |
FFH-0145,findings.md,45,45,historical_requirement_or_finding,superseded,对应旧D1–D14原始缺陷大部分已被当前显式校验/测试或文档更正取代；保留历史诊断，不能仍列作未修。现行文档另有新漂移。,"filing-fetch/scripts/filing_contracts.py:99,350; scripts/fetch_filing.py:resolve_filing/_handle_from_resolution/main; tests/contracts.stdout.txt (280 passed, 78 subtests; live excluded; symlink skip)",| D3 | 中 | fetch_filing.py:394-402 | resolve/ensure 响应 schema_version 从未校验；SUPPORTED_COMPANY_WIKI_CONTRACTS 死常量 |
FFH-0146,findings.md,46,46,historical_requirement_or_finding,superseded,对应旧D1–D14原始缺陷大部分已被当前显式校验/测试或文档更正取代；保留历史诊断，不能仍列作未修。现行文档另有新漂移。,"filing-fetch/scripts/filing_contracts.py:99,350; scripts/fetch_filing.py:resolve_filing/_handle_from_resolution/main; tests/contracts.stdout.txt (280 passed, 78 subtests; live excluded; symlink skip)",| D4 | 低 | fetch_filing.py:324 | resolve_filing 未查 math.isfinite(timeout_seconds)（CLI 查了，API 层没查） |
FFH-0147,findings.md,47,47,historical_requirement_or_finding,superseded,对应旧D1–D14原始缺陷大部分已被当前显式校验/测试或文档更正取代；保留历史诊断，不能仍列作未修。现行文档另有新漂移。,"filing-fetch/scripts/filing_contracts.py:99,350; scripts/fetch_filing.py:resolve_filing/_handle_from_resolution/main; tests/contracts.stdout.txt (280 passed, 78 subtests; live excluded; symlink skip)","| D5 | 高 | fetch_filing.py:198-213 | worker 暂停（上游 RuntimeError+""paused""）被归为 fatal 不可重试；SKILL.md:116 的承诺无法兑现 |"
FFH-0148,findings.md,48,48,historical_requirement_or_finding,superseded,对应旧D1–D14原始缺陷大部分已被当前显式校验/测试或文档更正取代；保留历史诊断，不能仍列作未修。现行文档另有新漂移。,"filing-fetch/scripts/filing_contracts.py:99,350; scripts/fetch_filing.py:resolve_filing/_handle_from_resolution/main; tests/contracts.stdout.txt (280 passed, 78 subtests; live excluded; symlink skip)","| D6 | 高 | tests/test_real_tool_conformance.py 全文 | 测的是 filing-fetch 从不调用的 --company-query 原子模式；2 个 skip 掩盖过期期望（""download_blocked"" 不存在、identity status 无 ""failed""、错误路径读 stdout 实为 stderr）；硬编码 wiki 路径 |"
FFH-0149,findings.md,49,49,historical_requirement_or_finding,superseded,对应旧D1–D14原始缺陷大部分已被当前显式校验/测试或文档更正取代；保留历史诊断，不能仍列作未修。现行文档另有新漂移。,"filing-fetch/scripts/filing_contracts.py:99,350; scripts/fetch_filing.py:resolve_filing/_handle_from_resolution/main; tests/contracts.stdout.txt (280 passed, 78 subtests; live excluded; symlink skip)","| D7 | 低 | SKILL.md:22, 105 | raw/{kind}/ 路径模板与实际映射子目录不符 |"
FFH-0150,findings.md,50,50,historical_requirement_or_finding,superseded,对应旧D1–D14原始缺陷大部分已被当前显式校验/测试或文档更正取代；保留历史诊断，不能仍列作未修。现行文档另有新漂移。,"filing-fetch/scripts/filing_contracts.py:99,350; scripts/fetch_filing.py:resolve_filing/_handle_from_resolution/main; tests/contracts.stdout.txt (280 passed, 78 subtests; live excluded; symlink skip)",| D8 | 低 | SKILL.md:98-102 | 退出码表未覆盖 upstream_error/catalog_locked 耗尽/worker_paused（实际也走 exit 2） |
FFH-0151,findings.md,51,51,historical_requirement_or_finding,superseded,对应旧D1–D14原始缺陷大部分已被当前显式校验/测试或文档更正取代；保留历史诊断，不能仍列作未修。现行文档另有新漂移。,"filing-fetch/scripts/filing_contracts.py:99,350; scripts/fetch_filing.py:resolve_filing/_handle_from_resolution/main; tests/contracts.stdout.txt (280 passed, 78 subtests; live excluded; symlink skip)",| D9 | 低 | filing_contracts.py:19-20 | GAP_RECEIPT_SCHEMA_VERSION / DOWNLOAD_AUTHORIZATION_SCHEMA_VERSION 死常量 |
FFH-0152,findings.md,52,52,historical_requirement_or_finding,superseded,对应旧D1–D14原始缺陷大部分已被当前显式校验/测试或文档更正取代；保留历史诊断，不能仍列作未修。现行文档另有新漂移。,"filing-fetch/scripts/filing_contracts.py:99,350; scripts/fetch_filing.py:resolve_filing/_handle_from_resolution/main; tests/contracts.stdout.txt (280 passed, 78 subtests; live excluded; symlink skip)",| D10 | 低 | 仓库根目录 | 垃圾文件 `nul`（Windows 重定向事故产物，0 字节） |
FFH-0153,findings.md,53,53,historical_requirement_or_finding,superseded,对应旧D1–D14原始缺陷大部分已被当前显式校验/测试或文档更正取代；保留历史诊断，不能仍列作未修。现行文档另有新漂移。,"filing-fetch/scripts/filing_contracts.py:99,350; scripts/fetch_filing.py:resolve_filing/_handle_from_resolution/main; tests/contracts.stdout.txt (280 passed, 78 subtests; live excluded; symlink skip)",| D11 | 低 | tests/test_fetch_filing.py | 两对重复测试；test_main_fatal_error_exit_code 名不符实（实为成功路径） |
FFH-0154,findings.md,54,54,historical_requirement_or_finding,superseded,对应旧D1–D14原始缺陷大部分已被当前显式校验/测试或文档更正取代；保留历史诊断，不能仍列作未修。现行文档另有新漂移。,"filing-fetch/scripts/filing_contracts.py:99,350; scripts/fetch_filing.py:resolve_filing/_handle_from_resolution/main; tests/contracts.stdout.txt (280 passed, 78 subtests; live excluded; symlink skip)",| D12 | 中 | fetch_filing.py:452-457 | --request-file/stdin 解析失败 → exit 1 fatal，应为 request_error/exit 2 |
FFH-0155,findings.md,55,55,checked_complete_or_pass_claim,superseded,对应旧D1–D14原始缺陷大部分已被当前显式校验/测试或文档更正取代；保留历史诊断，不能仍列作未修。现行文档另有新漂移。,"filing-fetch/scripts/filing_contracts.py:99,350; scripts/fetch_filing.py:resolve_filing/_handle_from_resolution/main; tests/contracts.stdout.txt (280 passed, 78 subtests; live excluded; symlink skip)",| D13 | 中 | filing_contracts.py:113-116 | request_id 无非空校验（resolution 缺时注入 None 可通过） |
FFH-0156,findings.md,56,56,historical_requirement_or_finding,superseded,对应旧D1–D14原始缺陷大部分已被当前显式校验/测试或文档更正取代；保留历史诊断，不能仍列作未修。现行文档另有新漂移。,"filing-fetch/scripts/filing_contracts.py:99,350; scripts/fetch_filing.py:resolve_filing/_handle_from_resolution/main; tests/contracts.stdout.txt (280 passed, 78 subtests; live excluded; symlink skip)",| D14 | 中 | filing_contracts.py:75-98 | market hint 无白名单校验；非法值漏到上游 argparse 退出 2 → 映射 fatal 且信息混乱 |
FFH-0157,findings.md,57,57,historical_requirement_or_finding,insufficient_evidence,目录别名导致miss的风险不能靠把HK fixture移到canonical目录证明修复；当前真实样本未覆盖任意别名/外部根唯一副本。,filing-fetch/tests/e2e_support/isolated_wiki.py:synthetic seeds/no-op adapters; e2e/run_companies_reuse_only_e2e.py:scope; revenue-forecast/audit_review/2026-09-18_real_company_skill_audit/runs/02–13; independent/acquisition_aftercheck.json,"| D15 | 观察项 | company-wiki 侧 | canonical_name 与目录名不一致时（如官方名 vs 目录 ""AMD""）可能 reuse miss→重复下载；filing-fetch 无法独修，E2E 场景 2 提供观测 |"
FFH-0158,findings.md,60,60,checked_complete_or_pass_claim,historical_only,原测试盘点是修复前基线；今天280隔离测试不回写历史数量，也不把mock与实际CLI等同。,"tests/contracts.stdout.txt (280 passed, 78 subtests; live excluded; symlink skip); 历史文档叙述/收据，不等于本轮重新执行；当前版本须另验",- 66 通过（60 mock patch subprocess.run + 6 live，2 skip），~32s；覆盖声称 90%
FFH-0159,findings.md,61,61,historical_requirement_or_finding,historical_only,原测试盘点是修复前基线；今天280隔离测试不回写历史数量，也不把mock与实际CLI等同。,"tests/contracts.stdout.txt (280 passed, 78 subtests; live excluded; symlink skip); 历史文档叙述/收据，不等于本轮重新执行；当前版本须另验",- mock 层从未真实验证：进程参数序列化、cwd/env、PYTHONUTF8、CREATE_NO_WINDOW、超时传播、重试循环、退出码
FFH-0160,findings.md,62,62,historical_requirement_or_finding,historical_only,原测试盘点是修复前基线；今天280隔离测试不回写历史数量，也不把mock与实际CLI等同。,"tests/contracts.stdout.txt (280 passed, 78 subtests; live excluded; symlink skip); 历史文档叙述/收据，不等于本轮重新执行；当前版本须另验",- 已有：CN（中微公司）/HK（小米）/US（AMD）mock 身份验证；not_found/ambiguous/hash 损坏/路径逃逸/未来日期等单点
FFH-0161,findings.md,63,63,historical_requirement_or_finding,historical_only,原测试盘点是修复前基线；今天280隔离测试不回写历史数量，也不把mock与实际CLI等同。,"tests/contracts.stdout.txt (280 passed, 78 subtests; live excluded; symlink skip); 历史文档叙述/收据，不等于本轮重新执行；当前版本须另验",- 缺失：Phase 2 §2.1-2.5 全部边界；真实 E2E（Phase 3/4）从零建设
FFH-0162,progress.md,3,3,historical_requirement_or_finding,historical_only,逐项是当日执行/时间/状态记录，未保留于本轮重放的原始stdout则不证明原始数量、时延或CI。真实provider矩阵不由今日mock结果替代。,历史文档叙述/收据，不等于本轮重新执行；当前版本须另验; revenue-forecast/audit_review/2026-09-18_real_company_skill_audit/runs/02–13; independent/acquisition_aftercheck.json,## 2026-08-01 — Session 2：全部六个阶段实施完成
FFH-0163,progress.md,4,8,historical_requirement_or_finding,supported_scoped,所列核心请求/handle/错误修复现行代码仍存在并经隔离复跑。,"filing-fetch/scripts/filing_contracts.py:99,350; scripts/fetch_filing.py:resolve_filing/_handle_from_resolution/main; tests/contracts.stdout.txt (280 passed, 78 subtests; live excluded; symlink skip)","- **Phase 1（代码契约修复）**：validate_request 补 company_query 必填 + market 白名单；
  validate_handle 补 request_id 非空；删死常量；SUPPORTED_COMPANY_WIKI_CONTRACTS frozenset→dict 并
  实际用于 resolve/ensure schema 校验；config_error/identity_error/worker_paused 分类；
  resolve_filing 删死分支、isfinite、schema 校验、not_found/upstream_error 代码；
  main() 请求解析失败 → request_error/exit 2；subprocess 超时 → upstream_error"
FFH-0164,progress.md,9,10,historical_requirement_or_finding,historical_only,逐项是当日执行/时间/状态记录，未保留于本轮重放的原始stdout则不证明原始数量、时延或CI。真实provider矩阵不由今日mock结果替代。,历史文档叙述/收据，不等于本轮重新执行；当前版本须另验; revenue-forecast/audit_review/2026-09-18_real_company_skill_audit/runs/02–13; independent/acquisition_aftercheck.json,"- **Phase 2（mock 测试扩充）**：61 → 89 测试；§2.1-2.5 全部新增（请求边界/错误分类/截止时间/
  handle 边界/CLI main）；去重 2 对、改名 1 个"
FFH-0165,progress.md,11,12,checked_complete_or_pass_claim,historical_only,逐项是当日执行/时间/状态记录，未保留于本轮重放的原始stdout则不证明原始数量、时延或CI。真实provider矩阵不由今日mock结果替代。,历史文档叙述/收据，不等于本轮重新执行；当前版本须另验; revenue-forecast/audit_review/2026-09-18_real_company_skill_audit/runs/02–13; independent/acquisition_aftercheck.json,"- **Phase 3（隔离实例真实 E2E）**：tests/e2e_support/isolated_wiki.py + 13 场景全绿（~55s）；
  锁机制发现：resolve 不抢锁、ensure 的 acquisition-journal 记录抢锁；tearDown 清理重试"
FFH-0166,progress.md,13,15,checked_complete_or_pass_claim,historical_only,逐项是当日执行/时间/状态记录，未保留于本轮重放的原始stdout则不证明原始数量、时延或CI。真实provider矩阵不由今日mock结果替代。,历史文档叙述/收据，不等于本轮重新执行；当前版本须另验; revenue-forecast/audit_review/2026-09-18_real_company_skill_audit/runs/02–13; independent/acquisition_aftercheck.json,"- **Phase 4（真实下载 E2E，opt-in）**：CN（宁德时代）✓、US（AMD/10-K）✓ 全链路含幂等；
  HK（腾讯）环境阻断——dayu-hkex 在 RapidOCR 初始化原生崩溃（0xC0000005，dayu-agent 项目问题）；
  修复测试钉住现实（上游无 quarantine 修复闭环，损坏字节永不外泄）"
FFH-0167,progress.md,16,17,historical_requirement_or_finding,historical_only,逐项是当日执行/时间/状态记录，未保留于本轮重放的原始stdout则不证明原始数量、时延或CI。真实provider矩阵不由今日mock结果替代。,历史文档叙述/收据，不等于本轮重新执行；当前版本须另验; revenue-forecast/audit_review/2026-09-18_real_company_skill_audit/runs/02–13; independent/acquisition_aftercheck.json,"- **Phase 5（live 一致性）**：7 测试重写完成（~40s）；identify/ambiguous/ensure--entity/
  生产 round-trip/确定性；ensure 测试在锁竞争时按设计 skip"
FFH-0168,progress.md,18,20,historical_requirement_or_finding,historical_only,逐项是当日执行/时间/状态记录，未保留于本轮重放的原始stdout则不证明原始数量、时延或CI。真实provider矩阵不由今日mock结果替代。,历史文档叙述/收据，不等于本轮重新执行；当前版本须另验; revenue-forecast/audit_review/2026-09-18_real_company_skill_audit/runs/02–13; independent/acquisition_aftercheck.json,"- **Phase 6（文档卫生）**：SKILL.md v1.3.0（worker_paused、退出码、路径、exchange）；
  CHANGELOG v1.3.0；.gitignore +nul；pyproject.toml（ruff/coverage）；
  全量验证：`python -m pytest tests` 113 tests OK（5 skip）、ruff clean、coverage 96%（2026-08-08）"
FFH-0169,progress.md,21,21,historical_requirement_or_finding,historical_only,逐项是当日执行/时间/状态记录，未保留于本轮重放的原始stdout则不证明原始数量、时延或CI。真实provider矩阵不由今日mock结果替代。,历史文档叙述/收据，不等于本轮重新执行；当前版本须另验; revenue-forecast/audit_review/2026-09-18_real_company_skill_audit/runs/02–13; independent/acquisition_aftercheck.json,- 未提交（用户决策 D3 不提交基线）；工作区：3 个脚本/测试文件 + 3 个新测试文件 + 计划文档
FFH-0170,progress.md,22,25,checked_complete_or_pass_claim,historical_only,逐项是当日执行/时间/状态记录，未保留于本轮重放的原始stdout则不证明原始数量、时延或CI。真实provider矩阵不由今日mock结果替代。,历史文档叙述/收据，不等于本轮重新执行；当前版本须另验; revenue-forecast/audit_review/2026-09-18_real_company_skill_audit/runs/02–13; independent/acquisition_aftercheck.json,"- **HK 真实下载已跑通**（2026-08-01 补做）：根因=dayu CLI 按标题推断财年（""2025 年報""→FY2025），
  请求 fiscal_year 2024 被适配器年份过滤拒绝 → discover 轮询到截止；改 fiscal_year 2025 后
  20.3s 全链路通过。**4/4 真实下载测试全绿**（CN 宁德时代 / US AMD / HK 腾讯 / 损坏拒绝），
  全程无残留进程"
FFH-0171,progress.md,26,26,historical_requirement_or_finding,historical_only,逐项是当日执行/时间/状态记录，未保留于本轮重放的原始stdout则不证明原始数量、时延或CI。真实provider矩阵不由今日mock结果替代。,历史文档叙述/收据，不等于本轮重新执行；当前版本须另验; revenue-forecast/audit_review/2026-09-18_real_company_skill_audit/runs/02–13; independent/acquisition_aftercheck.json,- 遗留：live ensure 测试在生产空闲时才执行（worker 持续占用 catalog 锁，按设计 skip）
FFH-0172,progress.md,28,28,historical_requirement_or_finding,historical_only,逐项是当日执行/时间/状态记录，未保留于本轮重放的原始stdout则不证明原始数量、时延或CI。真实provider矩阵不由今日mock结果替代。,历史文档叙述/收据，不等于本轮重新执行；当前版本须另验; revenue-forecast/audit_review/2026-09-18_real_company_skill_audit/runs/02–13; independent/acquisition_aftercheck.json,## 2026-09-09 深夜 — 状态核对（只读，不新增待办）
FFH-0173,progress.md,30,30,historical_requirement_or_finding,historical_only,逐项是当日执行/时间/状态记录，未保留于本轮重放的原始stdout则不证明原始数量、时延或CI。真实provider矩阵不由今日mock结果替代。,历史文档叙述/收据，不等于本轮重新执行；当前版本须另验; revenue-forecast/audit_review/2026-09-18_real_company_skill_audit/runs/02–13; independent/acquisition_aftercheck.json,- 本仓 HEAD `bb8d485`，工作树干净；无未提交改动。
FFH-0174,progress.md,31,31,historical_requirement_or_finding,supported_scoped,synthetic T1范围收窄与当前harness一致；这承认了全链路未验证。,filing-fetch/tests/e2e_support/isolated_wiki.py:synthetic seeds/no-op adapters; e2e/run_companies_reuse_only_e2e.py:scope,- E2E 范围已在 `bb8d485` 明确：`e2e/E2E_DESIGN.md` 记录 harness 为 **synthetic T1 only**，不代表真实数据 E2E；真实原文/CLI/provider 层由 R4 测试矩阵（L/P/VR/AR）承接。
FFH-0175,progress.md,32,32,checked_complete_or_pass_claim,historical_only,逐项是当日执行/时间/状态记录，未保留于本轮重放的原始stdout则不证明原始数量、时延或CI。真实provider矩阵不由今日mock结果替代。,历史文档叙述/收据，不等于本轮重新执行；当前版本须另验; revenue-forecast/audit_review/2026-09-18_real_company_skill_audit/runs/02–13; independent/acquisition_aftercheck.json,- CI：`quality.yml`（`config_doctor --require-revenue-config` + `$GITHUB_WORKSPACE` 符号链接）最近推送全绿；本仓不再单独维护 legacy closure 调用。
FFH-0176,progress.md,33,33,historical_requirement_or_finding,historical_only,逐项是当日执行/时间/状态记录，未保留于本轮重放的原始stdout则不证明原始数量、时延或CI。真实provider矩阵不由今日mock结果替代。,历史文档叙述/收据，不等于本轮重新执行；当前版本须另验; revenue-forecast/audit_review/2026-09-18_real_company_skill_audit/runs/02–13; independent/acquisition_aftercheck.json,- 上游观测（只读）：revenue daily `20260909T210001Z` ok=true，triplet 记录 filing `bb8d485`；FC-705 门仍 false（预计 2026-09-10 22:00 后转 true），与 filing 本仓无直接动作。
FFH-0177,progress.md,34,34,historical_requirement_or_finding,historical_only,逐项是当日执行/时间/状态记录，未保留于本轮重放的原始stdout则不证明原始数量、时延或CI。真实provider矩阵不由今日mock结果替代。,历史文档叙述/收据，不等于本轮重新执行；当前版本须另验; revenue-forecast/audit_review/2026-09-18_real_company_skill_audit/runs/02–13; independent/acquisition_aftercheck.json,- 本轮未改代码/配置/任务，未下载、未跑真实 E2E、未恢复 worker。当前权威编排在 company-wiki R4 目录（见 `docs/plans/painpoint-outcome-audit-2026-09-05/current-delta-2026-09-09.md`）。
FFH-0178,PLANNING_STATUS.md,3,6,historical_requirement_or_finding,supported_scoped,pre_push_gate文件和hook wrapper存在；本轮只静态核对，未推送。,.githooks/pre-commit; tools/pre_push_gate.py; .github/workflows/quality.yml,"> **CI 推送协议（2026-09-08）**：本仓任何推送都必须走 revenue-forecast 的
> [CI 反复失败根因与根治协议](../revenue-forecast/assurance/runs/2026-09-02_remaining-gap-closure/ci_root_fix.md)：
> 先跑本仓 `python tools/pre_push_gate.py`（CI 等价面 + 安装一致性，绿才推），推送后立即自盯
> GitHub Actions 至绿；若失败面是本门漏掉的，必须同时扩展本页矩阵与该 gate，再推。"
FFH-0179,PLANNING_STATUS.md,8,8,historical_requirement_or_finding,historical_only,本项是有日期的计划路由/授权边界或他仓状态引用，不以引用者重复声明作独立实施证据；相应他仓owner逐项审。,原文链接；root inventory三仓范围；历史文档叙述/收据，不等于本轮重新执行；当前版本须另验,> **2026-09-08 当前规划覆盖：R4**。按用户要求，整改的唯一活动编排现为[虚拟数据湖收敛计划](../company-wiki/docs/plans/painpoint-outcome-audit-2026-09-05/simplified-execution-plan.md)，配套[真实测试/审计矩阵](../company-wiki/docs/plans/painpoint-outcome-audit-2026-09-05/simplified-test-matrix.md)与[旧WP迁移表](../company-wiki/docs/plans/painpoint-outcome-audit-2026-09-05/r4-transition.md)。四个增量A/B/C/D及独立收入M取代旧15包/95门执行顺序；原117项、GP和原始负例保留。下方较早“15包/旧总计划为准”仅指当时交付，不再驱动执行。v5继续独占worker正式合同，仅约束对应后台能力，不阻普通本地读取。本次仅文档，没有复验源码/运行状态或授权实施；下方HEAD和daily均为历史观测，未来实施重新锁定输入。
FFH-0180,PLANNING_STATUS.md,10,10,historical_requirement_or_finding,historical_only,本项是有日期的计划路由/授权边界或他仓状态引用，不以引用者重复声明作独立实施证据；相应他仓owner逐项审。,原文链接；root inventory三仓范围；历史文档叙述/收据，不等于本轮重新执行；当前版本须另验,> **2026-09-07最新覆盖**：其他任务继续推进，wiki HEAD=d92f8bf、revenue=6682ecf、filing=89c8bdb。最新daily为20260906T210001Z、ok=false/空triplet；默认观察账本已改到wiki路径，revenue旧ledger的green不可替代。revenue旧closure工具/测试及CI step已实际删除，wiki批3延后，不能再按下方旧快照重复删除或称“只等时间”。详见[并发状态差异与未验证边界](../company-wiki/docs/plans/painpoint-outcome-audit-2026-09-05/current-delta-2026-09-07.md)；下方9/6事实保留为当时观测，相关原反证在新HEAD须独立重验。本轮仅同步文档，没有执行这些代码/删除/运行。
FFH-0181,PLANNING_STATUS.md,12,13,historical_requirement_or_finding,historical_only,本项是有日期的计划路由/授权边界或他仓状态引用，不以引用者重复声明作独立实施证据；相应他仓owner逐项审。,原文链接；root inventory三仓范围；历史文档叙述/收据，不等于本轮重新执行；当前版本须另验,"核对日期：2026-09-06。当前效果判定及未实施整改以[三仓原痛点审计与计划](../company-wiki/docs/plans/painpoint-outcome-audit-2026-09-05/README.md)为准。本次用户只批准文档同步/计划细化，未重新运行真实E2E、下载或CI。
代码基线：`89c8bdb2cfba4d88720d005d0558f422957e8ade`；审计前工作区干净。"
FFH-0182,PLANNING_STATUS.md,15,15,historical_requirement_or_finding,historical_only,本项是有日期的计划路由/授权边界或他仓状态引用，不以引用者重复声明作独立实施证据；相应他仓owner逐项审。,原文链接；root inventory三仓范围；历史文档叙述/收据，不等于本轮重新执行；当前版本须另验,> **2026-09-08 最新观测修正（本地只读核对）**：调度已连续触发成功（09-06、09-07 22:00），最新 daily=`20260907T210001Z`、period=7；`--run-daily` 参数错误与 manifest `cat-file` 的 `safe.directory` 缺失均已修复（revenue `2ff20d9` / `56ba0eb`）。**FC-705 门仍 close_allowed=false**（权威账本在 wiki `.source_catalog/legacy_periods.json`，待 09-08 22:00 P7 完成）。本仓相关缺口（policy 传递、eligible 副本选择、期间修订、补缺授权/deadline/失败计数、完整 E2E、FC-903 收据不匹配）仍归 WP02/03/04/06/13，未实施。
FFH-0183,PLANNING_STATUS.md,19,19,historical_requirement_or_finding,historical_only,本项是有日期的计划路由/授权边界或他仓状态引用，不以引用者重复声明作独立实施证据；相应他仓owner逐项审。,原文链接；root inventory三仓范围；历史文档叙述/收据，不等于本轮重新执行；当前版本须另验,> 本表是**全部活动计划与审计入口的唯一路由**：任何新计划必须先登记在此，再进入执行讨论。当前**全部整改均为 NOT_IMPLEMENTATION_AUTHORIZED**。
FFH-0184,PLANNING_STATUS.md,23,23,historical_requirement_or_finding,historical_only,本项是有日期的计划路由/授权边界或他仓状态引用，不以引用者重复声明作独立实施证据；相应他仓owner逐项审。,原文链接；root inventory三仓范围；历史文档叙述/收据，不等于本轮重新执行；当前版本须另验,| 1 | **R4 虚拟数据湖收敛计划**（唯一活动编排，44 步：A8/B10/C10/D10/M6+） | [simplified-execution-plan.md](../company-wiki/docs/plans/painpoint-outcome-audit-2026-09-05/simplified-execution-plan.md) | PLAN_ONLY / NOT_IMPLEMENTATION_AUTHORIZED | 每步需精确授权；DR/VR/AR 独立审查 |
FFH-0185,PLANNING_STATUS.md,24,24,historical_requirement_or_finding,historical_only,本项是有日期的计划路由/授权边界或他仓状态引用，不以引用者重复声明作独立实施证据；相应他仓owner逐项审。,原文链接；root inventory三仓范围；历史文档叙述/收据，不等于本轮重新执行；当前版本须另验,| 2 | R4 真实测试矩阵（36 组：L/P/O/M） | [simplified-test-matrix.md](../company-wiki/docs/plans/painpoint-outcome-audit-2026-09-05/simplified-test-matrix.md) | 全 pending | 真实 CN/HK/US 与真实修订需 C 授权 |
FFH-0186,PLANNING_STATUS.md,25,25,historical_requirement_or_finding,historical_only,本项是有日期的计划路由/授权边界或他仓状态引用，不以引用者重复声明作独立实施证据；相应他仓owner逐项审。,原文链接；root inventory三仓范围；历史文档叙述/收据，不等于本轮重新执行；当前版本须另验,| 3 | R4 旧 WP 迁移表（WP00-14） | [r4-transition.md](../company-wiki/docs/plans/painpoint-outcome-audit-2026-09-05/r4-transition.md) | PLANNING_ONLY | 只调归属 |
FFH-0187,PLANNING_STATUS.md,26,26,historical_requirement_or_finding,historical_only,本项是有日期的计划路由/授权边界或他仓状态引用，不以引用者重复声明作独立实施证据；相应他仓owner逐项审。,原文链接；root inventory三仓范围；历史文档叙述/收据，不等于本轮重新执行；当前版本须另验,| 4 | **架构减法诊断**（R4 依据） | [data-lake-simplification/README.md](../company-wiki/docs/plans/data-lake-simplification-2026-09-07/README.md) | 只读诊断已交付 | 未运行真实业务/性能 |
FFH-0188,PLANNING_STATUS.md,27,27,historical_requirement_or_finding,historical_only,本项是有日期的计划路由/授权边界或他仓状态引用，不以引用者重复声明作独立实施证据；相应他仓owner逐项审。,原文链接；root inventory三仓范围；历史文档叙述/收据，不等于本轮重新执行；当前版本须另验,| 5 | R4 接班手册 | [execution-handbook.md](../company-wiki/docs/plans/painpoint-outcome-audit-2026-09-05/execution-handbook.md) | 待授权 | 15 包/逐步检查点 |
FFH-0189,PLANNING_STATUS.md,28,28,historical_requirement_or_finding,historical_only,本项是有日期的计划路由/授权边界或他仓状态引用，不以引用者重复声明作独立实施证据；相应他仓owner逐项审。,原文链接；root inventory三仓范围；历史文档叙述/收据，不等于本轮重新执行；当前版本须另验,| 6-8 | 分面手册（控制面、数据面、模型面） | [control](../company-wiki/docs/plans/painpoint-outcome-audit-2026-09-05/execution-control-plane.md) / [data](../company-wiki/docs/plans/painpoint-outcome-audit-2026-09-05/execution-data-plane.md) / [model](../company-wiki/docs/plans/painpoint-outcome-audit-2026-09-05/execution-model-plane.md) | 待授权 | G0–G5 独立审查；真实动作各自批准 |
FFH-0190,PLANNING_STATUS.md,29,29,historical_requirement_or_finding,historical_only,本项是有日期的计划路由/授权边界或他仓状态引用，不以引用者重复声明作独立实施证据；相应他仓owner逐项审。,原文链接；root inventory三仓范围；历史文档叙述/收据，不等于本轮重新执行；当前版本须另验,| 9 | R2/R3 总计划（15 包，被 R4 取代） | [remediation-plan.md](../company-wiki/docs/plans/painpoint-outcome-audit-2026-09-05/remediation-plan.md) | 历史领域细节 | 不作执行编排 |
FFH-0191,PLANNING_STATUS.md,30,30,checked_complete_or_pass_claim,historical_only,本项是有日期的计划路由/授权边界或他仓状态引用，不以引用者重复声明作独立实施证据；相应他仓owner逐项审。,原文链接；root inventory三仓范围；历史文档叙述/收据，不等于本轮重新执行；当前版本须另验,| 10 | R4 计划独立审查 | [r4-independent-review.md](../company-wiki/docs/plans/painpoint-outcome-audit-2026-09-05/r4-independent-review.md) | accepted_for_planning_delta | 不授实施 |
FFH-0192,PLANNING_STATUS.md,31,31,checked_complete_or_pass_claim,historical_only,本项是有日期的计划路由/授权边界或他仓状态引用，不以引用者重复声明作独立实施证据；相应他仓owner逐项审。,原文链接；root inventory三仓范围；历史文档叙述/收据，不等于本轮重新执行；当前版本须另验,| 11 | R4 文档验证 | [r4-document-validation.json](../company-wiki/docs/plans/painpoint-outcome-audit-2026-09-05/r4-document-validation.json) | 文档核验通过 | 非产品测试 |
FFH-0193,PLANNING_STATUS.md,32,32,historical_requirement_or_finding,historical_only,本项是有日期的计划路由/授权边界或他仓状态引用，不以引用者重复声明作独立实施证据；相应他仓owner逐项审。,原文链接；root inventory三仓范围；历史文档叙述/收据，不等于本轮重新执行；当前版本须另验,| 12 | 原目标索引 117 项 | [unit-ledger.md](../company-wiki/docs/plans/painpoint-outcome-audit-2026-09-05/unit-ledger.md) | 53 CONTRADICTED + 58 PARTIAL + 6 HISTORICAL_ONLY | 非生产重跑 |
FFH-0194,PLANNING_STATUS.md,33,33,historical_requirement_or_finding,historical_only,本项是有日期的计划路由/授权边界或他仓状态引用，不以引用者重复声明作独立实施证据；相应他仓owner逐项审。,原文链接；root inventory三仓范围；历史文档叙述/收据，不等于本轮重新执行；当前版本须另验,| 13 | 机器门展开 95 门 | [gate-dag.json](../company-wiki/docs/plans/painpoint-outcome-audit-2026-09-05/gate-dag.json) | 全 pending | 只验计划结构 |
FFH-0195,PLANNING_STATUS.md,34,34,historical_requirement_or_finding,historical_only,本项是有日期的计划路由/授权边界或他仓状态引用，不以引用者重复声明作独立实施证据；相应他仓owner逐项审。,原文链接；root inventory三仓范围；历史文档叙述/收据，不等于本轮重新执行；当前版本须另验,| 14 | 审计报告群 | [filing-audit](../company-wiki/docs/plans/painpoint-outcome-audit-2026-09-05/filing-audit.md) / [assurance-audit](../company-wiki/docs/plans/painpoint-outcome-audit-2026-09-05/assurance-audit.md) / [upstream-asset-audit](../company-wiki/docs/plans/painpoint-outcome-audit-2026-09-05/upstream-asset-audit.md) / [legacy-inheritance](../company-wiki/docs/plans/painpoint-outcome-audit-2026-09-05/legacy-inheritance.md) | 只读审计已交付 | 需独立复核 |
FFH-0196,PLANNING_STATUS.md,35,35,historical_requirement_or_finding,historical_only,本项是有日期的计划路由/授权边界或他仓状态引用，不以引用者重复声明作独立实施证据；相应他仓owner逐项审。,原文链接；root inventory三仓范围；历史文档叙述/收据，不等于本轮重新执行；当前版本须另验,| 15 | 独立审查群 | [assurance](../company-wiki/docs/plans/painpoint-outcome-audit-2026-09-05/assurance-independent-review.md) / [retention](../company-wiki/docs/plans/painpoint-outcome-audit-2026-09-05/retention-independent-review.md) / [plan](../company-wiki/docs/plans/painpoint-outcome-audit-2026-09-05/remediation-plan-independent-review.md) / [consistency](../company-wiki/docs/plans/painpoint-outcome-audit-2026-09-05/document-consistency-review.md) | 历史/计划级 | 不绑定 R4 当前版本 |
FFH-0197,PLANNING_STATUS.md,36,36,historical_requirement_or_finding,historical_only,本项是有日期的计划路由/授权边界或他仓状态引用，不以引用者重复声明作独立实施证据；相应他仓owner逐项审。,原文链接；root inventory三仓范围；历史文档叙述/收据，不等于本轮重新执行；当前版本须另验,| 16 | 并发差异覆盖（9/7） | [current-delta-2026-09-07.md](../company-wiki/docs/plans/painpoint-outcome-audit-2026-09-05/current-delta-2026-09-07.md) | 覆盖 9/6 观测 | 旧反证须新 HEAD 复验 |
FFH-0198,PLANNING_STATUS.md,37,37,historical_requirement_or_finding,historical_only,本项是有日期的计划路由/授权边界或他仓状态引用，不以引用者重复声明作独立实施证据；相应他仓owner逐项审。,原文链接；root inventory三仓范围；历史文档叙述/收据，不等于本轮重新执行；当前版本须另验,| 17 | **Worker v5 独立计划**（V5-1/2/3 pending） | [v5 README](../company-wiki/docs/plans/source-catalog-worker-recovery-v5-2026-09-03/README.md) / [task_plan](../company-wiki/docs/plans/source-catalog-worker-recovery-v5-2026-09-03/task_plan.md) | V5_BASELINE_READY / VERSION_CONTRACT_PENDING / NOT_IMPLEMENTATION_AUTHORIZED | 与主线不合并；H01 为恢复前置 |
FFH-0199,PLANNING_STATUS.md,38,38,historical_requirement_or_finding,historical_only,本项是有日期的计划路由/授权边界或他仓状态引用，不以引用者重复声明作独立实施证据；相应他仓owner逐项审。,原文链接；root inventory三仓范围；历史文档叙述/收据，不等于本轮重新执行；当前版本须另验,| 18 | GP 组（历史执行/批准 + 部署尾项） | [remaining-gap-closure](../revenue-forecast/assurance/runs/2026-09-02_remaining-gap-closure/task_plan.md) | 历史 + 部署尾项 | 不并行领取；旧批准不扩为新许可 |
FFH-0200,PLANNING_STATUS.md,39,39,historical_requirement_or_finding,historical_only,本项是有日期的计划路由/授权边界或他仓状态引用，不以引用者重复声明作独立实施证据；相应他仓owner逐项审。,原文链接；root inventory三仓范围；历史文档叙述/收据，不等于本轮重新执行；当前版本须另验,| 19 | 文档同步（9/4，历史） | [planning-sync-2026-09-04](../company-wiki/docs/plans/planning-sync-2026-09-04/task_plan.md) | 历史交付 | 历史 hash 库存非当前合同 |
FFH-0201,PLANNING_STATUS.md,41,41,historical_requirement_or_finding,historical_only,本项是有日期的计划路由/授权边界或他仓状态引用，不以引用者重复声明作独立实施证据；相应他仓owner逐项审。,原文链接；root inventory三仓范围；历史文档叙述/收据，不等于本轮重新执行；当前版本须另验,**登记纪律**：新增计划/审计目录必须先在上表登记入口与边界，再进入任何执行讨论；未登记的计划视为未授权。
FFH-0202,PLANNING_STATUS.md,45,45,historical_requirement_or_finding,supported_scoped,TERMINAL_NOTICE确标closed_superseded_incomplete；旧三件套不应被当活动验收。,TERMINAL_NOTICE.json,- 根 `task_plan.md`、`findings.md`、`progress.md` 由 [TERMINAL_NOTICE](TERMINAL_NOTICE.json) 标为 `closed_superseded_incomplete`，原文保留，不是活动队列。旧8/9 FCAP是中间接管入口。
FFH-0203,PLANNING_STATUS.md,46,46,checked_complete_or_pass_claim,insufficient_evidence,117 accepted是机器登记状态，并不证明117原目标均实现；需逐receipt及真实业务证据。,revenue-forecast/assurance/unified_completion/state.json；root跨仓独立复审,- [统一机器账本](../revenue-forecast/assurance/unified_completion/state.json) 当前记录 `plan_status=completed`、`implementation_status=completed`、117/117 units accepted；只是账本读取，不是本次复跑117项及全部依赖收据验收。
FFH-0204,PLANNING_STATUS.md,47,47,historical_requirement_or_finding,historical_only,本项是有日期的计划路由/授权边界或他仓状态引用，不以引用者重复声明作独立实施证据；相应他仓owner逐项审。,原文链接；root inventory三仓范围；历史文档叙述/收据，不等于本轮重新执行；当前版本须另验,- [GP计划](../revenue-forecast/assurance/runs/2026-09-02_remaining-gap-closure/task_plan.md)保留历史执行和批准记录；新的效果缺口统一路由到[15包修复计划](../company-wiki/docs/plans/painpoint-outcome-audit-2026-09-05/remediation-plan.md)，不重复领取。GP-008参数已在2ff20d9修复，但实际部署证据/真实roots CI/生产语义尚未全面关闭。
FFH-0205,PLANNING_STATUS.md,48,48,historical_requirement_or_finding,supported_scoped,范围说明与当前harness源码一致。,filing-fetch/tests/e2e_support/isolated_wiki.py:synthetic seeds/no-op adapters; e2e/run_companies_reuse_only_e2e.py:scope,- [E2E设计](e2e/E2E_DESIGN.md) 已按当前 companies-root reuse-only 实现收窄；它不是完整三仓全链路保证。
FFH-0206,PLANNING_STATUS.md,49,49,historical_requirement_or_finding,supported_scoped,FC903旧receipt只绑定旧triplet；hash链当前仍不闭合，不能扩为当前HEAD。,tests/pure_probes.json; pure_probes.py,- `assurance/fc/FC-903/03_change_contract.md`、`REVIEWER_REPORT.md`及两个receipt为历史审查证据，保持原字节；其范围不覆盖当前HEAD所有后续变更。
FFH-0207,PLANNING_STATUS.md,50,50,historical_requirement_or_finding,supported_scoped,本轮递归清单仍只有根三件套，另有关联E2E/refs/FC903；历史9份732行数量只保留其时间范围。,inventory/filing-fetch.json; scope_manifest.json,- 递归源码目录与Git清单仅发现一组三件套；缓存/运行生成物不是活动规划。完整9份732行阅读覆盖和支持代码证据见 [独立审计](../company-wiki/docs/plans/planning-sync-2026-09-04/filing-fetch-audit.md)。
FFH-0208,PLANNING_STATUS.md,54,54,checked_complete_or_pass_claim,supported_scoped,至少deadline、失败计数、policy缺失兼容和完整E2E缺口当前仍见代码/探针；不声称本轮已重新执行全部wiki侧反例。,company-wiki/docs/plans/painpoint-outcome-audit-2026-09-05/filing-audit.md:35–120 (历史反证，已按当前filing代码/clock复核相关面); tests/pure_probes.json; pure_probes.py,9/6[逐项filing审计](../company-wiki/docs/plans/painpoint-outcome-audit-2026-09-05/filing-audit.md)确认policy传递、eligible副本选择、期间修订、补缺授权/deadline/失败计数及完整E2E仍有缺口，对应WP02/03/04/06/13。117 accepted只作历史登记，不能再解释为原完整目标全部解决。现有synthetic harness保留为T1，真实文件、真实生产入口和真实provider的E2E另列，不以改golden或合成fallback关闭。
FFH-0209,PLANNING_STATUS.md,56,56,checked_complete_or_pass_claim,historical_only,本项是有日期的计划路由/授权边界或他仓状态引用，不以引用者重复声明作独立实施证据；相应他仓owner逐项审。,原文链接；root inventory三仓范围；历史文档叙述/收据，不等于本轮重新执行；当前版本须另验,根文档的66/113 tests、96% coverage、未提交、无pyproject、当前基线及D1–D15缺陷清单均属历史。HK早期阻断已在后文追记FY2025修正后跑通；不重复记为当前阻断，也不把旧成功当今天已通过。
FFH-0210,PLANNING_STATUS.md,58,58,historical_requirement_or_finding,supported_scoped,独立重算仍hash mismatch；计划核验器仍漏Phase4并全局借用其他phase日志，历史警告未失效。,tests/pure_probes.json; pure_probes.py; tests/plan_verifier.stdout.txt,FC-903存在 `receipt_binding_mismatch`：reviewer所指implementer SHA256为 `010d0b9e9f4547ef2a71d9e7b47a90eb768744c8dca4825fe6b32ea157bdb3df`，当前文件为 `010699cab407eb20aafd7f985ed494e262d84f2fd0c3c479e83c2c1ed96f089d`。CRLF转LF后仍不匹配；原因与原始签署字节需后续独立核对。本次不改收据、重签或撤销旧verdict，不能声称当前两文件形成完整互证链。
FFH-0211,PLANNING_STATUS.md,62,62,historical_requirement_or_finding,supported_scoped,独立重算仍hash mismatch；计划核验器仍漏Phase4并全局借用其他phase日志，历史警告未失效。,tests/pure_probes.json; pure_probes.py; tests/plan_verifier.stdout.txt,- 只读 `python -B tools/verify_plan_claims.py --plan task_plan.md --progress progress.md --json` 返回exit 0、ok=true，但只识别Phase 1/2/3/5/6，漏掉带HK环境阻断后缀的Phase 4；不是全面闭环证明。
FFH-0212,PLANNING_STATUS.md,63,63,historical_requirement_or_finding,superseded,当前shell读取core.hooksPath为.githooks且wrapper已改为轻量框架；旧“未选用”状态已过时。Python子进程读取另遇dubious ownership，保留环境限制。,.githooks/pre-commit; 当前git config --get core.hooksPath工具回执,- 本地pre-commit现用ruff/mypy轻量检查，旧`.githooks`全量脚本未被core.hooksPath选用；完整测试另行执行。
FFH-0213,PLANNING_STATUS.md,64,64,historical_requirement_or_finding,historical_only,本项是有日期的计划路由/授权边界或他仓状态引用，不以引用者重复声明作独立实施证据；相应他仓owner逐项审。,原文链接；root inventory三仓范围；历史文档叙述/收据，不等于本轮重新执行；当前版本须另验,- 本次不修改代码、安装镜像、生产配置或机器任务，不启动worker，不更改Git全局设置。源项目下一步修复需另外授权；本页不是重开旧计划的指令。
FFH-0214,CHANGELOG.md,5,15,historical_requirement_or_finding,supported_scoped,当前局部实现/合同测试支持该能力；版本发布文字不扩大成全部真实场景成功。,"filing-fetch/scripts/filing_contracts.py:99,350; scripts/fetch_filing.py:resolve_filing/_handle_from_resolution/main; tests/contracts.stdout.txt (280 passed, 78 subtests; live excluded; symlink skip)","- **Worker pause-around for downloads.** `ensure --allow-download` no longer
  blocks behind the company-wiki background worker's long batches (e.g.
  `backfill_text_fingerprints` over 20k+ documents), which hold the global
  catalog `operation.lock` and previously turned every fetch into a 15-minute
  silent retry. `resolve_filing()` now wraps the download in a
  `PausedWorkerScope`: it pauses the worker (releasing the lock — the stale
  `operation.lock` is auto-reclaimed once the holder pid is dead), runs the
  download with the new company-wiki `--allow-acquisition-while-paused` opt-in,
  and resumes the worker afterwards so its pending batch continues
  (pending-driven, idempotent). A worker already stopped, or paused by the
  user, is left untouched — a user-initiated pause is never resumed."
FFH-0215,CHANGELOG.md,16,18,historical_requirement_or_finding,contradicted,无锁read-modify-write refcount在双注册交错下两个参与者均first，最终丢一个pid；并发安全/仅最后resume承诺未成立。,tests/pure_probes.json; pure_probes.py; scripts/fetch_filing.py:_register/_write_pause_entries,"- **Concurrency-safe.** A refcount file (`.source_catalog/filing_fetch_pause.refcount`,
  pruned by pid liveness) with an owner marker ensures concurrent fetches share
  one pause and only the last participant resumes; crashed fetches self-heal."
FFH-0216,CHANGELOG.md,19,23,historical_requirement_or_finding,contradicted,CLI flags存在，但worker_resume_failed只作为文档概念；__exit__实际print warning且不输出该结构化error code，机器调用方无法据此识别。,scripts/fetch_filing.py:PausedWorkerScope.__exit__; SKILL.md:151–153,"- **New CLI flags** (fetch_filing.py): `--no-pause-worker` (legacy behavior),
  `--worker-graceful-timeout-seconds` (default 5), `--worker-resume-wait-seconds`
  (default 5). New error codes `worker_pause_failed` / `worker_resume_failed`;
  a resume failure warns (the handle is still returned) and instructs a manual
  `worker-resume`."
FFH-0217,CHANGELOG.md,24,25,historical_requirement_or_finding,supported_scoped,当前局部实现/合同测试支持该能力；版本发布文字不扩大成全部真实场景成功。,"filing-fetch/scripts/filing_contracts.py:99,350; scripts/fetch_filing.py:resolve_filing/_handle_from_resolution/main; tests/contracts.stdout.txt (280 passed, 78 subtests; live excluded; symlink skip)","- **filing_fetch_client.py** (revenue-forecast side) passes `--no-pause-worker`
  through when `pause_worker=False`; default behavior is unchanged."
FFH-0218,CHANGELOG.md,26,27,historical_requirement_or_finding,supported_scoped,当前局部实现/合同测试支持该能力；版本发布文字不扩大成全部真实场景成功。,"filing-fetch/scripts/filing_contracts.py:99,350; scripts/fetch_filing.py:resolve_filing/_handle_from_resolution/main; tests/contracts.stdout.txt (280 passed, 78 subtests; live excluded; symlink skip)","- Requires company-wiki with the `ensure --allow-acquisition-while-paused`
  flag (company-wiki CHANGELOG, 2026-08-04)."
FFH-0219,CHANGELOG.md,28,32,historical_requirement_or_finding,historical_only,历史测试总数、live06082/HK成功或迁移数量未以原始日志在本轮重放；保留历史范围，不等于现行生产。,历史文档叙述/收据，不等于本轮重新执行；当前版本须另验; revenue-forecast/audit_review/2026-09-18_real_company_skill_audit/runs/02–13; independent/acquisition_aftercheck.json,"- Tests: 4 new mock tests for the pause-around (pause+resume, user-paused
  respect, stopped-worker no-op, legacy `--no-pause-worker`); 97 mock tests +
  27 subtests pass. Live E2E verified against the production wiki: worker
  paused during the 06082.HK download, capture-ready handle returned, worker
  resumed and its batch continued from the same pending count."
FFH-0220,CHANGELOG.md,36,42,historical_requirement_or_finding,supported_scoped,当前局部实现/合同测试支持该能力；版本发布文字不扩大成全部真实场景成功。,"filing-fetch/scripts/filing_contracts.py:99,350; scripts/fetch_filing.py:resolve_filing/_handle_from_resolution/main; tests/contracts.stdout.txt (280 passed, 78 subtests; live excluded; symlink skip)","- Error classification aligned with the documented contract: config failures
  now carry `config_error`, identity failures `identity_error`, unreusable
  sources `not_found` (missing / ambiguous / identity_conflict / incomplete
  provenance), and contract violations `upstream_error`. The response
  `schema_version` of resolve/ensure/identity is now validated against
  `SUPPORTED_COMPANY_WIKI_CONTRACTS` (which is now a real table, not a
  frozenset) and mismatches fail closed as `upstream_error`."
FFH-0221,CHANGELOG.md,43,46,historical_requirement_or_finding,supported_scoped,当前局部实现/合同测试支持该能力；版本发布文字不扩大成全部真实场景成功。,"filing-fetch/scripts/filing_contracts.py:99,350; scripts/fetch_filing.py:resolve_filing/_handle_from_resolution/main; tests/contracts.stdout.txt (280 passed, 78 subtests; live excluded; symlink skip)","- A paused company-wiki worker is now detected: the upstream
  `RuntimeError(""source acquisition is paused; …"")` envelope maps to
  `worker_paused` (retryable, exit 2) instead of `fatal`; it is never
  auto-retried (unlike `catalog_locked`)."
FFH-0222,CHANGELOG.md,47,48,historical_requirement_or_finding,supported_scoped,当前局部实现/合同测试支持该能力；版本发布文字不扩大成全部真实场景成功。,"filing-fetch/scripts/filing_contracts.py:99,350; scripts/fetch_filing.py:resolve_filing/_handle_from_resolution/main; tests/contracts.stdout.txt (280 passed, 78 subtests; live excluded; symlink skip)","- Subprocess timeouts (an attempt outliving the remaining deadline budget)
  classify as `upstream_error` instead of `fatal`."
FFH-0223,CHANGELOG.md,49,51,historical_requirement_or_finding,supported_scoped,当前局部实现/合同测试支持该能力；版本发布文字不扩大成全部真实场景成功。,"filing-fetch/scripts/filing_contracts.py:99,350; scripts/fetch_filing.py:resolve_filing/_handle_from_resolution/main; tests/contracts.stdout.txt (280 passed, 78 subtests; live excluded; symlink skip)","- Request validation tightened: `company_query` is required non-empty trimmed
  text, the `market` hint must be `CN`/`HK`/`US` when provided, `fiscal_year`
  rejects floats, and the handle `request_id` must be non-empty trimmed text."
FFH-0224,CHANGELOG.md,52,53,historical_requirement_or_finding,supported_scoped,当前局部实现/合同测试支持该能力；版本发布文字不扩大成全部真实场景成功。,"filing-fetch/scripts/filing_contracts.py:99,350; scripts/fetch_filing.py:resolve_filing/_handle_from_resolution/main; tests/contracts.stdout.txt (280 passed, 78 subtests; live excluded; symlink skip)","- `main()` now maps stdin / `--request-file` parse failures, non-object JSON,
  and unreadable files to `request_error` (exit 2) instead of a generic fatal."
FFH-0225,CHANGELOG.md,54,56,historical_requirement_or_finding,supported_scoped,当前局部实现/合同测试支持该能力；版本发布文字不扩大成全部真实场景成功。,"filing-fetch/scripts/filing_contracts.py:99,350; scripts/fetch_filing.py:resolve_filing/_handle_from_resolution/main; tests/contracts.stdout.txt (280 passed, 78 subtests; live excluded; symlink skip)","- `exchange` hints are documented as identity-stage-only: the upstream
  `--entity` source commands silently ignore them and filing-fetch discards
  them after identify."
FFH-0226,CHANGELOG.md,57,62,historical_requirement_or_finding,historical_only,历史测试总数、live06082/HK成功或迁移数量未以原始日志在本轮重放；保留历史范围，不等于现行生产。,历史文档叙述/收据，不等于本轮重新执行；当前版本须另验; revenue-forecast/audit_review/2026-09-18_real_company_skill_audit/runs/02–13; independent/acquisition_aftercheck.json,"- Three-layer test matrix: mock contract tests (89), real-code isolated-wiki
  E2E (13 offline scenarios: reuse, missing, partial provenance, corruption,
  identity, catalog-lock retry/deadline, worker pause), and opt-in real
  download E2E (CN/US verified live; HK blocked by a dayu-agent RapidOCR
  native crash on this machine), plus a rewritten live conformance suite
  against the production wiki (incl. a production round-trip)."
FFH-0227,CHANGELOG.md,66,70,historical_requirement_or_finding,contradicted,overall deadline承诺被10s预算→14s反例推翻；worker余时最少10s亦超已过期deadline。,tests/pure_probes.json; pure_probes.py,"- Catalog lock contention (`CatalogOperationLockedError`) is now classified as
  retryable (`catalog_locked` status instead of `fatal`). The CLI retries locked
  calls with exponential backoff (5 s, ×2) bounded by the overall
  `--timeout-seconds` deadline, so interactive fetches self-heal while the
  background worker holds the catalog lock."
FFH-0228,CHANGELOG.md,71,71,historical_requirement_or_finding,superseded,后来新增upstream_error与catalog_busy/db_timeout、policy外部根及latest ensure metadata-only；旧语义不代表当前完整合同。,"filing-fetch/scripts/filing_contracts.py:99,350; scripts/fetch_filing.py:resolve_filing/_handle_from_resolution/main","- Non-lock upstream errors remain fail-closed (`fatal`, not retryable)."
FFH-0229,CHANGELOG.md,75,77,historical_requirement_or_finding,supported_scoped,当前局部实现/合同测试支持该能力；版本发布文字不扩大成全部真实场景成功。,"filing-fetch/scripts/filing_contracts.py:99,350; scripts/fetch_filing.py:resolve_filing/_handle_from_resolution/main; tests/contracts.stdout.txt (280 passed, 78 subtests; live excluded; symlink skip)","- Hardened the request contract: schema 1.1 rejects unknown fields, requires
  `company_query` for every request, validates dates as YYYY-MM-DD, and forbids
  legacy explicit-entity requests that bypass identity verification."
FFH-0230,CHANGELOG.md,78,80,historical_requirement_or_finding,superseded,后来新增upstream_error与catalog_busy/db_timeout、policy外部根及latest ensure metadata-only；旧语义不代表当前完整合同。,"filing-fetch/scripts/filing_contracts.py:99,350; scripts/fetch_filing.py:resolve_filing/_handle_from_resolution/main","- Added deep handle validation: required fields, path containment inside the
  company-wiki `companies/` subtree, lowercase SHA-256, HTTPS URLs, byte-size
  consistency, file content hashes, and published-date ≤ as-of-date."
FFH-0231,CHANGELOG.md,81,82,historical_requirement_or_finding,contradicted,overall deadline承诺被10s预算→14s反例推翻；worker余时最少10s亦超已过期deadline。,tests/pure_probes.json; pure_probes.py,"- Added an overall monotonic deadline with `--timeout-seconds`; each subprocess
  only receives the remaining time."
FFH-0232,CHANGELOG.md,83,84,historical_requirement_or_finding,supported_scoped,当前局部实现/合同测试支持该能力；版本发布文字不扩大成全部真实场景成功。,"filing-fetch/scripts/filing_contracts.py:99,350; scripts/fetch_filing.py:resolve_filing/_handle_from_resolution/main; tests/contracts.stdout.txt (280 passed, 78 subtests; live excluded; symlink skip)","- Structured error taxonomy (`FilingFetchError.code`) with `retryable` flag and
  machine-consumable error JSON (`error_code`, `retryable`)."
FFH-0233,CHANGELOG.md,85,86,historical_requirement_or_finding,supported_scoped,当前局部实现/合同测试支持该能力；版本发布文字不扩大成全部真实场景成功。,"filing-fetch/scripts/filing_contracts.py:99,350; scripts/fetch_filing.py:resolve_filing/_handle_from_resolution/main; tests/contracts.stdout.txt (280 passed, 78 subtests; live excluded; symlink skip)","- Extracted `filing_contracts.py` (version constants, error class, request/handle
  validation) from the CLI module."
FFH-0234,CHANGELOG.md,87,87,historical_requirement_or_finding,historical_only,历史测试总数、live06082/HK成功或迁移数量未以原始日志在本轮重放；保留历史范围，不等于现行生产。,历史文档叙述/收据，不等于本轮重新执行；当前版本须另验; revenue-forecast/audit_review/2026-09-18_real_company_skill_audit/runs/02–13; independent/acquisition_aftercheck.json,- Increased test coverage from 76 % (13 tests) to 86 % (42 tests).
FFH-0235,CHANGELOG.md,91,91,historical_requirement_or_finding,supported_scoped,当前局部实现/合同测试支持该能力；版本发布文字不扩大成全部真实场景成功。,"filing-fetch/scripts/filing_contracts.py:99,350; scripts/fetch_filing.py:resolve_filing/_handle_from_resolution/main; tests/contracts.stdout.txt (280 passed, 78 subtests; live excluded; symlink skip)","- Extracted the on-demand, market-routed filing fetch out of `revenue-forecast` (`company_wiki_source.py`) into a standalone, reusable skill."
FFH-0236,CHANGELOG.md,92,92,historical_requirement_or_finding,superseded,后来新增upstream_error与catalog_busy/db_timeout、policy外部根及latest ensure metadata-only；旧语义不代表当前完整合同。,"filing-fetch/scripts/filing_contracts.py:99,350; scripts/fetch_filing.py:resolve_filing/_handle_from_resolution/main","- Thin client over company-wiki's acquisition engine: identify → resolve (reuse) → ensure (download only with `--allow-download`); routing CN→StockInfo/cninfo, HK/US→dayu is owned by company-wiki."
FFH-0237,CHANGELOG.md,93,93,historical_requirement_or_finding,supported_scoped,当前局部实现/合同测试支持该能力；版本发布文字不扩大成全部真实场景成功。,"filing-fetch/scripts/filing_contracts.py:99,350; scripts/fetch_filing.py:resolve_filing/_handle_from_resolution/main; tests/contracts.stdout.txt (280 passed, 78 subtests; live excluded; symlink skip)","- Fixed the unreachable CLI: added the `if __name__ == ""__main__""` guard so `python scripts/fetch_filing.py` actually runs."
FFH-0238,CHANGELOG.md,94,94,historical_requirement_or_finding,supported_scoped,当前局部实现/合同测试支持该能力；版本发布文字不扩大成全部真实场景成功。,"filing-fetch/scripts/filing_contracts.py:99,350; scripts/fetch_filing.py:resolve_filing/_handle_from_resolution/main; tests/contracts.stdout.txt (280 passed, 78 subtests; live excluded; symlink skip)",- Revenue-specific capture-record building (`build_revenue_source_record`) remains in revenue-forecast; this skill returns a generic capture-ready handle.
FFH-0239,CHANGELOG.md,95,95,historical_requirement_or_finding,historical_only,历史测试总数、live06082/HK成功或迁移数量未以原始日志在本轮重放；保留历史范围，不等于现行生产。,历史文档叙述/收据，不等于本轮重新执行；当前版本须另验; revenue-forecast/audit_review/2026-09-18_real_company_skill_audit/runs/02–13; independent/acquisition_aftercheck.json,- Ported 12 fetch contracts from revenue-forecast's test suite.
FFH-0240,SKILL.md,1,4,historical_requirement_or_finding,insufficient_evidence,reuse-first正常复用成立；“never downloaded twice”全称缺乏失败恢复/跨binding并发证明，新文件落盘未索引已可导致重请求missing。,revenue-forecast/audit_review/2026-09-18_real_company_skill_audit/runs/02–13; independent/acquisition_aftercheck.json; company-wiki/docs/plans/painpoint-outcome-audit-2026-09-05/filing-audit.md:35–120 (历史反证，已按当前filing代码/clock复核相关面),"---
name: filing-fetch
description: Fetch a company financial filing into company-wiki on demand. Reuses an existing filing if one is already indexed; otherwise, only when explicitly authorized, downloads via the correct market tool — A-shares (CN) via StockInfoDLSimple/cninfo, HK and US via dayu-agent — and stores the new file under company-wiki's companies/{entity}/raw/financial_reports/{kind}/ with immutable provenance. Use when any skill (revenue-forecast, invest-*, industry-research) needs an annual/quarterly/semi-annual report or regulatory filing and must not blindly re-download.
---"
FFH-0241,SKILL.md,7,9,historical_requirement_or_finding,insufficient_evidence,reuse-first正常复用成立；“never downloaded twice”全称缺乏失败恢复/跨binding并发证明，新文件落盘未索引已可导致重请求missing。,revenue-forecast/audit_review/2026-09-18_real_company_skill_audit/runs/02–13; independent/acquisition_aftercheck.json; company-wiki/docs/plans/painpoint-outcome-audit-2026-09-05/filing-audit.md:35–120 (历史反证，已按当前filing代码/clock复核相关面),"v1.4.0 — on-demand, market-routed fetch of a company financial filing into the
shared `company-wiki` catalog, with **reuse-first** semantics so the same
filing is never downloaded twice."
FFH-0242,SKILL.md,13,15,historical_requirement_or_finding,supported_scoped,本项在schema1.1/exact或明确局部边界内与当前代码及合同测试一致；未由此证明公司资料内容正确或下游已ready。,"filing-fetch/scripts/filing_contracts.py:99,350; scripts/fetch_filing.py:resolve_filing/_handle_from_resolution/main; tests/contracts.stdout.txt (280 passed, 78 subtests; live excluded; symlink skip)","1. **Validate request** — schema 1.1 rejects unknown fields, requires
   `company_query` (legacy explicit-entity requests are forbidden), and
   validates dates as `YYYY-MM-DD`."
FFH-0243,SKILL.md,16,17,historical_requirement_or_finding,supported_scoped,本项在schema1.1/exact或明确局部边界内与当前代码及合同测试一致；未由此证明公司资料内容正确或下游已ready。,"filing-fetch/scripts/filing_contracts.py:99,350; scripts/fetch_filing.py:resolve_filing/_handle_from_resolution/main; tests/contracts.stdout.txt (280 passed, 78 subtests; live excluded; symlink skip)","2. **Identify** the company (fuzzy name / brand / ticker) to **one verified,
   active security** with a canonical `market` + `security_id`."
FFH-0244,SKILL.md,18,19,historical_requirement_or_finding,supported_scoped,本项在schema1.1/exact或明确局部边界内与当前代码及合同测试一致；未由此证明公司资料内容正确或下游已ready。,"filing-fetch/scripts/filing_contracts.py:99,350; scripts/fetch_filing.py:resolve_filing/_handle_from_resolution/main; tests/contracts.stdout.txt (280 passed, 78 subtests; live excluded; symlink skip)","3. **Resolve (reuse)** — query company-wiki for an already-indexed, capture-ready
   filing. If found, validate the handle and return it — no download."
FFH-0245,SKILL.md,20,29,historical_requirement_or_finding,insufficient_evidence,顺序mock及真实用户已paused不resume成立，但并发安全、状态查询失败、过期清理的完整承诺未成立。,tests/pure_probes.json; pure_probes.py; revenue-forecast/audit_review/2026-09-18_real_company_skill_audit/runs/02–13; independent/acquisition_aftercheck.json,"4. **Pause around downloads (worker)** — before an authorized download, the
   company-wiki background worker is paused if it is running and enabled. The
   worker's long batches (e.g. `backfill_text_fingerprints` over 20k+ documents)
   hold the global catalog `operation.lock`, which would otherwise block the
   download until a 900-second retry deadline; pausing releases the lock and the
   stale lock is auto-reclaimed. After the download the worker is resumed so its
   pending batch continues (batches are pending-driven and idempotent). A worker
   that is already stopped, or paused by the user, is left untouched — a
   user-initiated pause is **never** resumed. Pass `--no-pause-worker` for the
   legacy behavior."
FFH-0246,SKILL.md,30,36,historical_requirement_or_finding,contradicted,实际schema1.2 latest_as_of无allow_download仍调用ensure做metadata discovery；“ensure only flag”文字过时。下载授权与发现授权需分开定义。,scripts/fetch_filing.py:mode/is_latest/action分支; tests/test_fc802_gap_orchestration.py,"5. **Ensure (download) — only with `--allow-download`** — if missing and
   authorized, company-wiki routes by market. New bytes are written into
   `companies/{entity}/raw/financial_reports/{annual|semi_annual|quarterly}/`
   (kind-to-subdirectory mapping; other kinds use their own subdirectory) with
   a `<file>.source.json` provenance sidecar. The download runs with the
   company-wiki `--allow-acquisition-while-paused` opt-in so the deliberate
   pause-around does not trip the paused-acquisition guard."
FFH-0247,SKILL.md,37,40,historical_requirement_or_finding,contradicted,正文companies-only containment与实际RootPolicySnapshot多根允许矛盾；不能让agent据旧文字误拒外部root。,scripts/filing_contracts.py:validate_handle; tests/test_policy_containment_fc501.py; SKILL.md:139–146,"6. **Validate handle** — before returning, the handle is deeply validated:
   required fields, path containment inside `companies/`, lowercase SHA-256,
   HTTPS URL, byte-size consistency, file content hash, published-date ≤
   as-of-date."
FFH-0248,SKILL.md,44,45,historical_requirement_or_finding,supported_scoped,本项在schema1.1/exact或明确局部边界内与当前代码及合同测试一致；未由此证明公司资料内容正确或下游已ready。,"filing-fetch/scripts/filing_contracts.py:99,350; scripts/fetch_filing.py:resolve_filing/_handle_from_resolution/main; tests/contracts.stdout.txt (280 passed, 78 subtests; live excluded; symlink skip)","- Unknown request fields are rejected (callers cannot silently depend on
  ineffective modifiers)."
FFH-0249,SKILL.md,46,47,historical_requirement_or_finding,supported_scoped,本项在schema1.1/exact或明确局部边界内与当前代码及合同测试一致；未由此证明公司资料内容正确或下游已ready。,"filing-fetch/scripts/filing_contracts.py:99,350; scripts/fetch_filing.py:resolve_filing/_handle_from_resolution/main; tests/contracts.stdout.txt (280 passed, 78 subtests; live excluded; symlink skip)","- An explicit `entity`/`security_id` without `company_query` is rejected —
  every request must go through verified-active identity."
FFH-0250,SKILL.md,48,49,historical_requirement_or_finding,supported_scoped,本项在schema1.1/exact或明确局部边界内与当前代码及合同测试一致；未由此证明公司资料内容正确或下游已ready。,"filing-fetch/scripts/filing_contracts.py:99,350; scripts/fetch_filing.py:resolve_filing/_handle_from_resolution/main; tests/contracts.stdout.txt (280 passed, 78 subtests; live excluded; symlink skip)","- `capture_ready` without every required field (canonical_path, snapshot_sha256,
  https_url, published_date, provider, …) is rejected."
FFH-0251,SKILL.md,50,52,historical_requirement_or_finding,contradicted,正文companies-only containment与实际RootPolicySnapshot多根允许矛盾；不能让agent据旧文字误拒外部root。,scripts/filing_contracts.py:validate_handle; tests/test_policy_containment_fc501.py; SKILL.md:139–146,"- A handle whose `canonical_path` escapes the `companies/` subtree, whose
  SHA-256 does not match the canonical file, whose URL is not HTTPS, or whose
  `published_date` is after the request `as_of_date` is rejected."
FFH-0252,SKILL.md,53,54,historical_requirement_or_finding,contradicted,整体deadline保证被当前独立clock反例推翻。,tests/pure_probes.json; pure_probes.py,"- The overall deadline is enforced with `--timeout-seconds`; each subprocess
  only receives the remaining time."
FFH-0253,SKILL.md,55,56,historical_requirement_or_finding,supported_scoped,本项在schema1.1/exact或明确局部边界内与当前代码及合同测试一致；未由此证明公司资料内容正确或下游已ready。,"filing-fetch/scripts/filing_contracts.py:99,350; scripts/fetch_filing.py:resolve_filing/_handle_from_resolution/main; tests/contracts.stdout.txt (280 passed, 78 subtests; live excluded; symlink skip)","- Unknown upstream response schemas, non-JSON stdout, or non-object responses
  fail closed."
FFH-0254,SKILL.md,60,70,historical_requirement_or_finding,supported_scoped,本项在schema1.1/exact或明确局部边界内与当前代码及合同测试一致；未由此证明公司资料内容正确或下游已ready。,"filing-fetch/scripts/filing_contracts.py:99,350; scripts/fetch_filing.py:resolve_filing/_handle_from_resolution/main; tests/contracts.stdout.txt (280 passed, 78 subtests; live excluded; symlink skip)","Read the request from stdin (or `--request-file`). Default is **read-only
reuse**; add `--allow-download` only when a missing filing should actually be
fetched.  Use `--timeout-seconds` to set an overall deadline (default 900).
Downloads pause the company-wiki background worker around the fetch and resume
it afterwards; `--no-pause-worker` restores the legacy behavior (downloads can
then be blocked by the worker's catalog lock for up to the deadline).
`--worker-graceful-timeout-seconds` (default 5) is the graceful stop window
before `worker-pause` force-kills, and `--worker-resume-wait-seconds` (default 5)
is how long `worker-resume` waits for the worker to come back.
Add `--debug` to include the per-candidate exclusion trace in a `not_found`
error response (see Notes)."
FFH-0255,SKILL.md,72,80,historical_requirement_or_finding,not_applicable,示例是调用方式，不是执行结果；不能将示例请求视为已跑通或用户本轮授权。,示例语义核对；本轮未执行示例下载,"```bash
# Reuse-only: returns the handle if the filing exists, else exit 2.
echo '{""schema_version"":""1.1"",""company_query"":""AMD"",""document_kind"":""annual_report"",""fiscal_year"":2025,""as_of_date"":""2026-07-18""}' \
  | python scripts/fetch_filing.py --timeout-seconds 300

# Authorized download:
echo '{""schema_version"":""1.1"",""company_query"":""贵州茅台"",""market"":""CN"",""document_kind"":""annual_report"",""fiscal_year"":2024,""as_of_date"":""2026-07-18""}' \
  | python scripts/fetch_filing.py --allow-download --timeout-seconds 600
```"
FFH-0256,SKILL.md,84,84,historical_requirement_or_finding,supported_scoped,本项在schema1.1/exact或明确局部边界内与当前代码及合同测试一致；未由此证明公司资料内容正确或下游已ready。,"filing-fetch/scripts/filing_contracts.py:99,350; scripts/fetch_filing.py:resolve_filing/_handle_from_resolution/main; tests/contracts.stdout.txt (280 passed, 78 subtests; live excluded; symlink skip)",Precise fields. Unknown fields are rejected.
FFH-0257,SKILL.md,88,88,historical_requirement_or_finding,contradicted,文档Must be1.1与当前FILING_REQUEST_SCHEMA_VERSION1.2/legacy1.1同时接受矛盾，遗漏mode/authorization。,"scripts/filing_contracts.py:18–25,99–200; tests/test_latest_mode.py","| `schema_version` | yes | Must be `""1.1""` |"
FFH-0258,SKILL.md,89,89,historical_requirement_or_finding,supported_scoped,本项在schema1.1/exact或明确局部边界内与当前代码及合同测试一致；未由此证明公司资料内容正确或下游已ready。,"filing-fetch/scripts/filing_contracts.py:99,350; scripts/fetch_filing.py:resolve_filing/_handle_from_resolution/main; tests/contracts.stdout.txt (280 passed, 78 subtests; live excluded; symlink skip)",| `company_query` | yes | Fuzzy name / brand / ticker; `entity` + `security_id` are *forbidden* |
FFH-0259,SKILL.md,90,90,historical_requirement_or_finding,supported_scoped,本项在schema1.1/exact或明确局部边界内与当前代码及合同测试一致；未由此证明公司资料内容正确或下游已ready。,"filing-fetch/scripts/filing_contracts.py:99,350; scripts/fetch_filing.py:resolve_filing/_handle_from_resolution/main; tests/contracts.stdout.txt (280 passed, 78 subtests; live excluded; symlink skip)","| `document_kind` | yes | `annual_report`, `semi_annual_report`, `quarterly_report`, … |"
FFH-0260,SKILL.md,91,91,historical_requirement_or_finding,supported_scoped,本项在schema1.1/exact或明确局部边界内与当前代码及合同测试一致；未由此证明公司资料内容正确或下游已ready。,"filing-fetch/scripts/filing_contracts.py:99,350; scripts/fetch_filing.py:resolve_filing/_handle_from_resolution/main; tests/contracts.stdout.txt (280 passed, 78 subtests; live excluded; symlink skip)",| `as_of_date` | yes | `YYYY-MM-DD` |
FFH-0261,SKILL.md,92,92,historical_requirement_or_finding,supported_scoped,本项在schema1.1/exact或明确局部边界内与当前代码及合同测试一致；未由此证明公司资料内容正确或下游已ready。,"filing-fetch/scripts/filing_contracts.py:99,350; scripts/fetch_filing.py:resolve_filing/_handle_from_resolution/main; tests/contracts.stdout.txt (280 passed, 78 subtests; live excluded; symlink skip)",| `fiscal_year` | no | Integer (reject bool) |
FFH-0262,SKILL.md,93,93,historical_requirement_or_finding,supported_scoped,本项在schema1.1/exact或明确局部边界内与当前代码及合同测试一致；未由此证明公司资料内容正确或下游已ready。,"filing-fetch/scripts/filing_contracts.py:99,350; scripts/fetch_filing.py:resolve_filing/_handle_from_resolution/main; tests/contracts.stdout.txt (280 passed, 78 subtests; live excluded; symlink skip)",| `market` | no | Hint only — must be `CN`/`HK`/`US` if provided; does not override verified identity |
FFH-0263,SKILL.md,94,94,historical_requirement_or_finding,supported_scoped,本项在schema1.1/exact或明确局部边界内与当前代码及合同测试一致；未由此证明公司资料内容正确或下游已ready。,"filing-fetch/scripts/filing_contracts.py:99,350; scripts/fetch_filing.py:resolve_filing/_handle_from_resolution/main; tests/contracts.stdout.txt (280 passed, 78 subtests; live excluded; symlink skip)",| `exchange` | no | Hint only — used during the identity stage; silently ignored by the upstream `--entity` source commands and discarded by filing-fetch |
FFH-0264,SKILL.md,95,95,historical_requirement_or_finding,supported_scoped,本项在schema1.1/exact或明确局部边界内与当前代码及合同测试一致；未由此证明公司资料内容正确或下游已ready。,"filing-fetch/scripts/filing_contracts.py:99,350; scripts/fetch_filing.py:resolve_filing/_handle_from_resolution/main; tests/contracts.stdout.txt (280 passed, 78 subtests; live excluded; symlink skip)",| `form_type` | no | |
FFH-0265,SKILL.md,96,96,historical_requirement_or_finding,supported_scoped,本项在schema1.1/exact或明确局部边界内与当前代码及合同测试一致；未由此证明公司资料内容正确或下游已ready。,"filing-fetch/scripts/filing_contracts.py:99,350; scripts/fetch_filing.py:resolve_filing/_handle_from_resolution/main; tests/contracts.stdout.txt (280 passed, 78 subtests; live excluded; symlink skip)",| `fiscal_period` | no | |
FFH-0266,SKILL.md,97,97,historical_requirement_or_finding,supported_scoped,本项在schema1.1/exact或明确局部边界内与当前代码及合同测试一致；未由此证明公司资料内容正确或下游已ready。,"filing-fetch/scripts/filing_contracts.py:99,350; scripts/fetch_filing.py:resolve_filing/_handle_from_resolution/main; tests/contracts.stdout.txt (280 passed, 78 subtests; live excluded; symlink skip)",| `language` | no | |
FFH-0267,SKILL.md,98,98,historical_requirement_or_finding,supported_scoped,本项在schema1.1/exact或明确局部边界内与当前代码及合同测试一致；未由此证明公司资料内容正确或下游已ready。,"filing-fetch/scripts/filing_contracts.py:99,350; scripts/fetch_filing.py:resolve_filing/_handle_from_resolution/main; tests/contracts.stdout.txt (280 passed, 78 subtests; live excluded; symlink skip)",| `provider` | no | |
FFH-0268,SKILL.md,99,99,historical_requirement_or_finding,supported_scoped,本项在schema1.1/exact或明确局部边界内与当前代码及合同测试一致；未由此证明公司资料内容正确或下游已ready。,"filing-fetch/scripts/filing_contracts.py:99,350; scripts/fetch_filing.py:resolve_filing/_handle_from_resolution/main; tests/contracts.stdout.txt (280 passed, 78 subtests; live excluded; symlink skip)",| `provider_document_id` | no | |
FFH-0269,SKILL.md,103,103,historical_requirement_or_finding,supported_scoped,本项在schema1.1/exact或明确局部边界内与当前代码及合同测试一致；未由此证明公司资料内容正确或下游已ready。,"filing-fetch/scripts/filing_contracts.py:99,350; scripts/fetch_filing.py:resolve_filing/_handle_from_resolution/main; tests/contracts.stdout.txt (280 passed, 78 subtests; live excluded; symlink skip)","Success: `{schema_version:""1.1"", status:""capture_ready"", handle:{…}}`"
FFH-0270,SKILL.md,105,105,historical_requirement_or_finding,supported_scoped,本项在schema1.1/exact或明确局部边界内与当前代码及合同测试一致；未由此证明公司资料内容正确或下游已ready。,"filing-fetch/scripts/filing_contracts.py:99,350; scripts/fetch_filing.py:resolve_filing/_handle_from_resolution/main; tests/contracts.stdout.txt (280 passed, 78 subtests; live excluded; symlink skip)","Error: `{schema_version:""1.1"", status:""<code>"", error:""…"", error_code:""<code>"", retryable:bool}` (an `identity_error` for an ambiguous query also includes `candidates[]` and a `hint`)"
FFH-0271,SKILL.md,109,109,historical_requirement_or_finding,supported_scoped,本项在schema1.1/exact或明确局部边界内与当前代码及合同测试一致；未由此证明公司资料内容正确或下游已ready。,"filing-fetch/scripts/filing_contracts.py:99,350; scripts/fetch_filing.py:resolve_filing/_handle_from_resolution/main; tests/contracts.stdout.txt (280 passed, 78 subtests; live excluded; symlink skip)",| `capture_ready` | Filing found / reused | — |
FFH-0272,SKILL.md,110,110,historical_requirement_or_finding,supported_scoped,本项在schema1.1/exact或明确局部边界内与当前代码及合同测试一致；未由此证明公司资料内容正确或下游已ready。,"filing-fetch/scripts/filing_contracts.py:99,350; scripts/fetch_filing.py:resolve_filing/_handle_from_resolution/main; tests/contracts.stdout.txt (280 passed, 78 subtests; live excluded; symlink skip)",| `request_error` | Invalid request | no |
FFH-0273,SKILL.md,111,111,historical_requirement_or_finding,supported_scoped,本项在schema1.1/exact或明确局部边界内与当前代码及合同测试一致；未由此证明公司资料内容正确或下游已ready。,"filing-fetch/scripts/filing_contracts.py:99,350; scripts/fetch_filing.py:resolve_filing/_handle_from_resolution/main; tests/contracts.stdout.txt (280 passed, 78 subtests; live excluded; symlink skip)",| `config_error` | Config missing / invalid | no |
FFH-0274,SKILL.md,112,112,historical_requirement_or_finding,supported_scoped,本项在schema1.1/exact或明确局部边界内与当前代码及合同测试一致；未由此证明公司资料内容正确或下游已ready。,"filing-fetch/scripts/filing_contracts.py:99,350; scripts/fetch_filing.py:resolve_filing/_handle_from_resolution/main; tests/contracts.stdout.txt (280 passed, 78 subtests; live excluded; symlink skip)","| `identity_error` | Ambiguous or inactive identity. When ambiguous, the response also carries `candidates[]` (`ticker` / `canonical_name` / `market` / `exchange`) and a `hint` — disambiguate by adding `market`/`exchange` or using a specific ticker in `company_query` | no |"
FFH-0275,SKILL.md,113,113,historical_requirement_or_finding,supported_scoped,本项在schema1.1/exact或明确局部边界内与当前代码及合同测试一致；未由此证明公司资料内容正确或下游已ready。,"filing-fetch/scripts/filing_contracts.py:99,350; scripts/fetch_filing.py:resolve_filing/_handle_from_resolution/main; tests/contracts.stdout.txt (280 passed, 78 subtests; live excluded; symlink skip)",| `not_found` | No matching filing | no |
FFH-0276,SKILL.md,114,114,historical_requirement_or_finding,supported_scoped,本项在schema1.1/exact或明确局部边界内与当前代码及合同测试一致；未由此证明公司资料内容正确或下游已ready。,"filing-fetch/scripts/filing_contracts.py:99,350; scripts/fetch_filing.py:resolve_filing/_handle_from_resolution/main; tests/contracts.stdout.txt (280 passed, 78 subtests; live excluded; symlink skip)",| `upstream_error` | company-wiki subprocess failure (including deadline exhaustion) | yes |
FFH-0277,SKILL.md,115,115,historical_requirement_or_finding,contradicted,整体deadline保证被当前独立clock反例推翻。,tests/pure_probes.json; pure_probes.py,| `catalog_locked` | company-wiki catalog locked by another operation; auto-retried with backoff until the deadline | yes |
FFH-0278,SKILL.md,116,116,historical_requirement_or_finding,supported_scoped,本项在schema1.1/exact或明确局部边界内与当前代码及合同测试一致；未由此证明公司资料内容正确或下游已ready。,"filing-fetch/scripts/filing_contracts.py:99,350; scripts/fetch_filing.py:resolve_filing/_handle_from_resolution/main; tests/contracts.stdout.txt (280 passed, 78 subtests; live excluded; symlink skip)","| `worker_paused` | downloads blocked because the company-wiki worker is paused — resume the worker, then retry | yes |"
FFH-0279,SKILL.md,117,117,historical_requirement_or_finding,supported_scoped,本项在schema1.1/exact或明确局部边界内与当前代码及合同测试一致；未由此证明公司资料内容正确或下游已ready。,"filing-fetch/scripts/filing_contracts.py:99,350; scripts/fetch_filing.py:resolve_filing/_handle_from_resolution/main; tests/contracts.stdout.txt (280 passed, 78 subtests; live excluded; symlink skip)",| `fatal` | Unexpected error | no |
FFH-0280,SKILL.md,123,123,historical_requirement_or_finding,contradicted,schema1.2 structured gap也exit0且不是capture-ready；消费者不能只判断exit0。,scripts/fetch_filing.py:main gap分支; tests/test_fc802_gap_orchestration.py,| 0 | capture-ready |
FFH-0281,SKILL.md,124,124,historical_requirement_or_finding,supported_scoped,本项在schema1.1/exact或明确局部边界内与当前代码及合同测试一致；未由此证明公司资料内容正确或下游已ready。,"filing-fetch/scripts/filing_contracts.py:99,350; scripts/fetch_filing.py:resolve_filing/_handle_from_resolution/main; tests/contracts.stdout.txt (280 passed, 78 subtests; live excluded; symlink skip)","| 2 | **every** structured error — `request_error`, `config_error`, `identity_error`, `not_found`, `upstream_error`, `catalog_locked` (deadline exhausted), `worker_paused` |"
FFH-0282,SKILL.md,125,125,historical_requirement_or_finding,supported_scoped,本项在schema1.1/exact或明确局部边界内与当前代码及合同测试一致；未由此证明公司资料内容正确或下游已ready。,"filing-fetch/scripts/filing_contracts.py:99,350; scripts/fetch_filing.py:resolve_filing/_handle_from_resolution/main; tests/contracts.stdout.txt (280 passed, 78 subtests; live excluded; symlink skip)","| 1 | only an unexpected, non-`FilingFetchError` exception |"
FFH-0283,SKILL.md,129,130,historical_requirement_or_finding,supported_scoped,本项在schema1.1/exact或明确局部边界内与当前代码及合同测试一致；未由此证明公司资料内容正确或下游已ready。,"filing-fetch/scripts/filing_contracts.py:99,350; scripts/fetch_filing.py:resolve_filing/_handle_from_resolution/main; tests/contracts.stdout.txt (280 passed, 78 subtests; live excluded; symlink skip)","- **Identity, catalog lookup, market routing, download, dedup, and canonical
  write** are owned by `company-wiki`'s source catalog."
FFH-0284,SKILL.md,131,132,historical_requirement_or_finding,supported_scoped,本项在schema1.1/exact或明确局部边界内与当前代码及合同测试一致；未由此证明公司资料内容正确或下游已ready。,"filing-fetch/scripts/filing_contracts.py:99,350; scripts/fetch_filing.py:resolve_filing/_handle_from_resolution/main; tests/contracts.stdout.txt (280 passed, 78 subtests; live excluded; symlink skip)","- **Cross-skill request, authorization, upstream schema compatibility, and
  handle validation** are owned by `filing-fetch`."
FFH-0285,SKILL.md,133,135,historical_requirement_or_finding,supported_scoped,本项在schema1.1/exact或明确局部边界内与当前代码及合同测试一致；未由此证明公司资料内容正确或下游已ready。,"filing-fetch/scripts/filing_contracts.py:99,350; scripts/fetch_filing.py:resolve_filing/_handle_from_resolution/main; tests/contracts.stdout.txt (280 passed, 78 subtests; live excluded; symlink skip)","- **Consumer-specific source/capture records** (e.g. revenue-forecast) are
  owned by the consuming skill — they call `filing-fetch` and convert the
  returned handle."
FFH-0286,SKILL.md,139,146,historical_requirement_or_finding,insufficient_evidence,policy外部根纯handle校验通过，但“one line root”不能保证adapter_id/identity/reader policy齐备。当前缺adapter_id新文件扫描失败是反证。,"revenue-forecast/audit_review/2026-09-18_real_company_skill_audit/runs/02–13; independent/acquisition_aftercheck.json; tests/contracts.stdout.txt (280 passed, 78 subtests; live excluded; symlink skip)","- **Read-only reuse is config-driven (ADR-008 Strategy B)**: any root kind
  listed in company-wiki's `reusable_root_kinds` (`source_catalog.yaml`)
  serves its already-indexed documents directly — e.g. `dayu_portfolio`
  reuses filings dayu already downloaded, zero download.  Adding a root =
  one line in company-wiki's `source_catalog.yaml`, no code and no
  filing-fetch config change (FC-501/FC-1202: the RootPolicySnapshot is the
  single policy source; filing-fetch's `config/company_wiki.json` only
  locates the company-wiki root)."
FFH-0287,SKILL.md,147,150,historical_requirement_or_finding,insufficient_evidence,顺序mock及真实用户已paused不resume成立，但并发安全、状态查询失败、过期清理的完整承诺未成立。,tests/pure_probes.json; pure_probes.py; revenue-forecast/audit_review/2026-09-18_real_company_skill_audit/runs/02–13; independent/acquisition_aftercheck.json,"- By default, filing-fetch **pauses the background worker itself** around
  downloads and resumes it afterwards, so a worker mid-batch no longer blocks
  fetches. Only with `--no-pause-worker` are downloads blocked while the worker
  is paused (legacy behavior) — resume it first in that case."
FFH-0288,SKILL.md,151,153,historical_requirement_or_finding,contradicted,resume failure只有stderr warning；结构化worker_resume_failed未发出。,scripts/fetch_filing.py:PausedWorkerScope.__exit__,"- `worker_pause_failed` / `worker_resume_failed` error codes surface pause /
  resume failures; a resume failure never loses the download (the handle is
  returned) but leaves the worker paused — resume it manually."
FFH-0289,SKILL.md,154,158,historical_requirement_or_finding,supported_scoped,本项在schema1.1/exact或明确局部边界内与当前代码及合同测试一致；未由此证明公司资料内容正确或下游已ready。,"filing-fetch/scripts/filing_contracts.py:99,350; scripts/fetch_filing.py:resolve_filing/_handle_from_resolution/main; tests/contracts.stdout.txt (280 passed, 78 subtests; live excluded; symlink skip)","- An ambiguous **identity** (multiple candidate securities, e.g. dual-class
  tickers GOOGL/GOOG) never auto-picks; the response lists `candidates[]` —
  refine `company_query` to a specific ticker or add `market`/`exchange`, then
  re-run. An ambiguous **filing** (one identity, several documents) is resolved
  with `fiscal_year` / `form_type`."
FFH-0290,SKILL.md,159,161,historical_requirement_or_finding,supported_scoped,本项在schema1.1/exact或明确局部边界内与当前代码及合同测试一致；未由此证明公司资料内容正确或下游已ready。,"filing-fetch/scripts/filing_contracts.py:99,350; scripts/fetch_filing.py:resolve_filing/_handle_from_resolution/main; tests/contracts.stdout.txt (280 passed, 78 subtests; live excluded; symlink skip)","- `--debug` adds a `debug_trace` to a `not_found` error response: the
  per-candidate exclusion reasons (entity-gate count, identity / year / form /
  capture steps) from company-wiki's resolve step, so a miss explains itself."
FFH-0291,SKILL.md,162,163,historical_requirement_or_finding,supported_scoped,本项在schema1.1/exact或明确局部边界内与当前代码及合同测试一致；未由此证明公司资料内容正确或下游已ready。,"filing-fetch/scripts/filing_contracts.py:99,350; scripts/fetch_filing.py:resolve_filing/_handle_from_resolution/main; tests/contracts.stdout.txt (280 passed, 78 subtests; live excluded; symlink skip)","- Consuming skills convert the returned handle into their own capture schema
  (e.g., revenue-forecast builds its revenue source record from it)."
FFH-0292,SKILL.md,164,164,historical_requirement_or_finding,supported_scoped,本项在schema1.1/exact或明确局部边界内与当前代码及合同测试一致；未由此证明公司资料内容正确或下游已ready。,"filing-fetch/scripts/filing_contracts.py:99,350; scripts/fetch_filing.py:resolve_filing/_handle_from_resolution/main; tests/contracts.stdout.txt (280 passed, 78 subtests; live excluded; symlink skip)",- Language: Python; request: JSON stdin or `--request-file`; response: JSON stdout.
FFH-0293,SKILL.md,165,168,historical_requirement_or_finding,supported_scoped,对indexed与reusable以及real canary未证边界说明准确，真实raw-ready却consumer not_reviewed也说明应再区分层级。,revenue-forecast/audit_review/2026-09-18_real_company_skill_audit/runs/02–13; independent/acquisition_aftercheck.json; filing-fetch/tests/e2e_support/isolated_wiki.py:synthetic seeds/no-op adapters; e2e/run_companies_reuse_only_e2e.py:scope,"- **Indexed ≠ reusable**: a catalog document being indexed (scanned,
  parsed, fingerprinted) does not make it a reuse handle.  Only active,
  capture-ready documents under a registered reusable root kind are
  reused; everything else fails closed (`not_found` with a debug trace)."
FFH-0294,SKILL.md,169,173,historical_requirement_or_finding,insufficient_evidence,此为上游期间/修订与artifact最小重算整体承诺；filing仅传递且存在旧audit反例，不能从thin-client测试证明。,company-wiki/docs/plans/painpoint-outcome-audit-2026-09-05/filing-audit.md:35–120 (历史反证，已按当前filing代码/clock复核相关面); root wiki专项审查,"- **exact vs latest**: an `exact` resolve matches identity+kind+period
  deterministically; `latest_as_of` picks the most recent published
  handle not after `as_of_date` (ties broken by provider_document_id,
  never file mtime).  These are distinct resolution modes — a latest
  match is never presented as an exact one."
FFH-0295,SKILL.md,174,178,historical_requirement_or_finding,insufficient_evidence,此为上游期间/修订与artifact最小重算整体承诺；filing仅传递且存在旧audit反例，不能从thin-client测试证明。,company-wiki/docs/plans/painpoint-outcome-audit-2026-09-05/filing-audit.md:35–120 (历史反证，已按当前filing代码/clock复核相关面); root wiki专项审查,"- **Artifact invalidation**: derived artifacts (normalized/summary) are
  reusable only when their source hash and producer binding still match
  the original document; a changed producer or document hash invalidates
  only the dependent roles and schedules a minimal recompute — the
  original bytes are never rewritten by a reuse path."
FFH-0296,SKILL.md,179,185,historical_requirement_or_finding,supported_scoped,对indexed与reusable以及real canary未证边界说明准确，真实raw-ready却consumer not_reviewed也说明应再区分层级。,revenue-forecast/audit_review/2026-09-18_real_company_skill_audit/runs/02–13; independent/acquisition_aftercheck.json; filing-fetch/tests/e2e_support/isolated_wiki.py:synthetic seeds/no-op adapters; e2e/run_companies_reuse_only_e2e.py:scope,"- **Real-root canary limits**: read-only probes and canaries never write
  to real roots (Dropbox/dayu/companies).  Production reuse of
  Dropbox-only filings and binding-valid processed artifacts is NOT yet
  proven: legacy evidence lacks strong identity/period/binding (see the
  data-lake refactor audit receipts WU-1303/902/1304).  Fixture-level
  E2E stays green; production claims stay unclaimed until the
  observation period and remediation windows complete."
FFH-0297,e2e/E2E_DESIGN.md,3,3,checked_complete_or_pass_claim,supported_scoped,静态读取harness与fixture支持所述局部设计；golden只检查六项投影，未包含生产runtime/policy/review readiness。,filing-fetch/tests/e2e_support/isolated_wiki.py:synthetic seeds/no-op adapters; e2e/run_companies_reuse_only_e2e.py:scope; .github/workflows/quality.yml,> 2026-09-08：本harness继续仅作synthetic T1回归，不作用户要求的真实数据E2E。真实原文/真实CLI/真实provider设计现见[R4测试矩阵](../../company-wiki/docs/plans/painpoint-outcome-audit-2026-09-05/simplified-test-matrix.md)及同目录R4实施计划：L本地位置等价与四既有根覆盖，P真实生产/provider，VR隔离与AR外部运行分层。旧WP02/03/04/13目标保留，旧G依赖不再执行。样本缺失不得synthetic fallback后仍记通过；golden不得改变原目标或抹失败。本次不执行测试/下载，不修改harness。
FFH-0298,e2e/E2E_DESIGN.md,5,5,historical_requirement_or_finding,historical_only,历史复跑/变异日期与旧执行结果没有在本轮重复，不作为当前完整链路通过。,历史文档叙述/收据，不等于本轮重新执行；当前版本须另验,原始设计：2026-08-07 ｜ 状态核对：2026-09-04 ｜ harness 已实现；本次仅静态核对，未重新执行 E2E。
FFH-0299,e2e/E2E_DESIGN.md,7,7,historical_requirement_or_finding,supported_scoped,静态读取harness与fixture支持所述局部设计；golden只检查六项投影，未包含生产runtime/policy/review readiness。,filing-fetch/tests/e2e_support/isolated_wiki.py:synthetic seeds/no-op adapters; e2e/run_companies_reuse_only_e2e.py:scope; .github/workflows/quality.yml,当前仅覆盖 synthetic companies-root 复用路径，不覆盖 dayu/Dropbox roots、latest_as_of gap plans、artifact bundles 或 consumer parser/LLM zero-call reuse，不能据此宣称三仓全链路验收完成。当前规划路由见 [PLANNING_STATUS](../PLANNING_STATUS.md)。
FFH-0300,e2e/E2E_DESIGN.md,11,14,historical_requirement_or_finding,supported_scoped,静态读取harness与fixture支持所述局部设计；golden只检查六项投影，未包含生产runtime/policy/review readiness。,filing-fetch/tests/e2e_support/isolated_wiki.py:synthetic seeds/no-op adapters; e2e/run_companies_reuse_only_e2e.py:scope; .github/workflows/quality.yml,"### Q1. 以后每次都能用吗？（可重复性）
**拷问**：原 isolated-wiki E2E 的 `seed_market` 从**生产 wiki 的 companies/** 复制 seed 文件——
生产文件一旦变动（如 catalog-space-remediation 退役文档）E2E 全挂。可重复吗？
**当前结论**：文档 seed 已改为 synthetic，不再从生产 companies/ 复制；每次建立新的隔离状态目录。仍读取本地 company-wiki 代码、worker 配置；security-master 存在时优先复制本地快照，缺失时生成 synthetic fallback。不能把全部输入描述为完全独立于本地环境。"
FFH-0301,e2e/E2E_DESIGN.md,16,17,historical_requirement_or_finding,supported_scoped,静态读取harness与fixture支持所述局部设计；golden只检查六项投影，未包含生产runtime/policy/review readiness。,filing-fetch/tests/e2e_support/isolated_wiki.py:synthetic seeds/no-op adapters; e2e/run_companies_reuse_only_e2e.py:scope; .github/workflows/quality.yml,"### Q2. 每次都能检验每一个步骤吗？（步骤覆盖）
**当前范围**：断言覆盖 companies-root reuse-only 路径："
FFH-0302,e2e/E2E_DESIGN.md,18,18,historical_requirement_or_finding,supported_scoped,静态读取harness与fixture支持所述局部设计；golden只检查六项投影，未包含生产runtime/policy/review readiness。,filing-fetch/tests/e2e_support/isolated_wiki.py:synthetic seeds/no-op adapters; e2e/run_companies_reuse_only_e2e.py:scope; .github/workflows/quality.yml,1. identify（CN/US/HK 三市场解析）
FFH-0303,e2e/E2E_DESIGN.md,19,19,historical_requirement_or_finding,supported_scoped,静态读取harness与fixture支持所述局部设计；golden只检查六项投影，未包含生产runtime/policy/review readiness。,filing-fetch/tests/e2e_support/isolated_wiki.py:synthetic seeds/no-op adapters; e2e/run_companies_reuse_only_e2e.py:scope; .github/workflows/quality.yml,2. resolve reuse（capture_ready + missing_capture_fields=[]）
FFH-0304,e2e/E2E_DESIGN.md,20,20,historical_requirement_or_finding,supported_scoped,静态读取harness与fixture支持所述局部设计；golden只检查六项投影，未包含生产runtime/policy/review readiness。,filing-fetch/tests/e2e_support/isolated_wiki.py:synthetic seeds/no-op adapters; e2e/run_companies_reuse_only_e2e.py:scope; .github/workflows/quality.yml,3. resolve missing（不存在财年 → not_found，exit 2）
FFH-0305,e2e/E2E_DESIGN.md,21,21,historical_requirement_or_finding,supported_scoped,静态读取harness与fixture支持所述局部设计；golden只检查六项投影，未包含生产runtime/policy/review readiness。,filing-fetch/tests/e2e_support/isolated_wiki.py:synthetic seeds/no-op adapters; e2e/run_companies_reuse_only_e2e.py:scope; .github/workflows/quality.yml,4. handle 深度字段（request_id/snapshot_sha256/https_url 结构）
FFH-0306,e2e/E2E_DESIGN.md,22,22,historical_requirement_or_finding,supported_scoped,静态读取harness与fixture支持所述局部设计；golden只检查六项投影，未包含生产runtime/policy/review readiness。,filing-fetch/tests/e2e_support/isolated_wiki.py:synthetic seeds/no-op adapters; e2e/run_companies_reuse_only_e2e.py:scope; .github/workflows/quality.yml,5. 双跑比较 request_id 与 snapshot_sha256
FFH-0307,e2e/E2E_DESIGN.md,23,23,historical_requirement_or_finding,supported_scoped,静态读取harness与fixture支持所述局部设计；golden只检查六项投影，未包含生产runtime/policy/review readiness。,filing-fetch/tests/e2e_support/isolated_wiki.py:synthetic seeds/no-op adapters; e2e/run_companies_reuse_only_e2e.py:scope; .github/workflows/quality.yml,6. 首轮结果与 golden 比较 status、request_id、snapshot_sha256、https_url、canonical_tail、missing 六项投影字段
FFH-0308,e2e/E2E_DESIGN.md,25,28,historical_requirement_or_finding,historical_only,历史复跑/变异日期与旧执行结果没有在本轮重复，不作为当前完整链路通过。,历史文档叙述/收据，不等于本轮重新执行；当前版本须另验,"### Q3. 目录内容变动时测试还有效吗？（抗变动性）
**结论**：✅ golden 键 = `FIXTURE_VERSION + seed 内容指纹`——seed 内容变化 → 新键 → 显式失败；
代码演化 → handle 字段漂移 → golden 不匹配 → 显式失败（回归信号）；fixture 缺失 → 显式报错。
**历史记录（2026-08-07）**：改 US seed 字节使 golden 键变化并显式失败；本次未复跑该变异实验。"
FFH-0309,e2e/E2E_DESIGN.md,30,32,historical_requirement_or_finding,supported_scoped,静态读取harness与fixture支持所述局部设计；golden只检查六项投影，未包含生产runtime/policy/review readiness。,filing-fetch/tests/e2e_support/isolated_wiki.py:synthetic seeds/no-op adapters; e2e/run_companies_reuse_only_e2e.py:scope; .github/workflows/quality.yml,"### Q4. 需要 expected 结果目录吗？
**结论**：需要。`expected/expected-<key>.json`：三市场的 status/request_id/snapshot/https_url/
canonical_tail/missing + repo HEAD。`--update-golden` 是有意行为。"
FFH-0310,e2e/E2E_DESIGN.md,37,37,historical_requirement_or_finding,supported_scoped,静态读取harness与fixture支持所述局部设计；golden只检查六项投影，未包含生产runtime/policy/review readiness。,filing-fetch/tests/e2e_support/isolated_wiki.py:synthetic seeds/no-op adapters; e2e/run_companies_reuse_only_e2e.py:scope; .github/workflows/quality.yml,| seed | 自建 synthetic（harness 内联，字节确定）——不依赖生产 companies/ |
FFH-0311,e2e/E2E_DESIGN.md,38,38,checked_complete_or_pass_claim,supported_scoped,静态读取harness与fixture支持所述局部设计；golden只检查六项投影，未包含生产runtime/policy/review readiness。,filing-fetch/tests/e2e_support/isolated_wiki.py:synthetic seeds/no-op adapters; e2e/run_companies_reuse_only_e2e.py:scope; .github/workflows/quality.yml,| company-wiki 运行时 | 本地 `Projects/company-wiki`；CI 通过 revenue-forecast compatibility manifest 和 `ci_checkout_siblings.py` 准备 sibling runtime |
FFH-0312,e2e/E2E_DESIGN.md,39,39,historical_requirement_or_finding,supported_scoped,静态读取harness与fixture支持所述局部设计；golden只检查六项投影，未包含生产runtime/policy/review readiness。,filing-fetch/tests/e2e_support/isolated_wiki.py:synthetic seeds/no-op adapters; e2e/run_companies_reuse_only_e2e.py:scope; .github/workflows/quality.yml,| 输出 | 每次全新临时 wiki + `.runs/<key>/run-N` |
FFH-0313,e2e/E2E_DESIGN.md,40,40,historical_requirement_or_finding,supported_scoped,静态读取harness与fixture支持所述局部设计；golden只检查六项投影，未包含生产runtime/policy/review readiness。,filing-fetch/tests/e2e_support/isolated_wiki.py:synthetic seeds/no-op adapters; e2e/run_companies_reuse_only_e2e.py:scope; .github/workflows/quality.yml,| 确定性 | 双跑比较 request_id 与 snapshot_sha256；golden 比较六项结果投影 |
FFH-0314,e2e/E2E_DESIGN.md,41,41,historical_requirement_or_finding,supported_scoped,静态读取harness与fixture支持所述局部设计；golden只检查六项投影，未包含生产runtime/policy/review readiness。,filing-fetch/tests/e2e_support/isolated_wiki.py:synthetic seeds/no-op adapters; e2e/run_companies_reuse_only_e2e.py:scope; .github/workflows/quality.yml,| 仓库版本 | golden + 运行输出记录 HEAD |
FFH-0315,e2e/E2E_DESIGN.md,42,42,historical_requirement_or_finding,supported_scoped,静态读取harness与fixture支持所述局部设计；golden只检查六项投影，未包含生产runtime/policy/review readiness。,filing-fetch/tests/e2e_support/isolated_wiki.py:synthetic seeds/no-op adapters; e2e/run_companies_reuse_only_e2e.py:scope; .github/workflows/quality.yml,| 网络与环境 | reuse-only harness 无下载动作；隔离 fixture 仍读取本地 worker 配置及可用 security-master，缺失 master 时使用 synthetic fallback |
FFH-0316,e2e/E2E_DESIGN.md,44,45,historical_requirement_or_finding,supported_scoped,静态读取harness与fixture支持所述局部设计；golden只检查六项投影，未包含生产runtime/policy/review readiness。,filing-fetch/tests/e2e_support/isolated_wiki.py:synthetic seeds/no-op adapters; e2e/run_companies_reuse_only_e2e.py:scope; .github/workflows/quality.yml,"### Q6. 如何区分""回归""与""环境问题""？
harness 显式返回：断言/golden 不匹配为 exit 1，缺少 golden 为 exit 2；其他环境异常可能抛出异常退出，不能保证全部输入/环境错误都稳定归类为 exit 2。golden 不匹配时打印字段级 diff。"
FFH-0317,e2e/E2E_DESIGN.md,48,48,checked_complete_or_pass_claim,historical_only,历史复跑/变异日期与旧执行结果没有在本轮重复，不作为当前完整链路通过。,历史文档叙述/收据，不等于本轮重新执行；当前版本须另验,- 历史记录（2026-08-07）：改 US seed 字节 → golden 键变化 → 显式失败（EXIT=2）；恢复后通过。本次未重验。
FFH-0318,e2e/E2E_DESIGN.md,51,51,checked_complete_or_pass_claim,supported_scoped,静态读取harness与fixture支持所述局部设计；golden只检查六项投影，未包含生产runtime/policy/review readiness。,filing-fetch/tests/e2e_support/isolated_wiki.py:synthetic seeds/no-op adapters; e2e/run_companies_reuse_only_e2e.py:scope; .github/workflows/quality.yml,- `tests/test_e2e_isolated_wiki.py` 继续覆盖隔离实例行为细节；`IsolatedWiki.seed_market` 已改用 `SYNTHETIC_SEEDS` 写文档和 sidecar，旧“迁移 synthetic seed”候选已由代码演化实现。这里不据此声明当前测试已经运行通过。
FFH-0319,e2e/E2E_DESIGN.md,52,53,historical_requirement_or_finding,contradicted,test_real_tool_conformance.py无env opt-in，仅import时_wiki_available/config_doctor门；默认unittest discover在本机可能触发live。CI通过--ignore显式排除。,"tests/test_real_tool_conformance.py:26–55,168,184; .github/workflows/quality.yml","- `tests/test_real_tool_conformance.py` 为 **live opt-in**（依赖生产 catalog 状态；
  finder 已过滤 active 状态，状态变化时正确 skip）——不属""可重复 E2E""范畴，单独运行。"
FFH-0320,e2e/E2E_DESIGN.md,59,59,historical_requirement_or_finding,supported_scoped,静态读取harness与fixture支持所述局部设计；golden只检查六项投影，未包含生产runtime/policy/review readiness。,filing-fetch/tests/e2e_support/isolated_wiki.py:synthetic seeds/no-op adapters; e2e/run_companies_reuse_only_e2e.py:scope; .github/workflows/quality.yml,- `python e2e/run_companies_reuse_only_e2e.py`（exit 0/1/2）
FFH-0321,e2e/E2E_DESIGN.md,60,60,historical_requirement_or_finding,superseded,本机当前core.hooksPath已.githooks，wrapper为轻量pre-commit；旧未设置叙述不能指导现状。,.githooks/pre-commit; .pre-commit-config.yaml; direct git config tool result,- 当前本地 `.git/hooks/pre-commit` 调用 `.pre-commit-config.yaml`，执行 ruff 与两个公开契约模块的 mypy；完整回归需另行执行。`.githooks/pre-commit` 保留旧 pytest/E2E/install-sync 脚本，但本次查询 `core.hooksPath` 未设置，不能称其每次提交自动执行。
FFH-0322,e2e/E2E_DESIGN.md,61,61,historical_requirement_or_finding,supported_scoped,静态读取harness与fixture支持所述局部设计；golden只检查六项投影，未包含生产runtime/policy/review readiness。,filing-fetch/tests/e2e_support/isolated_wiki.py:synthetic seeds/no-op adapters; e2e/run_companies_reuse_only_e2e.py:scope; .github/workflows/quality.yml,- `.github/workflows/quality.yml` 在 push/PR 配置 manifest-driven sibling runtime、静态检查、类型检查、测试/coverage、config doctor、reuse-only E2E、install-sync 和 plan verifier；本次仅核对配置，未查询远端运行结果。
FFH-0323,references/contract-ownership.md,3,7,historical_requirement_or_finding,supported_scoped,薄消费层及policy/hash/兼容边界有对应代码；不将约束性设计话语当完整上游验收。,"filing-fetch/scripts/filing_contracts.py:99,350; scripts/fetch_filing.py:resolve_filing/_handle_from_resolution/main; tests/contracts.stdout.txt (280 passed, 78 subtests; live excluded; symlink skip)","filing-fetch is a thin orchestrator (see company-wiki
`docs/adr/ADR-010-fcap-contract-ownership.md` and the machine-readable single
source at `revenue-forecast/compatibility/contract_registry.json`). It owns
**none** of the seven data-lake contracts and must not grow a second strategy
source."
FFH-0324,references/contract-ownership.md,11,11,historical_requirement_or_finding,supported_scoped,薄消费层及policy/hash/兼容边界有对应代码；不将约束性设计话语当完整上游验收。,"filing-fetch/scripts/filing_contracts.py:99,350; scripts/fetch_filing.py:resolve_filing/_handle_from_resolution/main; tests/contracts.stdout.txt (280 passed, 78 subtests; live excluded; symlink skip)",- Validate a `FilingRequest`.
FFH-0325,references/contract-ownership.md,12,12,historical_requirement_or_finding,supported_scoped,薄消费层及policy/hash/兼容边界有对应代码；不将约束性设计话语当完整上游验收。,"filing-fetch/scripts/filing_contracts.py:99,350; scripts/fetch_filing.py:resolve_filing/_handle_from_resolution/main; tests/contracts.stdout.txt (280 passed, 78 subtests; live excluded; symlink skip)",- Call company-wiki `identify` / `resolve` / `ensure` / `close-gap`.
FFH-0326,references/contract-ownership.md,13,14,historical_requirement_or_finding,insufficient_evidence,精确模式flag授权与latest强授权不一致；AcquisitionTrace未总被保留，gap/异常下载计数有缺口，unchanged亦存在N-1规范化例外。,scripts/fetch_filing.py:main/_close_gap_and_return_handle/_record_download_events; company-wiki/docs/plans/painpoint-outcome-audit-2026-09-05/filing-audit.md:35–120 (历史反证，已按当前filing代码/clock复核相关面),"- Forward a download authorization to company-wiki only after explicit user
  authorization; filing-fetch never decides whether a root is safe."
FFH-0327,references/contract-ownership.md,15,16,historical_requirement_or_finding,insufficient_evidence,精确模式flag授权与latest强授权不一致；AcquisitionTrace未总被保留，gap/异常下载计数有缺口，unchanged亦存在N-1规范化例外。,scripts/fetch_filing.py:main/_close_gap_and_return_handle/_record_download_events; company-wiki/docs/plans/painpoint-outcome-audit-2026-09-05/filing-audit.md:35–120 (历史反证，已按当前filing代码/clock复核相关面),"- Deeply validate and forward `ResolutionEnvelope`, `SourceHandle`,
  `SourceBundle`, and `AcquisitionTrace` unchanged."
FFH-0328,references/contract-ownership.md,20,22,historical_requirement_or_finding,supported_scoped,薄消费层及policy/hash/兼容边界有对应代码；不将约束性设计话语当完整上游验收。,"filing-fetch/scripts/filing_contracts.py:99,350; scripts/fetch_filing.py:resolve_filing/_handle_from_resolution/main; tests/contracts.stdout.txt (280 passed, 78 subtests; live excluded; symlink skip)","- Declare ownership of, or a second version of, any of: `RootPolicySnapshot`,
  `NormalizedFilingMetadata`, `ResolutionEnvelope`, `AcquisitionTrace`,
  `SourceBundle`, `ArtifactHandle`, `ActivationSnapshot`."
FFH-0329,references/contract-ownership.md,23,25,historical_requirement_or_finding,supported_scoped,薄消费层及policy/hash/兼容边界有对应代码；不将约束性设计话语当完整上游验收。,"filing-fetch/scripts/filing_contracts.py:99,350; scripts/fetch_filing.py:resolve_filing/_handle_from_resolution/main; tests/contracts.stdout.txt (280 passed, 78 subtests; live excluded; symlink skip)","- Keep an independent `allowed_handle_roots` / root allowlist security policy.
  Verify the company-wiki policy snapshot hash and canonical-path containment
  instead (FC-501/FC-1202)."
FFH-0330,references/contract-ownership.md,26,26,historical_requirement_or_finding,supported_scoped,薄消费层及policy/hash/兼容边界有对应代码；不将约束性设计话语当完整上游验收。,"filing-fetch/scripts/filing_contracts.py:99,350; scripts/fetch_filing.py:resolve_filing/_handle_from_resolution/main; tests/contracts.stdout.txt (280 passed, 78 subtests; live excluded; symlink skip)","- Re-implement identity, latest/gap, artifact, or admission logic."
FFH-0331,references/contract-ownership.md,27,27,historical_requirement_or_finding,supported_scoped,薄消费层及policy/hash/兼容边界有对应代码；不将约束性设计话语当完整上游验收。,"filing-fetch/scripts/filing_contracts.py:99,350; scripts/fetch_filing.py:resolve_filing/_handle_from_resolution/main; tests/contracts.stdout.txt (280 passed, 78 subtests; live excluded; symlink skip)",- Copy provider / root / identity rules out of company-wiki.
FFH-0332,references/contract-ownership.md,31,31,historical_requirement_or_finding,supported_scoped,薄消费层及policy/hash/兼容边界有对应代码；不将约束性设计话语当完整上游验收。,"filing-fetch/scripts/filing_contracts.py:99,350; scripts/fetch_filing.py:resolve_filing/_handle_from_resolution/main; tests/contracts.stdout.txt (280 passed, 78 subtests; live excluded; symlink skip)",- `RootPolicySnapshot` 2.0: verify snapshot hash only.
FFH-0333,references/contract-ownership.md,32,34,historical_requirement_or_finding,supported_scoped,薄消费层及policy/hash/兼容边界有对应代码；不将约束性设计话语当完整上游验收。,"filing-fetch/scripts/filing_contracts.py:99,350; scripts/fetch_filing.py:resolve_filing/_handle_from_resolution/main; tests/contracts.stdout.txt (280 passed, 78 subtests; live excluded; symlink skip)","- `ResolutionEnvelope` 1.0 / `SourceBundle` 1.0: when the upstream company-wiki
  has no bundle, surface `bundle_status=unavailable` explicitly — never
  synthesize a green response (FC-903)."
FFH-0334,references/contract-ownership.md,35,36,historical_requirement_or_finding,insufficient_evidence,精确模式flag授权与latest强授权不一致；AcquisitionTrace未总被保留，gap/异常下载计数有缺口，unchanged亦存在N-1规范化例外。,scripts/fetch_filing.py:main/_close_gap_and_return_handle/_record_download_events; company-wiki/docs/plans/painpoint-outcome-audit-2026-09-05/filing-audit.md:35–120 (历史反证，已按当前filing代码/clock复核相关面),"- `AcquisitionTrace` 1.0: report download/provider counts from the trace, never
  inferred from handle presence."
FFH-0335,references/contract-ownership.md,38,39,historical_requirement_or_finding,historical_only,这是历史变更流程要求；本轮未全面审每个FC的registry登记，由root跨仓账本核对。,revenue-forecast/compatibility/contract_registry.json,"Any change to the consumed contract versions requires a new FC with an N-1
window declared in `contract_registry.json`."
FFH-0336,references/identity.md,3,4,historical_requirement_or_finding,insufficient_evidence,双class/跨market完整实测未在本轮重跑；仅当前identity解析mock与上一轮紫金601899正例，不能扩展到所有列举ticker。,"tests/contracts.stdout.txt (280 passed, 78 subtests; live excluded; symlink skip); revenue-forecast/audit_review/2026-09-18_real_company_skill_audit/runs/02–13; independent/acquisition_aftercheck.json","How to write `company_query` for issuers with multiple tickers or multiple
listings, and how to read the diagnostics when resolution misses."
FFH-0337,references/identity.md,8,11,historical_requirement_or_finding,insufficient_evidence,双class/跨market完整实测未在本轮重跑；仅当前identity解析mock与上一轮紫金601899正例，不能扩展到所有列举ticker。,"tests/contracts.stdout.txt (280 passed, 78 subtests; live excluded; symlink skip); revenue-forecast/audit_review/2026-09-18_real_company_skill_audit/runs/02–13; independent/acquisition_aftercheck.json","- **Dual-class tickers** (same issuer, same market — GOOGL/GOOG/GOOGM/GOOGN →
  ""Alphabet Inc.""): use any one ticker as `company_query`. company-wiki anchors
  the ticker to the issuer's canonical name (Phase 18.1), so a request by one
  class reuses the document filed under the issuer name or another class."
FFH-0338,references/identity.md,12,15,historical_requirement_or_finding,insufficient_evidence,双class/跨market完整实测未在本轮重跑；仅当前identity解析mock与上一轮紫金601899正例，不能扩展到所有列举ticker。,"tests/contracts.stdout.txt (280 passed, 78 subtests; live excluded; symlink skip); revenue-forecast/audit_review/2026-09-18_real_company_skill_audit/runs/02–13; independent/acquisition_aftercheck.json","- **Multi-listed issuers** (same issuer, different markets — 601899/02899 CN/HK,
  9988/BABA HK/US): always add a `market` hint to select the primary market.
  The identity layer shares, but the document layer still filters by `market`
  strictly — a CN request only matches CN documents, never cross-shares."
FFH-0339,references/identity.md,16,20,historical_requirement_or_finding,supported_scoped,ambiguous candidates/hint与debug_trace透传代码和测试存在；trace质量仍受上游提供内容限制。,"filing-fetch/scripts/filing_contracts.py:99,350; scripts/fetch_filing.py:resolve_filing/_handle_from_resolution/main; tests/contracts.stdout.txt (280 passed, 78 subtests; live excluded; symlink skip)","- **Ambiguous identity**: when `identify` returns multiple candidates, the
  response carries `candidates[]` (ticker / canonical_name / market / exchange)
  and a `hint` (Phase 19.2). Pick the main ticker or add `market`/`exchange`,
  then re-run. A request without a `market` hint may legitimately resolve
  AMBIGUOUS across listings — disambiguate with the hint."
FFH-0340,references/identity.md,21,22,historical_requirement_or_finding,supported_scoped,ambiguous candidates/hint与debug_trace透传代码和测试存在；trace质量仍受上游提供内容限制。,"filing-fetch/scripts/filing_contracts.py:99,350; scripts/fetch_filing.py:resolve_filing/_handle_from_resolution/main; tests/contracts.stdout.txt (280 passed, 78 subtests; live excluded; symlink skip)","- Do not hand-guess identities: an unresolved query fails closed rather than
  auto-picking a candidate."
FFH-0341,references/identity.md,26,27,historical_requirement_or_finding,supported_scoped,ambiguous candidates/hint与debug_trace透传代码和测试存在；trace质量仍受上游提供内容限制。,"filing-fetch/scripts/filing_contracts.py:99,350; scripts/fetch_filing.py:resolve_filing/_handle_from_resolution/main; tests/contracts.stdout.txt (280 passed, 78 subtests; live excluded; symlink skip)","Add `--debug` (Phase 19.6): the error response then includes `debug_trace`, the
per-candidate exclusion reasons from company-wiki's resolve step:"
FFH-0342,references/identity.md,29,32,historical_requirement_or_finding,not_applicable,示例trace非历史执行证据；只核语法含义。,原文代码块,"```
entity_gate_rejected: 12
Alphabet 2025 Annual Report: identity_conflict_market_or_security_id
```"
FFH-0343,references/identity.md,34,38,checked_complete_or_pass_claim,supported_scoped,ambiguous candidates/hint与debug_trace透传代码和测试存在；trace质量仍受上游提供内容限制。,"filing-fetch/scripts/filing_contracts.py:99,350; scripts/fetch_filing.py:resolve_filing/_handle_from_resolution/main; tests/contracts.stdout.txt (280 passed, 78 subtests; live excluded; symlink skip)","The trace names each candidate that passed the entity gate and the step that
excluded it (`identity_conflict_market_or_security_id`, `fiscal_year_mismatch`,
`form_type_mismatch`, `published_after_as_of_date`, `capture_incomplete`, …).
Use it to decide whether the request needs a market hint, a specific ticker, a
fiscal-year filter, or whether the document genuinely is not in the catalog."
FFH-0344,assurance/fc/FC-903/03_change_contract.md,3,4,checked_complete_or_pass_claim,historical_only,旧base triplet/dependency声明只绑定2026-08版本；当前变更另论。,assurance/fc/FC-903/11_implementer_receipt.json,"> Owner: filing-fetch · Base triplet: revenue `1c5f127` / filing `81d9cd9` / wiki `fd4f50b`
> Dependencies: FC-902 (accepted) · Scenario: bundle forwarding N/N-1, no artifact-validity re-decision"
FFH-0345,assurance/fc/FC-903/03_change_contract.md,8,9,historical_requirement_or_finding,supported_scoped,N/N-1规范化、shape校验、不重判artifact及生产调用当前仍成立；9个focused测试本轮重跑通过。,"filing-fetch/scripts/filing_contracts.py:99,350; scripts/fetch_filing.py:resolve_filing/_handle_from_resolution/main; tests/contracts.stdout.txt (280 passed, 78 subtests; live excluded; symlink skip)","`validate_resolution_envelope` (filing-fetch consumer side) accepts BOTH
envelope generations and forwards the result:"
FFH-0346,assurance/fc/FC-903/03_change_contract.md,11,14,historical_requirement_or_finding,supported_scoped,N/N-1规范化、shape校验、不重判artifact及生产调用当前仍成立；9个focused测试本轮重跑通过。,"filing-fetch/scripts/filing_contracts.py:99,350; scripts/fetch_filing.py:resolve_filing/_handle_from_resolution/main; tests/contracts.stdout.txt (280 passed, 78 subtests; live excluded; symlink skip)","- **N** (FC-902 company-wiki): envelope with `bundle_status` ∈
  {available, unavailable}; `available` requires a SHA-256 `bundle_hash` AND a
  bundle dict whose `bundle_hash` matches AND `schema_version == ""1.0""` —
  fail closed on fabricated evidence."
FFH-0347,assurance/fc/FC-903/03_change_contract.md,15,17,checked_complete_or_pass_claim,supported_scoped,N/N-1规范化、shape校验、不重判artifact及生产调用当前仍成立；9个focused测试本轮重跑通过。,"filing-fetch/scripts/filing_contracts.py:99,350; scripts/fetch_filing.py:resolve_filing/_handle_from_resolution/main; tests/contracts.stdout.txt (280 passed, 78 subtests; live excluded; symlink skip)","- **N-1** (pre-FC-902 company-wiki): envelope WITHOUT `bundle_status` is
  accepted and normalized to the explicit honest `bundle_status=""unavailable""`
  — never a faked empty-green `available`. The caller's dict is not mutated."
FFH-0348,assurance/fc/FC-903/03_change_contract.md,19,20,historical_requirement_or_finding,supported_scoped,N/N-1规范化、shape校验、不重判artifact及生产调用当前仍成立；9个focused测试本轮重跑通过。,"filing-fetch/scripts/filing_contracts.py:99,350; scripts/fetch_filing.py:resolve_filing/_handle_from_resolution/main; tests/contracts.stdout.txt (280 passed, 78 subtests; live excluded; symlink skip)","The function now RETURNS the (possibly normalized) envelope; the handle
builder forwards the returned dict verbatim."
FFH-0349,assurance/fc/FC-903/03_change_contract.md,24,25,historical_requirement_or_finding,supported_scoped,N/N-1规范化、shape校验、不重判artifact及生产调用当前仍成立；9个focused测试本轮重跑通过。,"filing-fetch/scripts/filing_contracts.py:99,350; scripts/fetch_filing.py:resolve_filing/_handle_from_resolution/main; tests/contracts.stdout.txt (280 passed, 78 subtests; live excluded; symlink skip)","- Artifact validity is NOT re-decided: the bundle's valid/invalid handles are
  forwarded verbatim (shape contract only)."
FFH-0350,assurance/fc/FC-903/03_change_contract.md,26,26,historical_requirement_or_finding,historical_only,旧diff范围/副作用预算/rollback设计只描述本FC；不能拿来保证所有后续改动。,assurance/fc/FC-903/REVIEWER_REPORT.md; 历史文档叙述/收据，不等于本轮重新执行；当前版本须另验,- No envelope/outcome/download-event/policy semantics changed.
FFH-0351,assurance/fc/FC-903/03_change_contract.md,27,27,historical_requirement_or_finding,historical_only,旧diff范围/副作用预算/rollback设计只描述本FC；不能拿来保证所有后续改动。,assurance/fc/FC-903/REVIEWER_REPORT.md; 历史文档叙述/收据，不等于本轮重新执行；当前版本须另验,- No provider/root/identity rules.
FFH-0352,assurance/fc/FC-903/03_change_contract.md,31,31,historical_requirement_or_finding,supported_scoped,N/N-1规范化、shape校验、不重判artifact及生产调用当前仍成立；9个focused测试本轮重跑通过。,"filing-fetch/scripts/filing_contracts.py:99,350; scripts/fetch_filing.py:resolve_filing/_handle_from_resolution/main; tests/contracts.stdout.txt (280 passed, 78 subtests; live excluded; symlink skip)",- `scripts/filing_contracts.py` — validate_resolution_envelope (N/N-1 + return).
FFH-0353,assurance/fc/FC-903/03_change_contract.md,32,32,historical_requirement_or_finding,supported_scoped,N/N-1规范化、shape校验、不重判artifact及生产调用当前仍成立；9个focused测试本轮重跑通过。,"filing-fetch/scripts/filing_contracts.py:99,350; scripts/fetch_filing.py:resolve_filing/_handle_from_resolution/main; tests/contracts.stdout.txt (280 passed, 78 subtests; live excluded; symlink skip)",- `scripts/fetch_filing.py` — handle builder uses the returned envelope.
FFH-0354,assurance/fc/FC-903/03_change_contract.md,33,33,historical_requirement_or_finding,supported_scoped,N/N-1规范化、shape校验、不重判artifact及生产调用当前仍成立；9个focused测试本轮重跑通过。,"filing-fetch/scripts/filing_contracts.py:99,350; scripts/fetch_filing.py:resolve_filing/_handle_from_resolution/main; tests/contracts.stdout.txt (280 passed, 78 subtests; live excluded; symlink skip)",- NEW `tests/test_fc903_bundle_contract.py`.
FFH-0355,assurance/fc/FC-903/03_change_contract.md,34,34,historical_requirement_or_finding,historical_only,旧diff范围/副作用预算/rollback设计只描述本FC；不能拿来保证所有后续改动。,assurance/fc/FC-903/REVIEWER_REPORT.md; 历史文档叙述/收据，不等于本轮重新执行；当前版本须另验,- `assurance/fc/FC-903/03_change_contract.md` (+ receipts).
FFH-0356,assurance/fc/FC-903/03_change_contract.md,38,38,historical_requirement_or_finding,supported_scoped,N/N-1规范化、shape校验、不重判artifact及生产调用当前仍成立；9个focused测试本轮重跑通过。,"filing-fetch/scripts/filing_contracts.py:99,350; scripts/fetch_filing.py:resolve_filing/_handle_from_resolution/main; tests/contracts.stdout.txt (280 passed, 78 subtests; live excluded; symlink skip)",- Rejecting an N-1 envelope that merely omits bundle_status.
FFH-0357,assurance/fc/FC-903/03_change_contract.md,39,39,historical_requirement_or_finding,supported_scoped,N/N-1规范化、shape校验、不重判artifact及生产调用当前仍成立；9个focused测试本轮重跑通过。,"filing-fetch/scripts/filing_contracts.py:99,350; scripts/fetch_filing.py:resolve_filing/_handle_from_resolution/main; tests/contracts.stdout.txt (280 passed, 78 subtests; live excluded; symlink skip)",- Fabricating `available` from a missing/malformed bundle.
FFH-0358,assurance/fc/FC-903/03_change_contract.md,40,40,historical_requirement_or_finding,supported_scoped,N/N-1规范化、shape校验、不重判artifact及生产调用当前仍成立；9个focused测试本轮重跑通过。,"filing-fetch/scripts/filing_contracts.py:99,350; scripts/fetch_filing.py:resolve_filing/_handle_from_resolution/main; tests/contracts.stdout.txt (280 passed, 78 subtests; live excluded; symlink skip)",- Re-deciding artifact validity inside filing-fetch.
FFH-0359,assurance/fc/FC-903/03_change_contract.md,41,41,historical_requirement_or_finding,historical_only,旧diff范围/副作用预算/rollback设计只描述本FC；不能拿来保证所有后续改动。,assurance/fc/FC-903/REVIEWER_REPORT.md; 历史文档叙述/收据，不等于本轮重新执行；当前版本须另验,- Any catalog/root write.
FFH-0360,assurance/fc/FC-903/03_change_contract.md,45,46,historical_requirement_or_finding,supported_scoped,N/N-1规范化、shape校验、不重判artifact及生产调用当前仍成立；9个focused测试本轮重跑通过。,"filing-fetch/scripts/filing_contracts.py:99,350; scripts/fetch_filing.py:resolve_filing/_handle_from_resolution/main; tests/contracts.stdout.txt (280 passed, 78 subtests; live excluded; symlink skip)","- `validate_resolution_envelope` gains a return-value contract (normalization);
  `fetch_filing.py` consumes it. No new production symbol."
FFH-0361,assurance/fc/FC-903/03_change_contract.md,52,52,historical_requirement_or_finding,historical_only,旧diff范围/副作用预算/rollback设计只描述本FC；不能拿来保证所有后续改动。,assurance/fc/FC-903/REVIEWER_REPORT.md; 历史文档叙述/收据，不等于本轮重新执行；当前版本须另验,| catalog writes | 0 |
FFH-0362,assurance/fc/FC-903/03_change_contract.md,53,53,historical_requirement_or_finding,historical_only,旧diff范围/副作用预算/rollback设计只描述本FC；不能拿来保证所有后续改动。,assurance/fc/FC-903/REVIEWER_REPORT.md; 历史文档叙述/收据，不等于本轮重新执行；当前版本须另验,| external root writes | 0 |
FFH-0363,assurance/fc/FC-903/03_change_contract.md,54,54,historical_requirement_or_finding,historical_only,旧diff范围/副作用预算/rollback设计只描述本FC；不能拿来保证所有后续改动。,assurance/fc/FC-903/REVIEWER_REPORT.md; 历史文档叙述/收据，不等于本轮重新执行；当前版本须另验,| deletions | 0 |
FFH-0364,assurance/fc/FC-903/03_change_contract.md,58,58,historical_requirement_or_finding,historical_only,旧diff范围/副作用预算/rollback设计只描述本FC；不能拿来保证所有后续改动。,assurance/fc/FC-903/REVIEWER_REPORT.md; 历史文档叙述/收据，不等于本轮重新执行；当前版本须另验,Additive contract behavior; revert = revert commits.
FFH-0365,assurance/fc/FC-903/03_change_contract.md,62,62,historical_requirement_or_finding,contradicted,contract规定超过200行必须split，原reviewer已承认213代码行却接受；未经修改合同即放行是验收纪律例外。,assurance/fc/FC-903/REVIEWER_REPORT.md:37,2 production files + 1 test file (≤200 lines). Exceeds → split.
FFH-0366,assurance/fc/FC-903/REVIEWER_REPORT.md,3,4,checked_complete_or_pass_claim,historical_only,该项原审查只绑定旧clean checkout/历史命令或mutation；今日不能复原其现场状态，保留历史有限证据，不能当当前release证明。,assurance/fc/FC-903/11_implementer_receipt.json; 历史文档叙述/收据，不等于本轮重新执行；当前版本须另验,"> Reviewer: reviewer-fc903-independent (independent agent, clean checkout)
> Reviewed: 2026-08-11 · Verdict: **accepted**"
FFH-0367,assurance/fc/FC-903/REVIEWER_REPORT.md,8,8,historical_requirement_or_finding,historical_only,该项原审查只绑定旧clean checkout/历史命令或mutation；今日不能复原其现场状态，保留历史有限证据，不能当当前release证明。,assurance/fc/FC-903/11_implementer_receipt.json; 历史文档叙述/收据，不等于本轮重新执行；当前版本须另验,- Worktree `C:/Users/郑曾波/Projects/.fcap-review/fc-903` (detached HEAD of filing-fetch).
FFH-0368,assurance/fc/FC-903/REVIEWER_REPORT.md,9,9,historical_requirement_or_finding,historical_only,该项原审查只绑定旧clean checkout/历史命令或mutation；今日不能复原其现场状态，保留历史有限证据，不能当当前release证明。,assurance/fc/FC-903/11_implementer_receipt.json; 历史文档叙述/收据，不等于本轮重新执行；当前版本须另验,- `git rev-parse HEAD` = `2e47089a3564263c00d59d5c872fc7e76c689064` — matches result-triplet filing hash. `git status --porcelain` empty (clean).
FFH-0369,assurance/fc/FC-903/REVIEWER_REPORT.md,10,10,historical_requirement_or_finding,historical_only,该项原审查只绑定旧clean checkout/历史命令或mutation；今日不能复原其现场状态，保留历史有限证据，不能当当前release证明。,assurance/fc/FC-903/11_implementer_receipt.json; 历史文档叙述/收据，不等于本轮重新执行；当前版本须另验,- Three repos at review time:
FFH-0370,assurance/fc/FC-903/REVIEWER_REPORT.md,11,11,checked_complete_or_pass_claim,historical_only,该项原审查只绑定旧clean checkout/历史命令或mutation；今日不能复原其现场状态，保留历史有限证据，不能当当前release证明。,assurance/fc/FC-903/11_implementer_receipt.json; 历史文档叙述/收据，不等于本轮重新执行；当前版本须另验,  - revenue-forecast HEAD `1c5f12782de4c5603e2641009ae72c6b31a37bca` ✓
FFH-0371,assurance/fc/FC-903/REVIEWER_REPORT.md,12,12,checked_complete_or_pass_claim,historical_only,该项原审查只绑定旧clean checkout/历史命令或mutation；今日不能复原其现场状态，保留历史有限证据，不能当当前release证明。,assurance/fc/FC-903/11_implementer_receipt.json; 历史文档叙述/收据，不等于本轮重新执行；当前版本须另验,  - filing-fetch HEAD `2e47089a3564263c00d59d5c872fc7e76c689064` ✓
FFH-0372,assurance/fc/FC-903/REVIEWER_REPORT.md,13,13,checked_complete_or_pass_claim,historical_only,该项原审查只绑定旧clean checkout/历史命令或mutation；今日不能复原其现场状态，保留历史有限证据，不能当当前release证明。,assurance/fc/FC-903/11_implementer_receipt.json; 历史文档叙述/收据，不等于本轮重新执行；当前版本须另验,  - company-wiki HEAD `fd4f50b7566bf26997062404594bc78209246a1f` ✓
FFH-0373,assurance/fc/FC-903/REVIEWER_REPORT.md,14,14,historical_requirement_or_finding,historical_only,该项原审查只绑定旧clean checkout/历史命令或mutation；今日不能复原其现场状态，保留历史有限证据，不能当当前release证明。,assurance/fc/FC-903/11_implementer_receipt.json; 历史文档叙述/收据，不等于本轮重新执行；当前版本须另验,- Result triplet identical to implementer receipt; revenue/wiki unchanged from base.
FFH-0374,assurance/fc/FC-903/REVIEWER_REPORT.md,18,18,checked_complete_or_pass_claim,historical_only,该项原审查只绑定旧clean checkout/历史命令或mutation；今日不能复原其现场状态，保留历史有限证据，不能当当前release证明。,assurance/fc/FC-903/11_implementer_receipt.json; 历史文档叙述/收据，不等于本轮重新执行；当前版本须另验,- Plan `task_plan.md` sha256 = `0bc6b9f7d6707e470e55c22759d37c18404172081ecd176d2883e184c61fafaa` ✓ (matches receipt)
FFH-0375,assurance/fc/FC-903/REVIEWER_REPORT.md,19,19,checked_complete_or_pass_claim,historical_only,该项原审查只绑定旧clean checkout/历史命令或mutation；今日不能复原其现场状态，保留历史有限证据，不能当当前release证明。,assurance/fc/FC-903/11_implementer_receipt.json; 历史文档叙述/收据，不等于本轮重新执行；当前版本须另验,- Command registry sha256 = `215b8077169126b2c4a5eca9d8d6237f291757c2559f6ae6e0ae8ff1c806b089` ✓ (matches receipt)
FFH-0376,assurance/fc/FC-903/REVIEWER_REPORT.md,20,20,historical_requirement_or_finding,contradicted,当前implementer原始文件SHA不等于reviewer绑定值，LF归一化也不同，原签署字节未定位。,tests/pure_probes.json; pure_probes.py,- Implementer receipt sha256 = `010d0b9e9f4547ef2a71d9e7b47a90eb768744c8dca4825fe6b32ea157bdb3df` (recorded in reviewer receipt)
FFH-0377,assurance/fc/FC-903/REVIEWER_REPORT.md,24,24,checked_complete_or_pass_claim,historical_only,该项原审查只绑定旧clean checkout/历史命令或mutation；今日不能复原其现场状态，保留历史有限证据，不能当当前release证明。,assurance/fc/FC-903/11_implementer_receipt.json; 历史文档叙述/收据，不等于本轮重新执行；当前版本须另验,"- `company-wiki/assurance/fc/FC-902/12_reviewer_receipt.json` exists, verdict `accepted`, reviewed 2026-08-11T08:15:20Z, schema 2.0. ✓"
FFH-0378,assurance/fc/FC-903/REVIEWER_REPORT.md,28,34,historical_requirement_or_finding,historical_only,该项原审查只绑定旧clean checkout/历史命令或mutation；今日不能复原其现场状态，保留历史有限证据，不能当当前release证明。,assurance/fc/FC-903/11_implementer_receipt.json; 历史文档叙述/收据，不等于本轮重新执行；当前版本须另验,"```
 assurance/fc/FC-903/03_change_contract.md |  62 ++++
 scripts/fetch_filing.py                   |   5 +-
 scripts/filing_contracts.py               |  47 ++++-
 tests/test_fc903_bundle_contract.py       | 161 ++++++++++
 4 files changed, 270 insertions(+), 5 deletions(-)
```"
FFH-0379,assurance/fc/FC-903/REVIEWER_REPORT.md,36,36,historical_requirement_or_finding,historical_only,该项原审查只绑定旧clean checkout/历史命令或mutation；今日不能复原其现场状态，保留历史有限证据，不能当当前release证明。,assurance/fc/FC-903/11_implementer_receipt.json; 历史文档叙述/收据，不等于本轮重新执行；当前版本须另验,"- Changed files ⊆ allowlist (4 files), no out-of-contract changes, no user dirty paths in diff."
FFH-0380,assurance/fc/FC-903/REVIEWER_REPORT.md,37,37,historical_requirement_or_finding,contradicted,超出明确diff预算后以低风险豁免，合同却要求split；报告未记正式合同变更。,assurance/fc/FC-903/03_change_contract.md:62,"- Diff budget: 213 changed lines in the 3 code files vs the contract's stated ≤200 — 13 lines over (test file carries full RED/acceptance docstrings). Low-severity observation only; no functional impact, verdict unaffected."
FFH-0381,assurance/fc/FC-903/REVIEWER_REPORT.md,38,38,historical_requirement_or_finding,supported_scoped,当前源码/9 focused tests支持纯shape校验与单生产调用点等狭义结论；未重算bundle内容，非来源真实性背书。,"filing-fetch/scripts/filing_contracts.py:99,350; scripts/fetch_filing.py:resolve_filing/_handle_from_resolution/main; tests/contracts.stdout.txt (280 passed, 78 subtests; live excluded; symlink skip)",- No `skip`/`xfail`/`KNOWN_GAP` markers in the test file; no test-only production islands (no `test_fc903` refs in `scripts/`).
FFH-0382,assurance/fc/FC-903/REVIEWER_REPORT.md,42,42,historical_requirement_or_finding,supported_scoped,当前源码/9 focused tests支持纯shape校验与单生产调用点等狭义结论；未重算bundle内容，非来源真实性背书。,"filing-fetch/scripts/filing_contracts.py:99,350; scripts/fetch_filing.py:resolve_filing/_handle_from_resolution/main; tests/contracts.stdout.txt (280 passed, 78 subtests; live excluded; symlink skip)","- **N-1 normalization** (`filing_contracts.py`): `bundle_status is None` → `envelope = dict(envelope)` (COPY) + `envelope[""bundle_status""] = ""unavailable""`. Input never mutated; only ""unavailable"" ever synthesized — never a faked green ""available"". Verified by test_01 (`result is not old`) and test_02 (`""bundle_status"" not in old`)."
FFH-0383,assurance/fc/FC-903/REVIEWER_REPORT.md,43,43,historical_requirement_or_finding,supported_scoped,当前源码/9 focused tests支持纯shape校验与单生产调用点等狭义结论；未重算bundle内容，非来源真实性背书。,"filing-fetch/scripts/filing_contracts.py:99,350; scripts/fetch_filing.py:resolve_filing/_handle_from_resolution/main; tests/contracts.stdout.txt (280 passed, 78 subtests; live excluded; symlink skip)","- **available fail-closed**: `bundle_hash` must be `str` matching `re.fullmatch(r""[0-9a-f]{64}"")`; `bundle` must be a dict whose `bundle_hash == envelope bundle_hash`; `bundle schema_version == ""1.0""`. All violations → `FilingFetchError(code=""upstream_error"")`. Tests 04–07."
FFH-0384,assurance/fc/FC-903/REVIEWER_REPORT.md,44,44,historical_requirement_or_finding,supported_scoped,当前源码/9 focused tests支持纯shape校验与单生产调用点等狭义结论；未重算bundle内容，非来源真实性背书。,"filing-fetch/scripts/filing_contracts.py:99,350; scripts/fetch_filing.py:resolve_filing/_handle_from_resolution/main; tests/contracts.stdout.txt (280 passed, 78 subtests; live excluded; symlink skip)",- **Artifact validity NOT re-decided**: no code path inspects valid/invalid handle content; test_09 asserts verbatim forwarding.
FFH-0385,assurance/fc/FC-903/REVIEWER_REPORT.md,45,45,historical_requirement_or_finding,supported_scoped,当前源码/9 focused tests支持纯shape校验与单生产调用点等狭义结论；未重算bundle内容，非来源真实性背书。,"filing-fetch/scripts/filing_contracts.py:99,350; scripts/fetch_filing.py:resolve_filing/_handle_from_resolution/main; tests/contracts.stdout.txt (280 passed, 78 subtests; live excluded; symlink skip)","- **Return-value contract**: signature `-> dict[str, Any]`, single `return envelope` (verified count == 1); `fetch_filing.py:791` consumes it (`envelope = validate_resolution_envelope(envelope)`), handle stores `dict(envelope)`."
FFH-0386,assurance/fc/FC-903/REVIEWER_REPORT.md,46,46,historical_requirement_or_finding,supported_scoped,当前源码/9 focused tests支持纯shape校验与单生产调用点等狭义结论；未重算bundle内容，非来源真实性背书。,"filing-fetch/scripts/filing_contracts.py:99,350; scripts/fetch_filing.py:resolve_filing/_handle_from_resolution/main; tests/contracts.stdout.txt (280 passed, 78 subtests; live excluded; symlink skip)","- **No provider/root/identity rules** added; no writes anywhere in the diff (grep for open/write/remove/unlink/rmtree/requests/download/subprocess returned only change-contract markdown prose and a test fixture field `""download_events"": 0`)."
FFH-0387,assurance/fc/FC-903/REVIEWER_REPORT.md,52,52,checked_complete_or_pass_claim,supported_scoped,当前源码/9 focused tests支持纯shape校验与单生产调用点等狭义结论；未重算bundle内容，非来源真实性背书。,"filing-fetch/scripts/filing_contracts.py:99,350; scripts/fetch_filing.py:resolve_filing/_handle_from_resolution/main; tests/contracts.stdout.txt (280 passed, 78 subtests; live excluded; symlink skip)",| `pytest tests/test_fc903_bundle_contract.py -q` | **9 passed** (0.08s) | match |
FFH-0388,assurance/fc/FC-903/REVIEWER_REPORT.md,53,53,checked_complete_or_pass_claim,insufficient_evidence,sibling green包括5个自造JSON自证的bundle_fidelity测试，无法证明真实跨仓转发；历史127数量不等同全部有效覆盖。,"tests/test_bundle_fidelity.py:39–72; tests/contracts.stdout.txt (280 passed, 78 subtests; live excluded; symlink skip)","| `pytest tests/test_fc802_gap_orchestration.py tests/test_bundle_compat.py tests/test_bundle_fidelity.py tests/test_latest_mode.py -q` | **127 passed, 2 skipped, 27 subtests** (1.16s) | match |"
FFH-0389,assurance/fc/FC-903/REVIEWER_REPORT.md,54,54,checked_complete_or_pass_claim,historical_only,该项原审查只绑定旧clean checkout/历史命令或mutation；今日不能复原其现场状态，保留历史有限证据，不能当当前release证明。,assurance/fc/FC-903/11_implementer_receipt.json; 历史文档叙述/收据，不等于本轮重新执行；当前版本须另验,| `ruff check scripts/filing_contracts.py scripts/fetch_filing.py tests/test_fc903_bundle_contract.py` | **All checks passed** | match |
FFH-0390,assurance/fc/FC-903/REVIEWER_REPORT.md,55,55,checked_complete_or_pass_claim,historical_only,该项原审查只绑定旧clean checkout/历史命令或mutation；今日不能复原其现场状态，保留历史有限证据，不能当当前release证明。,assurance/fc/FC-903/11_implementer_receipt.json; 历史文档叙述/收据，不等于本轮重新执行；当前版本须另验,"| `pytest tests/ -q` (full suite) | **276 passed, 11 skipped (3 T3 without env), 54 subtests** (80.6s), zero failures | match |"
FFH-0391,assurance/fc/FC-903/REVIEWER_REPORT.md,57,57,historical_requirement_or_finding,historical_only,该项原审查只绑定旧clean checkout/历史命令或mutation；今日不能复原其现场状态，保留历史有限证据，不能当当前release证明。,assurance/fc/FC-903/11_implementer_receipt.json; 历史文档叙述/收据，不等于本轮重新执行；当前版本须另验,"RED replay: `git show 81d9cd9:scripts/filing_contracts.py | grep -c ""return envelope""` == **0**; base rejected missing bundle_status via the enum check (None ∉ statuses) and had no bundle-evidence validation — RED failure mode was real."
FFH-0392,assurance/fc/FC-903/REVIEWER_REPORT.md,63,63,historical_requirement_or_finding,historical_only,该项原审查只绑定旧clean checkout/历史命令或mutation；今日不能复原其现场状态，保留历史有限证据，不能当当前release证明。,assurance/fc/FC-903/11_implementer_receipt.json; 历史文档叙述/收据，不等于本轮重新执行；当前版本须另验,| FC-903-M1 | `if bundle_status is None:` → `if False and bundle_status is None:` | test_fc903_01 | **FAILED** (N-1 rejected) — killed |
FFH-0393,assurance/fc/FC-903/REVIEWER_REPORT.md,64,64,historical_requirement_or_finding,historical_only,该项原审查只绑定旧clean checkout/历史命令或mutation；今日不能复原其现场状态，保留历史有限证据，不能当当前release证明。,assurance/fc/FC-903/11_implementer_receipt.json; 历史文档叙述/收据，不等于本轮重新执行；当前版本须另验,"| FC-903-M2 | `if bundle_status == ""available"":` → `if False and bundle_status == ""available"":` | test_fc903_04 | **FAILED** (fabricated available passes) — killed |"
FFH-0394,assurance/fc/FC-903/REVIEWER_REPORT.md,65,65,historical_requirement_or_finding,historical_only,该项原审查只绑定旧clean checkout/历史命令或mutation；今日不能复原其现场状态，保留历史有限证据，不能当当前release证明。,assurance/fc/FC-903/11_implementer_receipt.json; 历史文档叙述/收据，不等于本轮重新执行；当前版本须另验,| FC-903-M3 | `return envelope` → `return None` | test_fc903_03 | **FAILED** (None != envelope) — killed |
FFH-0395,assurance/fc/FC-903/REVIEWER_REPORT.md,67,67,checked_complete_or_pass_claim,historical_only,该项原审查只绑定旧clean checkout/历史命令或mutation；今日不能复原其现场状态，保留历史有限证据，不能当当前release证明。,assurance/fc/FC-903/11_implementer_receipt.json; 历史文档叙述/收据，不等于本轮重新执行；当前版本须另验,After final restore: `git hash-object scripts/filing_contracts.py` = `b3bccaff…` == HEAD blob; focused suite re-pass **9 passed**; `git status` clean. Worktree delivered back byte-identical.
FFH-0396,assurance/fc/FC-903/REVIEWER_REPORT.md,71,71,historical_requirement_or_finding,historical_only,该项原审查只绑定旧clean checkout/历史命令或mutation；今日不能复原其现场状态，保留历史有限证据，不能当当前release证明。,assurance/fc/FC-903/11_implementer_receipt.json; 历史文档叙述/收据，不等于本轮重新执行；当前版本须另验,"- Side effects: none. Pure validation/normalization + handle-dict assignment. No catalog/root/network writes, no deletions, no LLM/parser calls."
FFH-0397,assurance/fc/FC-903/REVIEWER_REPORT.md,72,72,historical_requirement_or_finding,supported_scoped,当前源码/9 focused tests支持纯shape校验与单生产调用点等狭义结论；未重算bundle内容，非来源真实性背书。,"filing-fetch/scripts/filing_contracts.py:99,350; scripts/fetch_filing.py:resolve_filing/_handle_from_resolution/main; tests/contracts.stdout.txt (280 passed, 78 subtests; live excluded; symlink skip)","- Reachability: 1 production call site (fetch_filing.py:791) at HEAD, same count as base (:788) — function remains production-reachable, not a test island, caller consumes the return. CodeGraph index lacks this fresh commit (""symbol not found""), so literal gates used; implementer receipt's ""2 production callers / close-gap binding path"" note is slightly inaccurate (no such caller in tree) — noted, not blocking."
FFH-0398,assurance/fc/FC-903/REVIEWER_REPORT.md,73,73,historical_requirement_or_finding,historical_only,该项原审查只绑定旧clean checkout/历史命令或mutation；今日不能复原其现场状态，保留历史有限证据，不能当当前release证明。,assurance/fc/FC-903/11_implementer_receipt.json; 历史文档叙述/收据，不等于本轮重新执行；当前版本须另验,- Rollback: not required (additive; zero writes); revert = revert commit 2e47089.
FFH-0399,assurance/fc/FC-903/REVIEWER_REPORT.md,77,77,historical_requirement_or_finding,insufficient_evidence,no unresolved/accepted不能沿用：存在receipt hash链断裂、预算例外及测试范围问题；不否认局部FC功能。,tests/pure_probes.json; pure_probes.py; assurance/fc/FC-903/03_change_contract.md:62; tests/test_bundle_fidelity.py,None.
FFH-0400,assurance/fc/FC-903/REVIEWER_REPORT.md,79,79,checked_complete_or_pass_claim,insufficient_evidence,no unresolved/accepted不能沿用：存在receipt hash链断裂、预算例外及测试范围问题；不否认局部FC功能。,tests/pure_probes.json; pure_probes.py; assurance/fc/FC-903/03_change_contract.md:62; tests/test_bundle_fidelity.py,**Verdict: accepted**
