                                               1810 81810

2025
               www.mi.com      
www.hkexnews.hk 
                      
                           
                 


 


                        
 183      17M               
xiaomi.ecom@computershare.com.hk             
                            
                         
  


                               4
                               6
                               8
                             17
                             33
                             88
                            110
                            262
                            405
         

                          
              "


                
     
4  



      

         
      
      
    
      

         
      
      

      

      
      

      

      
      

      

      
      
             22


                                   2025                                   5

                                   

Maples Corporate Services Limited  
PO Box 309                         
Ugland House                           181
Grand Cayman, KY1-1104             
Cayman Islands                      27

                                   

                                   
                                   
                                   
                                       183
                                   
                                   1717121716

                                   

                                   Maples Fund Services (Cayman) Limited
  33                               PO Box 1093, Boundary Hall
   191928                          Cricket Square
                                   Grand Cayman, KY1-1102
                                   Cayman Islands

                                   

    15                             

   42                              

                                   1810   81810    

                                   

                                   www.mi.com
6  



                    1231   

           2025    2024          2023          2022                2021
                                                             
                     
  
     457,286,687   365,906,350   270,970,141   280,044,016   328,309,145
     101,805,847    76,560,194    57,476,239    47,577,190    58,260,941
                    24,502,896    20,008,670      2,816,498   26,028,664
      47,900,920    28,126,653    22,011,047      3,933,956   24,417,033
      49,646,865    23,578,449    17,474,196      2,502,568   19,283,235
      41,566,439    23,658,126    17,475,173      2,474,030   19,339,321
      41,643,389    24,338,685    18,510,061      6,247,923   17,879,021
      38,900,700    24,407,696    18,507,548      6,201,669   17,940,990
      38,993,674
  
     39,166,303 27,234,531 19,272,754 8,518,007 22,039,474
  
           2025          2024    1231                2022          2021
                                       2023                  
  
                                 
  
     253,285,178   177,446,523   125,194,739   113,092,416   107,040,469
     254,810,789   225,708,766   199,052,700   160,414,795   185,851,401
     508,095,967   403,155,289   324,247,439   273,507,211   292,891,870
  
     266,218,661   188,737,777   163,995,489   143,658,458   137,212,906
          104,608       467,342       266,279       264,602       219,590

     266,323,269   189,205,119   164,261,768   143,923,060   137,432,496

      49,367,221    38,565,180    44,398,075    39,956,618    39,731,903
     192,405,477   175,384,990   115,587,596    89,627,533   115,727,471
     241,772,698   213,950,170   159,985,671   129,584,151   155,459,374
     508,095,967   403,155,289   324,247,439   273,507,211   292,891,870
                                          2025     7

 20251231   

          AIoT                       AI      
                                
4,573                                     22.3%
        3,512                    1,061

                                   

           IoT (1)                   (2)    
                                                 
 165.2  1,079.2                 754.1
                                          411,082
                                                 

 

(1)  20251231                
(2) 202512                   
8  



 
            20251231       



                               AIOT

   AI                        

1. 

        2025                                     
         2025 4,573 25.0%  2025 
           AIoT       3,512     5.4%         AI     
        1,061 223.8% 2025 392 43.8% 
     2025  9

                  2025           165.2    Omdia
    2025  13.3%  
    202512 1 754.1 7.4% 
   20251231  AIoT     IoT                 1,079.2
       19.3% 2025          411,082 

                                         2025
              331     37.8%  20251231           
    25,457 1,055 2026 
                   2,000  

   2025            20261    2025                
      O1                                    
    Xiaomi 17 Pro       2,200MPa                         
                      +            1,000Clips    
     LOFIC  
                    2026                     
      7,500  

1  
10  

                        202512 Xiaomi MiMo-V2-Flash        
                 309B 15BMoE  20263        Agent   
        Xiaomi MiMo-V2-Pro         Agent             1T  
    42B 1M  
    Xiaomi MiMo-V2-Pro Artificial Analysis Xiaomi MiMo-V2-Pro
               2PinchBench     Xiaomi MiMo-V2-Pro           
      3OpenRouter   Xiaomi MiMo-V2-Pro         4            
    Xiaomi MiMo-V2-Omni    
                                        
     GUI PinchBench Xiaomi MiMo-V2-Omni 
        5         Xiaomi MiMo-V2-TTS                   
                       

      AI            20263     Agent  Xiaomi miclaw      
          Xiaomi MiMo       AI                    
                              Xiaomi miclaw     AI
                                              
                                 202511        
         Xiaomi Miloco Xiaomi Local Copilot                

2    2026318 

3    2026319 

4   2026312 323 

5    2026319 
2025  11

 20262 TacRefineNet  
  20262 
  VLA  Xiaomi-Robotics-0     47                     
 VLA                                     
     20263 
                        3        90.2%      
76                                    

20262              Xiaomi Vision Gran Turismo Vision Gran Turismo  Gran
Turismo                      36               
51Vision Gran Turismo                                 
     Gran Turismo                             
                        

                202512                   18,000
 20253,000 500240 2025170 
                            450 2025    435 
                

  2025 63
 152.6     20261            25            
12  

2.   AIoT

        2025      AIoT       3,512          5.4%    AIoT
                   21.7%  0.5

        
        2025 1,864 10.9% 165.2
          2025  16.6% 
        0.7 Omdia 2025  13.3% 
                                                  
        0.9 17.5%17.0%  0.61.4
           20.3%12.7% 2025     58                    70
        

          2025 6
        27.1%  3.8  
        4,000­6,00017.3% 0.5 6,000­10,000
                           2.3    4.5%

       20259          Xiaomi 17    Xiaomi 17 Pro      Xiaomi 17 Pro
       Xiaomi 17 Pro Max   AI 
          202512                                
        Xiaomi 17 Ultra by Leica 
       +2  Xiaomi 17 Ultra by Leica  
         20262 
       Xiaomi 17  Xiaomi 17Xiaomi 17 UltraLeica Leitzphone powered by Xiaomi 
            999  1,499  1,999  

6                     3,000       
                    2025  13

   IoT      
   2025   IoT                    1,232     18.3%    
                         23.1%    2.8    

   20251231 AIoTIoT 1,079.2
    19.3% AIoT 
   22.7 23.6% 202512 APP11.7%112.7 
                 16.7%159.9  

   2025                   23.1%             850  
        24%        280      4%         230     
   18%                2025                    
             

   Omdia 2025 722.6%  
             TWS          32.3%                 
       2025  AI                       

    Omdia  2025                25.2%              
   

7                 
14  

        
        2025                            2025         
           374     9.7%    76.5% 

                                          202512    
                754.1     7.4%             190.4     
        10.1% 202512       8         74.8     5.9% 

        2025                   285     15.2% 

        2025                      126     15.2%        
                   33.8% 

3.       AI    

        2025           AI             1,061        1,000     
        223.8%              1,033             28     
        AI24.3% 5.8 2025 AI
                      9            9  

        2025     411,082         200.4% 2025             20
        Xiaomi SU7  20262 Xiaomi YU7 7
             SUV     10

8             

9                 

10         20258 20262 
                                       2025  15

    20263        Xiaomi SU7   SU7  SU7          
                            V6s Plus             
      94%         SU7                 ProCLTC     
    902 km     SU7                               
                           SU7              
     700 TOPS              Xiaomi HAD  Xiaomi XLA         
                                     SU7  
                2,200MPa                 1,230        
             2027      SU7    Pro Max         21.99  
      24.99     30.39    SU7  34      15,000  3     
    30,000 

                 20251231          138     477   
      11

11                                   
16  

4. 

                            2025           4,000         
        10 2025            1,300           

        ESG 2025CDP 
        B  20263 EcoVadis 81 
        ESG        

        
        "   
         20185   2018 12
                 5.0%                 2025           
           2.3%                                 





2026324

12  2025IoT                   
                  2025                17



 20251231  20241231     

     20251231      20241231         

                   1231   

                  2025                2024

                  

                   457,286.7          365,906.4
                  (355,480.9)         (289,346.2)
                   101,805.8
                                        76,560.2
                   (33,132.2)          (24,050.5)
                   (33,214.3)          (25,389.6)

                     (6,653.0)           (5,601.2)
                    13,311.7              1,050.8
      
                        326.1               276.8
                      2,736.9             1,666.8
                      2,719.9
                    47,900.9                 (10.4)
                      1,746.0           24,502.9
                    49,646.9
                     (8,080.5)            3,623.8
                    41,566.4            28,126.7
                                         (4,548.3)
                                        23,578.4

                  39,166.3            27,234.5
18  



 20251231       25.0%   4,573    20241231       3,659
         20251231      20241231            

                           1231   

              2025                  2024

                                              
                                                 
                                    

                                     

  AIoT        351,217.2   76.8%   333,152.8   91.0%
      AI      106,069.5   23.2%    32,753.6    9.0%

              457,286.7   100.0%  365,906.4   100.0%

  AIoT

   AIoT      20241231       3,332   5.4%  20251231    
  3,512       20251231      20241231        AIoT    
 

                           1231   

              2025                  2024

                                              
                                                 
                                    

                                     

  AIoT        186,439.8   40.8%   191,759.3   52.4%
              123,200.2   26.9%   104,103.9   28.5%
 IoT
               37,440.3    8.2%    34,115.4    9.3%
                 4,136.9   0.9%      3,174.2   0.8%

  AIoT        351,217.2   76.8%   333,152.8   91.0%
2025  19

(i) 
                20241231       1,918   2.8%  20251231     
        1,864 ASP 2024
        1231168.52.0%20251231165.2 
                                           202512
        31 Omdia 0.8% 
        4.1% ASP202412311,138.20.8%
        202512311,128.7 ASP ASP
        

(ii) IoT      
        IoT           20241231       1,041   18.3%  20251231
        1,232   
        

              30.2%         Xiaomi Pad 7  REDMI Pad 2          

                  23.1%                

        30.7% ASP 

(iii) 
                  2024  12  31         341     9.7%   2025  12  31      
         374                 

(iv) 
                   2024  12  31         32     30.3%   2025  12  31     
          41                   
20  

     AI    

      AI           20241231       328   223.8%  2025
1231       1,061  

20241231321221.8%20251231
1,033 ASP 20241231136,854
 200.4%  20251231    411,082       Xiaomi SU7 Ultra Xiaomi YU7   
Xiaomi SU7 ASP20241231234,479
7.1%  20251231         251,171       ASP  Xiaomi SU7 Ultra Xiaomi
YU7 

          20241231       7   324.2%  20251231      
28                            



       2024  12  31         2,893     22.9%   2025  12  31         3,555
          20251231      20241231              

                          1231   

              2025                 2024

                                           
                                              
                                   

                                    

  AIoT        275,174.8  60.1%  262,642.9  71.8%
      AI       80,306.1  17.6%   26,703.3   7.3%

              355,480.9  77.7%  289,346.2  79.1%
                           2025        21

  AIoT

   AIoT        20241231       2,626   4.8%  20251231  
    2,752       20251231      20241231        AIoT  
 

                     1231   

        2025                  2024

                                       
                                          
                              

                               

  AIoT  166,173.6   36.3%  167,505.5   45.8%
         94,776.8   20.7%   83,011.8   22.7%
 IoT       8,800.1            7,968.6
           5,424.3   1.9%     4,157.0   2.2%
                     1.2%               1.1%

  AIoT  275,174.8   60.1%  262,642.9   71.8%

(i) 
                  20241231       1,675   0.8%  20251231   
           1,662                  

(ii) IoT      
        IoT              2024  12  31         830     14.2%   2025  12  31
               948      IoT              

(iii) 
                    2024  12  31         80     10.4%   2025  12  31    
           88                 
22  

(iv) 
                     2024  12  31         42     30.5%   2025  12  31   
            54                              

     AI    

      AI              2024  12  31         267     200.7%   2025
1231       803                    



 2024123176633.0%20251231
 1,018       20241231    20.9%    20251231    22.3% 

        20251231      20241231                

                          1231   

              2025                 2024

                                          

                                    

  AIoT        76,042.4   21.7%  70,509.9        21.2%
      AI      25,763.4   24.3%   6,050.3        18.5%

              101,805.8  22.3%  76,560.2        20.9%
                                2025        23

  AIoT

  AIoT2024123121.2%2025123121.7% 
  20251231      20241231        AIoT           

                        1231   

            2025                 2024

                                            

                                  

  AIoT      20,266.2    10.9%   24,253.8    12.6%
            28,423.4    23.1%   21,092.1    20.3%
 IoT        28,640.2    76.5%   26,146.8    76.6%
            (1,287.4)  (31.1%)              (31.0%)
                                   (982.8)

  AIoT      76,042.4   21.7%    70,509.9    21.2%

2024123112.6%2025123110.9% 
                                  

IoT2024123120.3%2025123123.1% 
                                       

2025123176.5% 2024123176.6% 

      AI    

      AI            20241231    18.5%    20251231  
 24.3%     Xiaomi SU7 UltraXiaomi YU7                   
24  



      20241231       550   32.6%  20251231       730
 AI2024123113287.7%
20251231       248 13



      20241231       241   37.8%  20251231       331
             AI                    AIoT        




          2024  12  31         254     30.8%   2025  12  31        
332    AIoT




202412315618.8%2025123167 
 



                       2024  12  31           11        2025
1231         133                        20251231
                      20241231                 


13              AI                       16  
2025  25



                20241231          276.8       202512
31         326.1   



202412311764.2%2025123127 


      

         20241231           10.4       20251231 
         27                                  




        20241231       36   51.8%  20251231       17
                                            



       20241231       45   77.7%  20251231       81
              



 2024123123676.3%20251231
   416  



2024123127243.8%20251231392

26  



                1231   

               2025        2024

               

         (1)    34,142.4   39,295.5
               (71,678.7)  (35,386.4)
          (1)   30,765.9
                            (3,999.0)
                (6,770.4)       (89.9)
                33,661.4
                           33,631.3
                     23.4      120.0

               26,914.4    33,661.4

 

(1) (1)                  (2)                               (3)   
                        2025 20241231                    353     406  
                       2025  12  31                    276     2024  12  31         
                    69                                              
          



                                             
       

20251231 341 388
    47                      496           261 
                119
               2025      27



 20251231                 717                  
479                       128                 
 102    



 20251231                 308                  
  392               62             38      



                1231   

               2025      2024

               

                6,133.2   6,418.9
  AIoT         12,023.8   4,061.3
       AI    
               18,157.0  10,480.2


                

                                           
                                         
                     (i)         (ii)          (iii)
         (iv)            (v)                  
28  

                                              
                                              
                                           
                                           
                                              
                                             
                        

        2025 20241231                            


                               20251231   

                                           

                                                                          
                                                                       
                                                                
                                                                  (5)        
                     (1)    (2)    (3)    (4)

                                        

      41,566,439   5,365,075 (11,820,150)  144,008  2,903,670   1,007,261 39,166,303
             9.1%                                                                       8.6%

                               20241231   

                                           

                                                                          
                                                                       
                     (1)                                        
                                                                  (5)        
                                 (2)    (3)    (4)

                                       

      23,578,449   3,719,482  1,184,519    144,008 (1,243,607)  (148,320) 27,234,531
             6.4%                                                                     7.4%
2025  29

 

(1)                 

(2)                                                         
                                                              
          

(3)            

(4)                

(5)                   



         (1) =                

 =       
 

 =   

                                             


 

(1)                                                        
                                                                   
30  



 2020  12  4            23.70                    Smart Mobile
Holdings Limited   1,000,000,000      2020129                
23.70Smart Mobile Holdings Limited1,000,000,0002020
         2020122 2020123 2020129    

 2025  3  27            53.25                    Smart Mobile
Holdings Limited800,000,000 2025331 53.25
Smart Mobile Holdings Limited800,000,0002025
      2025325 2025331    

  20187     2020      2025                     
  20251231 
269     14   2,326  

20251231-21.3%  
                                            




2020429 Xiaomi Best Time International Limited620303.375%
   2030                         2020420 2020
423 202053    

14  (i)(ii)(iii)(iv) (v)(vi)

    (vii)                    
2025  31

20201217 Xiaomi Best Time International Limited      36.74          
    855    2027             2027       2027  
                2020122 2020123 20201217 20201218 


 20251231   2027     12,112,587B   

2021714 Xiaomi Best Time International Limited 8   2031   2.875%   2031
 4   2051   4.100%                        
2031202176 202178 202171420217
15    



 20251231           361  



 20251231                       



 20251231          



20251231 410 871 2025 
     31   20251231         (i)                
    20251231    (ii)                     (iii)   
                 890  

 20251231                      20251231        
     5%       

                  

 20251231                                
32  



 20251231 56,531 53,901  202512
 31        25,457        

                                              
         20251231 16,572               20251231    
                        305  



                                              
                                        
                              

                            



 20251231 46 
 



  20251231                             36
  2025  33







                                        IoT    
     



    622      5                               
                                             
                                     
                                  



                     11

      

                             14



 20251231                                   
 33



                 15.1   
34  



2020429Xiaomi Best Time International Limited20302030
              2020420 2020423 202053    

20201217 Xiaomi Best Time International Limited2027 2027 
      2020122 2020123 20201217 20201218    

 20251231   2027     12,112,587B   

2021714 Xiaomi Best Time International Limited2031 
     2031                   202176 202178 20217
14 2021715    



6



20251231 100,744.8 
      40
                              2025   35

  

 20251231                       338,789,000B       
12,706,369,977                        

                                      
                                     
                                     

                              

2025       6,829,800   33.65  32.60    224,943,300
1             525,400  53.25  53.15      27,954,680
9                      53.25  45.90
10        26,770,000   41.18  37.38  1,284,384,512
11        38,500,000   42.72  38.56  1,500,693,368
12        80,000,000                 3,247,134,996
2026                   39.32
1         68,751,000   36.78  34.92  2,540,279,326
2         39,376,400   35.18  33.94  1,392,181,061
3         40,503,800   32.00  31.54  1,326,056,687
4         37,532,600          30.54  1,162,742,047

          338,789,000                12,706,369,977

                            8A.21          A   
B 
   8A.138A.15    

 20251231               B           286,206,400 
 (i)202516,829,800B 202536 (ii)20259292025
1017  27,295,400B         20251112   (iii)20251120 2026220
36  

  215,333,400B         2026319   (iv)2026224 2026323  
36,747,800B         2026414   20251231             


 1,228,325A   202536          B    1,106,241A        
Smart Mobile Holdings Limited  122,084A         Apex Star LLC  

 4,728,665A   20251112          B    4,258,681A       
 Smart Mobile Holdings Limited  469,984A         Apex Star LLC  

37,155,542A2026319B 33,462,639A
 Smart Mobile Holdings Limited  3,692,903A         Apex Star LLC  

6,339,850A2026414B 5,709,730A
Smart Mobile Holdings Limited  630,120A         Apex Star LLC  

20253     2025                              
       2025325 2025331    

                                             
                



  2018 20182023


 2018 20182023
                      187,873,763          B     
       0.9%

         17.14               2024         
2025  37

         2024                                12,412,684  
                      0.1%

1. 

               201155    2012824                    
        

        (a) 
                                                        
                   
                                                        
                                              

        (b) 
                   
                                                    
                

        (c) 
                                            251,307,455B      
                   2,512,694,900B   2018617                  
                

        (d) 
                

        (e) 
                  
                  

                                                   

        (f) 
                  
38  

    (g) 
                                                     
               B 

                                          
    

    (h) 
                             2012824                  
                                                    
                                   

                                                
                                               
                            141,729,027             
    0.5%         

                                       

                  (1)     2025                               2025                    
                110           11                               1231                
       201041    45                                            
       2018614                                                                         
       201211                                                                        
       201841
                                                                                       
                                                                                      

                       0­0.344 193,243,844 (41,260,466)   (2,864,521) 149,118,857  46.11

                       0­0.344 1,120,070                    1,120,070              

                          194,363,914 (41,260,466)        (2,864,521) 150,238,927

    (1) 
              

                              28
2025  39

2. 2018

        20186172018 2023202368
                2018                

        (a) 
                2018                                       
                  2018 
                                       

        (b) 
                2018                                          
                                                 
                

        (c) 
                      2018                 B    115,700,000    
                           0.4%

                 2023     202368   2018                

        (d) 
                 122018
                                                      B
                 B1% 
                   12                                   
                             B                        
                                

        (e) 
                                             B          
                                        1.00            
40  

            20 
                                               20    
                               

                                                B    
                                        

            2018                                        
                                                

    (f) 
                                   

            (i) B 

            (ii)                       B        

            (iii) B     

    (g) 
            2018                       2018             
            2

     20251231   2018            233,500,000          
     2018                
                                         2025                                   41

     2018          

                                     

                      2025               2025                                    
                         11               1231                                  
                                          
                                                                                   
                                                                                 

                                                                                   
                                                                                  
                                                                



   202094 410 202194 105,200,000      (2,000,000) 103,200,000  24.50            51.65

   203093

   2020109 4 2021109  6,250,000         6,250,000              21.04  

   2030108

   202116 4 202216    6,250,000         6,250,000              33.90  

   203115

                      117,700,000     (2,000,000) 115,700,000

        2018                  28

3. 2018

               2018617   2018             2023     20236
        8        2018                

        (a) 
                2018        (1) B                      B   
                  (2) 
                
42  

    (b) 
                                                   
                                              
                              

    (c) 
                          2018                 B        
            1,118,806,541                   3%  

             2023     202368   2018                

    (d) 
             2018                  2018          B     
              1,118,806,541   

            2018B153,450,426B 
                 0.6%

    (e) 
            

    (f) 
                               2018        B            
             

            (i)  

            (ii)                             2018        
                     

            (iii) 
                     
2025  43

        (iv)            2018                         
                B     

        (v) 
                 

        (vi) 60 
                  

        (vii) 30 
                    

(g) 
         2018                               

(h) 
        2018                                     
        

(i) 
                                                 
                                                 
         

        
44  

    (j) 
            2018                

            (i)                2018           2018       
                                              2018             
                           

            (ii)                          2018           
                                                          
                    
                                                           2025                         45

(k) 
        2018              2

     2018                          

                                                                                         
                    2025                                    2025                        
                    11                                     1231                         
                                                                                        
                                                           
                                                                                          
                                                                                 

                                                                                      



   201941 410     4,348,104 (869,620)(1)          3,478,484                             49.20

   202094 410     6,000,000 (1,000,000)(1)        5,000,000                             54.70

   20201010 45     6,729 (6,729)                                                        49.20

   202116   4     1,987,842 (1,967,274)(1)      (20,568)                                36.25

   202172 14      10,613,332 (10,296,210)(1)    (317,122)                               57.88

   202175 410     50,100,000 (9,929,314)(1)     (6,570,686) 33,600,000                  52.08

   20211124 110   10,110,828 (7,922,807)(1)     (357,914) 1,830,107                     53.95

   2022323 110    78,511,459 (33,341,548)(1)    (3,338,655) 41,831,256                  49.92

   2022520 15     18,004,943 (8,727,479)(1)     (1,392,056) 7,885,408                   51.99

   2022821  4     35,014,474 (16,661,612)(1)    (2,375,808) 15,977,054                  52.47

   20221124 45    17,035,605 (8,158,566)        (948,125) 7,928,914                     39.92

   2023327 110    128,303,491 (35,950,846)(1)   (3,891,882) 88,460,763                  51.15

   2023525 24     30,487,163 (9,662,848)        (2,888,678) 17,935,637                  52.97

                   390,523,970 (144,494,853)    (22,101,494) 223,927,623
46  

                                                                                          
                      2025                                  2025                         
                      11                                   1231                          
                                                                                         
                                                           
                                                                                           
                                                                                  

                                                                                       

     

       202116   4    8,754 (8,754)                                                       36.25

       202172   4   66,942 (66,103)               (839)                                  56.14

       20211124 4   22,876 (20,576)               (2,300)                                53.35

       2022323  4   216,449 (82,760)             (64,730) 68,959                         50.87

       2022520  4   230,091 (118,382)              111,709                               53.62

       2022821  4   105,353 (49,056)              (9,100) 47,197                         52.52

       20221124 4    17,879  (8,939)                       8,940                         38.08

       2023327  4   418,347 (76,042)             (225,577) 116,728                       46.52

       2023525  4   167,684 (55,892)               111,792                               53.00

                     1,254,375 (486,504)         (302,546) 465,325

                     391,778,345 (144,981,357)   (22,404,040) 224,392,948

    (1)             13,331,356                                  
                                   
                                                       2025                     47

     2018                            

                                                                                 
                      2025                              2025                    
                      11                               1231                     
                                                                                
                                                       
                                                                                  
                                                                         

                                                                              

 

   202116       4    4,470      (4,470)                                         36.25
   20211124     4                  
   2022323   410     2,873                    (2,873)                     
   2022520   34                (452,654)
   2022821      4   1,505,310  (352,931)       1,052,656                        49.23
   2023327   45
                    352,931                                                     52.39
                               (316,075)
                    55,219                   (55,219)                     

                    1,248,225                (900,000) 32,150                   40.10

                     3,169,028 (1,126,130)   (958,092) 1,084,806

                2018                     28

4. 2023

        2023     202368             

        (a) 
                2023(1)       
                 (2) 
                                      (3)                 
                                                 
48  

    (b) 
                                 2023                 
             

            (i)                                    
                    

            (ii)                                  
                                                  
                                          

            (iii) 
                    

    (c) 
                                       

    (d) 
            2023
            B2,503,959,56520232023 
               2023                                   125,197,978
            2023             

             2025  1  1    2023          2,102,871,335              
            124,072,129  

                 2023             187,873,763             
            636,384      2023    30,235,632             188,640
                 

             20251231 20232023
                1,945,233,204   123,624,385   
2025  49

(e) 
        202511  2023           2,467,437,966         2023
        95,194,493  20251231 2023
                   2,372,243,473                      
           9.2%2,328,464,968                         
        9.0%

(f) 
                                              
             
                  (a)           (b)                
        

(g) 
        2023 17
                17        

(h) 
                                                 
                                 10 

(i) 
         12 
          1312
         

        (i)                                    

        (ii)  

        (iii)  
50  

            (iv) 
                     

            (v)                   12         

            (vi)                 12  

    (j) 
                                                  
              10
                                     

    (k) 
            2023(a)10 (b)
                                                 

    (l) 2023         
            202320336710 2023
            7
                                                               2025                                    51

     2023                        

                                            

                                                                                             

                                                                                             

                                                                                             

                                                                                              

                     2025                                      2025                     

                     11                                        1231   

                                                                                              

                       



   2023830   210    67,039,711          (20,993,608)        (3,738,487) 42,307,616                     52.87
   20231121  210                        (10,042,068)
   2024320   110    31,820,139          (29,707,352)        (3,378,810) 18,399,261                     39.17
   2024524   410                        (6,822,783)
   2024822          145,492,490         (9,168,919)         (6,808,358) 108,976,780                    55.28
   20241120     4                       (16,383,955)
   2025319   15     31,740,074                              (2,622,376) 22,294,915                     52.83
   2025528   310                 83,272,485(2) (198,835)
   2025820   14     38,325,102                              (2,818,329) 26,337,854                     51.49
   20251119  14                  30,709,275(2) (223,882)
             110    49,103,660                              (2,721,956) 29,997,749                     43.59
                                 44,152,753(2) (599,575)
                                                            (3,561,404) 79,512,246    57.65  58.20(1)  47.15
                                 29,102,866(2) (643,250)
                                                            (2,563,908) 27,921,485    51.55  51.75(1)  44.12

                                                            (1,620,384) 41,932,794    52.40  52.55(1)  38.58

                                                            (212,980) 28,246,636      40.78  38.82(1)  38.82

                     363,521,176 187,237,379 (94,784,227)   (30,046,992) 425,927,336



   2023830   4      234,716       (74,157)                  (11,751) 148,808                           52.85

   20231121  4      10,800        (3,600)                      7,200                                   37.70

   2024320   4      336,899       (47,353)                  (161,796) 127,750                          46.38

   2024524 14       189,141       (105,400)                   83,741                                   53.00

   2024822 14       154,913       (60,770)                  (10,385) 83,758                            51.35

   20241120  1      118,986       (118,986)                                                            38.82

   2025319   4        171,171(2)                            (4,708) 166,463           57.65  58.20(1) 

   2025528   4        117,803(2)                              117,803                 51.55  51.75(1) 

   2025820   4                   83,542(2)                    83,542                  52.40  52.55(1) 

   20251119 14        263,868(2)                              263,868                 40.78  38.82(1) 

                     1,045,455 636,384 (410,266)            (188,640) 1,082,933

                     364,566,631 187,873,763 (95,194,493)   (30,235,632) 427,010,269

(1)                                 

(2)   
                                          

2023                 28
52  

5. 2024

        2024         202466             

        (a) 
                2024(1)  
                  (2) 
                  (3) 
                  

        (b) 
                                     2024                 
                 

                (i)   
                                    

                (ii)                                   
                                                         
                                                     

                (iii) 
                        
2025  53

(c) 
                                      

(d) 
          2024                                     
                          1,000,000,000             
                 2024                             
                   50,000,000            

             2024                 12,412,684          
                          2024          24,415,575          
                        

         20251231
        528,967,597       50,000,000       

(e) 
        202511               1,000,000,000          2024
                         20251231               
                   1,000,000,000                        
            10.0% 1,000,000,000                           
        10.0%

(f) 
                                              
                                      

(g) 
        2024                                       
        17            17        
54  

    (h) 
                                                     
                                     10 

    (i) 
             12 
              1312
             

            (i)                                    

            (ii)  

            (iii)  

            (iv) 
                     

            (v)                   12         

            (vi)                 12  

    (j) 
                                                  
                                                 
                                  

    (k) 
            2024(a)10 (b)
                                                     
            
                                                                                 2025                55

(l) 2024             
        202420346510 2024
        8

                                                                  

                                                                                                     

                                                                                                     

                                                                                                     

                                                                                                     

                                                                                                     

                                      2025                                       2025                

                                      11                                         1231                

                                   



      20241120  20241121   20241121   483,035,294                  (24,343,575)   458,691,719  0.10  
      2025319      203272   20341120               10,244,813(2)                  10,172,813
      2025528              2025320                 1,423,271(2)    (72,000)       1,423,271    0.10 0.74­0.75(1)
      2025820   2025320      2035319                                              248,300
      20251119    2030319  2025529                   248,300(2)                   496,300      0.10  0.75 (1)
                             2035528                 496,300(2)
                20261120   2025821                                                             0.10 0.74­0.75(1)
                  2030528    2035820
                                                                                               0.10  0.75 (1)
                2026822    20251120
                  2030319   20351119

                20261120
                  2030820

                                      483,035,294 12,412,684       (24,415,575)   471,032,403

(1)                                           28

(2)                                                       
                                                       
      

2024                     28
56  



                                     




                   

















                    3.13                      



                       

56     
                                           
                 

  2000              2004                      
JOYY Inc.UCWeb  1992
          3888                   20117       
20088         1998 200712        201112          
                      688111  20121 20263      
               3896         KC       20154 2026
3
2025  57

  19917                      

58   
              

2010 2019   
       
                                           
 

  2006 2010 Google Inc.      1995 2006 Microsoft Corporation      
    1993
1995  ADP Inc.     

 200220022005
           2005 2008            

  19907                   19926  Drexel University      

 52                                   
                                           
2018620262Viomi Technology Co., Ltd VIOT20201220244
                 68900920154 20249  Zepp Health Corporation
        ZEPP 201911 20252                       
 603341   2003                           2007 

1996720013 2010
4            Art Center College of Design        

      53              20105          20076 
  5Y Capital  Morningside Venture Capital Limited             5Y Capital   
                   5Y Capital           20007 200811
58  

                          20086   JOYY Inc.     
   YY  201412    Agora, Inc.         API    201510   
Horizon Robotics 9660 Horizon Robotics 2019
9 20236  XPeng Inc.            XPEV          9868     

19937 2000422


  68 20186                                  
       1996                             
                              19935         
                                          


                                              
                  (i)                       (ii)  
                           (iii)      

   19837 19991                          

  65 20186                                  
2014Rokid Corporation Ltd 20147
20263                   3888        201110 20127
                    3888          20074 20119 
                   3888        2025326       
                  1086                  20259
8                        3306        
2025  59

 2007820119  BABA 
      9988                                     
 

  2003  8   2007  8                    Goodbaby Children Products Group
Goodbaby        Goodbaby     20019 20037          
         167      

                         199611 19983  AMF Bowling, Inc. 
 199312199610International Distillers China Ltd.   
              

             University of Lancaster         Charles Stuart University   
  

 58                            202418    

    2018                                      
                                     

 20122018                                      
     20052012 
        Brunswick                               
 

 2021121 20261 MDO
  M04 MOIBD.BH 
                                  

                                               
 
60  



                         

56     
                 

  58                                    

50            

    2019                          Redmi         
     
                        20172018               
 CEO 2010 2017                  2008 2010            
            1998 2007                  

   1998             2009                  

  52                                      
       
2025  61

52                        

2020  20192020
 20172019 
                  1996 2017               763 
           000063                              
                                     



52             

2019    
   20102019
 2006201019992005


   1994               1999                 

52             

 2020               20161 202010             
                     19977 201512             
 20249 Zepp Health Corporation ZEPP

62  



48            

2010    20162018 
         2018 2021                        DXOMARK
           20085 201010  Firebrand             200310
 20085                

  2000 2003                       

 44                                      


2010 MIUI  
 2018    AIoT
     2023                       AI            AI
   2005
 2010                              20263    
                 3896         KC      

  2003                     2013                 

2025  63

43     CMO                           

2010  MIUI 
             2021                          
   20072010 
                                 "     

  2005                2007                     

47                                    

2011  
 2022CEO  
    2002 2011                                 


   2002           2023                   

49          

2022  20002022  
               2016                

  1999              
64  

51           

   2026                          2012 2021       
                2000 2011               1997 2000  


   19977                    20256              




1. 

             2018619             2021324            
                                                 
        
                             

2. 

        2021610  
                                                
                                              
                                                      2025            65

2021610 202418 
                                        
 
 600,000 
                       

                                         


 


20251231          352                          
                                   XV      
 

1. 

                                                                            
                                                                      
         (1)                                          
                                                                                   (2)

 (3)                                                  4,063,148,182   90.06%
                                                               A       9.26%
        (L)   
                                                      1,993,631,456   90.06%
      (L) Smart Mobile Holdings                                B       8.54%
                                             Limited                   0.27%
                                                      4,063,148,182    0.44%
      (L) Smart Player Limited                                 A  
      (L) Team Guide Limited
                                                      1,839,564,784
                                                               B  

                                                          59,221,630
                                                               B  

                                                          94,845,042
                                                               B  
66  

                                                                                                
                                                                                          
              (1)                                                    
                                                                                                       (2)
     (4)       (L)                                                        30,347,523                     0.14%
                                                                                B                        0.43%
               (L)     Apex Star FT LLC                                                                  9.94%
                                                                          93,438,272                     7.93%
           (L) Apex Star LLC                                                    B                        0.24%

           (L) Bin Lin and Daisy Liu                                     448,404,962                     0.00%
                                                  Family Foundation             A                        0.86%

     (5)          (L)  Morningside China TMT                          1,707,042,853                      0.05%
               (L)        Fund I, L.P.                                          B                        0.63%

     (6)       (L)                                                        50,686,600                     0.00%
               (L)                                                              B  
                       Lofty Power
                          International Limited                                        7
                                                                                B  
      (7)     (L)                                                        184,466,366
                                                                                B  

                                                                          10,000,000
                                                                                B  

                                                                         135,871,935
                                                                                B  

                                                                                 8,000
                                                                                B  

     

    (1)  L        

    (2)  20251231              

    (3) Smart Mobile Holdings LimitedSmart Player LimitedSunrise Vision Holdings Limited Sunrise Vision Holdings Limited
              Parkway Global Holdings Limited    Team Guide LimitedTechno Frontier Investments Limited    Parkway Global
              Holdings LimitedTechno Frontier Investments Limited                           
                                                  1Smart Mobile Holdings Limited
              4,063,148,182A1,839,564,784B 2Smart Player Limited59,221,630B 3Team Guide Limited
              94,845,042B      

    (4)      30,347,523B   Apex Star FT LLC                            
              Apex Star FT LLC93,438,272B Bin Lin and Daisy Liu Family Foundation  
                             Bin Lin and Daisy Liu Family Foundation 50,686,600B      Apex Star LLC 
                                  Apex Star LLC 1,707,042,853B   448,404,962A      
                          2025                   67

(5) TMT General Partner Ltd. TMT General Partner
          Ltd.7B TMT General Partner Ltd.Morningside China TMT GP, L.P. Morningside China TMT GP,
          L.P.Morningside China TMT Fund I, L.P. 5Y Capital Funds TMT General Partner Ltd.5Y Capital Funds
                                                              
           184,466,366B        

(6) 10,000,000B Lofty Power International LimitedYLL Trust YYL Trust   
                Lofty Power International Limited 135,871,935B      

(7)                      8,000B      

2.             (4)                                     (1)
                (L)
                   (L)     (2)                   42.07%
                        Parkway Global Holdings    100%
                   (L)
                           Limited(3)              100%
                   (L)  Sunrise Vision Holdings
                                                   100%
                           Limited(3)
                        Smart Mobile Holdings

                           Limited(3)

 

(1)  20251231              

(2)                                                     
                    42,070,000       

(3)       Smart Mobile Holdings LimitedSunrise Vision Holdings Limited    Sunrise Vision Holdings Limited
          Parkway Global Holdings Limited Smart Mobile Holdings Limited 
          Smart Mobile Holdings Limited4,063,148,182A1,839,564,784B  Smart Mobile Holdings
          Limited Sunrise Vision Holdings LimitedParkway Global Holdings Limited         

(4)  L        
68  

 20251231  
                XV             (a)         352
                (b)                      

             

  
                                          



                                           
                          

                                 



                                            
                                18            




                                        
                                             
                                            
                                  
                                                2025            69

                                             
                            8.10        



20251231                                   
       336                        

                                       (1)                        
                                                                     

                                                                    (2)

A                                      (L)      4,063,148,182   90.06%
Smart Mobile Holdings Limited(3)           (L)  4,063,148,182   90.06%
Sunrise Vision Holdings Limited(3)         (L)  4,063,148,182   90.06%
Parkway Global Holdings Limited(3)    (L)       4,063,148,182   90.06%
       (3)                             (L)
Apex Star LLC(4)                                  448,404,962    9.94%

B                                      (L)      1,839,564,784   8.54%
Smart Mobile Holdings Limited(3)           (L)  1,898,786,414   8.82%
Sunrise Vision Holdings Limited(3)         (L)  1,898,786,414   8.82%
Parkway Global Holdings Limited(3)    (L)       2,149,883,571   9.98%
       (3)                             (L)      1,707,042,853   7.93%
Apex Star LLC(4)                           (L)  1,111,591,304   5.16%
BlackRock, Inc.(5)                         (S)                  0.03%
                                                     5,996,400
70  

 

(1)  L         S        

(2)  20251231              

(3) Smart Mobile Holdings LimitedSmart Player LimitedSunrise Vision Holdings LimitedSunrise Vision Holdings Limited
          Parkway Global Holdings Limited    Team Guide LimitedTechno Frontier Investments Limited    Parkway Global Holdings
          LimitedTechno Frontier Investments Limited                                 
                                        1Smart Mobile Holdings Limited 4,063,148,182A  
          1,839,564,784B   2Smart Player Limited 59,221,630B   3Team Guide Limited 94,845,042B      
                                         156,252,115B        

(4) Apex Star LLC                      Apex Star LLC 1,707,042,853B   448,404,962A  
          

(5) BlackRock, Inc.  1,111,591,304B   5,996,400B         BlackRock, Inc.20251113   
                       B   BlackRock, Inc.               7,595,811B   5,996,400
          B                  844,082B                   

        20251231                             
                                     336    




                                             



                                     
                  2025            71



                                              
   14A                    

1. 

(1)        
                                                   
                                                  
                                                 

               20251231     


         100%

                  

                            100%
  

               


 

(1)                 (i)    (ii)      (iii)      (iv)        (v)    (vi)
                (vii)      
72  

    (i)                    77.80% 10.12% 10.07%2.01% 

    (ii)                          10% 65% 14% 6% 3%2% 

    (iii)                     70% 10%10%10% 

    (iv)                  90%10% 

    (v)               61.75%38.25%

    (vi)                61%39% 

    (vii)                90%10% 

    (2) ------>               

    (3) ---->     

    (4) ----        (i)                  (ii)                     (iii)
              

    (5)                                         2024       
              

     
2025  73

a) 
        2017121 2018411 2018417201864
          
                                      

        (i)  

        (ii)   

        (iii)                          

        (iv)  

        (v)                                      
                       

        (vi)  

        (vii)  

        (viii)  

        (ix)             

        (x) 

                                                
                                             
        
74  

    b) 
                               2017121 2018411 2018417 
            2018  6  4                                    
            
                                                   
                                                 
                                                    
                                            

    c) 
                               2017121 2018411 2018417 
            201864                                   
                                                    
                                                    
            
            

    d) 
                  2017121 2018411 2018417 201864      
                                                  
                                                   
            
                                                
2025  75

e) 
           
        2017121 2018411 2018417201864 
                                                
                                                
                                        

                                          
                                 

                                   20251231 
                                      

 1,104 24.1% 20251231 
           1,295         25.5% 
76  

(2)         
                                                  
                                                  
                                                  
                                              
                                                 
                                               
        

                        (i)                          
             (ii)                                     
                                     (iii)            
        

(3)          
         

        h 
                 

        h                                       
                 

        h 
                 
2025  77

h 
         

h 
         

h 
         

h                       

h 

             8693                

                                    

h 
         

h  

h                          

h 
        
78  

(4)  20251231                   
        20011211 2008910
         201626 2022326                          
               50%         

(5)              
        14A   
                                             
                       

                                         (i)      
        14A.105                       14A               
        (ii)          14A.53                    (iii)       
          14A.52                              

        (a)  

        (b)  

        (c)  
2025  79

        (d)     (i)        (ii)                   (iii)    
                                                      
                    
                               

        (e) 

(6)          
         

        (i)  

        (ii) 
                  

        (iii) 
                          

(7)           
                              

        (i)  

        (ii) 
                   

        (iii) 
                
80  

2. 

                                             

    (1) 2023        
                                           2023  12  22     
                     2020  12  30            (i)              
                 (ii)                 (iii)2023             

             (a)               (b)                 
            (c)                 (d)                   (e) 
             (f) (g)
                             (h)                2023  
                 

    2023                            14A        

        2023                                

                   2025              2025
                      1231              1231
                                        
                      
                                    
                            

    1.      413                                     0
          8,853                                4,308
    2.  
2025  81

        2023         202411 20261231         

                                   14A.16       
            2023                                   
        

(2)          
                                            

        (i)  

        (ii)             

        (iii)                                  

         20251231                        38    
        

(3)           
                                3000            
                     740                      
         14A.56  
        
82  

                 

                (i)  

                (ii) 
                         

                (iii)                                        
                         

                (iv) 

                  
                                          14A      



13.1% 8.5% 
                30.9%                    12.1% 

                                  5%        

2025  83



                                         







             A    10     B                 
                                           
                                             
                             

                                             
                                             
                               

20251231  4,063,148,182A 
61.0% ASmart Mobile Holdings Limited
 448,404,962A 
                    6.7% A          Apex Star LLC  

AB 20251231 AB 
  4,511,553,144B              B            20.9%  
          17.3% 
84  

      8A.22                  A   A              
 

(i)       8A.17                   (1)  (2)      (3)  
                      (4)                        

(ii) 8A.18 AA
         

(iii)           A              8A.18(2)   

(iv)  A      B   



                                             


                    88109        



                                            
                                      

                   110261           
2025  85

      13.51B(1)        

    20263                      3896         KC 


    20262    Viomi Technology Co., Ltd.         VIOT  

     20263                     3888       

   2021121                     20261          
 MDO         M04            MOIBD.BH  

                     13.51B(1)              





2025     

 2025  3  27      2025              B         B   53.25 
 B57.006.6% 
     2,000.0    15,545.7 

2025                                          
     Smart Mobile Holdings Limited    2025                    
                                         
         425                             53.11

86  

                (a)      (b)              (c)   
            2025  3  25                             
                                    2025  3  25   2025 
331    

 20251231           

           2025          2025       2025
                           1231       1231

                                  
                                 

           19,120.5   14,511.0   4,609.5
           19,120.5   12,983.1   6,137.4
                                 1,587.1
            4,248.9    2,661.8

           42,489.9   30,155.9   12,334.0



3.21 
                                             
                             

                                              

2025  87



                                            




                                            



                                   



                                              



                                         





  2026324
88  



           20251231           



                                             


                                             
                

           C.2.1                  C1            
                               



                                             


                                             
                                           
                           





 



         
    

2025  89









                                          




                                          
                                              
                                   

3.13 




                                        

                                           

90  

                                          
                                             
                      



                                          
                                          
                                             




        C.2.1                                   
                                           
                                             
                                            
                                 



                                           
                                        

              

                                         
      
                                   2025  91



                                 

                                            
                                            

C.1.4  
                                              
                         

 

                                            (1)

                                         AB
                                         AB
                                         AB
                                         AB
                                         AB
                                         AB
                                         AB

 

(1) A                 

          B    
                     8A                      
92  



                                           
                                        

                                                  
             

      4/4                                    1/1  1/1

      4/4            1/1                          1/1

      4/4                                         1/1

      4/4  4/4                                    1/1

      4/4  4/4  2/2                          1/1  1/1

      4/4  4/4  2/2  1/1                     1/1  1/1

      4/4       2/2  1/1                          1/1

                                       

                                            
                               14           
                                            

2025  93



                                            
                                             



3.21 
                                            
   3.10(2)
                           



                  

h  2024   

h       20241231    

h       2025331                

h       2025630    

h       2025930    

h 
        

h                     
94  

h 

h 

h 

h                                  

h                          

                                             
                                            




           8A.30                                  
     A.2.1                                      
                                             
                                             
                                            
                                  

                    

h  
2025  95

h                                            
                                                
                                                
        

h C.2.1 
                      8A    

h                      

h                                   

h                                        
                 

h                              8A            
              

h                              8A.35    

h ESGESG  AI 
                             

h       ESG         ESG              

h 

         (i)                       (ii)           
8A.17     (iii)                     8A.148A.158A.188A.24 
96  

                                              
                                              
 (a)                                          
 (b)(i)
   (ii)                     (iii)                    
   (iv)                                          
 

                                              
                                       

 
                                              
 20221123                                    
                            

                                            
                                          
                                       
2025  97

                                            
                                           
                                           
                                            
               

                                              
 20251231          



          8A.27                                
                                             
                                           
                 

                  

h                                          

h 

h     2025                 
98  


                                         
                                           
                                            
       
                                        
                 

                                            
                                           
                  110261           

   
                                            
    
   


                                             
                                    


                   E(d)(iii)                       
                                           
                            
2025  99

                                             
                                           
                                             
                         



3.25  
                                             
                                   

                  

h 

h          17                     

h 
                                                   
                                                   
        


                                             
                                            

100 

 

h  

h                                       

h 

        

h  
                                 

h                                            
                          

h 
                                   

 
             E.1.5         (1)                   
           

                                          

0  10,000,000                                 4
10,000,001  30,000,000                        5
30,000,001  100,000,000                       2
100,000,001  150,000,000                     
150,000,001  400,000,000                      1

 
(1)  20251231       
                                                                                       2025 101

                    9



                                         
                                              
                                             

                                       
                                              
  
 
 COSO 15        
   
                                            

15        Committee of Sponsoring Organizations           
102 

                   
                                             
                                    
   
                                             
 

 
                               
                                             
                                        
                                              

                                           
                                      
                                                                                       2025 103

 
                                            
 

1. AI

         AI                                     AI
         AI 
            AI                               AI   
                     AI          AI     IoT        
                                                 
        AI       Al                    

2. 

                                                  
                                                  
         
        
104 

3. 

                 AI                                
                                                 
                                              
                                                 
                                            

4. 

                                                  
                                                 
                                                  
             
                                                                                       2025 105

5. 

                                                  
                                                  
                                                  
                                                 
        

                D.2.6                      
                D.2.7                   
                                            
                                              
                                             
 




                                              
                                             


                                       
106 



                                             
                                           

      
       

      50,644
      11,330

      61,974



 
 2018   
    
                                              
                                            
      2022325    

                                             


                    3.29     15          
                                                                                       2025 107



                                              
                                            
                            
                                            
                                              
                                  
 202565 202542521
                                           
                                           

      (i)                             (ii)       
                                      
      www.mi.com                                
                                
          33    191928
  ir@xiaomi.com
108 

                                             
                               
                                              


                                            
                                        

                                              
                              
                                     8A.35    

            F.1.1                            
                                             




                                           
                                            
   www.mi.com        
                                                                                       2025 109

                                              
                                             
                                             
                        21                  
                                           
                                         
                              
                                             

                          



                    




                                             
110 





 ESG 
 2025ESG  

               C2                       
      ISSB         S1                IFRS S1 
     S2       IFRS S2                UN SDGs  

                             
                                

                             ESG   AA1000      
                                  

        2025  1  1   2025  12  31     2025                 
                           

             2025                            


                                            
                    ESG           

   20264                                    
       esg@xiaomi.com     
                                                                                       2025 111



                      ESG                  
                                           


       ESG                 ESG             ESG
              ESG                         ESG 
              ESG                          
     
ESG  
 ESG                  

ESG   
                   ESG                       
                                            
                                            
                                            
                                            
  ESG        

         ESG                        ESG       
    AI 
             ESG           ESG        ESG     
               ESG                          ESG
                                         
                 2                          
                                      ESG 
                                 

                                            
ESG                ESG                        
                            

           2026323        
112 





ESG  
    
ESG  
                                        ESG 
                                            


 ESG 
                                            
                                             


                                       



                                             
                      1                   
                                            
                                    


 ESG 
      
                      

   
               20                         
                            

1                                                       

                   
                                                                                       2025 113

                                           
                  

     
                              IoT              
                                            
   

    
      
                                           
                                           
                    

                                              

   1. 
                                      1% 

   2.                                   

   3.                   3 

   4.                                      

    
                                        1    
   2  5     5                                    
   
114 


                                           
                                              
                                 

                                            
ESG                                         

                                             
                        


                                            
ESG  
  Impact              Risk        Opportunity      
            IRO                              
                    ESG                
            2025 115

1.   

                                     AI    
                                              

                                           
       
                                            
                                          
                                       

                                       

                                         
                                         
   
                                         
                                         
                                         
     
                    

   
      

   
               
116 

                                   
                                   
                                   
                                 
                                   
                                   
                                 
                                   

                              
      

                               
         AI                    
      

                               
                             

1.1 

              AI                         
  AI 2026AI160 
AI      

1.1.1 AI      
   AI                   +      AI          
              AIAI
                                       


         Xiaomi MiMo                            
                       
                                                                                       2025 117

202512 Xiaomi MiMo       V2        Xiaomi MiMo-V2-Flash        
  MoE 
   3,090      150       Hybrid             MTP   
        Agent                                 
2.5%2 Xiaomi MiMo-V2-Flash  
  AI


20263  Xiaomi MiMo-V2-Pro  
                             


              Xiaomi MiMo                        
                              2025           
                            AI            


   20258       MiDashengLM-7B                     
                                   22        
           SOTA             TTFT          1/4
                      20   

                                           
     4K                                     
                                           
AI                             ROI            
                                            
            +      
118 

(AIGC) OS 3 
                          2K              
                                           
                  

                   2025              37     ACL 
EMNLP NeurIPS ICCV Interspeech                       
 1    ACL Highlight Award 3        35                


                                         
                                         
                   

202511 Xiaomi MiMo-Embodied
                                         
                                            


                            20262  Xiaomi-Robotics-0 
  47    Mixture-of-TransformersMoT                      
      LIBERO CALVIN SimplerEnv             SOTA 

                                            
                                           
                                                                                       2025 119

1.1.2 AI 
AI   
   AI 
                                          
    

       OS     
AI AI 


h    OS3     AI     
   OS3                               AI        
                                           
OS AI   
                                            


AI OS 3  
    
                                              
                

 OS 3  
 OS 3CPU4% 10% 
18.9% 60%2 100 
     


2              Xiaomi 15 Xiaomi 15 Ultra         OS 3    OS 2              

   
120 

  2025 OSBeta150+ 
     3    Jira 384 2025      UFI  32.49% 

h       AI         
OS 3  AI 
      Xiaomi MiMo                             


        

      

       AI
                             

                                     
                                        

           AI                AI        
           
      

    OS 3                                    
                                  
                                            2025 121

                      3

                                            
   
                                             79App 
                                            3,000+   
                                                82.3%
                     
       

                                             30+   
       
       
       

       
                                     
                                                   
                                            

       

        AI

        AI

       

  AI
  

                                   
                                 AB     
                                          

3                 OS 3   AppV7.8.50       
122 

       XLA
                                            
     2025                                     


20252               20257             202511

Xiaomi HAD              1,000Clips    Xiaomi HAD 
                                          +     
,,                                                 
                                                 
                                               
                                      

2025     Vision-
Language-Action  VLA                       XLA    X
Language Action  XLA

 XLA  
   CAN
   
                

 XLAXiaomi MiMo-Embodied  
                                           
                                           


XLA 
                              
                                                                                       2025 123

    XIAOMI MILOCO   
 AI  202511 
      Xiaomi MilocoXiaomi Local Copilot                        


Xiaomi Miloco                       Agentic         IF-THEN
Agent    
     
                            

Xiaomi Miloco               Xiaomi MiMo-Omni              Agent
    
   Agent             

Xiaomi Miloco                                    
      
                                     

 Xiaomi Miloco  
 

1.1.3 AI     
                                            
 AI    
   
                                         
124 


    2025 
                                   

                                             
     
                             7.4%        UPH 
650 

 
2025       AOI                                 


2025                                           
    
                                            
 

h MOM                                     
                           

h iDI                                        
        

h iAgents      AI Agent                         
        

          5G                            
 129
1
                                                                                       2025 125

                                           
                                      

                                            
                                            
5           ,,               

                  8   25     AI           100%
AI                            6.5            
   17 
      100%       99.8% 

 20255
                           30               
                  202512            40%       
 19%                             
126 

AI   
   AI
               +   +            

                                      

  AI   Continue&Vim-  AI      Gerrit  AIXchat 
  ai                                  
                                                
                              85%       
                      
                                       AI       
     Agent                            
                      AI               100% 
                      
                             100%     Gitlab       
                      8,000           
  FAP AI Coding            95%        
                                              
  ISP    CUDA         FAP AI PQ       
  NPU MiDA                      
      4  DV                           AI         
                                       
           100%                       
                      90% 
                           2025 127

                           

     AI          AI                 
                           Mify       
               AI          
                                    
                100+       
              

1.1.4    
                                            
                                

2025     + +                              
AI                                        
            AI                             
                                  

                                         
   2025  AI 
             6   

                         
                  2019                      
       
      10154 
                                           

    
128 

                      
                                           
                                            
           50                             
     

      AI           AI   
   2025            AI    5,000                  
                 AI    Prompt Agent RAG            
                                            
                          

    2021 
5                                      
    5,017 
1,300 530

                                       
                                          
                          2025           
242                                AI         
                                           
                                   
                                                                                        2025 129

 1.1.5    AI
                                       
                                  AI
Trustworthy AI                  AI                 
     AI           

                  AI     

 h  

 h  

 h 

                                           
 AI                                         
         AI                               
   AI
                          AI                   
 

     AI                                      
                                            
                                            
             AI              AI       AI       
 

  AI 
    AI
130 

1.2 

  
                                           
                   

                      ISO                     
                                           
     
                                            
 DPA 
                             

                             100%        ISO 27001 
      ISO 27701                          CCRC     


                                      

    https://trust.mi.com/zh-CN
   https://privacy.miui.com/

1.2.1    
                                           
     


  
                                          
  OKR4   
                                             
                                     

4  Objectives and Key Results                 
                                                                                       2025 131

                                          

h                                          

h     

h                                           

               +                       
                                            
   OKR
                                            


2025                                         
    


                                  5

                                             
                                           
                                        
                                        
                

5                                               
132 

                                        
                                        


1.2.2    
                                        
                                     


                                  IoT     
                               6.0        
                           OS             
                          IoT                  
                                           


          
                                       
                                             
                                           

   2025                           APP         
    
                                                                                       2025 133


                                             
                                            
 

    
          AI                                 
                                         
                                 

    1    
                                6

    2      
                             

    3    
                                         

    4    
                                

6                                                          

   
134 


                                             
                                             
    
    
           (IT)    (OT)             SOP         
                                            
                             


                                         
                                 UEBA      
  MIDSP                MISOC                  
  724                                        
                                   

1.2.3    
   OS                                     
                                            
                                           
           IoT                             
                                                                                       2025 135

       MITEE 
   MiTEE
     MiTEE                          CCRC        
EAL5+ MiTEE    
                                         
TEE 
                                


                                             
Kyber-768MasterKey 
                                            
                             

AI         
AI AgentAgentS3
          S2                               
                                            
     AI                

1.2.4     
    
                                         
  IoT          

2025    
                           
136 

          
                                             
                                           
                                           
   
                    

           
                                        Xiaomi
SU7  Xiaomi YU7                              
 CarIoT MCU
                                        
  FaceID                                  

        IOT 
                                              
                                           


   UI 
                                             
                  

                        App               IoT  
                        
                                                                                       2025 137

                                           
          01                              
    2025                       

 20259 CCSA TC11/TF17
                                      IoT     
                         

1.2.5         
                                            
                                          



                                             
  106  8
                                         
                                            
            

      AIGC                                   



                                            
                                             
         ISO 27001                            


7              CCSA          TC11               TF1

8                               
138 

                                        PIPL
                                             
  
                                            

                        GDPR               
GDPR 8 1440 
                                           
                                      


                                           
                                         
             

                                            
                                     17  
     Xiaomi YU7     7                            
                                            
OTA  100% 
                      


                                            
                                            

                                                                                       2025 139

2025   
   
 6,000 99.51% 
                                16          


                                            
                                    691   
 68                              

1.2.6      
                                          



                                         
                      BUG                

                                          
  BUG  
    
                                       +   
                                           

140 


DSR  


h        https://privacy.mi.com/support/

h    privacy@xiaomi.com

 

h   DSR                      https://account.xiaomi.com 
                                              
        

h DSR  

                                            
                               15           
   1                                   

                                            
                                            
                     100% 

1.2.7     
                                            
                                       0     
     00 

    
                      https://trust.mi.com/zh-CN/compliance  
                                                                                       2025 141

                               CCRC        DSM
   
          CBPR        APEC             

                          IoT              ISO
27001ISO 27701                                  NAS
    CCRCIT         TÜV          ETSIEN 303 645      
           

                                10      3GB/T
45404-2025                           GB/T 45652-2025    
                      GB/T 45674-2025               
        1    6 
142 

2.   

                                           
                                          
    
                                            

                                     

                                       
                                       
       OTA                             
                                       
                                       
                                       
                      
                                       
                              
      

                              
      

                              
                            
      

                              
                        
                          2025 143

                            
                            
   AI                     
                            
                            

                            
                            

                            
                            
                            

                          
  

                          
                        
                       

                          
             

                          
  

                          
  
144 

2.1          

                                    
                                    

                                         
                                          
                                            
    
                                            
 

                                        997    
 453 354    
                     115          59            
18,000 9450 80370
    23   

                                             
   2025 
                                        
                                            


9                         (1)                      (2)   

                                            
                                                                                       2025 145

             AI       
   APP  
                                              
                           

   2025 AI 
      AI
                                             
                                            
    

2.2 

    
                                            
                                


                                       OTA
                                            
                                       
146 

                                          
      
                                            
                      
1.               

        h 
        h 
        h 
2.                 
        h                     
        h 
        h                                    
3.            
        h                                      

                "
        h 
                                                                                       2025 147


1.    
      
                                     
                                           
    L4                                  
 
h                    OTA                  
h                                   

2.      
    
                               
h                               
h                                    
h                                       
h    "                            
                              
148 

3.         
                                             
                      

                      96                  
     4,265          130,956  

4.      
                                              
             App                        23 
    130      13         22,400         100%  


                             

                2025           2026  

                100%           100% 
              
  %

              
     

                               
                 95.7%          100%       
                24              12  
                
     

              
     

                100%           100%
                               
                                                                                       2025 149

2.3 

                                           
                                          
                              

2.3.1    
                                      "  
                   


                                            
                                      
                                         
                              

2025    
                                           
     
  OTA 
 

   
                                          
                                           
                          
150 

                         IoT               
 ISO 9001        


                                        
                                       

1.    
                                           
                                        
              

                                           
                NCR                       
       


                                            
 

   
    NPS                                    
 
                                            

                                                                                       2025 151

2.      
2025                    +                   
   
                  

                              2025           
                                         
                                          
                                           
             

                                            
                                           
                                           
                     

                                    8D      
                                           
                  CCAP                      
                         
152 

3.    
                                           
                                         CNAS
            90%                         
 

                                       103     
                              LIMS        
                          

                                           
                        22AI               
                                  

                                             
       DFMEA                                
                                           
 QBR 
                         IPD                
                                         

                                                                                       2025 153


    
         2025                  99.97%            
  0.2%               18.2%         100%          
                                           


                                          
E6              2025                         
                                     


                                        
                               2025           
             19,469     18,405                  
154 

               2025      
                  2025                       
                                
        
                        
    120 6150 
    

                                
                                           
       3       
          +
                  
    
   h     FMEA                                  

           
   h                              
                                         
    
                                                                                       2025 155

2.3.2    
                                            
                            

                                 IECEE     CTF
                                           

    SBMS                                    
                                           


  100W 9Ah


     
   


                   2025                6A10    
 


                                           
                                      

10  6A        GB/T 1797-2008          
156 


                                        
                                             
  3,500                                  
                                     

h                                           
                                                  
                                             

h                                           
                                                  
                                         

h                     724                   
                             

 
                                            

                                      2025 157


1+4+N  1    
   4        N                          
        +    +         

                                          
                            

                              
      
                  # +                     
                   
                                          
                
                                          

                                          

                              

1.    
                                          
                                    
                                        
                            

           2025                           
                                      +   
                                           
                                          

158 

            9      484          10,620              


2.    
                                          
                                       
                               

             Xiaomi HAD  OTA          AEB      
LAEB/RAEBAES 
                     

                                    Xiaomi HAD   
                                     
  

                                             
                                           
                                             
                              
                                                                                       2025 159

3.    
                                        
                                        
                

                                           
     

                                            
                                         
                

 Xiaomi YU7 SU7 2,200MPa
  1,500MPa               52.4%37.6%            2,000MPa
                            

 A B2,200MPa 35%
 70.5%                                          
 
160 

         
                                       24    
   ASIL-D                                       

   
   CTB   
               4  2,000MPa                      
                   3     3     12      18
   

   
     360
         55q C                                
   

   
       +    +                4ms      360   
                                    

   
                            11     AI        
   724                   BMS                   
         ASIL-D                         

11                                     ,,                 

    
                                                                                        2025 161

 4.    
                                              
                             eCall     
                          

 h                          SU7               
                                                  
                                       

 h               eCall400                 eCall   
              eCall                                  
                     60       100% 

 h             400          eCall              
                                                    
          

 h                                 120       
                                        

 h                                            
                                                  
                               
162 


                   100%    X-Eye AI X      99.9% 


        Xiaomi YU7            649      296   -3050
              50         C-NCAPC-IASI    64.4km/h 25%
      90km/h 70%    FMVSS 301            12  13
                         

 Xiaomi YU7 Max243,944km 210km/h 
                   20261   SU7 Max 4,264km       24 
                  

   
          Xiaomi SU7           C-NCAP            
           20262 Xiaomi YU7 Max            IVISTA    
                   G+                

    Xiaomi YU7   Xiaomi SU7              Xiaomi SU7 Ultra

h   h          +                         h  
                                                 
                 h 

h                IVISTA      

                 

h        C-AHI h        

                 C-AHI      

                 

12        56km/h     50km/h 50%            64.4km/h 25%        64.4km/h 25%

        64km/h 40% ODB      32km/h 75q 

13             
                                                                                       2025 163

                                       
                                           


                   
   h                  

                                              
                                                   
                                              

            
                                                   
                                                  

   h               
           20253    
                            

           2025 719 
            
                                            

   h                  
                                                 
                                                   
           

                                              
                                                   
                                             
 164 

 2.3.3      
   
  

                              EU RoHS        
     EU REACH       EU POPs                  
GB 26572 
                     REACH2.0          PFAS    
                            

                                          
                                      RoHS REACH 
 PoPS          

                                        
                                  PBBs & PBDEs
                      PFCs       VOCs      
                      PU                PFAS
                                       PVC   
 PPLASD VOCs   
                                                                                       2025 165

 
            CAMDS                            
     MDS                                    
                                EcodesignEnergy Label
                PFAS               Energy Label  
 

                             RoHS           
          GB 26572               "              
 IEEE Transactions on Electromagnetic Compatibility 
   

2.3.4       
2025    
                                            
                      

                                        
                                            
                                 

       724                         100%      
                                            

166 

                                        
 
   

2025                                          
       3      14 2    OTA  1          147,818Xiaomi
SU7       146,891      20000 33W  PB2030MI         2  
 OTA      97%        32.9% 2026                   

  DFMEA 
                                      

2.4 

                                             
    2025 
                                            

2.4.1     
                      2025                    
                              

14 https://www.mi.com/service/exchange#phone
                                             2025 167


 2,445 202473 92.98% 
  2025 83
  2,475         1586.6%    1.4%       RRR      0.99%
  0.73%     1.25% 

                 2025                         
                  

          IP68                       

2025       400     600  2025 IP68                 150   
                 70%                 160          

                 16   1                             
          5 97.76%                                
                                     98.07% 

          86.45% 3.12%               86.89% 3.83%

                                           
                                            
                                   

15                                         

16                                                        
168 

 2025 
    IoT                                     
 
 6                           

MiCare  2025  
                          

h                 MiCare          IoT       
                                      

h         MiCare                          
                                               
        

h  Xiaomi Max Flip 2
                                            


                                            
   +        +                              
  
                                                                                       2025 169

      
            42     TOP9                    
     0.4% 0.2%     18  5                     
 6,500       4                               
                              2025  9        
                      

                                    20254 
                                 50           
AIoT  202510                                     
                                           


2025 92,651 18% 3,252 
        30%

2.4.2         
                                         
 

h                                         
                                                
                  
170 

h  17       724                            
           72                                

                                             
                                 

  2025 
               VOC                         
                                         
                              

                                     2025   
                                          
                                  24      4    
  7269.76% 95.83% 

                             18          
                                        
   2025                  NSS 8% 

17                                    

18                                                    

    
                                                                                       2025 171

                                            
                                        724 
      2     2025         0.44     99.18%         
  724 eCall10s
      99%         

      AI          
                  AI                          
                                            
   205% 
       AI                                     
              52%                     


         NSS                               
                          

                  NSS                        
 NSS96.72%80.55% 1%  
   2024     21                             6 
                                         

                                           
                              
 172 

 2.5         

  ReduceReuseRecycle
 3R                                         
                                              
                           

 2.5.1      
               Ecodesign for Sustainable Products Regulation EU2024/1781  
 ESG 
                                             
                                          
                                            
 

                   
                                        
                                              
                                             
 

                                           2025
                                      Xiaomi YU7  
 CTB   
   NVH 
                1.397        

                                             
                    
                                           2025 173


                                            


                                           
      

              Xiaomi 15TREDMI K90REDMI     Xiaomi YU7 
              15CREDMI Note 15 ProPOCO F8     14.2% Xiaomi SU7  
              Pro      100%                         19% 
              

                                           Xiaomi YU7 
                                              10.6% Xiaomi SU7  
                                                    12% 

      PCR           30%PCR                          PP
                                           ABSPC+ABS     
                                            
                                           10%­50%  Xiaomi YU7 
                                                   1%

              Xiaomi Civi 5 Pro            Xiaomi YU7  Xiaomi SU7
                                            
              PO3G                         
              40%­50%                      

                                19  20       
                                            


19                       
174 

                                             
                                            
                                           
                                  

                      REDMI K90 Pro Max              
 DMF    
                               LASD         
 DCS



                                        
                                            
                                   

  
                                            
               2025                          
   100W5mW IEC 62301
                  
                                                                                       2025 175

                                            
                                            
                  Xiaomi SU7   0.195                 
            175.54 gCO2e/km20                      AI
        98%                       

                                            
    
                                 

                   
                        Pro  560L               
    0.85kg            22   3kg           PCR    
       1.5kg           150 

     2025 EPS 
             EPS   620g      EPS  310 

                                             
   COP2.05                           25%          
                           "               
       70%                                 
      40%  30%                  

20                             88.186.1/CPP.V.XMI.RB01001
 176 

  
                                            
                                             
                                               

 2.5.2       
 EPR  
                                   

                                          
OECD                                         

                                 

 
   2025 Xiaomi 17 
                                  

                                             
 12% 30% 
            3D                                
         SEI           

         Xiaomi 17                                 
                              SOH 1­2%    2,000 
         80%                    
                                                                                       2025 177


                          Q/MAD 2001           
                                         

                                            
             Xiaomi YU7          92.6%       98.8%     
                                            
             2025ELV           


                                             
                                           

                            2025   14         
  24 
                  54,811         135%          
 44.27%                        

     2025                 200                 
                    100%        21.3     19.7% 
                          20.5%               



                                           
                                            

178 

                                      

h  RecyclerR2Responsible RecyclingWEEE
                                                 
        

h                                    109     
         R2WEEE  

h                                            
                                      

 ESG
                                         
                                            
                    2026                      
                                           


                      97.95%21                 
                                             



 
                

21      SK TES 2024ESG                         
                                                                                       2025 179

 2025                6                      
 16 22.27%     
    2025 


                                             
100%                      

  2025 22 
                                            
                                            
                   

2.6 

                                           
                                           
                            

2.6.1       
                                        
                 

22                      IMEI     IMEI                       

                     
180 

             
                                      
                                          
   
   202511                    5,500             
     "                                    
              2025        17.8    285          
      141                     1,082         1.6 
                                   

                                     660  
                                        

                                                                                       2025 181

              
                                            
                                              
     72  
       100   X-ray AI                           
                

                                           
                                            
                                             
               2050                      
                   2025               18      9     
      674         

              
                                             
             2025                          
                                       3D   
                                          
                                          
                             

                                           
                                    
182 

               
                                         2025 
           
                                         
                                             
                                      

                    
                                              
         
     250 10 2,000
                                             
                

                                            
                  

h  REDMI  TikTok 
        ShopeeGrab                   

h 4G
                                             

h                      LED                  
        
                                                                                       2025 183

2.6.2       
                                        
                          

          +                             
                            2025          99
                                        2,634
                           

              
   2025                      45              
     7                                 
                          

                      
                                           
                                          
        6,000
    9,000 4  202512
    20500
    
184 

3.   

                                          
                                           
                                            
                                           


                                     

                                       
                                       
                                       
                                       
                            
                                       
                                
                           
      

                                
                           
                           
      

         ESG                    
                           
                            
      
                                                                                       2025 185

3.1 

3.1.1      
     
                    

OPENVELA      
NuttXAIoTopenvela GitHub GiteeGitCode
                                            
openvela   


 openvela  7,000
 60%  
            openvela              2025  openvela    
1,5001.6100   openvela
   380                    AI                
      AIoT                                   

                   openvela                    
openvela openvela Workshop  
                      11         30         
                       
 186 

 
                                              
 CarIoT  
                    

   CarIoT 
                                             
                   IP               "         
                        

 2025 CarIoT 9  
   App  
             CarIoT                         
                                           
                                    

 
 Xiaomi Miloco               Xiaomi MiMo               
          Agent                    

              Xiaomi Miloco                        CCSA
 TC10                                         
                              AI          2025 
 Xiaomi Miloco  MWC
AWE           AIoT       Xiaomi Miloco                 
            AI       
                                                                                       2025 187

3.1.2       
                                             
     



                                   2025       
                                           


   
                                            
       OS              copilot   

           
                                              
                                            
    AI 2,200MPa 
                                          
                 

                                            
      
   
188 

 2025   
                                             
                                           
65 49   
                           


                         2025                 
      
                            

                                            
                                            
                    


                                     
                                     

         2025                             
      
                
                                                                                       2025 189

                                             
3GPP IEEE 802.11ITU-T         5G  Wi-Fi 7H266              
  
                                            
                                            
 h                                         

                             130         
                                        
AI   2025 40 
     50     200           

3.2 

                                             
                                             
                                             


3.2.1     

 ESG
                                            
        
190 

                                           
                                           
                                             


                                            
                                            


 

h 
            CSR                      

h 
                                   

h                                        
                                                
        


                                       RBA  
         OECD                          
    
 
                    100% 
                                                                                       2025 191

   CMRT/
EMRT                                          


                      60              CSR   
      3,400          100%                      
                                             
                         

             ESG                       
 

3.2.2        
                                            
                                           
  
               

                                            
                                             


3.2.3       
                                            
                                            
                                         
192 

2025                  ISO 28000      ISO 22301      
       ISO 31000         


                                          
                                             
      
                               

                            2030     2050  
2080                  203020402050          
                                           
                   


                                          
 

                                           
 

                                         

                                           
                                  

                                            
            
                                                                                        2025 193

                                             
                                              
SVC           "     100%                  14  
           92%

 
                                              

 AI Agent       AI Agent                             
  

                              Local for Local       
      2027                                  

                                            
                                          35 
                8     

                                            
                                             
                                            
 

 3.2.4    
                                              
                          23                  
 

23                                                    
194 


      2025      CSR                          
     8   13          CSR                     
                   100%              56     
CSR  80%  


        2025                                 
        
     2025
 ESG  
 
         67%          75%                 

                                          A 
B                CSR      100%  


                                          
                                            
 

                                         
                                             
    60
                                                                                       2025 195

                                       
       CSR                                 
                          2026          


                                             


 ESG
                                            
                              

                                             
                                         

         
                                             
                                             
             

                                              
    
                       ILO        

3.2.5         
                                            
                                            
                                       
196 


                                   

      Xiaomi 17                            20257   
   
   202512                                
                   

  3500 nits Real RGB
 RGB 2K  



 


                         8             
      
                   3                    

                                            
 VSM                                  

                                            
                         3                    

                                                                                       2025 197

                
                                           

                                             
                                      ASIL-B
                                      

         
                                             
    


                                             
   


                                             
              24GHz           180q             
                                           
                                        70% 
198 

                                            
   
 33                          
                                           
                                            
            


                                           

                                            
                                            
                                            
                                      

                                            
                                           
                                           
         

3.2.6       
                                             
                                            
                 
                                                                                       2025 199


                                      OECD
                                CFSI        
      RBA           GeSI          RMI        
 

    3TG     
                                 

                                          
                                    


  Tier-3
                             CMRT        EMRT
  RMI                                      
                         

h                 3TG                
        

h                                      

h                                    

h 
        

h 
        
200 

2025  
98.8% CMRT/EMRT 721,045
            1,045     RMAP ConformantActive     35634.07%
   3TG                           

                                                                                    
             RMAP Conformant/         RMAP Conformant/          RMAP Conformant
                                                             
                      Active                   Active        
                                                             

      94   56                       59.57%                                       96.81%

      45   41                       91.11%                                       97.78%

      51   37                       72.55%                                       90.20%

      130  95                       73.08%                                       93.08%

      81   53                       65.43%                                       92.59%

      26   5                        19.23%                                       96.15%

      101  13                       12.87%                                       96.04%

      112  33                       29.46%                                       93.75%

      405  23                       5.68%                                        86.17%

 2025 40%
 60%   
                                            
                                            
                           2025 201

4.   

                                           
  
                                             


                                     

                                       
                                       
                           
                                       
                                       
                                       
  ESG                      
        ESG                            
                                       
                                       
                                       

                           
                       
  

                           
           

                           
         

                           
  

                           
                    
202 

                                
                                
                   +AI        
                                
      
                                
                              
                            
      

                              
        
             

4.1 

                                           
   
                                             
                      

4.1.1        
  
                                            
                                           
          


                                        
                                        

                                                                                       2025 203

                                            
ESG 
                                 


                                         
                                            


                                            
 
                        


                                             
   
      


                                            
   
                         
204 

4.1.2 ESG   
                  ESG                 ESG  
                   ESG       

h  ESG ESG
                ESG     ESG     ESG    

h               ESG                        
        

h    ESG            ESG     ESG              
        

          ESG             

4.1.3 ESG   
ESG ESG  ESG 
ESG                           

 ESG
                      ESG                  
                                  

ESG   
       ESG                                
                                                                                       2025 205

4.2 

                                            
                                            
                                          
                                           
                         

                                        
                                       
                                       
                                   
                                  

                                           
                                    

4.2.1        
                                          
 
206 


                            2025    ISO 37001     
                 ISO 37001            

                                          
                                 2025         
 16 9 4 
        124

                                           
                                    2025     
                                             


2025             103     24,000                  
  
                      


                                          


                                         
                                            


24                           3     
                                                                                        2025 207

 46  
                                            
                         

 2025                                7

 
 

                                             
                                         

 4.2.2        
                                           
                                      

   2024118   202511                     
                                          
                                 

 2025                                        
                                             
            
208 

4.2.3          
                                         
                                            
             

                                         
                                        
                         

                            2025           
             51               16,000             
                               

                         2025                 
                                            
             

                          2025       60       
                 

                                            
       2026224    

4.2.4      
  
                                            
   

                                                                                       2025 209

                                            
45,000 1,700  54,000 1,400
     1,300 
    2025 
                126                           
  4                                 35  

4.2.5          
  
                                            
 
                         
                                         
                 2025   6                 

     
   h    tousu@xiaomi.com
   h        https://www.mi.com/integrity
210 

4.3        

    
              

4.3.1    
                                            
                                            
                           


                                            
                     ILO       OECD         
                          

                                       
                                         
                                         
                                          
                                           
                                

                                             
                                            
        25            

25           https://asia.floorwage.org/living-wage/calculating-a-living-wage/    2024              

    6,389    34,170    
                                                                                       2025 211

        
                                            
                                            


                                            
                                           
                      

     
                                            


                 
                                             2025
                                             
                                           
                               

2025     
                                   
212 


                          EHS              
 EHS  
     EHS                       EHS        
                 

EHS  ISO 45001
                                     

                                            
  EHS 
       0      0            0.4    26        
    EHS     ESG                      

h     EHS 
EHS  
                  EHS         

         20                 15  EHS           
27 2EHS 9 11 
                    EHS          

26  
                      2025 213

                             2025             
             1,047     100%                    
     1,874        403       100%    

                                            
                                           
                         

                                            
         11                  100%             
  2,473     475     142  

h EHS      
                EHS                          
                                           


2025                  2025              

h           2,400     h 4               
h           3  88                       2,196 
h           6  240
h         4  101      h 6   
                               
                              4,400 

                      h 11               
                                              
                              5,000 

  
2025          18          100%    4,798          
  210                                      
               
 214 

     EHS              EHS                     
 

 
                                            

 h 
     
                                            2025
  71,342 23,594  

                                              
                                            
                                             
       

          EAP                                
 2025  
   EAP789 3,220  
525    1,400 
                                                                                       2025 215

                                            
                                 3       
               24                          
                                  2026    SOS
                    

h 
                                           
                 

  
                                           
                   20    2   272025  4,548     
    100%      300                         


                                            
                                            
                              

                                           
    2025 
                                        


27            10                              
216 

            47,235    90.36%                        
910         

                                                            
                           92.02%  +2.48%        91.97%  +0.63%
                           92.16%  +2.83%        93.41%  +0.84%
         28                98.25%                95.85%
                                                               

2026  1                                          
                                 

4.3.2    
                                           
                                            


                                             
          2025           29.3% 

                                           
 2025      
    11 
     2025
                   

28  H2      
                                                                                       2025 217

                                     2025     
2,409 87%  
              1,080                       
            13    

           
   2025                                    
                                           
                                            
                                             
    


      
                             

2025                                      
                                           


2026            48         2                       17
                             75%            
218 

                 

h                                        
         98%            

h                             677      95%   
                                             

                 
                                    2025        
   775    
                                      

                    2025        3,495  4,025  
    1,019                        

2025                                        
2025       2025               13       


   
                       KPI                   
                                  360       
                           
                                                                                       2025 219

                                            
                         
                                             
 
                                         
                     
                                         

                              2025        11,322   
1.8787 711,241.2 

                                            
 

                                           
                                            
220 

                                          
                           +             
                                        
h                                         

                                                
        
h                                          
           
h                                     
                      2025              18    893  
          195           
h                                          
                         2025  56          
                                                                                       2025 221

           552                 12        21.6


         AI   
   2025 AI 16AI  
   73%      AI4,000
                                          
        AI    

           
                                            
                                             
                                       +   
            1,691        9.74 10     9.65 10
222 

5.   

  
                          ISSB  IFRS S2         
     
                                            
          1.5°C                             


                                     

                                       
                                       
                                       
                                       
                                       
      123                     
                                       
                                       
                              
        

                              
                            
      

                              
      

                              
      
                           2025 223

                             
                             
    AIoT                     
     AI                      
                             

                           
                        
                

                           
                        
  

                           
                   

5.1 

5.1.1          
                                         
                                             
CGC        SC                       ESG    
                     

                                             
                                            
          "                                   
                             
224 

  ESG 
                                            
                                            


                                            
                            2040           

5.1.2         
                                             
      29                                     
                                            
                                          
                                              
                                           


                                             
                                    


                                             
                      331                  
                                      

29   2024TCFD

    
                                                                                       2025 225

                                             
                                       


                                            
                     

h                                           
        ISO 50001 
          EMS     IoT                             
                            ,,        4.3  

h                                           
        RTO 38,333 GJ 
         RTO      795q C       230                     
                                             182KWh

h                        2025                 
                    1,334                              
                 8,000CO230                     +    
                              2026           15%   
                     

30                         CO2e                            

                   IPCC      AR6100           GWP100            

                            CO2    
226 


                                            
 

h                                            
                                                  
                                       

h  

        o            4                 IC      
                                        100%             
                              IC               85%46% 2026 
                                                       

        o                                   2025  
                                                  3,188    
                         2.64 CO231                        
                 +   +                       5%­25%   
                                                      3,500
                MWh     2,896CO2                            
                

31                     20251231   2023                5     

    0.8273 kgCO2 / kWh   
                                                            

                                                      0.8273 kgCO2 /
    kWh  
                                                                                       2025 227

h                                           
          20252,471CO2e  
                         SAF               30%   32
                               3,000               
          Road-part Load 1,330 
                                 720            

    
  
      
                                            
                                            
                                        


       33                                   
                                           
                                            
   
                                            
                

32  

33                                                          

     2024TCFD  
228 

    
                                            
                                            



                                             
                                           
                                 

                                             
                                      

 

h 1­3  
                        

h  3­10                                    
                  

h  10                                  
                                     

                                            

                                                                                        2025 229

 5.1.3      
 ERM TCFDIFRS S1/S2  
                                 

                                              
                             IPCC     IEA     
                                            
                                            

                                              
                                            
                                    ,,         
       
                                            
                             

                                             
   CBAM                                      
PCF                                 

                                          
                                             
                
230 

5.1.4       
                                             
                          


                                       

h   2030    34  35    36   30% 

h 2035          100%     

h 2040  100%100%
        

                                             
                     3  


  
   1.5°C                      IPCC           IEA
                                            
   ISO14064
                                            
                GHG Protocol            37      
CO2e                     ISSB  IFRS S2         
 Scope 1Scope 2 
          Scope 3                             


34          2023                   IoT                 

35                      ISO 14064-1:2018                        

                

36     2021 

37                      CO2 CH4   N2O     HFCs
                                                                                       2025 231

                                           
                                   SBTi      


                                              
                         


  


                                             
2025                                   332,886.08CO2e 
    3849,633.07CO2e   39283,253.01CO2e            0.44CO2e/MWh 
   7%                         

                       2021   16% 


                                          
           3      ISO 14064-1:2018                
      2025                   20269  40

38                                                    

39  

40           ESG              
232 


2025                20                        
      


5.2 

                                           
                         

5.2.1       
     
                                

ESG   
                                           
                 

  37% 
 61%         41

                         ESG              

41         2024          2025            
                                                                                       2025 233

5.2.2       
    
2025              


                                            


                                           
    

                                            
                                          


h 

        o 
                                   

        o 3,000­
                5,000 

h 
        o  7        27,500               

        o    2025137,400 
 234 

         o 
                    
                                             7

 h 
         o  
                                    80% 

 5.3 

                                          
                                        
                                              
 

                 ISO 14001                       
 

 5.3.1      
                                           
                                        
                       
                                                                                       2025 235

                           

1.      
                                               
                          

2.      
                                        VOCs      
                      

3.        
                                                 
        

4.      
                                                 
        

5.      
                                                  
        

5.3.2       
                                             



                                            


                                            
                              
236 

                                             
                                       

                                             
                                  

           
  3R   


h  
        o                                  2025  20
                                                        
                

        o   80%VOCs GB/T 38597
                VOC                     

h  
        o                                        
                                           2,000         

        o                                          
                   ABS HIPS PP 25%             
                         2025 237

h  
        o                                         
                                            

        o    
                                          

5.3.3        
                                             


  2025                 

  h          100%      h     100%   
  h         99%        h         99.38%

  h                    h 
  h     NOx VOCs               

          COD          h 
                 50%                 50% 

  h                    h 
  h                                      

                       h 
                                  50% 

 2025 
                                              
                           
238 





             

      h      h 
      h      h 
      h      h 
      h      h 
      h      h 
      h      h 
             h 
      h ESG
      h      h 
      h      h 
      h      h 
             h 
      h      h 
      h      h 

      h      h 
      h      h 
      h      h 
      h      h 
             h 
      h      h 
      h 
      h      h 
      h      h 
             h 
             h 
             h 

             h 
             h 
             h 
             h 
             h 
       2025 239

       

   h   h 
   h   h 
   h   h 
   h   h 
   h   h 
       h 
   h 
   h   h 
   h   h 
   h   h 
       h 
   h   h 
   h 
   h   h 
   h   h 
       h 
   h   h 
   h   h 
   h 
       h 
       h 
       h 
       h 
       h 
       h 
                                      2025                                 2024                        2023          240 
                                                                                                       
                                       AIoT                                 AIoT           
                                                  AI                                       AI
  
                                                                                           
         42
         43                761,685.55 255,615.59 506,069.95  446,773.73    210,187.12    236,586.61    211,171.84
                                                              89,591.53     14,622.47     74,969.06     19,418.57
                           189,856.56 16,789.36 173,067.19
         44                                                  357,182.20    195,564.65    161,617.55    191,753.27
                           571,828.99 238,826.23 333,002.76     5,662.20      3,662.83      1,999.37        372.00
                                                                3,662.83      3,662.83           0.00       372.00
                           54,707.76 41,368.13 13,339.63        1,999.37           0.00     1,999.37           0.00
                   
                           41,148.00 41,148.00  0.00         444,774.36    210,187.12    234,587.23    211,171.84
                                                              89,574.65     14,617.83     74,956.82     19,385.80
                           13,559.76  220.13 13,339.63               4.64          4.64          0.00          6.26
                                                                    12.24          0.00         12.24         26.51
                           706,977.79 214,247.46 492,730.33
                                                             249,945.11    142,003.15    107,941.96    121,764.81
                           189,772.12 16,774.46 172,997.66   105,237.72     53,561.50     51,676.21     69,988.46

                           6.77       6.77      0.00

                           77.67      8.13      69.54

                           405,947.64 153,384.89 252,562.75

                           111,173.59 44,073.21 67,100.38

42               

43   

44     2024              
                      2025                                 2024                  2023
                                                                                 
                       AIoT                                 AIoT         
                                    AI                                   AI

                                                                         

           332,886.08 133,808.61 199,077.47 10,787,758.12  111,827.14  97,887.63 10,005,470.41
                                                            11,804.78  19,490.86 12,252.52
           49,633.07 10,719.97 38,913.10 31,295.64                     78,396.77 104,470.04
                                                           100,022.36
           283,253.01 123,088.64 160,164.37 178,419.13                                 9,888,747.85
         
 (   )       20269                          10,578,043.35
         

           2,223,562.75 1,042,543.99 1,181,018.76 1,260,854.62 854,339.03 406,515.59 687,453.75

           1,994,708.75 813,689.99 1,181,018.76 1,045,853.62 639,338.03 406,515.59 523,100.75
 
           228,854.00 228,854.00  0.00 215,001.00 215,001.00           0.00 164,353.00

           1,641,187.26 833,981.25 807,206.01 926,432.49 683,471.23 242,961.27 562,194.62

           14,765.34  8,300.66    6,464.68  7,424.76       5,730.06    1,694.70  4,254.86

 NOx       53,630.80 18,629.14 35,001.66 21,858.51 11,020.01 10,838.51           7,174.83
 VOCs  
COD        4,649.59   151.53      4,498.06  1,750.52       94.74       1,655.78  95.78
BOD  
NH3-N      1.520      0.271       1.249     1.202          0.131       1.071     0.336               2025 241
  SOx 
           36.590     7.261       29.329    8.756          0.073       8.683     0.214

           84.995     42.032      42.963    45.742         35.055      10.687    

           13.127     13.127      0.000     11.599         11.599      0.000     

           9.657      5.468       4.189     4.023          3.223       0.800     

           0.014      0.014       0.000     0.008          0.008       0.000     
242 

                             2025      2024              2023
                        1,665.66   1,221.01            779.32
           
                            0.437      0.469             0.553
                        4,362.05   2,858.25          1,930.47
           
                          117.28       59.74             26.48
                            10.17       4.78              0.35
                            32.29
                                       20.29             15.70



                                   2025       2024   2023

                                   60,438  46,426    35,116
       45
                                   19,091  14,648    7,257
    
                                   56,531  43,688    33,627
           
                                   3,907      2,738  1,489
           
            30                     39,958  30,666    23,285
             30  50   
             50                    16,573  13,022    10,342
           
                                   22,299  13,396    12,025
           
                                   33,860  29,946    21,356
           
                                   372        346    246
           
                                   54,122  41,643    31,671
           
                                   1,507      1,401  1,361
           
                                   735        531    534

                                   66         54     47

                                   97         59     14

                                   0          0      0

                                   4          0      0

                                   25,457  21,190    17,800

                                   20,592  15,540    15,827

                                   3,698      1,853

                                   6,784      5,105

45    

    
                               2025 243

                               2025    2024    2023

                               387     335     293

                               81      70      59

                               18,067 14,786 11,699
    
         47                    6,135   5,069   4,100
    
                               21,504 15,545 11,294
    
                               10,357  7,883   6,182
    
                               50,834  39,030  29,508
    
                               2,717   2,125   1,637
    
              46               2,980   2,533   2,482
    
                               611     512     347

               STEM       %    20.77   21.68   
             

                          %    16.85   10.75   11.98

                          %    16.57   10.50   11.20
             
              30          %    17.53   11.33   13.71
               30  50   
               50         %    19.31   14.97   16.10
             
                          %    15.15   8.73    9.57

                          %    26.88   21.68   19.91

                          %    16.74   10.08   10.44

                          %    19.13   23.36   19.42

                               1       0       0

                          %00  0.18    0.00    0.00

                               947     694     1,190

                               53      40      34

                               0       0       0

                          %    2.32    1.80    

46  

47  
244 

                       2025    2024    2023

                    %   96.32   98.74   98.13
                    %  96.52   98.82   98.20
                    %  96.40   98.55   98.00
          48        %  95.12   98.24   98.10
                    %  99.29   98.96   98.25
                    %  98.40   98.56   98.00
                        21.60   38.20   30.17
                        20.50   38.05   30.68
                        22.05   38.55   29.10
                        11.50   28.32   22.99
                        19.36   36.81   35.27
                        22.53   39.55   30.48
                                13.29   17.66
                         3.94
                         1.57    3.78    1.41
                        13.69   36.72   22.38
                    %
                       100.00  100.00  100.00
               

                

                

                
                

                

              
              

                       1,883   1,148   1,112

                       29      12      
              
                       146     112     
              
                       8       5       
              
                       78      41      
              
                       144     72      

                       774     408     

                       514     392     

                       190     106     

                       690     291     

48                                                          

    
                               2025 245

                               2025    2024        2023

                               331     241         191
    
                               45,000+ 42,000+ 37,000+
                  
    72        49               54,000+ 49,000+               
                     50
                      51       59,217 78,053       71,682
    
                            %  78.13   95.04       99.95
        52
                            %  35.89   0.00                  
    
                            %  0.98    0.00        0.00

                             23,640.97 19,698.15 12,260.00

                             179,683.78 56871.95             

                            %  20.65   19.04                 

                             15,830.88 104052.68             

                            %  12.63   12.00                 

                             3,195.92  666.67                

                            %  0.00    0.00                  

                             26,773.13 8080.44               

                            %  0.00    0.00                  

                             342,604.02 169005.07            

                            %  22.48   13.79                 

                             96,433.57 31537.73              

                            %  1.01    1.04                  

                               1       0                     0

49  2025                                      72           

50              OTA    

51  

52  
246 

                                       




            

A1                                     
       
      (a)   
      (b) 

      A1.1                             

      A1.3                             
                     

      A1.4                             
                     

      A1.5                             
                                       

      A1.6                             
              

A2                                     
                                       

      A2.1                             
                                 

      A2.2                             

      A2.3                             
              

      A2.4                             
              

      A2.5                             
              
                                    2025 247

                                        

A3                                      
                                        

      A3.1                              
                                        

                                    
            

B1                                  
                         
      (a)   
      (b) 

      B1.1                          
              

      B1.2                          

B2                                  
      (a)   
      (b) 

      B2.1                          

      B2.2                          

      B2.3                          
              
248 

                                    

B3                                  
       

       B3.1                         
               

       B3.2                         

B4                                  
       (a)   
       (b) 

       B4.1                         

       B4.2                         

B5                                  
                                    

       B5.1                         

       B5.2                         
                

       B5.3                         
               

       B5.4                         
                                    
                                      2025 249

                                      

B6                                    
                                      
       (a)                            
       (b)                            
                                      

       B6.1                           
                                      

       B6.2                           
                                      

       B6.3                           

       B6.4                           

       B6.5          

B7                                    
       (a)   
       (b) 

       B7.1                           
               

       B7.2                           

       B7.3                           
250 

                                         

B8                                       
                                         
                                         

        B8.1                             
                

        B8.2                             

D                                        
    

(I) 

19(a)                                    5.1.1
         
          
         
        (i) 

                 
        (ii)  
        (iii) 

                                       
                 
                 
        (iv) 
                 
                
                                   2025 251

                                   

19(b)                              5.1.1
                        
       (i) 

                             
       (ii) 

                 
               

(II) 

20                               5.1.2

                                 

        

       (a) 

        

       (b) 

        

       (c) 

                           

       (d) 

       

21                                 5.1.2

                                

       (a) 

             

       (b) 

                       
252 

                                      

22(a)                                 5.1.2
          
       
                                 
                                
        
       (i) 

                          
       (ii)                      
       (iii)                        

                                    
                                 
       (iv) 3740
                          

22(b)                   22(a)         5.1.2
       

23                    22(a)          5.1.2

24(a)                                 5.1.2
                                 
       

24(b)                                 5.1.2
                      24(a)        
       
                                     2025 253

                                     

25(a)                                 5.1.2
                                     
25(b)                                 
26(a)  (i)                            
       (ii) 

                                     5.1.2
                       

                                     5.1.2
                                
                           "     
                                
                             
                              
       (i) 

                
       (ii)                        

                
       (iii) 

               
254 

                                            

26(b)                                       5.1.2
        (i)  

                (1)                     
                (2)                  
                (3)                       

                         
                (4)                       

                         
                (5)                       

                         
                (6)                
                (7) 

                              
        (ii)               
        (iii) 

(III) 

27(a)                                       5.1.3
                                 
                               
        (i)                        

                    
        (ii)                         

                 
        (iii)                       

                                      
        (iv) 

                 
        (v)               
        (vi)                      

                
                                     2025 255

                                     

27(b)                                5.1.3
                                  
                 

27(c)                                5.1.3
                               

(IV) 

28      5.1.4

             

       (a) 1 

       (b)  2      

       (c) 3

29                                   5.1.4

       (a) 

        2004

                

       (b)                   

       (i)                     

        

       (ii)                     

            

       (iii)                     

        

       (c)    28(b)     2          

            2                  

                  

       (d) 28(c)3 

        32011

       33

       
256 

                                      

30   

    

31   

    

32   

    

33                             5.1.4

    

34                                            

    (a)   

                                      

    (b) 

       

                            

35                             5.1.4

                    19(a)(iv)       

    

36                              5.1.4

                             

                            

            S2             

    

               
                                 2025 257

                                 

37       (a)                     5.1.4

              (b)             

                             

     

    (a)  

    (b)                    

    (c)                        

                   

    (d)  

    (e)  

    (f)           

    (g)                   

    (h) 

    

38                             5.1.4

         

    (a)  

    (b)  

    (c)            

    (d) 

39                              5.1.4

    
258 

                                  

40  3739   5.1.4

    (a)  

    (b)        1 2  3             

    (c)                          ISO IWA42     

        

                                  

    (d)                 

    (e)  

              

      (i) 

       

      (ii)  

      (iii)                     

                           

         

      (iv) 

       

       
2025 259
260 
2025 261
262 



 






                     268404          
h  
h  
h  
h  
h  
h 



                                           
                                           




                                          
            

                                 

www.pwchk.com  
               
               22
               T: +852 2289 8888, F: +852 2810 9888
                             2025 263





                                        
                             



                                             
                                    

 

                             

                                                  
                                                  
                             
           3.3 4(a)  19      

                                                  
                              
               
                             (1)  
41,858,754,000           8%           

                             (2)  
                                       
                                     
                                      
264 



                      

                      (3) 
                               
                               
                                                
                                               
                               
                    
                      (4)                    
                              

                      
                                           
                      
  2025 265





                                              

                                          

                                            


                                           




 


                                             
                          ,,                


266 





                                             
                                         
                                            
                                           
                                              


                                    

h 
                                                
                                                  
        

h 

h 

h 
                                                   
                                                  
                                                  
        

h   

h 
                                                  
        
  2025 267



                                           


                                             
                                             


                                             
    
                                              






 
268 



  20251231   
      

                                 1231   

                                2025           2024
                           5
                                               
                         5, 8
                                 457,286,687   365,906,350
                           8    (355,480,840)  (289,346,156)
                           8
                           8    101,805,847    76,560,194
                         11(b)
                           6    (33,132,201)   (24,050,484)
                           7    (33,214,338)   (25,389,628)
  
                          10     (6,653,026)    (5,601,248)
                          10     13,311,733      1,050,772
  
                          12         326,127       276,845
                                  2,736,940      1,666,779
                          13      2,719,838
                                                    (10,334)
  
                                47,900,920     24,502,896

                                 5,380,680     3,836,204
                                (3,634,735)     (212,447)
  
                                49,646,865     28,126,653
  
                                (8,080,426)    (4,548,204)
   
                                41,566,439     23,578,449
   
                                41,643,389     23,658,126
                                    (76,950)       (79,677)
  
                                41,566,439     23,578,449
  
                                1.62           0.95
 278 404               
                                1.56           0.93
                                2025 269



  20251231   


                                 1231   

                                2025           2024

                                               

                                41,566,439     23,578,449

                         11(b)         6,392       (31,402)
                                      (7,263)         2,846
                                    140,801
                                (1,134,902)        (85,302)
                                (1,670,767)        219,838
                                (2,665,739)        654,256
                                38,900,700         760,236
                                               24,338,685
                                38,993,674
                                    (92,974)   24,407,696
                                                   (69,011)
                                38,900,700
                                               24,338,685


 
 
 

 278 404               
270 



 20251231


                            1231        2024
                        2025      
            14    
            15
           11(b)   27,950,293      18,087,583
            19       8,319,373       8,152,721
            34       6,268,209       6,151,055
           24(c)
            19     80,881,337      62,112,188
            17       3,636,008       2,781,982

            23     92,045,627      58,520,305
            21     13,405,600        3,219,462
            20     20,778,731
            22                     18,421,227
            19    253,285,178
            19                    177,446,523
            19     80,989,452
           24(c)   15,239,877      62,509,682
           24(b)   12,580,269      14,588,579
           24(a)   33,725,967      12,261,490
                                   29,100,116
            25                 
                                     1,255,767
                       200,000       1,681,062
                   29,273,546
                   51,308,666          700,163
                     4,578,635     28,123,777
                   26,914,377      36,350,271

                  254,810,789        5,476,417
                                   33,661,442
                  508,095,967
                                  225,708,766

                                  403,155,289

                             426             407
                  266,218,235     188,737,370
                  266,218,661     188,737,777

                       104,608         467,342
                  266,323,269     189,205,119
                             2025 271



 20251231



                                       1231        2024
                                   2025      
                             

                         33  22,921,433      17,275,721

                         34  2,400,758       1,282,196

                             3,652,246       1,695,063

                         29  20,392,784      18,312,200

                             49,367,221      38,565,180

                         30  110,699,472     98,280,585

                         31  35,351,923      36,372,035

                         32  19,272,778      16,581,252

                         33  13,202,226      13,327,297

                             6,649,117       3,822,134

                             7,229,961       7,001,687

                             192,405,477     175,384,990

                             241,772,698     213,950,170

                             508,095,967     403,155,289
 278 404               

268404         2026324                 

                             
272 



  20251231   


                          

                          

                            

                      26                    

                    

2025 11            407  (34,678) 60,117,658 17,113,248 111,541,142 188,737,777  467,342 189,205,119



                             41,643,389 41,643,389                              (76,950) 41,566,439







            11(b)           6,392         6,392                                   6,392



                            (7,263)       (7,263)                                 (7,263)



                            140,801       140,801                                 140,801

                           (1,118,878)   (1,118,878)                            (16,024) (1,134,902)



                           (1,670,767)   (1,670,767)                             (1,670,767)

                           (2,649,715) 41,643,389 38,993,674                    (92,974) 38,900,700
                                                                  2025 273



  20251231   



                                     

                                     

                                               

                          26                                        

                       

                25      (6,585,318)                        (6,585,318)                  (6,585,318)
                25
                25      1,404,300 (1,404,300)                                                   
                25
               11(b)   14   39,225,977                     39,225,991                   39,225,991

                28     5   487,604 2,953,189 (3,436,157)          4,641                         4,641
               25, 28
                                               50,731             50,731                        50,731

                                      5,365,075            5,365,075                    5,365,075

                                     517,910 (357,556)            160,354                       160,354

                                               (92,204)           (92,204)                      (92,204)

                                               816,722 (816,722)                                

                                               (3,961)    3,961                                 

                                                                                       (1,964)  (1,964)

                                     486,073 (118,479)            367,594                       367,594

                                                                   (267,796) (267,796)

                                               (9,654)            (9,654)                       (9,654)

                       19 (4,693,414) 41,778,849 2,214,517 (812,761) 38,487,210 (269,760) 38,217,450


2025 12 31             426 (4,728,092) 101,896,507 16,678,050 152,371,770 266,218,661  104,608 266,323,269
274 



  20251231   


                                                                                          
                                                                                        
                                              

                               26
                             

202411         407      (438,291) 60,778,287 15,483,618 88,171,468 163,995,489  266,279 164,261,768



                               23,658,126 23,658,126                            (79,677) 23,578,449







        11(b)                 (31,402)              (31,402)                            (31,402)



                              2,846                 2,846                               2,846



                              (85,302)              (85,302)                            (85,302)

                              209,172               209,172                     10,666  219,838



                              654,256               654,256                             654,256

                              749,570 23,658,126 24,407,696                     (69,011) 24,338,685
                                                                                 2025 275



  20251231   



                                              

                                                       

                                                           

                                   26                                              

                                



                        25       (3,531,531)                           (3,531,531)            (3,531,531)

                        25      (5) 3,702,569 (3,702,564)                                               

                        25      5    232,575 2,268,200 (2,493,210)               7,570                  7,570

 11(b)                                                     13,327                13,327                 13,327

 

                        28                     3,761,843               3,761,843              3,761,843

 

                        25, 28                710,988      (617,499)             93,489                 93,489

2021Zimi International

IncorporationZimi       25                    62,747       (62,747)                                     



                                                           (32,740)              (32,740)               (32,740)
                                                                                             400,079    400,079
                                                                                                        (83,810)
                                                                      (304,467)  22,909      (106,719)
                                                           22,909                                            
                                                                       16,015                                
                                                           304,467                                      (23,286)
                                                                                              (23,286)     (275)
                                                           (16,015)                (275)          

                                                           

                                                           (275)

                                     403,613  (660,629)    880,060    (288,452)  334,592     270,074    604,666


20241231                        407  (34,678) 60,117,658 17,113,248 111,541,142 188,737,777  467,342 189,205,119

 278 404               
276 



  20251231   


                           1231   

                          2025             2024

                                           

                   35(a)  38,813,965       42,762,717
                          (4,671,588)      (3,467,218)

                          34,142,377       39,295,499


                           (12,769,155)       (7,297,307)
                                  12,776         358,488
                                        
                                               1,544,837
                          (119,200,696)    (101,062,679)
                            71,259,333
                           (58,562,541)      77,615,770
                            59,828,588     (104,506,976)
                             (3,598,541)
                              3,477,296      96,641,444
                           (10,246,805)       (3,660,615)
                               (200,000)       2,565,698
                                700,000       (2,875,360)
                              3,276,391       (1,700,000)
                                301,171        1,500,000
                           (20,230,812)        3,646,092
                            13,734,318
                               (363,724)         446,830
                                545,159       (5,509,309)
                                               6,484,096
                                 (12,117)
                                370,632         (115,000)
                                                 114,245
                           (71,678,727)
                                                   (3,784)
                                                        

                                                 427,139

                                            (35,386,391)
                                2025 277



  20251231   



                                 1231   

                                2025            2024

                         24(a)                  
                         24(a)
                                 30,378,289     25,998,066
                                (25,080,950)    (19,265,488)
  
                                    (774,760)       (717,223)
                                  2,393,914       1,653,000
                                 (3,836,543)     (1,766,749)
  
                                     170,934          83,880
                                 (6,172,545)     (4,047,876)
                                 39,225,991
                                                            
                                                    (686,587)
                                     367,840        481,000
                                    (501,925)       (372,505)
                                                    400,079
                                            
                                                     (75,809)
                                       (1,964)       (23,286)
                                 (2,902,504)     (2,476,524)
                                 (2,499,913)     (3,182,954)
  
                                 30,765,864      (3,998,976)
  
                                 (6,770,486)         (89,868)
                                 33,661,442     33,631,313

 278 404                              23,421        119,997

                                 26,914,377     33,661,442
278 



           

1 

              201015         22   1961 3        
                                   Maples Corporate Services Limited  
            PO Box 309, Ugland House, Grand Cayman, KY1-1104, Cayman Islands 
                                              
          IoT  
                         AI                 
                                   
                                                  
           2010825 
                                            
                             
         h  
         h  
         h 

                  
         h 

                                                         
                  
             2025 279



           

1    

        h 
                                    

                                                   
                                                   
                                                  
        

         
         
                                                 
                              

         
                                                  
        11(a) 

2 

                                                  
280 



           

2      

       2.1 

                 (a) 
                                                               
                                               
                          3.3
                         
                                                                
                                                               
                                      4
                        (i) 
                                              202511                
                                 h              21    
                                  
                                 
             2025 281



           

2      

      2.1        

                (a)    
                       (ii) 
                                                  2025  12  31               
                                          

                                                                                                                              

                                  h    202611          
                                          97
                                          

                                  h    202611          
                                          97
                                          

                                  h    202611          
                                          11

                                  h 18   202711          
                                          

                                  h 19   202711          
                                                   

                                18 
                                

                                       18          1              
                                                                    
                                 18 
                                                                     
                                
282 



           

2      

       2.1        

                 (a)    
                        (ii)             
                                 20271118 
                                       2026  12  31                        18 
                                                          

                 (b) 
                        (i) 
                                                                     
                                                                      
                                    
                                 ,,

                                                                      
                                    
                                 

                                (i) 
                                                                           
                                                                         
                                                                          
                                                                          
                                                                           
                                                                          
                                                                       
             2025 283



           

2      

      2.1        

                (b)    
                       (i)    
                              (ii) 
                                                                         
                                                                          
                                                                         
                                                                          
                                                 

                                        
                                        

                                        

                                                                         
                                                                   

                                                                          
                                        9 
                                                          

                                                                          
                                                                         
                                                                          
284 



           

2      

       2.1        

                 (b)    
                        (i)    
                                (ii)    
                                                                         
                                                                           
                                                                           
                                         

                                (iii) 
                                                                           
                                                                           
                                                                    

                                (iv) 
                                                                           
                                                                         
                                                                         
                                                                           
                                         
                                         
             2025 285



           

2      

      2.1        

                (c) 
                                                      20%50%   
                        

                       (i) 
                                                      28               
                                   
                                 
                                

                                                                    
                                   

                                 
                                  
                                

                                 
                                                        

                                 
                                 
                                        
286 



           

2      

       2.1        

                 (c)    
                        (i)              
                                  
                                  
                                                                    

                                 

                        (ii) 
                                  
                                                              2.1(g)

                 (d) 
                                                               

                                                               
                                                            
                         
             2025 287



           

2      

2.1        

        (d)       
                 

                             
             
             
             
             
             
             

                              

                                      
  

                                2.1(f)

  
   
288 



           

2      

       2.1        

                 (e) 
                        (i) 
                                  
                                 

                                  
                                                                     
                                                                   

                                                                    
                                                                    
                                                        

                        (ii) 
                                  
                                                                     
                                              110                   
                                 

                        (iii) 
                                    
                                    
                                                                  120
                                 
             2025 289



           

2      

      2.1        

                (e)    
                       (iv) 
                                  
                                                                   

                       (v) 
                                                                     
                                                  

                                h  

                                h  

                                h  

                                h  

                                h                            

                                h 

                                
290 



           

2      

       2.1        

                 (f) 
                                                               
                                                                
                                                               
                                                           
                                                               
                         

                 (g) 
                        (i) 
                                  

                                 h                          

                                 h 

                                 

                                                                      
                                  
                                 

                                             18

                                 
             2025 291



           

2      

      2.1        

                (g)    
                       (ii) 
                                                                 
                                                                    
                                

                                                                     
                                

                              
                                                                     
                                 

                                h                                   
                                                                          
                                                                          
                                        

                                h                                   
                                                                           
                                                                         
                                                                         
                                                                       
                                           
292 



           

2      

       2.1        

                 (g)    
                        (ii)  
                                   
                                 h                                   
                                                                           
                                                                           
                                         

                                
                                                                      
                                                                      
                                                                    

                                                                     
                                                                   
                                 

                        (iii) 
                                 
                                 

                                               9                       
                                 

                                                                 
                                                                   12
                                                                     
                                                                    
             2025 293



           

2      

      2.1        

                (g)    
                       (iv) 
                              
                                                     (i)              
                                 (ii) 
                                             (iii)                     
                                 
                                                           

                                                                

                                h            

                                h 

                                 
                                

                (h) 
                                                              
                                                             
                                                  
294 



           

2      

       2.1        

                 (i) 
                                                                
                                                                
                            
                                                              
                          2.1(g)(iii) 

                 (j) 
                                                               
                                                               
                         

                        (i) 
                                 
                                  
                                  
                                                         
             2025 295



           

2      

      2.1        

                (j)        
                       (ii) 
                              
                                
                                  
                                 
                                   
                                 
                                

                                

                              
                                                                    
                                                                     
                                 
                                 
                                

                                                                    
                                                                  
296 



           

2      

       2.1        

                 (j)        
                        (iii) 
                                                                      
                                  
                                                           

                                  
                                 

                 (k) 
                        (i) 
                                                                   
                                                                 
                                                      

                                                                    
                                               

                                 h  

                                 h                     

                                 h 

                                  
                                                        
             2025 297



           

2      

      2.1        

                (k)         
                       (i)             
                                                                     
                                 
                                

                                                                    
                                

                                 
                                

                       (ii) 
                                 
                                                   

                (l) 
                        

                                                             
                                                          

                       (i) 
                                                              IoT  
                                         20243                   
                                
298 



           

2      

       2.1        

                 (l)    
                        (i)    
                                   
                                                                  

                                    
                                 

                        (ii) 
                                 

                                (i) 
                                         

                                         
                                         

                                          (i)
                                                 (ii)                (iii)      
                                         

                                (ii) 
                                         
             2025 299



           

2      

      2.1        

                (l)    
                       (ii)     
                              (ii)       
                                                                         
                                                                          
                                        

                                        
                                        
                                                                         
                                        

                       (iii) 
                                 
                                 
                                                      (i)             
                                 (ii) 
                                          (iii)                         
                                                                   
                                 
                                   
                                
300 



           

2      

       2.1        

                 (l)    
                        (iv) 
                                  
                                    
                                                             

                 (m) 
                        (i) 
                                  
                                 h                        
                                 h                                  
                                                   
                        (ii) 
                                                                 
                                 h                             
                                 h                             
             2025 301



           

2      

      2.2 

                (a) 
                                                            
                        

                                                               
                                                            
                        

                (b) 
                                                           
                                                         

                (c) 
                       (i) 
                                                                     
                                 
                                 
                                                    
302 



           

2      

       2.2        

                 (c)    
                        (ii) 
                                 

                                 
                                                                   
                                     

                                  
                                                                     
                                 
                                                                      
                                 

                        (iii) 
                                 
                                  

                                 h  

                                 h 
                                                                   

                                 h 

                                                                      
                                                     
             2025 303



           

2      

      2.2        

                (c)    
                       (iv) 
                                                                 
                                                                
                                                               
                                

                                 
                                                                  
                                                                    
                                                    

                (d) 
                                                            
                                                        
                                               3040            

                (e) 
                                                              
                                                          

                                                             
                        
304 



           

2      

       2.2        

                 (f)         
                                                                
                                                             

                                                                
                                                       

                                                                
                                                                
                                  2.1(g)(iii) 

                 (g) 
                                                             
                                                       

                                                               
                                                              
                          

                                                                
                                                             
                         

                                         12                  
             2025 305



           

2      

      2.2        

                (g)  
                                                             
                                                              
                                                

                (h) 
                                                            
                                                           

                        
                        

                        

                (i) 
                                                               
                                                        

                                                       

                (j) 
                                        12                    
                          
                                                      
306 



           

2      

       2.2        

                 (j)    
                                           12                   
                                                                
                                                               
                         

                        (i) 
                                 
                                                                      
                                    
                                                                     
                                  
                                                                  

                                  
                                                              

                        (ii) 
                                  
                                                         

                        (iii) 
                                  
                                                       1             
                                 
             2025 307



           

2      

      2.2        

                (k) 
                                                              
                                                          

                                                              
                                                  

                                                               
                                                           

                       (i) 
                                IoT 
                                 
                                 
                                

                                  
                                   
                                 
                                                  

                                                                 
308 



           

2      

       2.2        

                 (l) 
                         
                                                                
                         
                         
                                            2.1(l)(ii)(ii)    
                                                               
                                                             

                 (m) 
                                                               
                         
                                                              
                                                               
                         
             2025 309



           

2      

      2.2        

                (n) 
                        

                                                              
                        

                                                           

                        h                       

                        h                               

                        h  

                        h                          

                        h                        

                        

                         
                                                              
                        
310 



           

2      

       2.2        

                 (n)  
                          
                         h 
                                  
                         h  
                                  
                         h                    
                                                             
                          
                                                               
                         
                          
                         h  
                         h  
                         h         
                         h 
                                                             
                          
             2025 311



           

2      

      2.2        

                (n)  
                                 12                            
                        

                                                               
                                                              
                        

                (o) 
                                                               

                (p) 
                                                             
                        

                (q) 
                                                               
                                                               
                                          
312 



           

3 

       3.1 

                                                     
                                                         
                                      

                 (a) 
                        (i) 
                                                                     

                                  
                                                                      
                                 

                                                             5%      
                                  20251231
                                 2024 2024   
                                    54,197,0002024        35,096,000

                                                                      
                                                            
             2025 313



           

3      

      3.1      

                (a)    
                       (i)    
                                                           5%      
                                 20251231
                                2024 2024   
                                   4,085,0002024        370,124,000

                       (ii) 
                                                                     
                                                                    
                                                                    
                                 
                                

                                  2520251231
                                            67,286,0002024   84,154,000

                                  50 20251231
                                               38,249,0002024   23,488,000  
                                

                                

                                                             
314 



           

3      

       3.1      

                 (a)    
                        (iii) 
                                 
                                    
                                                                 3.3

                 (b) 
                                                              
                                                              
                                                             
                                                                 

                                                               
                                                                
                          

                                                                
                                                             
                                                               
                         
             2025 315



           

3      

      3.1      

                (b)    
                       
                                                               
                          180
                                                    

                         9
                                                             
                                                              
                                                               
                                                           
                        
316 



           

3      

3.1      

        (b)    
                                            
                2025 20241231                

                                                         
                           3          36       6

20251231           0.58%      1.06%   18.82%   37.20%
             12,331,953   1,897,301   263,527
                                               432,225 14,925,006
                  71,981      20,083   49,594
                                               160,773   302,431
     

20241231         0.68%        2.60%   31.25%   38.81%
             9,992,819    1,528,001   197,994
                                               943,246 12,662,060
                 67,674       39,736   61,865
                                               366,048   535,323
     

2025 20241231                           

             2025 317



           

3      

      3.1      

                (b)    
                       
                                                               
                                                              
                        

                       
                                                  

                        h  
                                

                        h    
                                

                        h    
                                

                                                              
                        
318 



           

3      

       3.1      

                 (b)    
                           
                                                              
                                                             
                          
                         h  
                                       12  
                         h  
                                  
                         h 
                                 
                         h  
                                                                 
                                                    
                                                      
             2025 319



           

3      

      3.1      

                (b)    
                          
                         

                       (1)        
                                   
                                  1                        

                       (2)            
                                90  
                                

                       (3)                         
                                       12                              
                                 
                                

                                  
                                 
                                   
                                

                       (4)               
                                                                    
                                
320 



           

3      

       3.1      

                 (b)    
                           
                        (4)               
                                                                     
                                   
                                                                   
                        (5)              
                                   
                                 
                          
                         h  
                                 12                     
                         h  
                         h 
                           2025 321



           

3      

3.1      

        (b)    
                  
                 

                                                  

                

20251231     12,628,387              12,628,387

             (48,118)                             (48,118)

             12,580,269              12,580,269

20241231     12,323,506    10,394   4,848 12,338,748
                 (65,562)  (6,848)  (4,848) (77,258)


             12,257,944    3,546     12,261,490

 
 2025 20241231                                  
322 



           

3      

3.1      

        (b)    
                  
                     2025 20241231                 

                                                       

                      

 2025  11          65,562   6,848    4,848             77,258

                   (1,345)     703      642                   
                   (9,409)    (527)   3,980             (5,956)
                                     (4,906)            (4,906)
                                     (4,493)           (17,227)
                   (6,010)  (6,724)                     (1,051)
                                         (71)
                     (680)    (300)

 2025 12 31        48,118                              48,118

2024 11            62,755   4,075    805,725           872,555

                   (1,882)  1,187          695                 
                   4,383    1,556      12,659            18,598
                                     (814,439)         (814,439)
                                
                      306       30         208               544

2024 12 31         65,562   6,848    4,848             77,258


                                      
,,

                                       

                                                   2025 323



           

3      

3.1      

        (c) 
                                                      
                                                       
                           2025 20241231              


                      

                                                                

                 

              13,820,816   6,905,304   7,418,010   13,526,904    41,671,034
20251231     110,699,472                                        110,699,472
                                                              
              15,064,769                                         15,064,769
                2,234,779  1,207,692   2,076,392       914,220     6,433,083

             1,356,850     1,242,340   321,216                   2,920,406
             1,133,473     6,181,741   531,753     6,059,722    13,906,689


20241231     13,995,172      553,647   4,036,079   18,351,515   36,936,413
             98,280,585                                         98,280,585
             20,385,746                                         20,385,746

              2,722,181    1,660,925   1,126,426       975,922   6,485,454

             2,481,254     1,223,345     279,615                 3,984,214
               916,457                 8,281,420   3,247,812    12,445,689
324 



           

3      

3.2 

         
        

                                             
           
           
        

3.3 

                                                 
        

   20251231                   

                                

                     

                  7,166,829    73,714,508 80,881,337
              19               29,273,546 29,273,546
              19

                  7,166,829    102,988,054 110,154,883

                               6,059,722 6,059,722

                                        2025 325



           

3      

3.3      

           20241231                   

                                                   

                     

                  6,613,312   55,498,876 62,112,188
              19           
              19              28,123,777 28,123,777
                  1,681,062
     19                                            1,681,062
                           
                                        1,255,767  1,255,767

                  8,294,374   84,878,420 93,172,794

                                        3,757,399  3,757,399


(a) 
                                               
                                           
                                              
                          
326 



           

3      

       3.3      

                 (b) 
                                                             
                                                            
                                                   

                 (c) 
                          
                          
                         h  
                         h                                    
                         h    
                                 
                         
                         
             2025 327



           

3      

3.3      

        (c)           
                     2025 20241231                      

              1231   

             2025           2024

                            

              83,622,653      74,401,030
              78,419,663    109,906,848
             (70,262,187)   (102,595,075)
              11,301,752
                                1,023,375
               1,874,849        1,315,051
              (1,329,593)        (813,011)

                 (639,083)        384,435

             102,988,054    83,622,653

             9,287,031      1,803,382

                                       
                                      



          19                19    
                                     
   
328 



           

3      

3.3      

        (c)           
                

                                                               

                                                               

                                                               

                                                               

             1231                      1231

             2025        2024          2025       2024

              

             47,976,553 41,326,558    17%­93% 33%­96%          
                                                                 
   19                                  2%­40%       3%­30%
                                                  1.1%­6.7%    
                                                                 
                                                                 
                                         
             25,737,955  14,172,318          

                                       1.4%­6.1%
                                             (a)

             29,273,546 28,123,777    1.33%­3.37% 0.65%­5.85%  
                                                                  
   19
                                                                 

 
(a)                                           
             2025 329



           

3      

      3.3      

                                                    5% 
                20251231                     2,757,169,0002024   
                2,396,994,000

                 20251231                               
                                                        
                

                                                        
                                                      
                                                     
                                          
330 



           

4 

                                                   

                                                    
         

       (a) 

                  
                            2025  12  31                  41,858,754,000
                                                         
                 

                                                         
                                                          
                       3.3

       (b) 

                               9                            
                    
                    
                   3.1

       (c) 

                    
                                                         
                                                         
                 
             2025 331



           

4         

      (c)  

                  
                
                

                   
                

      (d) 

                                                         
                                                    

      (e) 

                                                         
                                                       
                                          

                                                         
                                                     
                                                        
                                                         
                
332 



           

4         

       (e)                    

                                                      
                                                          
                                                        

       (f) 

                                                          
                                                          
                                     

5 

                                                    
                                                   
          
         h   AIoT

                  
                  IoT      
                  
                  
         h       AI    
             2025 333



           

5       

                                                   
         
         
                                              
        

         

        (a)   AIoT 

                 

                 IoT   IoT
                        

                                                  

                                      IoT            

        (b)       AI                                 
                
334 



           

5       

          
         (a)   AIoT 

                         IoT               (i)          (ii)  
                          (iii) (iv)
                                      (v)    (vi)      

                                 (i)            (ii)        
                                 (iii)      

                    AIoT                             
                         

         (b)       AI              AI               (i) 
                           (ii)    (iii)              (iv)    (v)
                              (vi)         

                                                  
         
                                                    
         
          2025 20241231                               
         
                                                             2025 335



           

5       

 2025 20241231                

                                           202512 31                        
                                     AIoT                             

              IoT                                                         AI          
                                                                              
                                                                    

       186,439,777 123,200,191 37,440,346 4,136,860 351,217,174 106,069,513 457,286,687
       (166,173,621) (94,776,809) (8,800,069) (5,424,289) (275,174,788) (80,306,052) (355,480,840)

       20,266,156 28,423,382 28,640,277 (1,287,429) 76,042,386 25,763,461 101,805,847

                                            2024  12 31                     
                                     AIoT                             

               IoT                                                        AI          
                                                                              
                                                                    

       191,759,315 104,103,874     34,115,373   3,174,148 333,152,710 32,753,640 365,906,350
       (167,505,466) (83,011,803)  (7,968,553)  (4,157,041) (262,642,863) (26,703,293) (289,346,156)

       24,253,849 21,092,071 26,146,820         (982,893) 70,509,847 6,050,347 76,560,194

                                 

15  
           15                        
336 



           

5       

 2025 20241231                

                            1231   

              2025                           2024

                           %                       %

              306,223,141  67.0  212,562,449       58.1
      (a)
              151,063,546  33.0  153,343,901       41.9

              457,286,687        365,906,350

 
(a) 

 20251231                           10%2024   A
10.5%

    2025 20241231  

                                           1231          2024
                                       2025        
                                 

  AIoT                           74,758,465        60,905,907
      AI                          6,230,987         1,603,775

                                 80,989,452        62,509,682
                            2025 337



           

6 

                          

         2025 20241231                               
                                          

7       

         2025 20241231                             
                                

8 

                             1231   

                            2025           2024

                                           

                              (8,469,003)  (15,586,996)
                            330,265,207    282,601,213
      23
      9                        6,848,003      5,762,582
                             30,470,678     22,902,540
 141617
      15                       5,256,031      3,626,279
                               3,500,716      2,691,990
                               9,085,225      8,011,251
                               5,774,924      4,447,006
 
                                   61,974         69,569
                                   50,644         54,674
                                   11,330         14,895

  2025  12  31                     33,132,201,000 2024    
24,050,484,00018,562,730,0002024 14,578,653,000
338 



           

9 

                    1231   

                   2025                      2024

                                             

                   19,300,796                14,963,862
           28       5,365,075                 3,726,085
                    2,170,020                 1,650,417
                    3,634,787                 2,562,176

                   30,470,678                22,902,540

(i)   

         20251231                     2024 

(ii) 

         2025 20241231                        2025 
        20241231 
          2025 20241231                    

                    1231   

                   2025                      2024

                                             

                    12,303                    10,851
                   455,032                   388,885

                        387                       313
                      7,085                   13,600

                        478                       488

                   475,285                   414,137
                                              2025 339

                                                           2024
                                               1231   
           
                                                 2025
9      
                                              1            
       (ii)        
                                              1            
                  
                                                           1
                   23,500,001  24,000,000 
                   28,000,001  28,500,000     1            
                   28,500,001  29,000,000 
                   32,500,001  33,000,000                  1
                   33,500,001  34,000,000 
                   37,500,001  38,000,000                  2
                   47,500,001  48,000,000 
                   316,500,001  317,000,000   1            
                   386,000,001  386,500,000 
                                                           1

                                              1            
340 



           

9      

(iii) 

         

 20251231    

                                                           
                                                   
                                              
                                            

                                                   

                                                   

                                                   

                                                   
  (a)
               550                                 550

               877                                 877

               550                                 550
                                            2025 341



           

9      

(iii)       

         20241231    

                                                                  
                                                          
                                                     
                                                   

                                                          

                                                          

                                                          

                                                          
  (a)
                       547                                547

                       1,003                              1,003

                       22                                 22

                       547                                547

 

(a) 202511 916           356,000  20241231    500,000     
                                       2025916               
          
342 



           

9      

       (iv) 

                 2025 20241231    

       (v) 

                 2025 20241231                             

       (vi)                                
              

                 202520241231 
                              

       (vii) 

                 202520241231 
                                          
                            2025 343



           

10                           1231   

                            2025       2024
          
                                       

                            5,380,680  3,836,204

                          

                             1231   

                            2025       2024

                                       

                            2,368,981  (1,119,698)
                 29         1,265,754  1,332,145
   33    16
          2931   

                            3,634,735  212,447
344 



           

11(a)               

2025 20241231                     

                                                           
                       
                                         1231              
                                   
                                         2025        2024    

                         201047    10,000 100%       100%  100% 
 
Xiaomi H.K. Limited                                          

Fast Pace Limited        201318    2 100%            100%  100% 
                         2018215
Xiaomi Finance Inc.                1 100%            100%  100% 
     
Xiaomi Technologies      202183    500,000 100%      100%  100% 
Singapore Pte. Ltd.
Xiaomi Best Time         20181220  30,000,000 100%   100%  100% 
International Limited
                                                             

                                                             

                                                             

                        2010825    320,000,000 100%  100%  100% 


                                                             

                                                             

                                                             

  201219                           27,000,000 100%   100%  100% 
                                                          2025 345



           

11(a)               

                                                                

                                       1231                     

                                      2025                2024   



      

  201258                             1,488,000,000 100%   100%  100% 

                                                                  

Xiaomi Technology India    2014107   207,450 100%         100%  100% 

Private Limited                                                   

     

  20161229                           1,000,000 100%       100%  100% 

                          2017627    100,000,000 100%     100%  100% 

                          2023718    100,000,000 100%     100%  100% 

PT. Xiaomi Technology      2018423   13,000,000,000 100%  100%  100% 

Indonesia                                                         

  2019929                            650,000,000 100%     100%  100% 

                                                                  

Xiaomi Technology          20181029  1,000,000 100%       100%  100% 

Netherlands B.V.
346 



           

11(a)               

                                                  

                                      1231        

                        2025                2024   



      

  20231030             20,000,000 100%      100%  100% 

         (a)

               201033  1,850,000,000 100%   100%  100% 

  20131226 2,476,557,552 100%               100%  100% 

  200961               2,100,000 100%       100%  100% 

               2017127 3,066,154,300  63%   29%   63% 

         

               20211118 1,000,000,000 100%  100%  100% 

                                                    

 

(a)   
                                                              
                                                               
                                                  
             2025 347



           

11(a)               

           

          (b) 

          (c) 20251231                         112,661,878,000          
                       
                     

          (d) 

11(b)         

                       1231                                           2024
                   2025                                         
             

               998,990                                          1,078,253
     (a)     5,269,219                                          5,072,802
 

             6,268,209                                          6,151,055

              1231   

             2025                                               2024

                                                                

             6,151,055                                          6,922,241
               661,767                                              80,000
              (987,329)
               511,437                                           (819,796)
               326,127                                                   
                  6,392
                 50,731                                           276,845
              (156,726)                                            (31,402)
              (295,245)                                             13,327
                                                                 (128,492)
                                                                 (161,668)

             6,268,209                                          6,151,055

 
(a) 20251231                 2,832,422,0002024   4,241,316,000
348 



           

11(b)         

                                   20%      
                                  

20251231                     

        

12   

 2025 20241231                 

                                  1231   

                                 2025       2024

                                            

                                 7,815,890  5,381,527
     34                            264,536   (833,323)

                                 8,080,426  4,548,204
                                2025 349



           

12     

                                 25%         
 

                                 1231   

                                2025          2024

                                              

                                49,646,865    28,126,653
      25%                       12,411,716     7,031,663
 
               (a) (b) (c) (g)  (1,170,965)   (1,040,668)
                (d)             (2,144,889)   (2,395,583)
                                 3,224,575     3,271,449
 
                                    580,728       433,856
                                (1,769,434)      (450,887)
           (e)
                                   (141,210)        (8,936)
                                (2,845,957)   (2,263,077)
 
                                   (821,795)     (512,314)
                                                  250,356
                                                  232,345
                                    757,657

                                8,080,426     4,548,204

 

(a) 
                                                               
                    28            

          
350 



           

12     

             
            (b) 

                                                       16.5%       
            (c) 

                                                 25.17%       
            (d) 

                                 10%15%                      
                      2018                           2017 2024   10%        
                       2026 2025123110%
                      202510                     2025 2027   15%       
            (e) 
                                      2008                                     
                        150%                            20233   202311
                       200%  
                      
                     2025 351



           

12     

 

(f)          

                   200811                             

                5%10%                       

      
                                            

(g)                  
                                                                 
                        12                                       
                              15%             

                          20251231                    

13   

(a) 

        202520241231 
        

                      1231   

                     2025                               2024

                     41,643,389                         23,658,126
                     25,656,635                         24,825,170

                     1.62                               0.95
352 



           

13    

(b) 

                                                 
                                  

                         1231   

                        2025         2024

                        41,643,389   23,658,126

                        244,744      

                      

                        (158,300)    

                        41,729,833   23,658,126
    

                        25,656,635   24,825,170
                            864,182      675,563
                            174,509             

                        26,695,326   25,500,733

                        1.56         0.93
                                                                          2025 353



           

14       

                                                                                                          
                                                                                                   
                 
                                                                                 
                                                                          

202511           5,852,772    182,765 3,768,071     45,558    6,219,992 3,146,877     4,121,183    23,337,218
                  (536,159)   (40,832) (2,081,494)  (30,644)   (507,795) (2,052,711)               (5,249,635)


                 5,316,613 141,933 1,686,577        14,914 5,712,197 1,094,166 4,121,183 18,087,583

  202512 31      5,316,613    141,933   1,686,577   14,914    5,712,197   1,094,166   4,121,183    18,087,583
                  884,721     329,701   1,968,797   14,343        1,833   2,207,246   7,789,777    13,196,418
                                                                                      (4,738,209)
                 4,595,695                22,469               120,045                 (234,536)           
                                                                (10,406)                             (244,942)
                              (77,129)                (601)                 (94,768)    (26,311)     (409,842)
       8           (59,990)   (65,274)   (151,043)  (4,873)                (870,346)               (2,680,260)
                  (714,651)              (807,665)    109      (217,451)       898           
                                                                                                        1,336
                                             329                     

                 10,022,388 329,231 2,719,464       23,892 5,606,218 2,337,196 6,911,904 27,950,293

20251231         11,233,016   389,269 5,524,693     56,722    6,326,261 5,244,226     6,911,904    35,686,091
                 (1,210,628)  (60,038) (2,805,229)  (32,830)   (720,043) (2,907,030)               (7,735,798)


                 10,022,388 329,231 2,719,464       23,892 5,606,218 2,337,196 6,911,904 27,950,293
354 



           

14       

                                                                                                       
                                                                                                
               
                                                                              
                                                                       

202411         3,387,693   69,295 2,663,208      43,016    5,014,389 2,093,698     4,226,971    17,498,270
                (113,253)  (30,358) (1,587,334)  (26,832)   (441,416) (1,578,252)               (3,777,445)


               3,274,440   38,937 1,075,874      16,184 4,572,973      515,446 4,226,971 13,720,825

 202412 31     3,274,440    38,937   1,075,874   16,184    4,572,973    515,446    4,226,971    13,720,825
                813,828    167,025   1,151,250    3,251       2,110    1,239,913   3,078,188     6,455,565
                                                                                   (3,044,870)
               1,785,484               25,267              1,234,119                                   
                                                             (16,847)                              (16,847)
                           (21,265)                 (90)      (3,005)   (102,579)   (139,106)     (430,187)
       8        (106,051)  (42,764)    (58,091)  (4,253)     (77,153)   (557,360)               (1,640,588)
                (451,088)             (507,970)    (178)                  (1,254)                   (1,185)
                                                                                          
                                          247

               5,316,613   141,933 1,686,577     14,914 5,712,197 1,094,166 4,121,183 18,087,583

20241231       5,852,772   182,765 3,768,071     45,558    6,219,992 3,146,877     4,121,183    23,337,218
                (536,159)  (40,832) (2,081,494)  (30,644)   (507,795) (2,052,711)               (5,249,635)


               5,316,613   141,933 1,686,577     14,914 5,712,197 1,094,166 4,121,183 18,087,583
             2025 355



           

14       

 2025 20241231                             

 

              1231   

             2025       2024

                        

             652,935    331,088
             985,751    623,238
             890,651    418,148
             150,923    268,114

             2,680,260  1,640,588
356 



           

15                                                                                   
                            (a)                                             
          202511         
                                                  
          
                         1,696,639  12,984,878    2,250,911    1,655,558    18,587,986
                                    (7,999,715)   (1,497,409)   (938,141)   (10,435,265)

           2025 1231     1,696,639  4,985,163     753,502      717,417      8,152,721
          
                         1,696,639  4,985,163     753,502      717,417      8,152,721
                                    3,215,904        4,839     487,003      3,707,746
               8                                    (2,080)     (36,639)
                                                               (367,431)       (38,719)
                                    (2,910,151)   (223,134)                 (3,500,716)
                                                    (1,065)         (678)
                         1,696,639           84                                  (1,659)
          20251231                                532,062
                                    5,291,000                  799,672      8,319,373
          
                         1,696,639  16,200,926    2,245,417    2,007,276    22,150,258
                                    (10,909,926)  (1,713,355)  (1,207,604)  (13,830,885)

                         1,696,639  5,291,000     532,062      799,672      8,319,373
                                                                2025 357



           

15                                                                                   
                           (a)                                              
          202411         
                                                   
          
                         1,696,639  11,159,486     2,246,985    1,263,547   16,366,657
                                    (5,843,665)    (1,263,898)   (630,355)  (7,737,918)

           2024 1231     1,696,639   5,315,821        983,087   633,192     8,628,739
          
                         1,696,639  5,315,821      983,087      633,192     8,628,739
                                    1,825,427                   406,477     2,231,904
               8                                                 (18,413)
                                              (5)               (305,317)      (18,418)
                                    (2,156,080)    (230,593)                (2,691,990)
                                                      1,008        1,478
                         1,696,639                                               2,486
          20241231                                 753,502      717,417
                                    4,985,163                               8,152,721
          
                         1,696,639  12,984,878     2,250,911    1,655,558   18,587,986
                                    (7,999,715)    (1,497,409)   (938,141)  (10,435,265)

                         1,696,639   4,985,163        753,502   717,417     8,152,721

 

(a) 
                                                               

                      36       2025 20241231                   
          
358 



           

15    

 

(a)      

(i)  Zimi     

     2021  7  5        Zimi                                 

     1,382,143,000 

                                                      
             20251231                        

     (1)             -1%2%2024 2%12%   22%24%2024 21%22%    
                

     (2)      23%2024 23%                             
                                                  

     (3)                                   2.0%2024 2.0%

     20251231                          443,844,0002024   1,144,496,000
             5%      1%           318,963,000    295,868,0002024 
      985,726,000    990,985,000

                                2025 20241231         

(ii) 
                 2015   Duokan International Group Inc.Wali International        141,360,000   
          106,807,000                 5%                  2.0%2024 2.0%
             23%                                  

      202520241231
     
             2025 359



           

15            1231   

             2025        2024

                         
          
             2,795,169   2,081,820
               475,540     395,725
                  6,067       7,680
               223,940     206,765

             3,500,716   2,691,990

                                2025 20241231 
                 
360 



           

16                                    1231        2024
                                  2025      
      (i)                   

                       (a)   8,329,446       7,818,616
                             4,104,374       3,238,992
                                             2,358,316
                                872,857
                                            13,415,924
                      (b)   13,306,677
                  
                            (2,079,368)     (2,238,842)
                            (3,634,869)     (3,169,514)

                            (5,714,237)     (5,408,356)

 

(a)  202512313,189,548,000
          2024   7,553,707,000

(b)                                           

(ii)  

                             1231   

                            2025            2024

                                            

         (a)                2,351,531       1,928,872
                              201,032         165,770
              
                              300,144                
                
                              495,439         305,103

                            3,348,146       2,399,745
             2025 361



           

16  

                                

          2025  12  31                      2,902,504,000 2024    
        2,476,524,000             2,701,472,0002024   2,310,754,000  
               201,032,0002024   165,770,000

           

          (a)   2025  12  31                                       139,169,000 
                   2024     77,106,000    1,052,904,000 2024     772,124,000     1,159,458,000 2024    
                     1,079,642,000

17   

                       1231        2024
                   2025      
             

     16      13,306,677      13,415,924
    (a)       3,533,091       2,254,160
                 992,815      1,014,972
                 443,048         903,370
              1,940,335                 
                 562,765         832,801

             20,778,731      18,421,227
362 



           

17                                                           (ii)               
                                                                      
           
                                  1,384,676   1,222,707               2,607,383
          (a)                       250,145                             250,145
                                                                          20,662
                                                  20,662  1,237,567
                       202511                                         1,237,567
                                  1,634,821               1,237,567
                                              1,243,369               4,115,757
                       
                                  (129,452)   (223,771)               (353,223)
                       20251231    (39,096)    (26,693)   (158,451)   (224,240)
                                     (5,203)          
                                                                         (5,203)
                       202511     (173,751)   (250,464)
                           8                              (158,451)   (582,666)
                                
                                  1,461,070   992,905     1,079,116   3,533,091
                       20251231

                       
                       20251231
                                                          2025 363



           

17                                                           (ii)            
                                                                   
           
                                  1,362,237   1,214,806            2,577,043
          (a)                         22,439           
                                                                   22,439
                                                   7,901
                       202411     1,384,676                        7,901
                                              1,222,707
                                                                   2,607,383

                       20241231    (91,367)   (198,128)            (289,495)
                                   (32,493)    (24,326)
                                                                   (56,819)
                       202411        (5,592)     (1,317)
                           8                                       (5,592)
                                              (223,771)
                                  (129,452)                        (1,317)

                       20241231                                    (353,223)

                                  1,255,224   998,936              2,254,160
                       20241231
364 



           

17       

 

(a)    

(i)                2025 20241231            

                          1231

               2025                             2024

                                                         

                                                         

                                                         

               2,056,349  2,188,900           2,193,574  2,444,300

           2025 12  31                                              
            20251231
                                 3%7%2024  3%7%

(ii)                             20251231              
          1,237,567,000         

(iii) 20251231228,509,0002024 99,751,000110
              2024 1920251231                            

                                    1231                       2024
                                2025                     
                          

     1                                 344,663           104,827
      1    10                        1,379,246           180,286

                                     1,723,909           285,113
                                  2025 365



           

18                                          1231        2024
                                        2025      
                                  
           
                          19       80,881,337      62,112,188
                          19       29,273,546      28,123,777
                              19
                                                     1,681,062
                                                     1,255,767
                       21
                20                 15,239,877      14,588,579
                                   12,580,269      12,261,490
                        19         14,366,476      14,226,479
                        19         13,405,600
                  24(c)                              3,219,462
                                       200,000         700,163
                    24(a)         143,354,293
                                                   94,870,576
                                     4,578,635       5,476,417
                                   26,914,377
                                                   33,661,442
                                  340,794,410
                  30                              272,177,402
           
              33                     6,059,722       3,757,399
           
                16                110,699,472      98,280,585
                                   17,868,411      20,018,732
                                   36,123,659      30,603,018
                                     7,846,967
                                     5,714,237       8,688,290
                                                     5,408,356
                                  184,312,468
                                                  166,756,380
366                                    1231        2024
                                   2025      
                             

                                 200,000         700,163
                                              1,681,062
19                                           28,123,777
                             29,273,546
                                             30,505,002
                             29,473,546
             (i)                              3,219,462
                             13,405,600
                     (ii)                    14,401,979
                             19,944,672      33,537,891
                             35,198,710      10,339,549
                      (iii)  21,562,313
                                              3,832,769
                 (iv)         4,175,642
                 (v)                         65,331,650
             (vi)            94,286,937
            (vii)
             2025 367



           

19            1231   

             2025           2024

                            
          
              62,112,188    60,199,798
              20,002,270     7,379,556
             (13,619,909)   (6,417,997)
              13,159,807        517,577
                                433,254
                 (773,019)

             80,881,337     62,112,188

(i) 

        200,000,000 2.20% 
                                                 
        

(ii) 

         20251231 
              1.33%3.37%2024 0.65%5.85%        

(iii) 

                                                
                                   
368 



           

19                            1231        2024
                          2025      
      (iv)          

                    13,284,628      12,188,839
                     6,660,044       2,213,140

                    19,944,672      14,401,979

          
                                                
                          

                                                 
                                  3.3

(v)   

                                                 
                                                
                                                
                   3.3

(vi) 

        
                                               
        
             2025 369



           

19  

      (vii) 

                                                        
                

      (viii) 

              1231   

             2025            2024

                             

             6,315,573       (181,552)
             6,032,324       445,134
                             167,546
               892,149       495,734
               581,614

             13,821,660      926,862

20   

                       1231        2024
                   2025      
             

             12,628,387      12,338,748
                 (48,118)        (77,258)

             12,580,269      12,261,490
370 



           

20    

                                        

                         3.1

21   

 

                                        1231        2024
                                    2025      
                              

                              14,925,006      12,662,060
                                  624,032      2,468,572

                              15,549,038      15,130,632

                              (309,161)       (542,053)

                              15,239,877      14,588,579

                                        1231        2024
                                    2025      
                              
  
                              7,764,894       8,328,768
                              3,872,792       3,034,645
  
                                958,507         698,286
                                551,891         897,100
                              2,091,793       1,629,780

                              15,239,877      14,588,579
               2025 371



           

21              1231   

               2025            2024

                               
          
               (542,053)       (316,958)
                (79,310)       (245,625)
                312,202
                                 20,530

               (309,161)       (542,053)

           180                             

                         1231        2024
                     2025      
               

               11,963,353      12,652,651
                1,806,243          851,454
                1,117,839          526,725
                   427,200         224,018
                   234,403         875,784

               15,549,038      15,130,632
372 



           

22                          1231        2024
                        2025      
                  
          
                  10,291,390      9,883,334
                  11,724,707      9,852,853
                                  3,599,583
                   4,012,838
                      760,982       863,613
                      440,281       665,967
                                  1,629,608
                   3,829,677        605,693
                      466,986     2,207,872

                   2,406,837

                  33,933,698      29,308,523

                  (207,731)       (208,407)

                  33,725,967      29,100,116

 2025 20241231                               
                          2025 20241231      
     12       
                              2025 373



           

23                                      1231        2024
                                    2025      
                              
          
                              23,974,417      14,321,504
                              50,094,764      40,837,606
          
                               4,658,465       5,446,620
                               3,999,973       3,800,223
                               1,264,219
         2025 20241231                            579,858

                              83,991,838      64,985,811
          
                              (3,002,386)     (2,476,129)
          
                              80,989,452      62,509,682

                               1231   

                              2025            2024

                                              

                              (2,476,129)     (2,176,396)
                              (6,848,003)     (5,762,582)
                               6,321,746      5,462,849

                              (3,002,386)     (2,476,129)
374 



           

24                            1231        2024
                          2025      
      (a)           

                    20,962,824      29,150,161
                     5,951,553       4,511,281

                    26,914,377      33,661,442

                              1231        2024
                          2025      
                    
  
                    13,663,079      20,033,787
                     7,358,020      10,121,484
                     2,613,844
                     1,159,190          442,828
                        236,495      1,311,583
                     1,883,749
                                         75,701
                                     1,676,059

                    26,914,377      33,661,442

(b) 

        20251231    36              48,550,132,000     
        3,784,968,0002024 47,042,193,0004,016,462,000 
                                            2025 375



           

24                                                    1231        2024
                                                  2025      
      (c)                                   

                2025 20241231               34,439,410      21,629,189
                                            15,618,840      14,720,937
                   
                                             1,250,363                 
                                                       53            145
                  
                                            51,308,666      36,350,271

                                            81,239,731      54,313,459
                                            10,805,775       4,206,800
                                                                       46
                                                     121
                                                            58,520,305
                                            92,045,627
376 



           

25   

      (a) 

 
2025 20241231        270,000,000,000     0.0000025  

 
20251231 A B            4,511,553,144 21,535,682,134   
               A          10 B          
 

                                                   
                                                
                                        

202511              25,099,152  62      407 60,117,658

                    43,260                      517,910

                    (34,125)             (1,404,300)

               (a)  126,836                           

               (a)                      5 2,953,189

               (b)  800,000     2       14 39,225,977

       33(c)        12,112                      486,073

20251231            26,047,235  64      426 101,896,507

202411              25,073,427  62      407 60,778,287

                    54,485                      710,988

                    (272,648)           (5) (3,702,564)

               (a)  238,583                           

               (a)                      5 2,268,200

  Zimi 2021  

                    5,305                       62,747

20241231            25,099,152  62      407 60,117,658
             2025 377



           

25       

      (a)  

  

 

(a) 
                           

(b) 2025331 53.25800,000,000B
          42,600,000,000  

(b) 

                                  
                        

202511          4,213        34,678
             177,976     6,585,318
             (34,125)   (1,404,300)
             (14,457)     (487,604)

20251231     133,607    4,728,092

202411         32,828      438,291
             260,375    3,531,531
             (272,648)  (3,702,569)
              (16,342)    (232,575)

20241231     4,213      34,678

20251231 32.6053.25 40.75


20241231 12.0818.50 14.91

378 



           

26   

                

                                          

                                                                                           

                       

202511          8,960,378    2,296,381    3,639,896  51,871   248,917  1,764,799  151,006  17,113,248
        (a)                                816,722                                           816,722
                                                                                               (3,961)
                                                     (3,961)
 (c)28          5,365,075                       
                 (357,556)                                                         5,365,075

         11(b)                                                                     (357,556)

       11(b)                                                                      6,392    6,392

   25(a)(a)     (3,436,157)                                   50,731                       50,731

                                                                                   (3,436,157)

                                                                                  (7,263) (7,263)

                                                      (92,204)                     (92,204)
                                                
     (b)                     (2,789,645)                                140,801 140,801
                                                
                                                               (118,479)           (118,479)

                                                                                   (2,789,645)

                                                                                  (9,654) (9,654)

20251231        10,531,740 (493,264) 4,456,618       47,910 207,444 1,646,320 281,282 16,678,050
                                                                       2025 379



           

26    

                

                                        

                                                                                            

                       

202411          8,309,244    1,432,953  3,335,429  67,886    308,168   1,764,799  265,139   15,483,618
        (a)                              304,467                                              304,467
                                                                                               (16,015)
                                                   (16,015)
 (c)28          3,761,843                     
                 (617,499)                                                         3,761,843
                                                                                   (617,499)
         11(b)                                                         

       11(b)                                                                      (31,402) (31,402)

   25(a)(a)     (2,493,210)                                  13,327                         13,327

                                                                                   (2,493,210)

                                                                                  2,846     2,846

                                                             (32,740)                       (32,740)
2021Zimi                                      
                                                                                  (85,302)  (85,302)
     (b)                      863,428                                                       (62,747)
                                                             (62,747)                        22,909
                                                                                            863,428
                                                             22,909    
                                                                                    (275)      (275)
                                                                       

                                                                       

20241231        8,960,378 2,296,381 3,639,896      51,871 248,917 1,764,799 151,006 17,113,248
380 



           

26    

             
            (a)                                                    

                                                                      10%  
                                                         50%                
                                                  25% 
            (b) 
            (c)                                       28

27  

          2025 20241231                  
             2025 381



           

28   

        201155             2011       2011      
                     2011           10        2011   
                 35,905,172B   2014314       4 2018617   
            10    1,436,206,8802011                  

           2012  8  2011        2012                     
          2011                           10       
                                    45,905,172B   2014314
              4 2018617        10    1,836,206,880      
        B2,512,694,900 
        

        2018617 2018 2018
                                                   
        2018         B      1,568,094,311 

        2018617        2018       2018        (1) B     
           B  (2)
                                                 2018
                        B           1,118,806,541 
382 



           

28         

202368 2023 2023(1)B 
             B                      (2)   
                                    2023   
          B           2,503,959,565 

202466       2024         2024                 
                    




 

202511                            
                                  
         25(a)(a)  210,497,124
                     (8,189,521)      
                     (7,655,000)
                                            0.21
                   (41,260,466)             0.17
                                            0.10
                                            0.26

20251231           153,392,137                0.21
20251231   
                   134,848,040                0.22

202411             270,705,124                0.02

         25(a)(a)  (5,513,472)                0.12

                   (9,092,348)                0.10

                   (45,602,180)               0.29

20241231           210,497,124                0.21
20241231   
                   175,447,124                0.23

2025 20241231                     0.90 2.01 
                                           2025 383



           

28         

      2018

        
         2018                            

202511                                     
                                           
              117,700,000
                                               
20251231    
20251231        (2,000,000)                         24.82
                                                        
202411        115,700,000
               65,700,000                           24.50

              120,700,000                           24.82
20241231                                            25.07
20241231   
                (3,000,000)                         24.53
                                                        
              117,700,000
                13,775,000                          13.60

                                                    24.82
                                                    25.06

2025 20241231                     4.70 5.70 



384 



           

28         

2018


 2018                                        

                                            
                                               

                                        
                                  

                                                

202511              394,947,373   14.90
                    (23,362,132)  16.27
         25(a)(a)  (146,107,487)  15.03

20251231           225,477,754    14.66

202411             614,195,710    15.24
                    (36,860,739)  15.71
         25(a)(a)  (182,387,598)  15.90

20241231           394,947,373    14.90

202520241231 6.587.63 
                   2025 385



           

28         

2023


 2023                                      

                                           
                                              

                                       
                                 

                                               

202511             364,566,631   16.84
                   187,873,763   52.78
                   (30,235,632)  26.84
         25(a)(a)  (95,194,493)  17.79

20251231           427,010,269   31.74

202411             145,582,239   13.39
                   278,267,045   18.05
                   (22,761,054)  14.82
         25(a)(a)  (36,521,599)  13.55

20241231           364,566,631   16.84

202520241231 8.747.85 
386 



           

28         

      2024

        
         2024                               

202511                                        
                                              
              483,035,294
               12,412,684                         
20251231      (24,415,575)
                                                        0.10
202411        471,032,403                               0.10
                                                        0.10
                           
              510,335,236                               0.10
20241231       (27,299,942)
                                                           
              483,035,294                               0.10
                                                        0.10

                                                        0.10

20251231 20241231                     8.90 9.89 
                            2025 387



           

28         

      2024        

             
       
                                             

                             1231   

                            2025               2024

                            0.10               0.10 
                               4.58%      4.36%­4.58%
                                     
                                                         
                              47.87%   46.89%­47.87%
                                 10
                                                     10

 2025 20241231                                
    5,365,075,000    3,761,843,000 


2018617                         42,070,000      
         2018617   20          3.8325         


 2025 20241231            
388 



           

29                            1231        2024
                          2025      
               (a)  
              16
                    12,773,216      11,529,232
                     3,634,869       3,169,514
                     1,499,581       1,478,840
                     2,438,616       2,073,346
                         46,502          61,268

                    20,392,784      18,312,200

           

          (a)                                             
                      
                                                       

                      
                                        

                      
                     

30   

         202520241231 
        
                  2025 389



           

30                          1231        2024
                        2025      
                  

                  93,538,383      68,064,824
                  11,379,071      18,694,125
          
                   3,169,615       9,035,928
                      978,245      1,626,560

31                 1,634,158          859,148

                  110,699,472     98,280,585
          
                            1231        2024
                        2025      
                  
          
              16    780,007       1,111,377
                  5,458,897       4,397,878
                  9,171,591       7,897,341
                  4,674,232       3,670,402
                  2,147,819       2,145,851
                  2,750,624       2,101,538
                  2,079,368       2,238,842
                                  2,222,025
                                  3,949,644
                  2,886,499       2,381,930
                  1,304,061
                                    557,382
                    218,700       3,697,825
                  3,880,125

                  35,351,923      36,372,035

                     2025 20241231        
390 



           

32   

                                                 
         20251231          17,493,960,0002024   15,086,463,000 
        

33  

                       1231        2024
                   2025      
             

              1,754,255       1,827,365
     (a)     16,046,323      15,448,356
     (b)
     (c)      5,120,855                 

             22,921,433      17,275,721

                  73,094         73,094
     (a)     13,129,132      7,893,845
     (b)                     5,360,358
     (c)                

             13,202,226      13,327,297

 

(a)  2025  12  31     1,827,349,000 2024     1,900,459,000         2,458,384,000 2024    
          2,619,484,000                    2.80%2024 2.90%

(b)  2025  12  31    1,370,000,000     2024  280,000,000           78,775,000 2024    
          16,847,600        10.00%11.25%2024 14.00% 3,271,114,000     2024      
          81,745,0002024         11.85%2024             0.14%4.71%2024 2.22%
          5.22%
               2025 391



           

33  

 

(c) 20201217                 855,000,000  20271217            
                     2021127        10          36.74      
                                            20251217             
                                                

          20251231797,600,000  202712
          17        

                                      2025  12  31                     
                                   1      20251231          

           

               

202511         5,360,358

                244,004
               (367,594)
               (115,913)

20251231       5,120,855

202411         5,042,891

               239,647
                77,820

20241231       5,360,358

202520241231 1,646,320,0001,764,799,00026
20256 7           57,400,000                12,112,587B    
392 



           

34   



 2025  12  31                      1,213,677,000 2024     
1,224,886,000               

                       1231        2024
                   2025      
             

             1,717,716       1,555,467
   12        3,131,969       2,451,401
   12    

             4,849,685       4,006,868

             (3,579,620)     (2,472,267)
   12            (34,815)        (34,815)
   12    

             (3,614,435)     (2,507,082)
                                                                           2025 393



           

34     

                                     

 

                              

                                                                  

                                                                  

                                                                                    

                                                                                        

                    

202511    1,161,440  455,355  40,514 23,034 256,156     54,359 780,247 872,697       363,066 4,006,868
           550,201   130,532  3,822 117,152 (229,294)
                                                        22,489 (22,654) (39,024) 105,460 204,133 842,817

20251231  1,711,641 585,887 44,336 140,186 26,862 76,848 757,593 833,673 105,460 567,199 4,849,685

202411    906,011    367,103  30,226 212,807 123,115    76,714    526,144  319,317   97,136 2,658,573
          255,429    88,252   10,288 (189,773) 133,041  (22,355)  254,103  553,380   265,930 1,348,295

20241231  1,161,440 455,355 40,514 23,034 256,156 54,359 780,247 872,697             363,066 4,006,868

                                       
394 



           

34     

 

                             

                          

                          

                                     

                                                                       

                   

 202511      (1,497,400)  (125,636)  (10,081)  (118,844)  (754,796)     (325) (2,507,082)
               (808,736)  (276,005)  10,081      34,815    (40,829)  (26,679) (1,107,353)

20251231     (2,306,136) (401,641)             (84,029) (795,625) (27,004) (3,614,435)

 202411      (1,477,863)  (118,707)            (153,659)  (241,559)  (322) (1,992,110)
                (19,537)    (6,929)  (10,081)    34,815   (513,237)    (3) (514,972)

20241231     (1,497,400) (125,636) (10,081) (118,844) (754,796)      (325) (2,507,082)

 2025  12  31                                      
30,934,009,0002024   35,413,855,000           6,991,545,0002024 
 8,336,779,00020251231              1,010,748,0002024   
4,205,949,00023,452,623,0002024 23,161,627,000152024
 12
                                        2025 395



           

35                                       1231   

      (a)                               2025            2024

                                                        

                                        49,646,865      28,126,653
                                      
                                          5,256,031       3,626,279
                                          3,500,716       2,691,990
                   
                                             (13,739)          (9,147)
                                                              52,051
                                                            195,938
                                               (7,522)    5,762,582
                                          6,848,003         161,668
                                                         (3,836,204)
                                             295,245        212,447
                                         (5,380,680)        (298,647)
                                          3,634,735         (276,845)
                                                            (635,599)
                                            (213,906)
                                            (326,127)               
                                         (2,089,122)     (1,050,772)
                                                          3,726,085
                                             (73,729)
                                        (13,311,733)        319,630
                   
                                          5,365,075     (24,131,971)
                                             (95,656)    (8,387,158)
                                                         (2,567,194)
                                        (26,065,762)     (8,319,875)
                                             257,988        (735,361)
                                            (475,607)   36,092,511
                                                          2,966,496
                                         (4,768,348)      1,243,112
                                             509,810      7,876,262
                                                             (42,214)
                                         11,925,370
                                          2,691,526     42,762,717
                                          2,185,457
                                            (846,194)
                                             365,269

                                         38,813,965
396 



           

35      

       (b) 

                 16 11(b)19
                  152931
                  14 31 
                 33(c) 202520241231 
                 
                                                                                 2025 397



           

35      

(c)                                                                 

                                                                                              
                                               
                                                                                                                   
                                                                                                           
                                                                      

2025  11       30,603,018                                30,006 12,445,689 5,408,356 3,860,770 52,347,839


               4,644,601                                 (122,022)  (1,442,629)  (2,902,504)  (2,499,913)  (2,322,467)
                 838,009                                 103,543    2,368,981      201,032      123,170    3,634,735
                (330,409)                                                            (3,541)    (149,557)    (483,507)
        (a)      368,440                                                                                   5,383,154
                                                                      534,648    3,010,894    1,469,172

2025  12 31    36,123,659                                11,527 13,906,689 5,714,237 2,803,642 58,559,754


2024  11       27,857,345                                9,631 13,803,045        1,968,166    5,158,622 48,796,809


               6,136,699                                 (121,344)   (113,749)   (2,476,524)  (3,182,954)   242,128
                 857,111                                 141,719    (1,119,698)    165,770      167,545     212,447
                 263,736                                                                           5,787    269,523
        (a)                                                                                                2,826,932
               (4,511,873)                                           (123,909)   5,750,944    1,711,770

2024  12 31    30,603,018                                30,006 12,445,689       5,408,356    3,860,770 52,347,839


 
(a) 
398 



           

36   

                                   202112          
          
         
                                                  
                                     20251231 48,550,132,000
                 3,784,968,000      2024 47,042,193,000        
         4,016,462,000                
          
                   20251231                 
                                                    
          
                     2025 399



           

37                             1231        2024
                           2025      
      (a)            

                     1,163,377       1,358,296
                          6,257           6,390
                   
                     1,349,935       1,193,692
                  

                     2,519,569       2,558,378

(b) 

           
           
         16                               

                               1231        2024
                           2025      
                     

                     96,033           9,046
                     35,215          36,556

                         628             388

                     131,876         45,990
400 



           

38   

                                           
  

                                           


(a) 

                           1231   

                          2025            2024

                                          

(i)                       150,964         353,800
      

(ii)                      35,977,646      43,724,394
      

(b)                                 1231        2024
                                2025      
          (i)             
                
                          721,419         95,156
          (ii) 
                          2,405,240       10,418,355

          (iii)           2,571,096       442,112
                
                          152,458         116,504
          (iv) 
                

                        
                    2025 401



           

38                   1231   

      (c)           2025      2024

                              
                  
                     24,723    19,375
                     17,035    28,183
                    489,901   458,005

                       1,805     1,791

                    533,464   507,354

39   

2026112026324 133,581,200B 
    4,776,847,000         96,833,400 2026319   
402 



           

40                                    1231         2024
                                  2025       
      (a)                   

                                         36             27
                             48,273,282      42,888,797
                         
                                 564,180         188,141
                             48,837,498      43,076,965

                             55,583,791      22,877,669
                               1,549,454      1,520,771
                  
                             57,133,245      24,398,440
                            105,970,743      67,475,405
                  
                                       426            407
                            100,744,789      63,464,008
                     40(b)
                            100,745,215      63,464,415
                  
                               5,225,528      4,010,990
                               5,225,528      4,010,990
                            105,970,743      67,475,405
                  

         2026324                 

                            
                                                                                       2025 403



           

40            

(b) 

                                       

                                       

                                                                                                            

                     

202511         (34,678)   60,117,658   8,976,743    3,543,254    230,876 (11,107,908)  1,764,799  (26,736)  63,464,008
                                                                                                              340,432
                                                                  340,432                             
             (6,585,318)                                                                                    (6,585,318)
             1,404,300    (1,404,300)                                                                              
                          39,225,977                                                                  
                          2,953,189    (3,436,157)                                                          39,225,977
 28            487,604                                                                                          4,636
 28                                    5,365,075                         
                            517,910     (357,556)
                                                                         
                                             
                                                                                                   5,365,075
                                                                                                   160,354
(a)                         486,073                 (1,670,767)                        
                                                          
                                                                                                  6,722     6,722
                                 
                                                                 50,018                               50,018
                                                                                                      367,594
                                                                          (118,479)                   (1,670,767)
                                                                                                  16,058 16,058
                                                                                       

                                                                                       

20251231     (4,728,092) 101,896,507 10,548,105 1,872,487 280,894 (10,767,476) 1,646,320 (3,956) 100,744,789
404 



           

40            

(b)       

                                       

                                       

                                                                                                    

                     

202411       (438,291)    60,778,287   8,345,086    2,888,998  252,874   (10,808,995)  1,764,799  (7,163) 62,775,595
                                                                           (298,913)        
                                                                                                   (298,913)
                                                                                            
             (3,531,531)  (3,702,564)                                                              (3,531,531)
                          2,268,200    (2,493,210)
             3,702,569                                                                              5
                                       3,742,366
             232,575                                                                                7,565
                            710,988     (617,499)
                                                         
                                             
 28                                                                                                3,742,366
                                             
                                                         
                             62,747                  654,256
28                                                                                                 93,489



                                                                                                  (19,573) (19,573)



                                                               40,749                              40,749

2021Zimi

                                                               (62,747)                             

(a)                                                                                                654,256

20241231     (34,678) 60,117,658 8,976,743 3,543,254 230,876 (11,107,908) 1,764,799 (26,736) 63,464,008

 
(a) 
          2025 405



                                    
          
        
                                   
                20131226            
                           
        
              2018  6  17                   
          

          

          

           20101221
                               
        
                    2010210          
                           

           201471
                              

                    2010222       
                                
406 

         201458

                          

         200961

A                         

B       

        

        

             C1       

        0.0000025A 

            A                     

                                  

        

                 0.0000025  B    B   

        

                               

                         
      2025 407

        622                 

                 2010  1  5         

    

    

    

    

                              

    

    

    

                             

                        Smart Mobile

    Holdings LimitedSmart Player Limited

    

    

    
408 

        

        

        2026414                   

        B          

        201879           

                                 

        

                               GEM

        

             C3                   

            

                       

        

        
                       2025 409

        201155    2012824        
 
     

        2018625       

     

      20251231   

     

       (i)  

     (ii)                (iii)       

        (iv)         

               2012424       

                         

     

               571          

     

          A     B       

     

     
410 

                   15       

             

                                B  

                                 

             

             
Xiaomi EV
                 

             

             

                       2010825          

                                

             Xiaomi EV, Inc. 202185              

                              

             Xiaomi Finance Inc. 2018215

                                 
              2025 411

              

              Xiaomi H.K. Limited 201047            
                             
            
              
            
              
            
               201033
                             

               201258
                                  
            
               201858
                               

                  2018617             

2018                    

               201844
                             

                 2018617            
412 

2018               2018617           
                   202368          
2023                202466          
                
2024          

%             
