..............F.F.F...................FF.FFFFF..FF.F.FFFF          [100%]
================================== FAILURES ===================================
_ PeriodFlowIntegrationTests.test_forecast_math_and_point_stocks_unchanged_between_3_7_and_3_9 _

self = <test_m3_period_flow_contract.PeriodFlowIntegrationTests testMethod=test_forecast_math_and_point_stocks_unchanged_between_3_7_and_3_9>

    def test_forecast_math_and_point_stocks_unchanged_between_3_7_and_3_9(self) -> None:
        legacy = forecast_document()
        modern = schema_3_9_document()
        # A point-in-time stock keeps its basis and carries no period fields.
        stock = {
            "parameter_id": "point_stock",
            "kind": "reported_fact",
            "value": 30.0,
            "unit": "USD million",
            "period": "FY2025",
            "definition": "point-in-time stock",
            "time_basis": "point_in_time",
            "source_ids": ["filing"],
            "scenario": None,
        }
        for data in (legacy, modern):
            apply_parameter_contract(data, stock, "monetary_balance")
            stock["time_basis"] = "point_in_time"  # apply forces annual; restore
            data["parameters"].append(dict(stock))
            data["evidence_claims"].append(
                {
                    "claim_id": "claim_parameter_point_stock",
                    "source_id": "filing",
                    "target_type": "parameter",
                    "target_id": "point_stock",
                    "support_type": "exact_value",
                    "locator": "Balance note",
                    "excerpt": "Checked excerpt supporting the point-in-time stock.",
                    "excerpt_sha256": text_sha256(
                        "Checked excerpt supporting the point-in-time stock."
                    ),
                    "content_sha256": "a" * 64,
                    "verification_status": "opened_and_checked",
                    "verified_by": "test-research-agent",
                    "verified_date": data["as_of_date"],
                    "extracted_value": 30.0,
                    "unit": stock["unit"],
                    "period": stock["period"],
                    "capture_receipt_sha256": data["sources"][0]["capture"][
                        "receipt_sha256"
                    ],
                }
            )
            data["parameters"][-1]["claim_ids"] = ["claim_parameter_point_stock"]
>       legacy_result = run_forecast(legacy)
                        ^^^^^^^^^^^^^^^^^^^^

tests\test_m3_period_flow_contract.py:338: 
_ _ _ _ _ _ _ _ _ _ _ _ _ _ _ _ _ _ _ _ _ _ _ _ _ _ _ _ _ _ _ _ _ _ _ _ _ _ _ _
scripts\revenue_core.py:451: in run_forecast
    context = validate_published_forecast(result, data)
              ^^^^^^^^^^^^^^^^^^^^^^^^^^^^^^^^^^^^^^^^^
scripts\revenue_report.py:1329: in validate_published_forecast
    _validate_forecast_output(result, data)
_ _ _ _ _ _ _ _ _ _ _ _ _ _ _ _ _ _ _ _ _ _ _ _ _ _ _ _ _ _ _ _ _ _ _ _ _ _ _ _

result = {'company_name': 'Test Co', 'as_of_date': '2026-07-12', 'currency': 'USD', 'unit': 'million', ...}
data = {'company_name': 'Test Co', 'as_of_date': '2026-07-12', 'currency': 'USD', 'unit': 'million', ...}

    def _validate_forecast_output(
        result: dict[str, Any], data: dict[str, Any] | None
    ) -> None:
        if isinstance(result.get("input_document"), dict):
            # R1.1 (N-01): an embedded input document must hash to the claimed
            # anchor — it can never be silently swapped for a different input.
            verify_input_binding(result)
        if data is not None:
            # R6.2 (mutation patrol): parameter_trace order is semantic (consumers
            # index it); it must match the validated input's parameters exactly.
            require(
                result.get("parameter_trace") == data.get("parameters"),
                "parameter_trace must match the validated input parameters",
            )
        for key in result:
            if key == "input_document":
                continue
            require(
                str(key).strip().lower() not in PROHIBITED_OUTPUT_KEYS,
                f"prohibited non-revenue output key: root.{key}",
            )
        for key, value in result.items():
            if key not in ("result_sha256", "publication_receipt", "input_document"):
                _walk_keys(value, f"root.{key}")
        required = (
            "company_name",
            "as_of_date",
            "currency",
            "unit",
            "fiscal_year_end",
            "base_year",
            "forecast_years",
            "historical_revenue",
            "base_revenue",
            "segments",
            "consolidated_forecast",
            "confidence",
            "research_coverage",
            "parameter_trace",
            "sources",
            "evidence_claims",
            "schema_version",
            "engine_version",
            "input_sha256",
        )
        for key in required:
            require(key in result, f"forecast output missing field: {key}")
        require(
            result["schema_version"] in SUPPORTED_FORECAST_SCHEMA_VERSIONS,
            "forecast output schema_version mismatch",
        )
        # R6.2 (mutation patrol): the historical sequence is ordered and semantic —
        # a shuffled year list must be rejected, matching the input-side contract.
        history = result["historical_revenue"]
        require(isinstance(history, list), "historical_revenue must be a list")
        history_years = [
            record.get("year") for record in history if isinstance(record, dict)
        ]
        require(
            history_years == sorted(history_years),
            "historical_revenue must be ordered by year",
        )
        require_validating_engine(
            result["schema_version"], result["engine_version"], "output"
        )
        if requires_bound_input_schema(result["schema_version"]):
            require(
                "management_target_coverage" in result,
                "forecast output missing field: management_target_coverage",
            )
            require(
                "growth_driver_analysis" in result,
                "forecast output missing field: growth_driver_analysis",
            )
            require(
                "workflow_compliance_receipt" in result,
                "forecast output missing field: workflow_compliance_receipt",
            )
            # R6.2 (mutation patrol): every engine-produced key is part of the
            # artifact contract — deleting any of them must be rejected.
            for _engine_key in (
                "data_gaps",
                "disconfirming_indicators",
                "forecast_version",
                "historical_accuracy_records",
                "probability_weighted_forecast",
                "scenario_probabilities",
                "sensitivities",
                "theme_analysis",
            ):
                require(
                    _engine_key in result,
                    f"forecast output missing field: {_engine_key}",
                )
        elif result["schema_version"] == "3.4":
            require(
                "management_target_coverage" in result,
                "forecast output missing field: management_target_coverage",
            )
            require(
                "growth_driver_analysis" in result,
                "forecast output missing field: growth_driver_analysis",
            )
            require(
                "workflow_compliance_receipt" in result,
                "forecast output missing field: workflow_compliance_receipt",
            )
        elif result["schema_version"] == "3.5":
            require(
                "management_target_coverage" in result,
                "forecast output missing field: management_target_coverage",
            )
            require(
                "growth_driver_analysis" in result,
                "forecast output missing field: growth_driver_analysis",
            )
            require(
                "workflow_compliance_receipt" in result,
                "forecast output missing field: workflow_compliance_receipt",
            )
        elif result["schema_version"] == "3.3":
            require(
                "management_target_coverage" in result,
                "forecast output missing field: management_target_coverage",
            )
            require(
                "growth_driver_analysis" in result,
                "forecast output missing field: growth_driver_analysis",
            )
        elif result["schema_version"] == "3.2":
            require(
                "management_target_coverage" in result,
                "forecast output missing field: management_target_coverage",
            )
        elif result["schema_version"] == "3.1":
            require(
                "management_target_coverage" in result,
                "forecast output missing field: management_target_coverage",
            )
        hash_payload = {
            key: value for key, value in result.items() if key != "result_sha256"
        }
        years = list(map(str, result["forecast_years"]))
        base = float(result["base_revenue"])
        consolidated = result["consolidated_forecast"]
        parameter_index = {
            parameter["parameter_id"]: parameter for parameter in result["parameter_trace"]
        }
        segment_index = {segment["name"]: segment for segment in result["segments"]}
        require(
            len(segment_index) == len(result["segments"]),
            "forecast output contains duplicate segment names",
        )
        for segment in result["segments"]:
            for scenario in SCENARIOS:
                output = segment["scenarios"][scenario]
                recalculated = calculate_model_path(
                    output["model"],
                    float(segment["base_revenue"]),
                    output["driver_parameter_ids"],
                    parameter_index,
                    list(map(int, result["forecast_years"])),
                    scenario,
                )
                require(
                    recalculated["annual_revenue"] == output["modeled_activity"],
                    f"segment modeled activity mismatch: {segment['name']}/{scenario}",
                )
                modeled = list(output["modeled_activity"].values())
                recognition = segment["recognition"]
                if recognition["timing"] == "over_time":
                    progress = list(output["progress_values"].values())
                    expected_recognized = [
                        value * factor for value, factor in zip(modeled, progress)
                    ]
                elif recognition["mode"] == "lagged_activity":
                    lag = recognition["lag_years"]
                    expected_recognized = list(output["carry_in_revenue"]) + modeled[:-lag]
                else:
                    expected_recognized = modeled
                observed_recognized = list(output["recognized_revenue"].values())
                require(
                    all(
                        math.isclose(left, right, rel_tol=1e-9, abs_tol=1e-9)
                        for left, right in zip(expected_recognized, observed_recognized)
                    ),
                    f"segment recognized revenue mismatch: {segment['name']}/{scenario}",
                )
            for year in years:
                require(
                    segment["scenarios"]["low"]["recognized_revenue"][year]
                    <= segment["scenarios"]["base"]["recognized_revenue"][year]
                    <= segment["scenarios"]["high"]["recognized_revenue"][year],
                    f"segment scenario ordering mismatch: {segment['name']}/{year}",
                )
    
        # Opening presentation and incremental denominators must use the same
        # authored foundation as the forecast calculation.
        _validate_segment_opening_bases(result, parameter_index, years, data)
    
        current_constraint_contract = (
            result["schema_version"],
            result["engine_version"],
        ) in {
            ("3.2", "3.3.0"),
            ("3.3", "3.4.0"),
            ("3.5", ENGINE_VERSION),
>           (FORECAST_SCHEMA_VERSION, ENGINE_VERSION),
             ^^^^^^^^^^^^^^^^^^^^^^^
        }
E       NameError: name 'FORECAST_SCHEMA_VERSION' is not defined

scripts\revenue_report.py:597: NameError
_ PeriodFlowIntegrationTests.test_published_3_9_result_strong_validates_and_renders _

self = <test_m3_period_flow_contract.PeriodFlowIntegrationTests testMethod=test_published_3_9_result_strong_validates_and_renders>

    def test_published_3_9_result_strong_validates_and_renders(self) -> None:
        data = schema_3_9_document()
        add_flow_parameter(data, "half_h1", 100.0, "2026-01-01", "2026-06-30", 2026)
>       result = run_forecast(data)
                 ^^^^^^^^^^^^^^^^^^

tests\test_m3_period_flow_contract.py:391: 
_ _ _ _ _ _ _ _ _ _ _ _ _ _ _ _ _ _ _ _ _ _ _ _ _ _ _ _ _ _ _ _ _ _ _ _ _ _ _ _
scripts\revenue_core.py:451: in run_forecast
    context = validate_published_forecast(result, data)
              ^^^^^^^^^^^^^^^^^^^^^^^^^^^^^^^^^^^^^^^^^
scripts\revenue_report.py:1329: in validate_published_forecast
    _validate_forecast_output(result, data)
_ _ _ _ _ _ _ _ _ _ _ _ _ _ _ _ _ _ _ _ _ _ _ _ _ _ _ _ _ _ _ _ _ _ _ _ _ _ _ _

result = {'company_name': 'Test Co', 'as_of_date': '2026-07-12', 'currency': 'USD', 'unit': 'million', ...}
data = {'company_name': 'Test Co', 'as_of_date': '2026-07-12', 'currency': 'USD', 'unit': 'million', ...}

    def _validate_forecast_output(
        result: dict[str, Any], data: dict[str, Any] | None
    ) -> None:
        if isinstance(result.get("input_document"), dict):
            # R1.1 (N-01): an embedded input document must hash to the claimed
            # anchor — it can never be silently swapped for a different input.
            verify_input_binding(result)
        if data is not None:
            # R6.2 (mutation patrol): parameter_trace order is semantic (consumers
            # index it); it must match the validated input's parameters exactly.
            require(
                result.get("parameter_trace") == data.get("parameters"),
                "parameter_trace must match the validated input parameters",
            )
        for key in result:
            if key == "input_document":
                continue
            require(
                str(key).strip().lower() not in PROHIBITED_OUTPUT_KEYS,
                f"prohibited non-revenue output key: root.{key}",
            )
        for key, value in result.items():
            if key not in ("result_sha256", "publication_receipt", "input_document"):
                _walk_keys(value, f"root.{key}")
        required = (
            "company_name",
            "as_of_date",
            "currency",
            "unit",
            "fiscal_year_end",
            "base_year",
            "forecast_years",
            "historical_revenue",
            "base_revenue",
            "segments",
            "consolidated_forecast",
            "confidence",
            "research_coverage",
            "parameter_trace",
            "sources",
            "evidence_claims",
            "schema_version",
            "engine_version",
            "input_sha256",
        )
        for key in required:
            require(key in result, f"forecast output missing field: {key}")
        require(
            result["schema_version"] in SUPPORTED_FORECAST_SCHEMA_VERSIONS,
            "forecast output schema_version mismatch",
        )
        # R6.2 (mutation patrol): the historical sequence is ordered and semantic —
        # a shuffled year list must be rejected, matching the input-side contract.
        history = result["historical_revenue"]
        require(isinstance(history, list), "historical_revenue must be a list")
        history_years = [
            record.get("year") for record in history if isinstance(record, dict)
        ]
        require(
            history_years == sorted(history_years),
            "historical_revenue must be ordered by year",
        )
        require_validating_engine(
            result["schema_version"], result["engine_version"], "output"
        )
        if requires_bound_input_schema(result["schema_version"]):
            require(
                "management_target_coverage" in result,
                "forecast output missing field: management_target_coverage",
            )
            require(
                "growth_driver_analysis" in result,
                "forecast output missing field: growth_driver_analysis",
            )
            require(
                "workflow_compliance_receipt" in result,
                "forecast output missing field: workflow_compliance_receipt",
            )
            # R6.2 (mutation patrol): every engine-produced key is part of the
            # artifact contract — deleting any of them must be rejected.
            for _engine_key in (
                "data_gaps",
                "disconfirming_indicators",
                "forecast_version",
                "historical_accuracy_records",
                "probability_weighted_forecast",
                "scenario_probabilities",
                "sensitivities",
                "theme_analysis",
            ):
                require(
                    _engine_key in result,
                    f"forecast output missing field: {_engine_key}",
                )
        elif result["schema_version"] == "3.4":
            require(
                "management_target_coverage" in result,
                "forecast output missing field: management_target_coverage",
            )
            require(
                "growth_driver_analysis" in result,
                "forecast output missing field: growth_driver_analysis",
            )
            require(
                "workflow_compliance_receipt" in result,
                "forecast output missing field: workflow_compliance_receipt",
            )
        elif result["schema_version"] == "3.5":
            require(
                "management_target_coverage" in result,
                "forecast output missing field: management_target_coverage",
            )
            require(
                "growth_driver_analysis" in result,
                "forecast output missing field: growth_driver_analysis",
            )
            require(
                "workflow_compliance_receipt" in result,
                "forecast output missing field: workflow_compliance_receipt",
            )
        elif result["schema_version"] == "3.3":
            require(
                "management_target_coverage" in result,
                "forecast output missing field: management_target_coverage",
            )
            require(
                "growth_driver_analysis" in result,
                "forecast output missing field: growth_driver_analysis",
            )
        elif result["schema_version"] == "3.2":
            require(
                "management_target_coverage" in result,
                "forecast output missing field: management_target_coverage",
            )
        elif result["schema_version"] == "3.1":
            require(
                "management_target_coverage" in result,
                "forecast output missing field: management_target_coverage",
            )
        hash_payload = {
            key: value for key, value in result.items() if key != "result_sha256"
        }
        years = list(map(str, result["forecast_years"]))
        base = float(result["base_revenue"])
        consolidated = result["consolidated_forecast"]
        parameter_index = {
            parameter["parameter_id"]: parameter for parameter in result["parameter_trace"]
        }
        segment_index = {segment["name"]: segment for segment in result["segments"]}
        require(
            len(segment_index) == len(result["segments"]),
            "forecast output contains duplicate segment names",
        )
        for segment in result["segments"]:
            for scenario in SCENARIOS:
                output = segment["scenarios"][scenario]
                recalculated = calculate_model_path(
                    output["model"],
                    float(segment["base_revenue"]),
                    output["driver_parameter_ids"],
                    parameter_index,
                    list(map(int, result["forecast_years"])),
                    scenario,
                )
                require(
                    recalculated["annual_revenue"] == output["modeled_activity"],
                    f"segment modeled activity mismatch: {segment['name']}/{scenario}",
                )
                modeled = list(output["modeled_activity"].values())
                recognition = segment["recognition"]
                if recognition["timing"] == "over_time":
                    progress = list(output["progress_values"].values())
                    expected_recognized = [
                        value * factor for value, factor in zip(modeled, progress)
                    ]
                elif recognition["mode"] == "lagged_activity":
                    lag = recognition["lag_years"]
                    expected_recognized = list(output["carry_in_revenue"]) + modeled[:-lag]
                else:
                    expected_recognized = modeled
                observed_recognized = list(output["recognized_revenue"].values())
                require(
                    all(
                        math.isclose(left, right, rel_tol=1e-9, abs_tol=1e-9)
                        for left, right in zip(expected_recognized, observed_recognized)
                    ),
                    f"segment recognized revenue mismatch: {segment['name']}/{scenario}",
                )
            for year in years:
                require(
                    segment["scenarios"]["low"]["recognized_revenue"][year]
                    <= segment["scenarios"]["base"]["recognized_revenue"][year]
                    <= segment["scenarios"]["high"]["recognized_revenue"][year],
                    f"segment scenario ordering mismatch: {segment['name']}/{year}",
                )
    
        # Opening presentation and incremental denominators must use the same
        # authored foundation as the forecast calculation.
        _validate_segment_opening_bases(result, parameter_index, years, data)
    
        current_constraint_contract = (
            result["schema_version"],
            result["engine_version"],
        ) in {
            ("3.2", "3.3.0"),
            ("3.3", "3.4.0"),
            ("3.5", ENGINE_VERSION),
>           (FORECAST_SCHEMA_VERSION, ENGINE_VERSION),
             ^^^^^^^^^^^^^^^^^^^^^^^
        }
E       NameError: name 'FORECAST_SCHEMA_VERSION' is not defined

scripts\revenue_report.py:597: NameError
___ MechanismRoleUnitTests.test_confidence_does_not_rise_from_role_category ___

self = <test_m3_evidence_roles.MechanismRoleUnitTests testMethod=test_confidence_does_not_rise_from_role_category>

    def test_confidence_does_not_rise_from_role_category(self) -> None:
        def score_for(roles: list[str]) -> float:
            data = role_document(
                PERIOD_EVIDENCE_SCHEMA_VERSION,
                [
                    {"roles": [roles[0]], "source_id": "filing", "evidence_type": "company_execution"},
                    {"roles": [roles[1]], "source_id": "transcript", "evidence_type": "operating_metrics"},
                ],
            )
            return run_forecast(data)["confidence"]["score"]
    
>       history_score = score_for(["history_base", "history_base"])
                        ^^^^^^^^^^^^^^^^^^^^^^^^^^^^^^^^^^^^^^^^^^^

tests\test_m3_evidence_roles.py:290: 
_ _ _ _ _ _ _ _ _ _ _ _ _ _ _ _ _ _ _ _ _ _ _ _ _ _ _ _ _ _ _ _ _ _ _ _ _ _ _ _
tests\test_m3_evidence_roles.py:288: in score_for
    return run_forecast(data)["confidence"]["score"]
           ^^^^^^^^^^^^^^^^^^
scripts\revenue_core.py:451: in run_forecast
    context = validate_published_forecast(result, data)
              ^^^^^^^^^^^^^^^^^^^^^^^^^^^^^^^^^^^^^^^^^
scripts\revenue_report.py:1329: in validate_published_forecast
    _validate_forecast_output(result, data)
_ _ _ _ _ _ _ _ _ _ _ _ _ _ _ _ _ _ _ _ _ _ _ _ _ _ _ _ _ _ _ _ _ _ _ _ _ _ _ _

result = {'company_name': 'Test Co', 'as_of_date': '2026-07-12', 'currency': 'USD', 'unit': 'million', ...}
data = {'company_name': 'Test Co', 'as_of_date': '2026-07-12', 'currency': 'USD', 'unit': 'million', ...}

    def _validate_forecast_output(
        result: dict[str, Any], data: dict[str, Any] | None
    ) -> None:
        if isinstance(result.get("input_document"), dict):
            # R1.1 (N-01): an embedded input document must hash to the claimed
            # anchor — it can never be silently swapped for a different input.
            verify_input_binding(result)
        if data is not None:
            # R6.2 (mutation patrol): parameter_trace order is semantic (consumers
            # index it); it must match the validated input's parameters exactly.
            require(
                result.get("parameter_trace") == data.get("parameters"),
                "parameter_trace must match the validated input parameters",
            )
        for key in result:
            if key == "input_document":
                continue
            require(
                str(key).strip().lower() not in PROHIBITED_OUTPUT_KEYS,
                f"prohibited non-revenue output key: root.{key}",
            )
        for key, value in result.items():
            if key not in ("result_sha256", "publication_receipt", "input_document"):
                _walk_keys(value, f"root.{key}")
        required = (
            "company_name",
            "as_of_date",
            "currency",
            "unit",
            "fiscal_year_end",
            "base_year",
            "forecast_years",
            "historical_revenue",
            "base_revenue",
            "segments",
            "consolidated_forecast",
            "confidence",
            "research_coverage",
            "parameter_trace",
            "sources",
            "evidence_claims",
            "schema_version",
            "engine_version",
            "input_sha256",
        )
        for key in required:
            require(key in result, f"forecast output missing field: {key}")
        require(
            result["schema_version"] in SUPPORTED_FORECAST_SCHEMA_VERSIONS,
            "forecast output schema_version mismatch",
        )
        # R6.2 (mutation patrol): the historical sequence is ordered and semantic —
        # a shuffled year list must be rejected, matching the input-side contract.
        history = result["historical_revenue"]
        require(isinstance(history, list), "historical_revenue must be a list")
        history_years = [
            record.get("year") for record in history if isinstance(record, dict)
        ]
        require(
            history_years == sorted(history_years),
            "historical_revenue must be ordered by year",
        )
        require_validating_engine(
            result["schema_version"], result["engine_version"], "output"
        )
        if requires_bound_input_schema(result["schema_version"]):
            require(
                "management_target_coverage" in result,
                "forecast output missing field: management_target_coverage",
            )
            require(
                "growth_driver_analysis" in result,
                "forecast output missing field: growth_driver_analysis",
            )
            require(
                "workflow_compliance_receipt" in result,
                "forecast output missing field: workflow_compliance_receipt",
            )
            # R6.2 (mutation patrol): every engine-produced key is part of the
            # artifact contract — deleting any of them must be rejected.
            for _engine_key in (
                "data_gaps",
                "disconfirming_indicators",
                "forecast_version",
                "historical_accuracy_records",
                "probability_weighted_forecast",
                "scenario_probabilities",
                "sensitivities",
                "theme_analysis",
            ):
                require(
                    _engine_key in result,
                    f"forecast output missing field: {_engine_key}",
                )
        elif result["schema_version"] == "3.4":
            require(
                "management_target_coverage" in result,
                "forecast output missing field: management_target_coverage",
            )
            require(
                "growth_driver_analysis" in result,
                "forecast output missing field: growth_driver_analysis",
            )
            require(
                "workflow_compliance_receipt" in result,
                "forecast output missing field: workflow_compliance_receipt",
            )
        elif result["schema_version"] == "3.5":
            require(
                "management_target_coverage" in result,
                "forecast output missing field: management_target_coverage",
            )
            require(
                "growth_driver_analysis" in result,
                "forecast output missing field: growth_driver_analysis",
            )
            require(
                "workflow_compliance_receipt" in result,
                "forecast output missing field: workflow_compliance_receipt",
            )
        elif result["schema_version"] == "3.3":
            require(
                "management_target_coverage" in result,
                "forecast output missing field: management_target_coverage",
            )
            require(
                "growth_driver_analysis" in result,
                "forecast output missing field: growth_driver_analysis",
            )
        elif result["schema_version"] == "3.2":
            require(
                "management_target_coverage" in result,
                "forecast output missing field: management_target_coverage",
            )
        elif result["schema_version"] == "3.1":
            require(
                "management_target_coverage" in result,
                "forecast output missing field: management_target_coverage",
            )
        hash_payload = {
            key: value for key, value in result.items() if key != "result_sha256"
        }
        years = list(map(str, result["forecast_years"]))
        base = float(result["base_revenue"])
        consolidated = result["consolidated_forecast"]
        parameter_index = {
            parameter["parameter_id"]: parameter for parameter in result["parameter_trace"]
        }
        segment_index = {segment["name"]: segment for segment in result["segments"]}
        require(
            len(segment_index) == len(result["segments"]),
            "forecast output contains duplicate segment names",
        )
        for segment in result["segments"]:
            for scenario in SCENARIOS:
                output = segment["scenarios"][scenario]
                recalculated = calculate_model_path(
                    output["model"],
                    float(segment["base_revenue"]),
                    output["driver_parameter_ids"],
                    parameter_index,
                    list(map(int, result["forecast_years"])),
                    scenario,
                )
                require(
                    recalculated["annual_revenue"] == output["modeled_activity"],
                    f"segment modeled activity mismatch: {segment['name']}/{scenario}",
                )
                modeled = list(output["modeled_activity"].values())
                recognition = segment["recognition"]
                if recognition["timing"] == "over_time":
                    progress = list(output["progress_values"].values())
                    expected_recognized = [
                        value * factor for value, factor in zip(modeled, progress)
                    ]
                elif recognition["mode"] == "lagged_activity":
                    lag = recognition["lag_years"]
                    expected_recognized = list(output["carry_in_revenue"]) + modeled[:-lag]
                else:
                    expected_recognized = modeled
                observed_recognized = list(output["recognized_revenue"].values())
                require(
                    all(
                        math.isclose(left, right, rel_tol=1e-9, abs_tol=1e-9)
                        for left, right in zip(expected_recognized, observed_recognized)
                    ),
                    f"segment recognized revenue mismatch: {segment['name']}/{scenario}",
                )
            for year in years:
                require(
                    segment["scenarios"]["low"]["recognized_revenue"][year]
                    <= segment["scenarios"]["base"]["recognized_revenue"][year]
                    <= segment["scenarios"]["high"]["recognized_revenue"][year],
                    f"segment scenario ordering mismatch: {segment['name']}/{year}",
                )
    
        # Opening presentation and incremental denominators must use the same
        # authored foundation as the forecast calculation.
        _validate_segment_opening_bases(result, parameter_index, years, data)
    
        current_constraint_contract = (
            result["schema_version"],
            result["engine_version"],
        ) in {
            ("3.2", "3.3.0"),
            ("3.3", "3.4.0"),
            ("3.5", ENGINE_VERSION),
>           (FORECAST_SCHEMA_VERSION, ENGINE_VERSION),
             ^^^^^^^^^^^^^^^^^^^^^^^
        }
E       NameError: name 'FORECAST_SCHEMA_VERSION' is not defined

scripts\revenue_report.py:597: NameError
_ GrowthDriverTreeTests.test_drivers_are_ranked_by_reconciled_terminal_increment _

self = <test_growth_driver_tree.GrowthDriverTreeTests testMethod=test_drivers_are_ranked_by_reconciled_terminal_increment>

    def test_drivers_are_ranked_by_reconciled_terminal_increment(self) -> None:
>       result = run_forecast(forecast_document())
                 ^^^^^^^^^^^^^^^^^^^^^^^^^^^^^^^^^

tests\test_growth_driver_tree.py:25: 
_ _ _ _ _ _ _ _ _ _ _ _ _ _ _ _ _ _ _ _ _ _ _ _ _ _ _ _ _ _ _ _ _ _ _ _ _ _ _ _
scripts\revenue_core.py:451: in run_forecast
    context = validate_published_forecast(result, data)
              ^^^^^^^^^^^^^^^^^^^^^^^^^^^^^^^^^^^^^^^^^
scripts\revenue_report.py:1329: in validate_published_forecast
    _validate_forecast_output(result, data)
_ _ _ _ _ _ _ _ _ _ _ _ _ _ _ _ _ _ _ _ _ _ _ _ _ _ _ _ _ _ _ _ _ _ _ _ _ _ _ _

result = {'company_name': 'Test Co', 'as_of_date': '2026-07-12', 'currency': 'USD', 'unit': 'million', ...}
data = {'company_name': 'Test Co', 'as_of_date': '2026-07-12', 'currency': 'USD', 'unit': 'million', ...}

    def _validate_forecast_output(
        result: dict[str, Any], data: dict[str, Any] | None
    ) -> None:
        if isinstance(result.get("input_document"), dict):
            # R1.1 (N-01): an embedded input document must hash to the claimed
            # anchor — it can never be silently swapped for a different input.
            verify_input_binding(result)
        if data is not None:
            # R6.2 (mutation patrol): parameter_trace order is semantic (consumers
            # index it); it must match the validated input's parameters exactly.
            require(
                result.get("parameter_trace") == data.get("parameters"),
                "parameter_trace must match the validated input parameters",
            )
        for key in result:
            if key == "input_document":
                continue
            require(
                str(key).strip().lower() not in PROHIBITED_OUTPUT_KEYS,
                f"prohibited non-revenue output key: root.{key}",
            )
        for key, value in result.items():
            if key not in ("result_sha256", "publication_receipt", "input_document"):
                _walk_keys(value, f"root.{key}")
        required = (
            "company_name",
            "as_of_date",
            "currency",
            "unit",
            "fiscal_year_end",
            "base_year",
            "forecast_years",
            "historical_revenue",
            "base_revenue",
            "segments",
            "consolidated_forecast",
            "confidence",
            "research_coverage",
            "parameter_trace",
            "sources",
            "evidence_claims",
            "schema_version",
            "engine_version",
            "input_sha256",
        )
        for key in required:
            require(key in result, f"forecast output missing field: {key}")
        require(
            result["schema_version"] in SUPPORTED_FORECAST_SCHEMA_VERSIONS,
            "forecast output schema_version mismatch",
        )
        # R6.2 (mutation patrol): the historical sequence is ordered and semantic —
        # a shuffled year list must be rejected, matching the input-side contract.
        history = result["historical_revenue"]
        require(isinstance(history, list), "historical_revenue must be a list")
        history_years = [
            record.get("year") for record in history if isinstance(record, dict)
        ]
        require(
            history_years == sorted(history_years),
            "historical_revenue must be ordered by year",
        )
        require_validating_engine(
            result["schema_version"], result["engine_version"], "output"
        )
        if requires_bound_input_schema(result["schema_version"]):
            require(
                "management_target_coverage" in result,
                "forecast output missing field: management_target_coverage",
            )
            require(
                "growth_driver_analysis" in result,
                "forecast output missing field: growth_driver_analysis",
            )
            require(
                "workflow_compliance_receipt" in result,
                "forecast output missing field: workflow_compliance_receipt",
            )
            # R6.2 (mutation patrol): every engine-produced key is part of the
            # artifact contract — deleting any of them must be rejected.
            for _engine_key in (
                "data_gaps",
                "disconfirming_indicators",
                "forecast_version",
                "historical_accuracy_records",
                "probability_weighted_forecast",
                "scenario_probabilities",
                "sensitivities",
                "theme_analysis",
            ):
                require(
                    _engine_key in result,
                    f"forecast output missing field: {_engine_key}",
                )
        elif result["schema_version"] == "3.4":
            require(
                "management_target_coverage" in result,
                "forecast output missing field: management_target_coverage",
            )
            require(
                "growth_driver_analysis" in result,
                "forecast output missing field: growth_driver_analysis",
            )
            require(
                "workflow_compliance_receipt" in result,
                "forecast output missing field: workflow_compliance_receipt",
            )
        elif result["schema_version"] == "3.5":
            require(
                "management_target_coverage" in result,
                "forecast output missing field: management_target_coverage",
            )
            require(
                "growth_driver_analysis" in result,
                "forecast output missing field: growth_driver_analysis",
            )
            require(
                "workflow_compliance_receipt" in result,
                "forecast output missing field: workflow_compliance_receipt",
            )
        elif result["schema_version"] == "3.3":
            require(
                "management_target_coverage" in result,
                "forecast output missing field: management_target_coverage",
            )
            require(
                "growth_driver_analysis" in result,
                "forecast output missing field: growth_driver_analysis",
            )
        elif result["schema_version"] == "3.2":
            require(
                "management_target_coverage" in result,
                "forecast output missing field: management_target_coverage",
            )
        elif result["schema_version"] == "3.1":
            require(
                "management_target_coverage" in result,
                "forecast output missing field: management_target_coverage",
            )
        hash_payload = {
            key: value for key, value in result.items() if key != "result_sha256"
        }
        years = list(map(str, result["forecast_years"]))
        base = float(result["base_revenue"])
        consolidated = result["consolidated_forecast"]
        parameter_index = {
            parameter["parameter_id"]: parameter for parameter in result["parameter_trace"]
        }
        segment_index = {segment["name"]: segment for segment in result["segments"]}
        require(
            len(segment_index) == len(result["segments"]),
            "forecast output contains duplicate segment names",
        )
        for segment in result["segments"]:
            for scenario in SCENARIOS:
                output = segment["scenarios"][scenario]
                recalculated = calculate_model_path(
                    output["model"],
                    float(segment["base_revenue"]),
                    output["driver_parameter_ids"],
                    parameter_index,
                    list(map(int, result["forecast_years"])),
                    scenario,
                )
                require(
                    recalculated["annual_revenue"] == output["modeled_activity"],
                    f"segment modeled activity mismatch: {segment['name']}/{scenario}",
                )
                modeled = list(output["modeled_activity"].values())
                recognition = segment["recognition"]
                if recognition["timing"] == "over_time":
                    progress = list(output["progress_values"].values())
                    expected_recognized = [
                        value * factor for value, factor in zip(modeled, progress)
                    ]
                elif recognition["mode"] == "lagged_activity":
                    lag = recognition["lag_years"]
                    expected_recognized = list(output["carry_in_revenue"]) + modeled[:-lag]
                else:
                    expected_recognized = modeled
                observed_recognized = list(output["recognized_revenue"].values())
                require(
                    all(
                        math.isclose(left, right, rel_tol=1e-9, abs_tol=1e-9)
                        for left, right in zip(expected_recognized, observed_recognized)
                    ),
                    f"segment recognized revenue mismatch: {segment['name']}/{scenario}",
                )
            for year in years:
                require(
                    segment["scenarios"]["low"]["recognized_revenue"][year]
                    <= segment["scenarios"]["base"]["recognized_revenue"][year]
                    <= segment["scenarios"]["high"]["recognized_revenue"][year],
                    f"segment scenario ordering mismatch: {segment['name']}/{year}",
                )
    
        # Opening presentation and incremental denominators must use the same
        # authored foundation as the forecast calculation.
        _validate_segment_opening_bases(result, parameter_index, years, data)
    
        current_constraint_contract = (
            result["schema_version"],
            result["engine_version"],
        ) in {
            ("3.2", "3.3.0"),
            ("3.3", "3.4.0"),
            ("3.5", ENGINE_VERSION),
>           (FORECAST_SCHEMA_VERSION, ENGINE_VERSION),
             ^^^^^^^^^^^^^^^^^^^^^^^
        }
E       NameError: name 'FORECAST_SCHEMA_VERSION' is not defined

scripts\revenue_report.py:597: NameError
_ GrowthDriverTreeTests.test_explicit_data_gap_is_reported_without_fabricating_drivers _

self = <test_growth_driver_tree.GrowthDriverTreeTests testMethod=test_explicit_data_gap_is_reported_without_fabricating_drivers>

    def test_explicit_data_gap_is_reported_without_fabricating_drivers(self) -> None:
        data = forecast_document()
        data["growth_driver_tree"] = {
            "status": "data_gap",
            "drivers": [],
            "rationale": "Independent evidence is not yet sufficient to form a causal tree.",
        }
>       result = run_forecast(data)
                 ^^^^^^^^^^^^^^^^^^

tests\test_growth_driver_tree.py:41: 
_ _ _ _ _ _ _ _ _ _ _ _ _ _ _ _ _ _ _ _ _ _ _ _ _ _ _ _ _ _ _ _ _ _ _ _ _ _ _ _
scripts\revenue_core.py:451: in run_forecast
    context = validate_published_forecast(result, data)
              ^^^^^^^^^^^^^^^^^^^^^^^^^^^^^^^^^^^^^^^^^
scripts\revenue_report.py:1329: in validate_published_forecast
    _validate_forecast_output(result, data)
_ _ _ _ _ _ _ _ _ _ _ _ _ _ _ _ _ _ _ _ _ _ _ _ _ _ _ _ _ _ _ _ _ _ _ _ _ _ _ _

result = {'company_name': 'Test Co', 'as_of_date': '2026-07-12', 'currency': 'USD', 'unit': 'million', ...}
data = {'company_name': 'Test Co', 'as_of_date': '2026-07-12', 'currency': 'USD', 'unit': 'million', ...}

    def _validate_forecast_output(
        result: dict[str, Any], data: dict[str, Any] | None
    ) -> None:
        if isinstance(result.get("input_document"), dict):
            # R1.1 (N-01): an embedded input document must hash to the claimed
            # anchor — it can never be silently swapped for a different input.
            verify_input_binding(result)
        if data is not None:
            # R6.2 (mutation patrol): parameter_trace order is semantic (consumers
            # index it); it must match the validated input's parameters exactly.
            require(
                result.get("parameter_trace") == data.get("parameters"),
                "parameter_trace must match the validated input parameters",
            )
        for key in result:
            if key == "input_document":
                continue
            require(
                str(key).strip().lower() not in PROHIBITED_OUTPUT_KEYS,
                f"prohibited non-revenue output key: root.{key}",
            )
        for key, value in result.items():
            if key not in ("result_sha256", "publication_receipt", "input_document"):
                _walk_keys(value, f"root.{key}")
        required = (
            "company_name",
            "as_of_date",
            "currency",
            "unit",
            "fiscal_year_end",
            "base_year",
            "forecast_years",
            "historical_revenue",
            "base_revenue",
            "segments",
            "consolidated_forecast",
            "confidence",
            "research_coverage",
            "parameter_trace",
            "sources",
            "evidence_claims",
            "schema_version",
            "engine_version",
            "input_sha256",
        )
        for key in required:
            require(key in result, f"forecast output missing field: {key}")
        require(
            result["schema_version"] in SUPPORTED_FORECAST_SCHEMA_VERSIONS,
            "forecast output schema_version mismatch",
        )
        # R6.2 (mutation patrol): the historical sequence is ordered and semantic —
        # a shuffled year list must be rejected, matching the input-side contract.
        history = result["historical_revenue"]
        require(isinstance(history, list), "historical_revenue must be a list")
        history_years = [
            record.get("year") for record in history if isinstance(record, dict)
        ]
        require(
            history_years == sorted(history_years),
            "historical_revenue must be ordered by year",
        )
        require_validating_engine(
            result["schema_version"], result["engine_version"], "output"
        )
        if requires_bound_input_schema(result["schema_version"]):
            require(
                "management_target_coverage" in result,
                "forecast output missing field: management_target_coverage",
            )
            require(
                "growth_driver_analysis" in result,
                "forecast output missing field: growth_driver_analysis",
            )
            require(
                "workflow_compliance_receipt" in result,
                "forecast output missing field: workflow_compliance_receipt",
            )
            # R6.2 (mutation patrol): every engine-produced key is part of the
            # artifact contract — deleting any of them must be rejected.
            for _engine_key in (
                "data_gaps",
                "disconfirming_indicators",
                "forecast_version",
                "historical_accuracy_records",
                "probability_weighted_forecast",
                "scenario_probabilities",
                "sensitivities",
                "theme_analysis",
            ):
                require(
                    _engine_key in result,
                    f"forecast output missing field: {_engine_key}",
                )
        elif result["schema_version"] == "3.4":
            require(
                "management_target_coverage" in result,
                "forecast output missing field: management_target_coverage",
            )
            require(
                "growth_driver_analysis" in result,
                "forecast output missing field: growth_driver_analysis",
            )
            require(
                "workflow_compliance_receipt" in result,
                "forecast output missing field: workflow_compliance_receipt",
            )
        elif result["schema_version"] == "3.5":
            require(
                "management_target_coverage" in result,
                "forecast output missing field: management_target_coverage",
            )
            require(
                "growth_driver_analysis" in result,
                "forecast output missing field: growth_driver_analysis",
            )
            require(
                "workflow_compliance_receipt" in result,
                "forecast output missing field: workflow_compliance_receipt",
            )
        elif result["schema_version"] == "3.3":
            require(
                "management_target_coverage" in result,
                "forecast output missing field: management_target_coverage",
            )
            require(
                "growth_driver_analysis" in result,
                "forecast output missing field: growth_driver_analysis",
            )
        elif result["schema_version"] == "3.2":
            require(
                "management_target_coverage" in result,
                "forecast output missing field: management_target_coverage",
            )
        elif result["schema_version"] == "3.1":
            require(
                "management_target_coverage" in result,
                "forecast output missing field: management_target_coverage",
            )
        hash_payload = {
            key: value for key, value in result.items() if key != "result_sha256"
        }
        years = list(map(str, result["forecast_years"]))
        base = float(result["base_revenue"])
        consolidated = result["consolidated_forecast"]
        parameter_index = {
            parameter["parameter_id"]: parameter for parameter in result["parameter_trace"]
        }
        segment_index = {segment["name"]: segment for segment in result["segments"]}
        require(
            len(segment_index) == len(result["segments"]),
            "forecast output contains duplicate segment names",
        )
        for segment in result["segments"]:
            for scenario in SCENARIOS:
                output = segment["scenarios"][scenario]
                recalculated = calculate_model_path(
                    output["model"],
                    float(segment["base_revenue"]),
                    output["driver_parameter_ids"],
                    parameter_index,
                    list(map(int, result["forecast_years"])),
                    scenario,
                )
                require(
                    recalculated["annual_revenue"] == output["modeled_activity"],
                    f"segment modeled activity mismatch: {segment['name']}/{scenario}",
                )
                modeled = list(output["modeled_activity"].values())
                recognition = segment["recognition"]
                if recognition["timing"] == "over_time":
                    progress = list(output["progress_values"].values())
                    expected_recognized = [
                        value * factor for value, factor in zip(modeled, progress)
                    ]
                elif recognition["mode"] == "lagged_activity":
                    lag = recognition["lag_years"]
                    expected_recognized = list(output["carry_in_revenue"]) + modeled[:-lag]
                else:
                    expected_recognized = modeled
                observed_recognized = list(output["recognized_revenue"].values())
                require(
                    all(
                        math.isclose(left, right, rel_tol=1e-9, abs_tol=1e-9)
                        for left, right in zip(expected_recognized, observed_recognized)
                    ),
                    f"segment recognized revenue mismatch: {segment['name']}/{scenario}",
                )
            for year in years:
                require(
                    segment["scenarios"]["low"]["recognized_revenue"][year]
                    <= segment["scenarios"]["base"]["recognized_revenue"][year]
                    <= segment["scenarios"]["high"]["recognized_revenue"][year],
                    f"segment scenario ordering mismatch: {segment['name']}/{year}",
                )
    
        # Opening presentation and incremental denominators must use the same
        # authored foundation as the forecast calculation.
        _validate_segment_opening_bases(result, parameter_index, years, data)
    
        current_constraint_contract = (
            result["schema_version"],
            result["engine_version"],
        ) in {
            ("3.2", "3.3.0"),
            ("3.3", "3.4.0"),
            ("3.5", ENGINE_VERSION),
>           (FORECAST_SCHEMA_VERSION, ENGINE_VERSION),
             ^^^^^^^^^^^^^^^^^^^^^^^
        }
E       NameError: name 'FORECAST_SCHEMA_VERSION' is not defined

scripts\revenue_report.py:597: NameError
____ GrowthDriverTreeTests.test_immutable_schema_35_output_still_validates ____

self = <test_growth_driver_tree.GrowthDriverTreeTests testMethod=test_immutable_schema_35_output_still_validates>

    def test_immutable_schema_35_output_still_validates(self) -> None:
>       legacy = run_forecast(forecast_document())
                 ^^^^^^^^^^^^^^^^^^^^^^^^^^^^^^^^^

tests\test_growth_driver_tree.py:261: 
_ _ _ _ _ _ _ _ _ _ _ _ _ _ _ _ _ _ _ _ _ _ _ _ _ _ _ _ _ _ _ _ _ _ _ _ _ _ _ _
scripts\revenue_core.py:451: in run_forecast
    context = validate_published_forecast(result, data)
              ^^^^^^^^^^^^^^^^^^^^^^^^^^^^^^^^^^^^^^^^^
scripts\revenue_report.py:1329: in validate_published_forecast
    _validate_forecast_output(result, data)
_ _ _ _ _ _ _ _ _ _ _ _ _ _ _ _ _ _ _ _ _ _ _ _ _ _ _ _ _ _ _ _ _ _ _ _ _ _ _ _

result = {'company_name': 'Test Co', 'as_of_date': '2026-07-12', 'currency': 'USD', 'unit': 'million', ...}
data = {'company_name': 'Test Co', 'as_of_date': '2026-07-12', 'currency': 'USD', 'unit': 'million', ...}

    def _validate_forecast_output(
        result: dict[str, Any], data: dict[str, Any] | None
    ) -> None:
        if isinstance(result.get("input_document"), dict):
            # R1.1 (N-01): an embedded input document must hash to the claimed
            # anchor — it can never be silently swapped for a different input.
            verify_input_binding(result)
        if data is not None:
            # R6.2 (mutation patrol): parameter_trace order is semantic (consumers
            # index it); it must match the validated input's parameters exactly.
            require(
                result.get("parameter_trace") == data.get("parameters"),
                "parameter_trace must match the validated input parameters",
            )
        for key in result:
            if key == "input_document":
                continue
            require(
                str(key).strip().lower() not in PROHIBITED_OUTPUT_KEYS,
                f"prohibited non-revenue output key: root.{key}",
            )
        for key, value in result.items():
            if key not in ("result_sha256", "publication_receipt", "input_document"):
                _walk_keys(value, f"root.{key}")
        required = (
            "company_name",
            "as_of_date",
            "currency",
            "unit",
            "fiscal_year_end",
            "base_year",
            "forecast_years",
            "historical_revenue",
            "base_revenue",
            "segments",
            "consolidated_forecast",
            "confidence",
            "research_coverage",
            "parameter_trace",
            "sources",
            "evidence_claims",
            "schema_version",
            "engine_version",
            "input_sha256",
        )
        for key in required:
            require(key in result, f"forecast output missing field: {key}")
        require(
            result["schema_version"] in SUPPORTED_FORECAST_SCHEMA_VERSIONS,
            "forecast output schema_version mismatch",
        )
        # R6.2 (mutation patrol): the historical sequence is ordered and semantic —
        # a shuffled year list must be rejected, matching the input-side contract.
        history = result["historical_revenue"]
        require(isinstance(history, list), "historical_revenue must be a list")
        history_years = [
            record.get("year") for record in history if isinstance(record, dict)
        ]
        require(
            history_years == sorted(history_years),
            "historical_revenue must be ordered by year",
        )
        require_validating_engine(
            result["schema_version"], result["engine_version"], "output"
        )
        if requires_bound_input_schema(result["schema_version"]):
            require(
                "management_target_coverage" in result,
                "forecast output missing field: management_target_coverage",
            )
            require(
                "growth_driver_analysis" in result,
                "forecast output missing field: growth_driver_analysis",
            )
            require(
                "workflow_compliance_receipt" in result,
                "forecast output missing field: workflow_compliance_receipt",
            )
            # R6.2 (mutation patrol): every engine-produced key is part of the
            # artifact contract — deleting any of them must be rejected.
            for _engine_key in (
                "data_gaps",
                "disconfirming_indicators",
                "forecast_version",
                "historical_accuracy_records",
                "probability_weighted_forecast",
                "scenario_probabilities",
                "sensitivities",
                "theme_analysis",
            ):
                require(
                    _engine_key in result,
                    f"forecast output missing field: {_engine_key}",
                )
        elif result["schema_version"] == "3.4":
            require(
                "management_target_coverage" in result,
                "forecast output missing field: management_target_coverage",
            )
            require(
                "growth_driver_analysis" in result,
                "forecast output missing field: growth_driver_analysis",
            )
            require(
                "workflow_compliance_receipt" in result,
                "forecast output missing field: workflow_compliance_receipt",
            )
        elif result["schema_version"] == "3.5":
            require(
                "management_target_coverage" in result,
                "forecast output missing field: management_target_coverage",
            )
            require(
                "growth_driver_analysis" in result,
                "forecast output missing field: growth_driver_analysis",
            )
            require(
                "workflow_compliance_receipt" in result,
                "forecast output missing field: workflow_compliance_receipt",
            )
        elif result["schema_version"] == "3.3":
            require(
                "management_target_coverage" in result,
                "forecast output missing field: management_target_coverage",
            )
            require(
                "growth_driver_analysis" in result,
                "forecast output missing field: growth_driver_analysis",
            )
        elif result["schema_version"] == "3.2":
            require(
                "management_target_coverage" in result,
                "forecast output missing field: management_target_coverage",
            )
        elif result["schema_version"] == "3.1":
            require(
                "management_target_coverage" in result,
                "forecast output missing field: management_target_coverage",
            )
        hash_payload = {
            key: value for key, value in result.items() if key != "result_sha256"
        }
        years = list(map(str, result["forecast_years"]))
        base = float(result["base_revenue"])
        consolidated = result["consolidated_forecast"]
        parameter_index = {
            parameter["parameter_id"]: parameter for parameter in result["parameter_trace"]
        }
        segment_index = {segment["name"]: segment for segment in result["segments"]}
        require(
            len(segment_index) == len(result["segments"]),
            "forecast output contains duplicate segment names",
        )
        for segment in result["segments"]:
            for scenario in SCENARIOS:
                output = segment["scenarios"][scenario]
                recalculated = calculate_model_path(
                    output["model"],
                    float(segment["base_revenue"]),
                    output["driver_parameter_ids"],
                    parameter_index,
                    list(map(int, result["forecast_years"])),
                    scenario,
                )
                require(
                    recalculated["annual_revenue"] == output["modeled_activity"],
                    f"segment modeled activity mismatch: {segment['name']}/{scenario}",
                )
                modeled = list(output["modeled_activity"].values())
                recognition = segment["recognition"]
                if recognition["timing"] == "over_time":
                    progress = list(output["progress_values"].values())
                    expected_recognized = [
                        value * factor for value, factor in zip(modeled, progress)
                    ]
                elif recognition["mode"] == "lagged_activity":
                    lag = recognition["lag_years"]
                    expected_recognized = list(output["carry_in_revenue"]) + modeled[:-lag]
                else:
                    expected_recognized = modeled
                observed_recognized = list(output["recognized_revenue"].values())
                require(
                    all(
                        math.isclose(left, right, rel_tol=1e-9, abs_tol=1e-9)
                        for left, right in zip(expected_recognized, observed_recognized)
                    ),
                    f"segment recognized revenue mismatch: {segment['name']}/{scenario}",
                )
            for year in years:
                require(
                    segment["scenarios"]["low"]["recognized_revenue"][year]
                    <= segment["scenarios"]["base"]["recognized_revenue"][year]
                    <= segment["scenarios"]["high"]["recognized_revenue"][year],
                    f"segment scenario ordering mismatch: {segment['name']}/{year}",
                )
    
        # Opening presentation and incremental denominators must use the same
        # authored foundation as the forecast calculation.
        _validate_segment_opening_bases(result, parameter_index, years, data)
    
        current_constraint_contract = (
            result["schema_version"],
            result["engine_version"],
        ) in {
            ("3.2", "3.3.0"),
            ("3.3", "3.4.0"),
            ("3.5", ENGINE_VERSION),
>           (FORECAST_SCHEMA_VERSION, ENGINE_VERSION),
             ^^^^^^^^^^^^^^^^^^^^^^^
        }
E       NameError: name 'FORECAST_SCHEMA_VERSION' is not defined

scripts\revenue_report.py:597: NameError
___ GrowthDriverTreeTests.test_negative_weight_root_is_reported_as_headwind ___

self = <test_growth_driver_tree.GrowthDriverTreeTests testMethod=test_negative_weight_root_is_reported_as_headwind>

    def test_negative_weight_root_is_reported_as_headwind(self) -> None:
        data = forecast_document()
        original = data["growth_driver_tree"]["drivers"][0]
        original["segment_attribution"][0]["weight"] = 0.8
        second = copy.deepcopy(original)
        second["driver_id"] = "second_generic_cause"
        second["title"] = "Second generic causal mechanism"
        second["segment_attribution"][0]["weight"] = 0.4
        second["evidence_nodes"][0]["evidence_id"] = "second_generic_evidence"
        second["evidence_nodes"][0]["claim_ids"] = ["claim_second_generic_evidence"]
        added_claim = _claim(
            "claim_second_generic_evidence",
            "filing",
            "growth_driver",
            "second_generic_evidence",
            "rationale_support",
            "A second checked source claim supports this generic causal mechanism.",
            data["as_of_date"],
        )
        added_claim["capture_receipt_sha256"] = data["sources"][0]["capture"][
            "receipt_sha256"
        ]
        data["evidence_claims"].append(added_claim)
        headwind = copy.deepcopy(original)
        headwind["driver_id"] = "subsidy_contra_revenue"
        headwind["title"] = "Merchant subsidies weigh on take rate"
        headwind["segment_attribution"][0]["weight"] = -0.2
        headwind["evidence_nodes"][0]["evidence_id"] = "subsidy_evidence"
        headwind["evidence_nodes"][0]["claim_ids"] = ["claim_subsidy_evidence"]
        added_claim = _claim(
            "claim_subsidy_evidence",
            "filing",
            "growth_driver",
            "subsidy_evidence",
            "rationale_support",
            "A checked source claim supports the modeled contra-revenue pressure.",
            data["as_of_date"],
        )
        added_claim["capture_receipt_sha256"] = data["sources"][0]["capture"][
            "receipt_sha256"
        ]
        data["evidence_claims"].append(added_claim)
        data["growth_driver_tree"]["drivers"] = [original, second, headwind] + data[
            "growth_driver_tree"
        ]["drivers"][1:]
>       result = run_forecast(data)
                 ^^^^^^^^^^^^^^^^^^

tests\test_growth_driver_tree.py:231: 
_ _ _ _ _ _ _ _ _ _ _ _ _ _ _ _ _ _ _ _ _ _ _ _ _ _ _ _ _ _ _ _ _ _ _ _ _ _ _ _
scripts\revenue_core.py:451: in run_forecast
    context = validate_published_forecast(result, data)
              ^^^^^^^^^^^^^^^^^^^^^^^^^^^^^^^^^^^^^^^^^
scripts\revenue_report.py:1329: in validate_published_forecast
    _validate_forecast_output(result, data)
_ _ _ _ _ _ _ _ _ _ _ _ _ _ _ _ _ _ _ _ _ _ _ _ _ _ _ _ _ _ _ _ _ _ _ _ _ _ _ _

result = {'company_name': 'Test Co', 'as_of_date': '2026-07-12', 'currency': 'USD', 'unit': 'million', ...}
data = {'company_name': 'Test Co', 'as_of_date': '2026-07-12', 'currency': 'USD', 'unit': 'million', ...}

    def _validate_forecast_output(
        result: dict[str, Any], data: dict[str, Any] | None
    ) -> None:
        if isinstance(result.get("input_document"), dict):
            # R1.1 (N-01): an embedded input document must hash to the claimed
            # anchor — it can never be silently swapped for a different input.
            verify_input_binding(result)
        if data is not None:
            # R6.2 (mutation patrol): parameter_trace order is semantic (consumers
            # index it); it must match the validated input's parameters exactly.
            require(
                result.get("parameter_trace") == data.get("parameters"),
                "parameter_trace must match the validated input parameters",
            )
        for key in result:
            if key == "input_document":
                continue
            require(
                str(key).strip().lower() not in PROHIBITED_OUTPUT_KEYS,
                f"prohibited non-revenue output key: root.{key}",
            )
        for key, value in result.items():
            if key not in ("result_sha256", "publication_receipt", "input_document"):
                _walk_keys(value, f"root.{key}")
        required = (
            "company_name",
            "as_of_date",
            "currency",
            "unit",
            "fiscal_year_end",
            "base_year",
            "forecast_years",
            "historical_revenue",
            "base_revenue",
            "segments",
            "consolidated_forecast",
            "confidence",
            "research_coverage",
            "parameter_trace",
            "sources",
            "evidence_claims",
            "schema_version",
            "engine_version",
            "input_sha256",
        )
        for key in required:
            require(key in result, f"forecast output missing field: {key}")
        require(
            result["schema_version"] in SUPPORTED_FORECAST_SCHEMA_VERSIONS,
            "forecast output schema_version mismatch",
        )
        # R6.2 (mutation patrol): the historical sequence is ordered and semantic —
        # a shuffled year list must be rejected, matching the input-side contract.
        history = result["historical_revenue"]
        require(isinstance(history, list), "historical_revenue must be a list")
        history_years = [
            record.get("year") for record in history if isinstance(record, dict)
        ]
        require(
            history_years == sorted(history_years),
            "historical_revenue must be ordered by year",
        )
        require_validating_engine(
            result["schema_version"], result["engine_version"], "output"
        )
        if requires_bound_input_schema(result["schema_version"]):
            require(
                "management_target_coverage" in result,
                "forecast output missing field: management_target_coverage",
            )
            require(
                "growth_driver_analysis" in result,
                "forecast output missing field: growth_driver_analysis",
            )
            require(
                "workflow_compliance_receipt" in result,
                "forecast output missing field: workflow_compliance_receipt",
            )
            # R6.2 (mutation patrol): every engine-produced key is part of the
            # artifact contract — deleting any of them must be rejected.
            for _engine_key in (
                "data_gaps",
                "disconfirming_indicators",
                "forecast_version",
                "historical_accuracy_records",
                "probability_weighted_forecast",
                "scenario_probabilities",
                "sensitivities",
                "theme_analysis",
            ):
                require(
                    _engine_key in result,
                    f"forecast output missing field: {_engine_key}",
                )
        elif result["schema_version"] == "3.4":
            require(
                "management_target_coverage" in result,
                "forecast output missing field: management_target_coverage",
            )
            require(
                "growth_driver_analysis" in result,
                "forecast output missing field: growth_driver_analysis",
            )
            require(
                "workflow_compliance_receipt" in result,
                "forecast output missing field: workflow_compliance_receipt",
            )
        elif result["schema_version"] == "3.5":
            require(
                "management_target_coverage" in result,
                "forecast output missing field: management_target_coverage",
            )
            require(
                "growth_driver_analysis" in result,
                "forecast output missing field: growth_driver_analysis",
            )
            require(
                "workflow_compliance_receipt" in result,
                "forecast output missing field: workflow_compliance_receipt",
            )
        elif result["schema_version"] == "3.3":
            require(
                "management_target_coverage" in result,
                "forecast output missing field: management_target_coverage",
            )
            require(
                "growth_driver_analysis" in result,
                "forecast output missing field: growth_driver_analysis",
            )
        elif result["schema_version"] == "3.2":
            require(
                "management_target_coverage" in result,
                "forecast output missing field: management_target_coverage",
            )
        elif result["schema_version"] == "3.1":
            require(
                "management_target_coverage" in result,
                "forecast output missing field: management_target_coverage",
            )
        hash_payload = {
            key: value for key, value in result.items() if key != "result_sha256"
        }
        years = list(map(str, result["forecast_years"]))
        base = float(result["base_revenue"])
        consolidated = result["consolidated_forecast"]
        parameter_index = {
            parameter["parameter_id"]: parameter for parameter in result["parameter_trace"]
        }
        segment_index = {segment["name"]: segment for segment in result["segments"]}
        require(
            len(segment_index) == len(result["segments"]),
            "forecast output contains duplicate segment names",
        )
        for segment in result["segments"]:
            for scenario in SCENARIOS:
                output = segment["scenarios"][scenario]
                recalculated = calculate_model_path(
                    output["model"],
                    float(segment["base_revenue"]),
                    output["driver_parameter_ids"],
                    parameter_index,
                    list(map(int, result["forecast_years"])),
                    scenario,
                )
                require(
                    recalculated["annual_revenue"] == output["modeled_activity"],
                    f"segment modeled activity mismatch: {segment['name']}/{scenario}",
                )
                modeled = list(output["modeled_activity"].values())
                recognition = segment["recognition"]
                if recognition["timing"] == "over_time":
                    progress = list(output["progress_values"].values())
                    expected_recognized = [
                        value * factor for value, factor in zip(modeled, progress)
                    ]
                elif recognition["mode"] == "lagged_activity":
                    lag = recognition["lag_years"]
                    expected_recognized = list(output["carry_in_revenue"]) + modeled[:-lag]
                else:
                    expected_recognized = modeled
                observed_recognized = list(output["recognized_revenue"].values())
                require(
                    all(
                        math.isclose(left, right, rel_tol=1e-9, abs_tol=1e-9)
                        for left, right in zip(expected_recognized, observed_recognized)
                    ),
                    f"segment recognized revenue mismatch: {segment['name']}/{scenario}",
                )
            for year in years:
                require(
                    segment["scenarios"]["low"]["recognized_revenue"][year]
                    <= segment["scenarios"]["base"]["recognized_revenue"][year]
                    <= segment["scenarios"]["high"]["recognized_revenue"][year],
                    f"segment scenario ordering mismatch: {segment['name']}/{year}",
                )
    
        # Opening presentation and incremental denominators must use the same
        # authored foundation as the forecast calculation.
        _validate_segment_opening_bases(result, parameter_index, years, data)
    
        current_constraint_contract = (
            result["schema_version"],
            result["engine_version"],
        ) in {
            ("3.2", "3.3.0"),
            ("3.3", "3.4.0"),
            ("3.5", ENGINE_VERSION),
>           (FORECAST_SCHEMA_VERSION, ENGINE_VERSION),
             ^^^^^^^^^^^^^^^^^^^^^^^
        }
E       NameError: name 'FORECAST_SCHEMA_VERSION' is not defined

scripts\revenue_report.py:597: NameError
_ GrowthDriverTreeTests.test_one_segment_can_be_split_across_multiple_causal_drivers _

self = <test_growth_driver_tree.GrowthDriverTreeTests testMethod=test_one_segment_can_be_split_across_multiple_causal_drivers>

    def test_one_segment_can_be_split_across_multiple_causal_drivers(self) -> None:
        data = forecast_document()
        original = data["growth_driver_tree"]["drivers"][0]
        original["segment_attribution"][0]["weight"] = 0.7
        second = copy.deepcopy(original)
        second["driver_id"] = "second_generic_cause"
        second["title"] = "Second generic causal mechanism"
        second["segment_attribution"][0]["weight"] = 0.3
        second["evidence_nodes"][0]["evidence_id"] = "second_generic_evidence"
        second["evidence_nodes"][0]["claim_ids"] = ["claim_second_generic_evidence"]
        added_claim = _claim(
            "claim_second_generic_evidence",
            "filing",
            "growth_driver",
            "second_generic_evidence",
            "rationale_support",
            "A second checked source claim supports this generic causal mechanism.",
            data["as_of_date"],
        )
        added_claim["capture_receipt_sha256"] = data["sources"][0]["capture"][
            "receipt_sha256"
        ]
        data["evidence_claims"].append(added_claim)
        data["growth_driver_tree"]["drivers"].insert(1, second)
>       result = run_forecast(data)
                 ^^^^^^^^^^^^^^^^^^

tests\test_growth_driver_tree.py:74: 
_ _ _ _ _ _ _ _ _ _ _ _ _ _ _ _ _ _ _ _ _ _ _ _ _ _ _ _ _ _ _ _ _ _ _ _ _ _ _ _
scripts\revenue_core.py:451: in run_forecast
    context = validate_published_forecast(result, data)
              ^^^^^^^^^^^^^^^^^^^^^^^^^^^^^^^^^^^^^^^^^
scripts\revenue_report.py:1329: in validate_published_forecast
    _validate_forecast_output(result, data)
_ _ _ _ _ _ _ _ _ _ _ _ _ _ _ _ _ _ _ _ _ _ _ _ _ _ _ _ _ _ _ _ _ _ _ _ _ _ _ _

result = {'company_name': 'Test Co', 'as_of_date': '2026-07-12', 'currency': 'USD', 'unit': 'million', ...}
data = {'company_name': 'Test Co', 'as_of_date': '2026-07-12', 'currency': 'USD', 'unit': 'million', ...}

    def _validate_forecast_output(
        result: dict[str, Any], data: dict[str, Any] | None
    ) -> None:
        if isinstance(result.get("input_document"), dict):
            # R1.1 (N-01): an embedded input document must hash to the claimed
            # anchor — it can never be silently swapped for a different input.
            verify_input_binding(result)
        if data is not None:
            # R6.2 (mutation patrol): parameter_trace order is semantic (consumers
            # index it); it must match the validated input's parameters exactly.
            require(
                result.get("parameter_trace") == data.get("parameters"),
                "parameter_trace must match the validated input parameters",
            )
        for key in result:
            if key == "input_document":
                continue
            require(
                str(key).strip().lower() not in PROHIBITED_OUTPUT_KEYS,
                f"prohibited non-revenue output key: root.{key}",
            )
        for key, value in result.items():
            if key not in ("result_sha256", "publication_receipt", "input_document"):
                _walk_keys(value, f"root.{key}")
        required = (
            "company_name",
            "as_of_date",
            "currency",
            "unit",
            "fiscal_year_end",
            "base_year",
            "forecast_years",
            "historical_revenue",
            "base_revenue",
            "segments",
            "consolidated_forecast",
            "confidence",
            "research_coverage",
            "parameter_trace",
            "sources",
            "evidence_claims",
            "schema_version",
            "engine_version",
            "input_sha256",
        )
        for key in required:
            require(key in result, f"forecast output missing field: {key}")
        require(
            result["schema_version"] in SUPPORTED_FORECAST_SCHEMA_VERSIONS,
            "forecast output schema_version mismatch",
        )
        # R6.2 (mutation patrol): the historical sequence is ordered and semantic —
        # a shuffled year list must be rejected, matching the input-side contract.
        history = result["historical_revenue"]
        require(isinstance(history, list), "historical_revenue must be a list")
        history_years = [
            record.get("year") for record in history if isinstance(record, dict)
        ]
        require(
            history_years == sorted(history_years),
            "historical_revenue must be ordered by year",
        )
        require_validating_engine(
            result["schema_version"], result["engine_version"], "output"
        )
        if requires_bound_input_schema(result["schema_version"]):
            require(
                "management_target_coverage" in result,
                "forecast output missing field: management_target_coverage",
            )
            require(
                "growth_driver_analysis" in result,
                "forecast output missing field: growth_driver_analysis",
            )
            require(
                "workflow_compliance_receipt" in result,
                "forecast output missing field: workflow_compliance_receipt",
            )
            # R6.2 (mutation patrol): every engine-produced key is part of the
            # artifact contract — deleting any of them must be rejected.
            for _engine_key in (
                "data_gaps",
                "disconfirming_indicators",
                "forecast_version",
                "historical_accuracy_records",
                "probability_weighted_forecast",
                "scenario_probabilities",
                "sensitivities",
                "theme_analysis",
            ):
                require(
                    _engine_key in result,
                    f"forecast output missing field: {_engine_key}",
                )
        elif result["schema_version"] == "3.4":
            require(
                "management_target_coverage" in result,
                "forecast output missing field: management_target_coverage",
            )
            require(
                "growth_driver_analysis" in result,
                "forecast output missing field: growth_driver_analysis",
            )
            require(
                "workflow_compliance_receipt" in result,
                "forecast output missing field: workflow_compliance_receipt",
            )
        elif result["schema_version"] == "3.5":
            require(
                "management_target_coverage" in result,
                "forecast output missing field: management_target_coverage",
            )
            require(
                "growth_driver_analysis" in result,
                "forecast output missing field: growth_driver_analysis",
            )
            require(
                "workflow_compliance_receipt" in result,
                "forecast output missing field: workflow_compliance_receipt",
            )
        elif result["schema_version"] == "3.3":
            require(
                "management_target_coverage" in result,
                "forecast output missing field: management_target_coverage",
            )
            require(
                "growth_driver_analysis" in result,
                "forecast output missing field: growth_driver_analysis",
            )
        elif result["schema_version"] == "3.2":
            require(
                "management_target_coverage" in result,
                "forecast output missing field: management_target_coverage",
            )
        elif result["schema_version"] == "3.1":
            require(
                "management_target_coverage" in result,
                "forecast output missing field: management_target_coverage",
            )
        hash_payload = {
            key: value for key, value in result.items() if key != "result_sha256"
        }
        years = list(map(str, result["forecast_years"]))
        base = float(result["base_revenue"])
        consolidated = result["consolidated_forecast"]
        parameter_index = {
            parameter["parameter_id"]: parameter for parameter in result["parameter_trace"]
        }
        segment_index = {segment["name"]: segment for segment in result["segments"]}
        require(
            len(segment_index) == len(result["segments"]),
            "forecast output contains duplicate segment names",
        )
        for segment in result["segments"]:
            for scenario in SCENARIOS:
                output = segment["scenarios"][scenario]
                recalculated = calculate_model_path(
                    output["model"],
                    float(segment["base_revenue"]),
                    output["driver_parameter_ids"],
                    parameter_index,
                    list(map(int, result["forecast_years"])),
                    scenario,
                )
                require(
                    recalculated["annual_revenue"] == output["modeled_activity"],
                    f"segment modeled activity mismatch: {segment['name']}/{scenario}",
                )
                modeled = list(output["modeled_activity"].values())
                recognition = segment["recognition"]
                if recognition["timing"] == "over_time":
                    progress = list(output["progress_values"].values())
                    expected_recognized = [
                        value * factor for value, factor in zip(modeled, progress)
                    ]
                elif recognition["mode"] == "lagged_activity":
                    lag = recognition["lag_years"]
                    expected_recognized = list(output["carry_in_revenue"]) + modeled[:-lag]
                else:
                    expected_recognized = modeled
                observed_recognized = list(output["recognized_revenue"].values())
                require(
                    all(
                        math.isclose(left, right, rel_tol=1e-9, abs_tol=1e-9)
                        for left, right in zip(expected_recognized, observed_recognized)
                    ),
                    f"segment recognized revenue mismatch: {segment['name']}/{scenario}",
                )
            for year in years:
                require(
                    segment["scenarios"]["low"]["recognized_revenue"][year]
                    <= segment["scenarios"]["base"]["recognized_revenue"][year]
                    <= segment["scenarios"]["high"]["recognized_revenue"][year],
                    f"segment scenario ordering mismatch: {segment['name']}/{year}",
                )
    
        # Opening presentation and incremental denominators must use the same
        # authored foundation as the forecast calculation.
        _validate_segment_opening_bases(result, parameter_index, years, data)
    
        current_constraint_contract = (
            result["schema_version"],
            result["engine_version"],
        ) in {
            ("3.2", "3.3.0"),
            ("3.3", "3.4.0"),
            ("3.5", ENGINE_VERSION),
>           (FORECAST_SCHEMA_VERSION, ENGINE_VERSION),
             ^^^^^^^^^^^^^^^^^^^^^^^
        }
E       NameError: name 'FORECAST_SCHEMA_VERSION' is not defined

scripts\revenue_report.py:597: NameError
_ GrowthDriverTreeTests.test_schema_3_9_requires_typed_mechanism_roles_for_triangulation _

self = <test_growth_driver_tree.GrowthDriverTreeTests testMethod=test_schema_3_9_requires_typed_mechanism_roles_for_triangulation>

    def test_schema_3_9_requires_typed_mechanism_roles_for_triangulation(self) -> None:
        # M3-FLOW: the legacy two-types-and-sources rule (previous tests) is
        # preserved for schemas 3.7/3.8. Schema 3.9 opts into the role-aware
        # rule: an unroled or history-only second node no longer fabricates
        # "triangulated" future-mechanism support.
        data = forecast_document()
        data["schema_version"] = "3.9"
        source = {
            "source_id": "industry_source",
            "source_type": "industry_association",
            "title": "Independent operating indicator",
            "publisher": "Industry Association",
            "url": "https://www.semiconductors.org/independent-operating-indicator",
            "published_date": "2026-06-01",
            "accessed_date": data["as_of_date"],
            "page_or_section": "Operating indicator",
        }
        capture = {
            "capture_schema_version": "1.0",
            "capture_method": "browser_open",
            "tool_name": "test-browser",
            "tool_call_id": "fixture-industry-source",
            "captured_date": data["as_of_date"],
            "snapshot_sha256": "a" * 64,
            "content_treatment": "untrusted_data_only",
            "prompt_injection_status": "not_detected",
        }
        capture["host_receipt"] = build_host_receipt(
            issuer="fixture-host",
            environment="test",
            tool_name="test-browser",
            action="capture_open",
            event_sha256=text_sha256("fixture-open-industry-source"),
            timestamp=capture["captured_date"],
        )
        capture["receipt_sha256"] = canonical_sha256(capture)
        source["capture"] = capture
        data["sources"].append(source)
        driver = data["growth_driver_tree"]["drivers"][0]
        driver["evidence_nodes"].append(
            {
                "evidence_id": "independent_demand_signal",
                "evidence_type": "independent_demand_signal",
                "inference_distance": "one_step",
                "conclusion": "An independent checked indicator supports the direction of the modeled demand path.",
                "claim_ids": ["claim_independent_demand_signal"],
            }
        )
        added_claim = _claim(
            "claim_independent_demand_signal",
            "industry_source",
            "growth_driver",
            "independent_demand_signal",
            "rationale_support",
            "Independent operating data supports the direction of the modeled demand path.",
            data["as_of_date"],
        )
        added_claim["capture_receipt_sha256"] = capture["receipt_sha256"]
        data["evidence_claims"].append(added_claim)
>       result = run_forecast(data)
                 ^^^^^^^^^^^^^^^^^^

tests\test_growth_driver_tree.py:336: 
_ _ _ _ _ _ _ _ _ _ _ _ _ _ _ _ _ _ _ _ _ _ _ _ _ _ _ _ _ _ _ _ _ _ _ _ _ _ _ _
scripts\revenue_core.py:451: in run_forecast
    context = validate_published_forecast(result, data)
              ^^^^^^^^^^^^^^^^^^^^^^^^^^^^^^^^^^^^^^^^^
scripts\revenue_report.py:1329: in validate_published_forecast
    _validate_forecast_output(result, data)
_ _ _ _ _ _ _ _ _ _ _ _ _ _ _ _ _ _ _ _ _ _ _ _ _ _ _ _ _ _ _ _ _ _ _ _ _ _ _ _

result = {'company_name': 'Test Co', 'as_of_date': '2026-07-12', 'currency': 'USD', 'unit': 'million', ...}
data = {'company_name': 'Test Co', 'as_of_date': '2026-07-12', 'currency': 'USD', 'unit': 'million', ...}

    def _validate_forecast_output(
        result: dict[str, Any], data: dict[str, Any] | None
    ) -> None:
        if isinstance(result.get("input_document"), dict):
            # R1.1 (N-01): an embedded input document must hash to the claimed
            # anchor — it can never be silently swapped for a different input.
            verify_input_binding(result)
        if data is not None:
            # R6.2 (mutation patrol): parameter_trace order is semantic (consumers
            # index it); it must match the validated input's parameters exactly.
            require(
                result.get("parameter_trace") == data.get("parameters"),
                "parameter_trace must match the validated input parameters",
            )
        for key in result:
            if key == "input_document":
                continue
            require(
                str(key).strip().lower() not in PROHIBITED_OUTPUT_KEYS,
                f"prohibited non-revenue output key: root.{key}",
            )
        for key, value in result.items():
            if key not in ("result_sha256", "publication_receipt", "input_document"):
                _walk_keys(value, f"root.{key}")
        required = (
            "company_name",
            "as_of_date",
            "currency",
            "unit",
            "fiscal_year_end",
            "base_year",
            "forecast_years",
            "historical_revenue",
            "base_revenue",
            "segments",
            "consolidated_forecast",
            "confidence",
            "research_coverage",
            "parameter_trace",
            "sources",
            "evidence_claims",
            "schema_version",
            "engine_version",
            "input_sha256",
        )
        for key in required:
            require(key in result, f"forecast output missing field: {key}")
        require(
            result["schema_version"] in SUPPORTED_FORECAST_SCHEMA_VERSIONS,
            "forecast output schema_version mismatch",
        )
        # R6.2 (mutation patrol): the historical sequence is ordered and semantic —
        # a shuffled year list must be rejected, matching the input-side contract.
        history = result["historical_revenue"]
        require(isinstance(history, list), "historical_revenue must be a list")
        history_years = [
            record.get("year") for record in history if isinstance(record, dict)
        ]
        require(
            history_years == sorted(history_years),
            "historical_revenue must be ordered by year",
        )
        require_validating_engine(
            result["schema_version"], result["engine_version"], "output"
        )
        if requires_bound_input_schema(result["schema_version"]):
            require(
                "management_target_coverage" in result,
                "forecast output missing field: management_target_coverage",
            )
            require(
                "growth_driver_analysis" in result,
                "forecast output missing field: growth_driver_analysis",
            )
            require(
                "workflow_compliance_receipt" in result,
                "forecast output missing field: workflow_compliance_receipt",
            )
            # R6.2 (mutation patrol): every engine-produced key is part of the
            # artifact contract — deleting any of them must be rejected.
            for _engine_key in (
                "data_gaps",
                "disconfirming_indicators",
                "forecast_version",
                "historical_accuracy_records",
                "probability_weighted_forecast",
                "scenario_probabilities",
                "sensitivities",
                "theme_analysis",
            ):
                require(
                    _engine_key in result,
                    f"forecast output missing field: {_engine_key}",
                )
        elif result["schema_version"] == "3.4":
            require(
                "management_target_coverage" in result,
                "forecast output missing field: management_target_coverage",
            )
            require(
                "growth_driver_analysis" in result,
                "forecast output missing field: growth_driver_analysis",
            )
            require(
                "workflow_compliance_receipt" in result,
                "forecast output missing field: workflow_compliance_receipt",
            )
        elif result["schema_version"] == "3.5":
            require(
                "management_target_coverage" in result,
                "forecast output missing field: management_target_coverage",
            )
            require(
                "growth_driver_analysis" in result,
                "forecast output missing field: growth_driver_analysis",
            )
            require(
                "workflow_compliance_receipt" in result,
                "forecast output missing field: workflow_compliance_receipt",
            )
        elif result["schema_version"] == "3.3":
            require(
                "management_target_coverage" in result,
                "forecast output missing field: management_target_coverage",
            )
            require(
                "growth_driver_analysis" in result,
                "forecast output missing field: growth_driver_analysis",
            )
        elif result["schema_version"] == "3.2":
            require(
                "management_target_coverage" in result,
                "forecast output missing field: management_target_coverage",
            )
        elif result["schema_version"] == "3.1":
            require(
                "management_target_coverage" in result,
                "forecast output missing field: management_target_coverage",
            )
        hash_payload = {
            key: value for key, value in result.items() if key != "result_sha256"
        }
        years = list(map(str, result["forecast_years"]))
        base = float(result["base_revenue"])
        consolidated = result["consolidated_forecast"]
        parameter_index = {
            parameter["parameter_id"]: parameter for parameter in result["parameter_trace"]
        }
        segment_index = {segment["name"]: segment for segment in result["segments"]}
        require(
            len(segment_index) == len(result["segments"]),
            "forecast output contains duplicate segment names",
        )
        for segment in result["segments"]:
            for scenario in SCENARIOS:
                output = segment["scenarios"][scenario]
                recalculated = calculate_model_path(
                    output["model"],
                    float(segment["base_revenue"]),
                    output["driver_parameter_ids"],
                    parameter_index,
                    list(map(int, result["forecast_years"])),
                    scenario,
                )
                require(
                    recalculated["annual_revenue"] == output["modeled_activity"],
                    f"segment modeled activity mismatch: {segment['name']}/{scenario}",
                )
                modeled = list(output["modeled_activity"].values())
                recognition = segment["recognition"]
                if recognition["timing"] == "over_time":
                    progress = list(output["progress_values"].values())
                    expected_recognized = [
                        value * factor for value, factor in zip(modeled, progress)
                    ]
                elif recognition["mode"] == "lagged_activity":
                    lag = recognition["lag_years"]
                    expected_recognized = list(output["carry_in_revenue"]) + modeled[:-lag]
                else:
                    expected_recognized = modeled
                observed_recognized = list(output["recognized_revenue"].values())
                require(
                    all(
                        math.isclose(left, right, rel_tol=1e-9, abs_tol=1e-9)
                        for left, right in zip(expected_recognized, observed_recognized)
                    ),
                    f"segment recognized revenue mismatch: {segment['name']}/{scenario}",
                )
            for year in years:
                require(
                    segment["scenarios"]["low"]["recognized_revenue"][year]
                    <= segment["scenarios"]["base"]["recognized_revenue"][year]
                    <= segment["scenarios"]["high"]["recognized_revenue"][year],
                    f"segment scenario ordering mismatch: {segment['name']}/{year}",
                )
    
        # Opening presentation and incremental denominators must use the same
        # authored foundation as the forecast calculation.
        _validate_segment_opening_bases(result, parameter_index, years, data)
    
        current_constraint_contract = (
            result["schema_version"],
            result["engine_version"],
        ) in {
            ("3.2", "3.3.0"),
            ("3.3", "3.4.0"),
            ("3.5", ENGINE_VERSION),
>           (FORECAST_SCHEMA_VERSION, ENGINE_VERSION),
             ^^^^^^^^^^^^^^^^^^^^^^^
        }
E       NameError: name 'FORECAST_SCHEMA_VERSION' is not defined

scripts\revenue_report.py:597: NameError
_ GrowthDriverTreeTests.test_two_evidence_types_and_sources_are_marked_triangulated _

self = <test_growth_driver_tree.GrowthDriverTreeTests testMethod=test_two_evidence_types_and_sources_are_marked_triangulated>

    def test_two_evidence_types_and_sources_are_marked_triangulated(self) -> None:
        data = forecast_document()
        source = {
            "source_id": "industry_source",
            "source_type": "industry_association",
            "title": "Independent operating indicator",
            "publisher": "Industry Association",
            "url": "https://www.semiconductors.org/independent-operating-indicator",
            "published_date": "2026-06-01",
            "accessed_date": data["as_of_date"],
            "page_or_section": "Operating indicator",
        }
        capture = {
            "capture_schema_version": "1.0",
            "capture_method": "browser_open",
            "tool_name": "test-browser",
            "tool_call_id": "fixture-industry-source",
            "captured_date": data["as_of_date"],
            "snapshot_sha256": "a" * 64,
            "content_treatment": "untrusted_data_only",
            "prompt_injection_status": "not_detected",
        }
        capture["host_receipt"] = build_host_receipt(
            issuer="fixture-host",
            environment="test",
            tool_name=capture["tool_name"],
            action="capture_open",
            event_sha256=text_sha256("fixture-open-industry-source"),
            timestamp=capture["captured_date"],
        )
        capture["receipt_sha256"] = canonical_sha256(capture)
        source["capture"] = capture
        data["sources"].append(source)
        driver = data["growth_driver_tree"]["drivers"][0]
        driver["evidence_nodes"].append(
            {
                "evidence_id": "independent_demand_signal",
                "evidence_type": "independent_demand_signal",
                "inference_distance": "one_step",
                "conclusion": "An independent checked indicator supports the direction of the modeled demand path.",
                "claim_ids": ["claim_independent_demand_signal"],
            }
        )
        added_claim = _claim(
            "claim_independent_demand_signal",
            "industry_source",
            "growth_driver",
            "independent_demand_signal",
            "rationale_support",
            "Independent operating data supports the direction of the modeled demand path.",
            data["as_of_date"],
        )
        added_claim["capture_receipt_sha256"] = capture["receipt_sha256"]
        data["evidence_claims"].append(added_claim)
>       result = run_forecast(data)
                 ^^^^^^^^^^^^^^^^^^

tests\test_growth_driver_tree.py:178: 
_ _ _ _ _ _ _ _ _ _ _ _ _ _ _ _ _ _ _ _ _ _ _ _ _ _ _ _ _ _ _ _ _ _ _ _ _ _ _ _
scripts\revenue_core.py:451: in run_forecast
    context = validate_published_forecast(result, data)
              ^^^^^^^^^^^^^^^^^^^^^^^^^^^^^^^^^^^^^^^^^
scripts\revenue_report.py:1329: in validate_published_forecast
    _validate_forecast_output(result, data)
_ _ _ _ _ _ _ _ _ _ _ _ _ _ _ _ _ _ _ _ _ _ _ _ _ _ _ _ _ _ _ _ _ _ _ _ _ _ _ _

result = {'company_name': 'Test Co', 'as_of_date': '2026-07-12', 'currency': 'USD', 'unit': 'million', ...}
data = {'company_name': 'Test Co', 'as_of_date': '2026-07-12', 'currency': 'USD', 'unit': 'million', ...}

    def _validate_forecast_output(
        result: dict[str, Any], data: dict[str, Any] | None
    ) -> None:
        if isinstance(result.get("input_document"), dict):
            # R1.1 (N-01): an embedded input document must hash to the claimed
            # anchor — it can never be silently swapped for a different input.
            verify_input_binding(result)
        if data is not None:
            # R6.2 (mutation patrol): parameter_trace order is semantic (consumers
            # index it); it must match the validated input's parameters exactly.
            require(
                result.get("parameter_trace") == data.get("parameters"),
                "parameter_trace must match the validated input parameters",
            )
        for key in result:
            if key == "input_document":
                continue
            require(
                str(key).strip().lower() not in PROHIBITED_OUTPUT_KEYS,
                f"prohibited non-revenue output key: root.{key}",
            )
        for key, value in result.items():
            if key not in ("result_sha256", "publication_receipt", "input_document"):
                _walk_keys(value, f"root.{key}")
        required = (
            "company_name",
            "as_of_date",
            "currency",
            "unit",
            "fiscal_year_end",
            "base_year",
            "forecast_years",
            "historical_revenue",
            "base_revenue",
            "segments",
            "consolidated_forecast",
            "confidence",
            "research_coverage",
            "parameter_trace",
            "sources",
            "evidence_claims",
            "schema_version",
            "engine_version",
            "input_sha256",
        )
        for key in required:
            require(key in result, f"forecast output missing field: {key}")
        require(
            result["schema_version"] in SUPPORTED_FORECAST_SCHEMA_VERSIONS,
            "forecast output schema_version mismatch",
        )
        # R6.2 (mutation patrol): the historical sequence is ordered and semantic —
        # a shuffled year list must be rejected, matching the input-side contract.
        history = result["historical_revenue"]
        require(isinstance(history, list), "historical_revenue must be a list")
        history_years = [
            record.get("year") for record in history if isinstance(record, dict)
        ]
        require(
            history_years == sorted(history_years),
            "historical_revenue must be ordered by year",
        )
        require_validating_engine(
            result["schema_version"], result["engine_version"], "output"
        )
        if requires_bound_input_schema(result["schema_version"]):
            require(
                "management_target_coverage" in result,
                "forecast output missing field: management_target_coverage",
            )
            require(
                "growth_driver_analysis" in result,
                "forecast output missing field: growth_driver_analysis",
            )
            require(
                "workflow_compliance_receipt" in result,
                "forecast output missing field: workflow_compliance_receipt",
            )
            # R6.2 (mutation patrol): every engine-produced key is part of the
            # artifact contract — deleting any of them must be rejected.
            for _engine_key in (
                "data_gaps",
                "disconfirming_indicators",
                "forecast_version",
                "historical_accuracy_records",
                "probability_weighted_forecast",
                "scenario_probabilities",
                "sensitivities",
                "theme_analysis",
            ):
                require(
                    _engine_key in result,
                    f"forecast output missing field: {_engine_key}",
                )
        elif result["schema_version"] == "3.4":
            require(
                "management_target_coverage" in result,
                "forecast output missing field: management_target_coverage",
            )
            require(
                "growth_driver_analysis" in result,
                "forecast output missing field: growth_driver_analysis",
            )
            require(
                "workflow_compliance_receipt" in result,
                "forecast output missing field: workflow_compliance_receipt",
            )
        elif result["schema_version"] == "3.5":
            require(
                "management_target_coverage" in result,
                "forecast output missing field: management_target_coverage",
            )
            require(
                "growth_driver_analysis" in result,
                "forecast output missing field: growth_driver_analysis",
            )
            require(
                "workflow_compliance_receipt" in result,
                "forecast output missing field: workflow_compliance_receipt",
            )
        elif result["schema_version"] == "3.3":
            require(
                "management_target_coverage" in result,
                "forecast output missing field: management_target_coverage",
            )
            require(
                "growth_driver_analysis" in result,
                "forecast output missing field: growth_driver_analysis",
            )
        elif result["schema_version"] == "3.2":
            require(
                "management_target_coverage" in result,
                "forecast output missing field: management_target_coverage",
            )
        elif result["schema_version"] == "3.1":
            require(
                "management_target_coverage" in result,
                "forecast output missing field: management_target_coverage",
            )
        hash_payload = {
            key: value for key, value in result.items() if key != "result_sha256"
        }
        years = list(map(str, result["forecast_years"]))
        base = float(result["base_revenue"])
        consolidated = result["consolidated_forecast"]
        parameter_index = {
            parameter["parameter_id"]: parameter for parameter in result["parameter_trace"]
        }
        segment_index = {segment["name"]: segment for segment in result["segments"]}
        require(
            len(segment_index) == len(result["segments"]),
            "forecast output contains duplicate segment names",
        )
        for segment in result["segments"]:
            for scenario in SCENARIOS:
                output = segment["scenarios"][scenario]
                recalculated = calculate_model_path(
                    output["model"],
                    float(segment["base_revenue"]),
                    output["driver_parameter_ids"],
                    parameter_index,
                    list(map(int, result["forecast_years"])),
                    scenario,
                )
                require(
                    recalculated["annual_revenue"] == output["modeled_activity"],
                    f"segment modeled activity mismatch: {segment['name']}/{scenario}",
                )
                modeled = list(output["modeled_activity"].values())
                recognition = segment["recognition"]
                if recognition["timing"] == "over_time":
                    progress = list(output["progress_values"].values())
                    expected_recognized = [
                        value * factor for value, factor in zip(modeled, progress)
                    ]
                elif recognition["mode"] == "lagged_activity":
                    lag = recognition["lag_years"]
                    expected_recognized = list(output["carry_in_revenue"]) + modeled[:-lag]
                else:
                    expected_recognized = modeled
                observed_recognized = list(output["recognized_revenue"].values())
                require(
                    all(
                        math.isclose(left, right, rel_tol=1e-9, abs_tol=1e-9)
                        for left, right in zip(expected_recognized, observed_recognized)
                    ),
                    f"segment recognized revenue mismatch: {segment['name']}/{scenario}",
                )
            for year in years:
                require(
                    segment["scenarios"]["low"]["recognized_revenue"][year]
                    <= segment["scenarios"]["base"]["recognized_revenue"][year]
                    <= segment["scenarios"]["high"]["recognized_revenue"][year],
                    f"segment scenario ordering mismatch: {segment['name']}/{year}",
                )
    
        # Opening presentation and incremental denominators must use the same
        # authored foundation as the forecast calculation.
        _validate_segment_opening_bases(result, parameter_index, years, data)
    
        current_constraint_contract = (
            result["schema_version"],
            result["engine_version"],
        ) in {
            ("3.2", "3.3.0"),
            ("3.3", "3.4.0"),
            ("3.5", ENGINE_VERSION),
>           (FORECAST_SCHEMA_VERSION, ENGINE_VERSION),
             ^^^^^^^^^^^^^^^^^^^^^^^
        }
E       NameError: name 'FORECAST_SCHEMA_VERSION' is not defined

scripts\revenue_report.py:597: NameError
_ test_optional_diagnostic_separates_documentary_presence_and_unknown_magnitude _

    def test_optional_diagnostic_separates_documentary_presence_and_unknown_magnitude():
        d,pid,c=research_document()
        module()
>       result=run_forecast(d)
               ^^^^^^^^^^^^^^^

tests\test_research_evidence_roles.py:68: 
_ _ _ _ _ _ _ _ _ _ _ _ _ _ _ _ _ _ _ _ _ _ _ _ _ _ _ _ _ _ _ _ _ _ _ _ _ _ _ _
scripts\revenue_core.py:451: in run_forecast
    context = validate_published_forecast(result, data)
              ^^^^^^^^^^^^^^^^^^^^^^^^^^^^^^^^^^^^^^^^^
scripts\revenue_report.py:1329: in validate_published_forecast
    _validate_forecast_output(result, data)
_ _ _ _ _ _ _ _ _ _ _ _ _ _ _ _ _ _ _ _ _ _ _ _ _ _ _ _ _ _ _ _ _ _ _ _ _ _ _ _

result = {'company_name': 'Test Co', 'as_of_date': '2026-07-12', 'currency': 'USD', 'unit': 'million', ...}
data = {'company_name': 'Test Co', 'as_of_date': '2026-07-12', 'currency': 'USD', 'unit': 'million', ...}

    def _validate_forecast_output(
        result: dict[str, Any], data: dict[str, Any] | None
    ) -> None:
        if isinstance(result.get("input_document"), dict):
            # R1.1 (N-01): an embedded input document must hash to the claimed
            # anchor — it can never be silently swapped for a different input.
            verify_input_binding(result)
        if data is not None:
            # R6.2 (mutation patrol): parameter_trace order is semantic (consumers
            # index it); it must match the validated input's parameters exactly.
            require(
                result.get("parameter_trace") == data.get("parameters"),
                "parameter_trace must match the validated input parameters",
            )
        for key in result:
            if key == "input_document":
                continue
            require(
                str(key).strip().lower() not in PROHIBITED_OUTPUT_KEYS,
                f"prohibited non-revenue output key: root.{key}",
            )
        for key, value in result.items():
            if key not in ("result_sha256", "publication_receipt", "input_document"):
                _walk_keys(value, f"root.{key}")
        required = (
            "company_name",
            "as_of_date",
            "currency",
            "unit",
            "fiscal_year_end",
            "base_year",
            "forecast_years",
            "historical_revenue",
            "base_revenue",
            "segments",
            "consolidated_forecast",
            "confidence",
            "research_coverage",
            "parameter_trace",
            "sources",
            "evidence_claims",
            "schema_version",
            "engine_version",
            "input_sha256",
        )
        for key in required:
            require(key in result, f"forecast output missing field: {key}")
        require(
            result["schema_version"] in SUPPORTED_FORECAST_SCHEMA_VERSIONS,
            "forecast output schema_version mismatch",
        )
        # R6.2 (mutation patrol): the historical sequence is ordered and semantic —
        # a shuffled year list must be rejected, matching the input-side contract.
        history = result["historical_revenue"]
        require(isinstance(history, list), "historical_revenue must be a list")
        history_years = [
            record.get("year") for record in history if isinstance(record, dict)
        ]
        require(
            history_years == sorted(history_years),
            "historical_revenue must be ordered by year",
        )
        require_validating_engine(
            result["schema_version"], result["engine_version"], "output"
        )
        if requires_bound_input_schema(result["schema_version"]):
            require(
                "management_target_coverage" in result,
                "forecast output missing field: management_target_coverage",
            )
            require(
                "growth_driver_analysis" in result,
                "forecast output missing field: growth_driver_analysis",
            )
            require(
                "workflow_compliance_receipt" in result,
                "forecast output missing field: workflow_compliance_receipt",
            )
            # R6.2 (mutation patrol): every engine-produced key is part of the
            # artifact contract — deleting any of them must be rejected.
            for _engine_key in (
                "data_gaps",
                "disconfirming_indicators",
                "forecast_version",
                "historical_accuracy_records",
                "probability_weighted_forecast",
                "scenario_probabilities",
                "sensitivities",
                "theme_analysis",
            ):
                require(
                    _engine_key in result,
                    f"forecast output missing field: {_engine_key}",
                )
        elif result["schema_version"] == "3.4":
            require(
                "management_target_coverage" in result,
                "forecast output missing field: management_target_coverage",
            )
            require(
                "growth_driver_analysis" in result,
                "forecast output missing field: growth_driver_analysis",
            )
            require(
                "workflow_compliance_receipt" in result,
                "forecast output missing field: workflow_compliance_receipt",
            )
        elif result["schema_version"] == "3.5":
            require(
                "management_target_coverage" in result,
                "forecast output missing field: management_target_coverage",
            )
            require(
                "growth_driver_analysis" in result,
                "forecast output missing field: growth_driver_analysis",
            )
            require(
                "workflow_compliance_receipt" in result,
                "forecast output missing field: workflow_compliance_receipt",
            )
        elif result["schema_version"] == "3.3":
            require(
                "management_target_coverage" in result,
                "forecast output missing field: management_target_coverage",
            )
            require(
                "growth_driver_analysis" in result,
                "forecast output missing field: growth_driver_analysis",
            )
        elif result["schema_version"] == "3.2":
            require(
                "management_target_coverage" in result,
                "forecast output missing field: management_target_coverage",
            )
        elif result["schema_version"] == "3.1":
            require(
                "management_target_coverage" in result,
                "forecast output missing field: management_target_coverage",
            )
        hash_payload = {
            key: value for key, value in result.items() if key != "result_sha256"
        }
        years = list(map(str, result["forecast_years"]))
        base = float(result["base_revenue"])
        consolidated = result["consolidated_forecast"]
        parameter_index = {
            parameter["parameter_id"]: parameter for parameter in result["parameter_trace"]
        }
        segment_index = {segment["name"]: segment for segment in result["segments"]}
        require(
            len(segment_index) == len(result["segments"]),
            "forecast output contains duplicate segment names",
        )
        for segment in result["segments"]:
            for scenario in SCENARIOS:
                output = segment["scenarios"][scenario]
                recalculated = calculate_model_path(
                    output["model"],
                    float(segment["base_revenue"]),
                    output["driver_parameter_ids"],
                    parameter_index,
                    list(map(int, result["forecast_years"])),
                    scenario,
                )
                require(
                    recalculated["annual_revenue"] == output["modeled_activity"],
                    f"segment modeled activity mismatch: {segment['name']}/{scenario}",
                )
                modeled = list(output["modeled_activity"].values())
                recognition = segment["recognition"]
                if recognition["timing"] == "over_time":
                    progress = list(output["progress_values"].values())
                    expected_recognized = [
                        value * factor for value, factor in zip(modeled, progress)
                    ]
                elif recognition["mode"] == "lagged_activity":
                    lag = recognition["lag_years"]
                    expected_recognized = list(output["carry_in_revenue"]) + modeled[:-lag]
                else:
                    expected_recognized = modeled
                observed_recognized = list(output["recognized_revenue"].values())
                require(
                    all(
                        math.isclose(left, right, rel_tol=1e-9, abs_tol=1e-9)
                        for left, right in zip(expected_recognized, observed_recognized)
                    ),
                    f"segment recognized revenue mismatch: {segment['name']}/{scenario}",
                )
            for year in years:
                require(
                    segment["scenarios"]["low"]["recognized_revenue"][year]
                    <= segment["scenarios"]["base"]["recognized_revenue"][year]
                    <= segment["scenarios"]["high"]["recognized_revenue"][year],
                    f"segment scenario ordering mismatch: {segment['name']}/{year}",
                )
    
        # Opening presentation and incremental denominators must use the same
        # authored foundation as the forecast calculation.
        _validate_segment_opening_bases(result, parameter_index, years, data)
    
        current_constraint_contract = (
            result["schema_version"],
            result["engine_version"],
        ) in {
            ("3.2", "3.3.0"),
            ("3.3", "3.4.0"),
            ("3.5", ENGINE_VERSION),
>           (FORECAST_SCHEMA_VERSION, ENGINE_VERSION),
             ^^^^^^^^^^^^^^^^^^^^^^^
        }
E       NameError: name 'FORECAST_SCHEMA_VERSION' is not defined

scripts\revenue_report.py:597: NameError
_______ test_inventory_included_items_do_not_become_additional_revenue ________

    def test_inventory_included_items_do_not_become_additional_revenue():
        d,pid,c=research_document()
        item=deepcopy(d["operating_research"]["inventory"][0])
        item.update(item_id="processor", disposition="included", included_in="ramp")
        d["operating_research"]["inventory"].append(item)
        diag=module().analyze_operating_research(d,validate_document(d))
        assert diag["inventory"][1]["included_in"]=="ramp"
>       before=run_forecast(forecast_document())
               ^^^^^^^^^^^^^^^^^^^^^^^^^^^^^^^^^

tests\test_research_evidence_roles.py:95: 
_ _ _ _ _ _ _ _ _ _ _ _ _ _ _ _ _ _ _ _ _ _ _ _ _ _ _ _ _ _ _ _ _ _ _ _ _ _ _ _
scripts\revenue_core.py:451: in run_forecast
    context = validate_published_forecast(result, data)
              ^^^^^^^^^^^^^^^^^^^^^^^^^^^^^^^^^^^^^^^^^
scripts\revenue_report.py:1329: in validate_published_forecast
    _validate_forecast_output(result, data)
_ _ _ _ _ _ _ _ _ _ _ _ _ _ _ _ _ _ _ _ _ _ _ _ _ _ _ _ _ _ _ _ _ _ _ _ _ _ _ _

result = {'company_name': 'Test Co', 'as_of_date': '2026-07-12', 'currency': 'USD', 'unit': 'million', ...}
data = {'company_name': 'Test Co', 'as_of_date': '2026-07-12', 'currency': 'USD', 'unit': 'million', ...}

    def _validate_forecast_output(
        result: dict[str, Any], data: dict[str, Any] | None
    ) -> None:
        if isinstance(result.get("input_document"), dict):
            # R1.1 (N-01): an embedded input document must hash to the claimed
            # anchor — it can never be silently swapped for a different input.
            verify_input_binding(result)
        if data is not None:
            # R6.2 (mutation patrol): parameter_trace order is semantic (consumers
            # index it); it must match the validated input's parameters exactly.
            require(
                result.get("parameter_trace") == data.get("parameters"),
                "parameter_trace must match the validated input parameters",
            )
        for key in result:
            if key == "input_document":
                continue
            require(
                str(key).strip().lower() not in PROHIBITED_OUTPUT_KEYS,
                f"prohibited non-revenue output key: root.{key}",
            )
        for key, value in result.items():
            if key not in ("result_sha256", "publication_receipt", "input_document"):
                _walk_keys(value, f"root.{key}")
        required = (
            "company_name",
            "as_of_date",
            "currency",
            "unit",
            "fiscal_year_end",
            "base_year",
            "forecast_years",
            "historical_revenue",
            "base_revenue",
            "segments",
            "consolidated_forecast",
            "confidence",
            "research_coverage",
            "parameter_trace",
            "sources",
            "evidence_claims",
            "schema_version",
            "engine_version",
            "input_sha256",
        )
        for key in required:
            require(key in result, f"forecast output missing field: {key}")
        require(
            result["schema_version"] in SUPPORTED_FORECAST_SCHEMA_VERSIONS,
            "forecast output schema_version mismatch",
        )
        # R6.2 (mutation patrol): the historical sequence is ordered and semantic —
        # a shuffled year list must be rejected, matching the input-side contract.
        history = result["historical_revenue"]
        require(isinstance(history, list), "historical_revenue must be a list")
        history_years = [
            record.get("year") for record in history if isinstance(record, dict)
        ]
        require(
            history_years == sorted(history_years),
            "historical_revenue must be ordered by year",
        )
        require_validating_engine(
            result["schema_version"], result["engine_version"], "output"
        )
        if requires_bound_input_schema(result["schema_version"]):
            require(
                "management_target_coverage" in result,
                "forecast output missing field: management_target_coverage",
            )
            require(
                "growth_driver_analysis" in result,
                "forecast output missing field: growth_driver_analysis",
            )
            require(
                "workflow_compliance_receipt" in result,
                "forecast output missing field: workflow_compliance_receipt",
            )
            # R6.2 (mutation patrol): every engine-produced key is part of the
            # artifact contract — deleting any of them must be rejected.
            for _engine_key in (
                "data_gaps",
                "disconfirming_indicators",
                "forecast_version",
                "historical_accuracy_records",
                "probability_weighted_forecast",
                "scenario_probabilities",
                "sensitivities",
                "theme_analysis",
            ):
                require(
                    _engine_key in result,
                    f"forecast output missing field: {_engine_key}",
                )
        elif result["schema_version"] == "3.4":
            require(
                "management_target_coverage" in result,
                "forecast output missing field: management_target_coverage",
            )
            require(
                "growth_driver_analysis" in result,
                "forecast output missing field: growth_driver_analysis",
            )
            require(
                "workflow_compliance_receipt" in result,
                "forecast output missing field: workflow_compliance_receipt",
            )
        elif result["schema_version"] == "3.5":
            require(
                "management_target_coverage" in result,
                "forecast output missing field: management_target_coverage",
            )
            require(
                "growth_driver_analysis" in result,
                "forecast output missing field: growth_driver_analysis",
            )
            require(
                "workflow_compliance_receipt" in result,
                "forecast output missing field: workflow_compliance_receipt",
            )
        elif result["schema_version"] == "3.3":
            require(
                "management_target_coverage" in result,
                "forecast output missing field: management_target_coverage",
            )
            require(
                "growth_driver_analysis" in result,
                "forecast output missing field: growth_driver_analysis",
            )
        elif result["schema_version"] == "3.2":
            require(
                "management_target_coverage" in result,
                "forecast output missing field: management_target_coverage",
            )
        elif result["schema_version"] == "3.1":
            require(
                "management_target_coverage" in result,
                "forecast output missing field: management_target_coverage",
            )
        hash_payload = {
            key: value for key, value in result.items() if key != "result_sha256"
        }
        years = list(map(str, result["forecast_years"]))
        base = float(result["base_revenue"])
        consolidated = result["consolidated_forecast"]
        parameter_index = {
            parameter["parameter_id"]: parameter for parameter in result["parameter_trace"]
        }
        segment_index = {segment["name"]: segment for segment in result["segments"]}
        require(
            len(segment_index) == len(result["segments"]),
            "forecast output contains duplicate segment names",
        )
        for segment in result["segments"]:
            for scenario in SCENARIOS:
                output = segment["scenarios"][scenario]
                recalculated = calculate_model_path(
                    output["model"],
                    float(segment["base_revenue"]),
                    output["driver_parameter_ids"],
                    parameter_index,
                    list(map(int, result["forecast_years"])),
                    scenario,
                )
                require(
                    recalculated["annual_revenue"] == output["modeled_activity"],
                    f"segment modeled activity mismatch: {segment['name']}/{scenario}",
                )
                modeled = list(output["modeled_activity"].values())
                recognition = segment["recognition"]
                if recognition["timing"] == "over_time":
                    progress = list(output["progress_values"].values())
                    expected_recognized = [
                        value * factor for value, factor in zip(modeled, progress)
                    ]
                elif recognition["mode"] == "lagged_activity":
                    lag = recognition["lag_years"]
                    expected_recognized = list(output["carry_in_revenue"]) + modeled[:-lag]
                else:
                    expected_recognized = modeled
                observed_recognized = list(output["recognized_revenue"].values())
                require(
                    all(
                        math.isclose(left, right, rel_tol=1e-9, abs_tol=1e-9)
                        for left, right in zip(expected_recognized, observed_recognized)
                    ),
                    f"segment recognized revenue mismatch: {segment['name']}/{scenario}",
                )
            for year in years:
                require(
                    segment["scenarios"]["low"]["recognized_revenue"][year]
                    <= segment["scenarios"]["base"]["recognized_revenue"][year]
                    <= segment["scenarios"]["high"]["recognized_revenue"][year],
                    f"segment scenario ordering mismatch: {segment['name']}/{year}",
                )
    
        # Opening presentation and incremental denominators must use the same
        # authored foundation as the forecast calculation.
        _validate_segment_opening_bases(result, parameter_index, years, data)
    
        current_constraint_contract = (
            result["schema_version"],
            result["engine_version"],
        ) in {
            ("3.2", "3.3.0"),
            ("3.3", "3.4.0"),
            ("3.5", ENGINE_VERSION),
>           (FORECAST_SCHEMA_VERSION, ENGINE_VERSION),
             ^^^^^^^^^^^^^^^^^^^^^^^
        }
E       NameError: name 'FORECAST_SCHEMA_VERSION' is not defined

scripts\revenue_report.py:597: NameError
__ test_calibration_recomputes_existing_formula_units_and_keeps_unknown_null __

    def test_calibration_recomputes_existing_formula_units_and_keeps_unknown_null():
        d=calibrated_document()
>       result=run_forecast(d)
               ^^^^^^^^^^^^^^^

tests\test_research_evidence_roles.py:152: 
_ _ _ _ _ _ _ _ _ _ _ _ _ _ _ _ _ _ _ _ _ _ _ _ _ _ _ _ _ _ _ _ _ _ _ _ _ _ _ _
scripts\revenue_core.py:451: in run_forecast
    context = validate_published_forecast(result, data)
              ^^^^^^^^^^^^^^^^^^^^^^^^^^^^^^^^^^^^^^^^^
scripts\revenue_report.py:1329: in validate_published_forecast
    _validate_forecast_output(result, data)
_ _ _ _ _ _ _ _ _ _ _ _ _ _ _ _ _ _ _ _ _ _ _ _ _ _ _ _ _ _ _ _ _ _ _ _ _ _ _ _

result = {'company_name': 'Test Co', 'as_of_date': '2026-07-12', 'currency': 'USD', 'unit': 'million', ...}
data = {'company_name': 'Test Co', 'as_of_date': '2026-07-12', 'currency': 'USD', 'unit': 'million', ...}

    def _validate_forecast_output(
        result: dict[str, Any], data: dict[str, Any] | None
    ) -> None:
        if isinstance(result.get("input_document"), dict):
            # R1.1 (N-01): an embedded input document must hash to the claimed
            # anchor — it can never be silently swapped for a different input.
            verify_input_binding(result)
        if data is not None:
            # R6.2 (mutation patrol): parameter_trace order is semantic (consumers
            # index it); it must match the validated input's parameters exactly.
            require(
                result.get("parameter_trace") == data.get("parameters"),
                "parameter_trace must match the validated input parameters",
            )
        for key in result:
            if key == "input_document":
                continue
            require(
                str(key).strip().lower() not in PROHIBITED_OUTPUT_KEYS,
                f"prohibited non-revenue output key: root.{key}",
            )
        for key, value in result.items():
            if key not in ("result_sha256", "publication_receipt", "input_document"):
                _walk_keys(value, f"root.{key}")
        required = (
            "company_name",
            "as_of_date",
            "currency",
            "unit",
            "fiscal_year_end",
            "base_year",
            "forecast_years",
            "historical_revenue",
            "base_revenue",
            "segments",
            "consolidated_forecast",
            "confidence",
            "research_coverage",
            "parameter_trace",
            "sources",
            "evidence_claims",
            "schema_version",
            "engine_version",
            "input_sha256",
        )
        for key in required:
            require(key in result, f"forecast output missing field: {key}")
        require(
            result["schema_version"] in SUPPORTED_FORECAST_SCHEMA_VERSIONS,
            "forecast output schema_version mismatch",
        )
        # R6.2 (mutation patrol): the historical sequence is ordered and semantic —
        # a shuffled year list must be rejected, matching the input-side contract.
        history = result["historical_revenue"]
        require(isinstance(history, list), "historical_revenue must be a list")
        history_years = [
            record.get("year") for record in history if isinstance(record, dict)
        ]
        require(
            history_years == sorted(history_years),
            "historical_revenue must be ordered by year",
        )
        require_validating_engine(
            result["schema_version"], result["engine_version"], "output"
        )
        if requires_bound_input_schema(result["schema_version"]):
            require(
                "management_target_coverage" in result,
                "forecast output missing field: management_target_coverage",
            )
            require(
                "growth_driver_analysis" in result,
                "forecast output missing field: growth_driver_analysis",
            )
            require(
                "workflow_compliance_receipt" in result,
                "forecast output missing field: workflow_compliance_receipt",
            )
            # R6.2 (mutation patrol): every engine-produced key is part of the
            # artifact contract — deleting any of them must be rejected.
            for _engine_key in (
                "data_gaps",
                "disconfirming_indicators",
                "forecast_version",
                "historical_accuracy_records",
                "probability_weighted_forecast",
                "scenario_probabilities",
                "sensitivities",
                "theme_analysis",
            ):
                require(
                    _engine_key in result,
                    f"forecast output missing field: {_engine_key}",
                )
        elif result["schema_version"] == "3.4":
            require(
                "management_target_coverage" in result,
                "forecast output missing field: management_target_coverage",
            )
            require(
                "growth_driver_analysis" in result,
                "forecast output missing field: growth_driver_analysis",
            )
            require(
                "workflow_compliance_receipt" in result,
                "forecast output missing field: workflow_compliance_receipt",
            )
        elif result["schema_version"] == "3.5":
            require(
                "management_target_coverage" in result,
                "forecast output missing field: management_target_coverage",
            )
            require(
                "growth_driver_analysis" in result,
                "forecast output missing field: growth_driver_analysis",
            )
            require(
                "workflow_compliance_receipt" in result,
                "forecast output missing field: workflow_compliance_receipt",
            )
        elif result["schema_version"] == "3.3":
            require(
                "management_target_coverage" in result,
                "forecast output missing field: management_target_coverage",
            )
            require(
                "growth_driver_analysis" in result,
                "forecast output missing field: growth_driver_analysis",
            )
        elif result["schema_version"] == "3.2":
            require(
                "management_target_coverage" in result,
                "forecast output missing field: management_target_coverage",
            )
        elif result["schema_version"] == "3.1":
            require(
                "management_target_coverage" in result,
                "forecast output missing field: management_target_coverage",
            )
        hash_payload = {
            key: value for key, value in result.items() if key != "result_sha256"
        }
        years = list(map(str, result["forecast_years"]))
        base = float(result["base_revenue"])
        consolidated = result["consolidated_forecast"]
        parameter_index = {
            parameter["parameter_id"]: parameter for parameter in result["parameter_trace"]
        }
        segment_index = {segment["name"]: segment for segment in result["segments"]}
        require(
            len(segment_index) == len(result["segments"]),
            "forecast output contains duplicate segment names",
        )
        for segment in result["segments"]:
            for scenario in SCENARIOS:
                output = segment["scenarios"][scenario]
                recalculated = calculate_model_path(
                    output["model"],
                    float(segment["base_revenue"]),
                    output["driver_parameter_ids"],
                    parameter_index,
                    list(map(int, result["forecast_years"])),
                    scenario,
                )
                require(
                    recalculated["annual_revenue"] == output["modeled_activity"],
                    f"segment modeled activity mismatch: {segment['name']}/{scenario}",
                )
                modeled = list(output["modeled_activity"].values())
                recognition = segment["recognition"]
                if recognition["timing"] == "over_time":
                    progress = list(output["progress_values"].values())
                    expected_recognized = [
                        value * factor for value, factor in zip(modeled, progress)
                    ]
                elif recognition["mode"] == "lagged_activity":
                    lag = recognition["lag_years"]
                    expected_recognized = list(output["carry_in_revenue"]) + modeled[:-lag]
                else:
                    expected_recognized = modeled
                observed_recognized = list(output["recognized_revenue"].values())
                require(
                    all(
                        math.isclose(left, right, rel_tol=1e-9, abs_tol=1e-9)
                        for left, right in zip(expected_recognized, observed_recognized)
                    ),
                    f"segment recognized revenue mismatch: {segment['name']}/{scenario}",
                )
            for year in years:
                require(
                    segment["scenarios"]["low"]["recognized_revenue"][year]
                    <= segment["scenarios"]["base"]["recognized_revenue"][year]
                    <= segment["scenarios"]["high"]["recognized_revenue"][year],
                    f"segment scenario ordering mismatch: {segment['name']}/{year}",
                )
    
        # Opening presentation and incremental denominators must use the same
        # authored foundation as the forecast calculation.
        _validate_segment_opening_bases(result, parameter_index, years, data)
    
        current_constraint_contract = (
            result["schema_version"],
            result["engine_version"],
        ) in {
            ("3.2", "3.3.0"),
            ("3.3", "3.4.0"),
            ("3.5", ENGINE_VERSION),
>           (FORECAST_SCHEMA_VERSION, ENGINE_VERSION),
             ^^^^^^^^^^^^^^^^^^^^^^^
        }
E       NameError: name 'FORECAST_SCHEMA_VERSION' is not defined

scripts\revenue_report.py:597: NameError
_ test_dated_quarter_delay_reuses_native_formula_and_shared_constraint[Aster] _

entity = 'Aster'

    @pytest.mark.parametrize("entity",["Aster","恒微"])
    def test_dated_quarter_delay_reuses_native_formula_and_shared_constraint(entity):
        from research.timing_bridge import build_quarter_delay_bridge
        from test_data_contract import finalize_contract
        from test_revenue_constraints import _series
        d=forecast_document()
        d["company_name"]=entity
        # Apply one common joint financing/delivery stress. Amounts are explicit fixtures,
        # never claimed to be a calibrated Low or a real company capacity limit.
>       original=run_forecast(d)
                 ^^^^^^^^^^^^^^^

tests\test_research_evidence_roles.py:182: 
_ _ _ _ _ _ _ _ _ _ _ _ _ _ _ _ _ _ _ _ _ _ _ _ _ _ _ _ _ _ _ _ _ _ _ _ _ _ _ _
scripts\revenue_core.py:451: in run_forecast
    context = validate_published_forecast(result, data)
              ^^^^^^^^^^^^^^^^^^^^^^^^^^^^^^^^^^^^^^^^^
scripts\revenue_report.py:1329: in validate_published_forecast
    _validate_forecast_output(result, data)
_ _ _ _ _ _ _ _ _ _ _ _ _ _ _ _ _ _ _ _ _ _ _ _ _ _ _ _ _ _ _ _ _ _ _ _ _ _ _ _

result = {'company_name': 'Aster', 'as_of_date': '2026-07-12', 'currency': 'USD', 'unit': 'million', ...}
data = {'company_name': 'Aster', 'as_of_date': '2026-07-12', 'currency': 'USD', 'unit': 'million', ...}

    def _validate_forecast_output(
        result: dict[str, Any], data: dict[str, Any] | None
    ) -> None:
        if isinstance(result.get("input_document"), dict):
            # R1.1 (N-01): an embedded input document must hash to the claimed
            # anchor — it can never be silently swapped for a different input.
            verify_input_binding(result)
        if data is not None:
            # R6.2 (mutation patrol): parameter_trace order is semantic (consumers
            # index it); it must match the validated input's parameters exactly.
            require(
                result.get("parameter_trace") == data.get("parameters"),
                "parameter_trace must match the validated input parameters",
            )
        for key in result:
            if key == "input_document":
                continue
            require(
                str(key).strip().lower() not in PROHIBITED_OUTPUT_KEYS,
                f"prohibited non-revenue output key: root.{key}",
            )
        for key, value in result.items():
            if key not in ("result_sha256", "publication_receipt", "input_document"):
                _walk_keys(value, f"root.{key}")
        required = (
            "company_name",
            "as_of_date",
            "currency",
            "unit",
            "fiscal_year_end",
            "base_year",
            "forecast_years",
            "historical_revenue",
            "base_revenue",
            "segments",
            "consolidated_forecast",
            "confidence",
            "research_coverage",
            "parameter_trace",
            "sources",
            "evidence_claims",
            "schema_version",
            "engine_version",
            "input_sha256",
        )
        for key in required:
            require(key in result, f"forecast output missing field: {key}")
        require(
            result["schema_version"] in SUPPORTED_FORECAST_SCHEMA_VERSIONS,
            "forecast output schema_version mismatch",
        )
        # R6.2 (mutation patrol): the historical sequence is ordered and semantic —
        # a shuffled year list must be rejected, matching the input-side contract.
        history = result["historical_revenue"]
        require(isinstance(history, list), "historical_revenue must be a list")
        history_years = [
            record.get("year") for record in history if isinstance(record, dict)
        ]
        require(
            history_years == sorted(history_years),
            "historical_revenue must be ordered by year",
        )
        require_validating_engine(
            result["schema_version"], result["engine_version"], "output"
        )
        if requires_bound_input_schema(result["schema_version"]):
            require(
                "management_target_coverage" in result,
                "forecast output missing field: management_target_coverage",
            )
            require(
                "growth_driver_analysis" in result,
                "forecast output missing field: growth_driver_analysis",
            )
            require(
                "workflow_compliance_receipt" in result,
                "forecast output missing field: workflow_compliance_receipt",
            )
            # R6.2 (mutation patrol): every engine-produced key is part of the
            # artifact contract — deleting any of them must be rejected.
            for _engine_key in (
                "data_gaps",
                "disconfirming_indicators",
                "forecast_version",
                "historical_accuracy_records",
                "probability_weighted_forecast",
                "scenario_probabilities",
                "sensitivities",
                "theme_analysis",
            ):
                require(
                    _engine_key in result,
                    f"forecast output missing field: {_engine_key}",
                )
        elif result["schema_version"] == "3.4":
            require(
                "management_target_coverage" in result,
                "forecast output missing field: management_target_coverage",
            )
            require(
                "growth_driver_analysis" in result,
                "forecast output missing field: growth_driver_analysis",
            )
            require(
                "workflow_compliance_receipt" in result,
                "forecast output missing field: workflow_compliance_receipt",
            )
        elif result["schema_version"] == "3.5":
            require(
                "management_target_coverage" in result,
                "forecast output missing field: management_target_coverage",
            )
            require(
                "growth_driver_analysis" in result,
                "forecast output missing field: growth_driver_analysis",
            )
            require(
                "workflow_compliance_receipt" in result,
                "forecast output missing field: workflow_compliance_receipt",
            )
        elif result["schema_version"] == "3.3":
            require(
                "management_target_coverage" in result,
                "forecast output missing field: management_target_coverage",
            )
            require(
                "growth_driver_analysis" in result,
                "forecast output missing field: growth_driver_analysis",
            )
        elif result["schema_version"] == "3.2":
            require(
                "management_target_coverage" in result,
                "forecast output missing field: management_target_coverage",
            )
        elif result["schema_version"] == "3.1":
            require(
                "management_target_coverage" in result,
                "forecast output missing field: management_target_coverage",
            )
        hash_payload = {
            key: value for key, value in result.items() if key != "result_sha256"
        }
        years = list(map(str, result["forecast_years"]))
        base = float(result["base_revenue"])
        consolidated = result["consolidated_forecast"]
        parameter_index = {
            parameter["parameter_id"]: parameter for parameter in result["parameter_trace"]
        }
        segment_index = {segment["name"]: segment for segment in result["segments"]}
        require(
            len(segment_index) == len(result["segments"]),
            "forecast output contains duplicate segment names",
        )
        for segment in result["segments"]:
            for scenario in SCENARIOS:
                output = segment["scenarios"][scenario]
                recalculated = calculate_model_path(
                    output["model"],
                    float(segment["base_revenue"]),
                    output["driver_parameter_ids"],
                    parameter_index,
                    list(map(int, result["forecast_years"])),
                    scenario,
                )
                require(
                    recalculated["annual_revenue"] == output["modeled_activity"],
                    f"segment modeled activity mismatch: {segment['name']}/{scenario}",
                )
                modeled = list(output["modeled_activity"].values())
                recognition = segment["recognition"]
                if recognition["timing"] == "over_time":
                    progress = list(output["progress_values"].values())
                    expected_recognized = [
                        value * factor for value, factor in zip(modeled, progress)
                    ]
                elif recognition["mode"] == "lagged_activity":
                    lag = recognition["lag_years"]
                    expected_recognized = list(output["carry_in_revenue"]) + modeled[:-lag]
                else:
                    expected_recognized = modeled
                observed_recognized = list(output["recognized_revenue"].values())
                require(
                    all(
                        math.isclose(left, right, rel_tol=1e-9, abs_tol=1e-9)
                        for left, right in zip(expected_recognized, observed_recognized)
                    ),
                    f"segment recognized revenue mismatch: {segment['name']}/{scenario}",
                )
            for year in years:
                require(
                    segment["scenarios"]["low"]["recognized_revenue"][year]
                    <= segment["scenarios"]["base"]["recognized_revenue"][year]
                    <= segment["scenarios"]["high"]["recognized_revenue"][year],
                    f"segment scenario ordering mismatch: {segment['name']}/{year}",
                )
    
        # Opening presentation and incremental denominators must use the same
        # authored foundation as the forecast calculation.
        _validate_segment_opening_bases(result, parameter_index, years, data)
    
        current_constraint_contract = (
            result["schema_version"],
            result["engine_version"],
        ) in {
            ("3.2", "3.3.0"),
            ("3.3", "3.4.0"),
            ("3.5", ENGINE_VERSION),
>           (FORECAST_SCHEMA_VERSION, ENGINE_VERSION),
             ^^^^^^^^^^^^^^^^^^^^^^^
        }
E       NameError: name 'FORECAST_SCHEMA_VERSION' is not defined

scripts\revenue_report.py:597: NameError
_ test_dated_quarter_delay_reuses_native_formula_and_shared_constraint[\u6052\u5fae] _

entity = '恒微'

    @pytest.mark.parametrize("entity",["Aster","恒微"])
    def test_dated_quarter_delay_reuses_native_formula_and_shared_constraint(entity):
        from research.timing_bridge import build_quarter_delay_bridge
        from test_data_contract import finalize_contract
        from test_revenue_constraints import _series
        d=forecast_document()
        d["company_name"]=entity
        # Apply one common joint financing/delivery stress. Amounts are explicit fixtures,
        # never claimed to be a calibrated Low or a real company capacity limit.
>       original=run_forecast(d)
                 ^^^^^^^^^^^^^^^

tests\test_research_evidence_roles.py:182: 
_ _ _ _ _ _ _ _ _ _ _ _ _ _ _ _ _ _ _ _ _ _ _ _ _ _ _ _ _ _ _ _ _ _ _ _ _ _ _ _
scripts\revenue_core.py:451: in run_forecast
    context = validate_published_forecast(result, data)
              ^^^^^^^^^^^^^^^^^^^^^^^^^^^^^^^^^^^^^^^^^
scripts\revenue_report.py:1329: in validate_published_forecast
    _validate_forecast_output(result, data)
_ _ _ _ _ _ _ _ _ _ _ _ _ _ _ _ _ _ _ _ _ _ _ _ _ _ _ _ _ _ _ _ _ _ _ _ _ _ _ _

result = {'company_name': '恒微', 'as_of_date': '2026-07-12', 'currency': 'USD', 'unit': 'million', ...}
data = {'company_name': '恒微', 'as_of_date': '2026-07-12', 'currency': 'USD', 'unit': 'million', ...}

    def _validate_forecast_output(
        result: dict[str, Any], data: dict[str, Any] | None
    ) -> None:
        if isinstance(result.get("input_document"), dict):
            # R1.1 (N-01): an embedded input document must hash to the claimed
            # anchor — it can never be silently swapped for a different input.
            verify_input_binding(result)
        if data is not None:
            # R6.2 (mutation patrol): parameter_trace order is semantic (consumers
            # index it); it must match the validated input's parameters exactly.
            require(
                result.get("parameter_trace") == data.get("parameters"),
                "parameter_trace must match the validated input parameters",
            )
        for key in result:
            if key == "input_document":
                continue
            require(
                str(key).strip().lower() not in PROHIBITED_OUTPUT_KEYS,
                f"prohibited non-revenue output key: root.{key}",
            )
        for key, value in result.items():
            if key not in ("result_sha256", "publication_receipt", "input_document"):
                _walk_keys(value, f"root.{key}")
        required = (
            "company_name",
            "as_of_date",
            "currency",
            "unit",
            "fiscal_year_end",
            "base_year",
            "forecast_years",
            "historical_revenue",
            "base_revenue",
            "segments",
            "consolidated_forecast",
            "confidence",
            "research_coverage",
            "parameter_trace",
            "sources",
            "evidence_claims",
            "schema_version",
            "engine_version",
            "input_sha256",
        )
        for key in required:
            require(key in result, f"forecast output missing field: {key}")
        require(
            result["schema_version"] in SUPPORTED_FORECAST_SCHEMA_VERSIONS,
            "forecast output schema_version mismatch",
        )
        # R6.2 (mutation patrol): the historical sequence is ordered and semantic —
        # a shuffled year list must be rejected, matching the input-side contract.
        history = result["historical_revenue"]
        require(isinstance(history, list), "historical_revenue must be a list")
        history_years = [
            record.get("year") for record in history if isinstance(record, dict)
        ]
        require(
            history_years == sorted(history_years),
            "historical_revenue must be ordered by year",
        )
        require_validating_engine(
            result["schema_version"], result["engine_version"], "output"
        )
        if requires_bound_input_schema(result["schema_version"]):
            require(
                "management_target_coverage" in result,
                "forecast output missing field: management_target_coverage",
            )
            require(
                "growth_driver_analysis" in result,
                "forecast output missing field: growth_driver_analysis",
            )
            require(
                "workflow_compliance_receipt" in result,
                "forecast output missing field: workflow_compliance_receipt",
            )
            # R6.2 (mutation patrol): every engine-produced key is part of the
            # artifact contract — deleting any of them must be rejected.
            for _engine_key in (
                "data_gaps",
                "disconfirming_indicators",
                "forecast_version",
                "historical_accuracy_records",
                "probability_weighted_forecast",
                "scenario_probabilities",
                "sensitivities",
                "theme_analysis",
            ):
                require(
                    _engine_key in result,
                    f"forecast output missing field: {_engine_key}",
                )
        elif result["schema_version"] == "3.4":
            require(
                "management_target_coverage" in result,
                "forecast output missing field: management_target_coverage",
            )
            require(
                "growth_driver_analysis" in result,
                "forecast output missing field: growth_driver_analysis",
            )
            require(
                "workflow_compliance_receipt" in result,
                "forecast output missing field: workflow_compliance_receipt",
            )
        elif result["schema_version"] == "3.5":
            require(
                "management_target_coverage" in result,
                "forecast output missing field: management_target_coverage",
            )
            require(
                "growth_driver_analysis" in result,
                "forecast output missing field: growth_driver_analysis",
            )
            require(
                "workflow_compliance_receipt" in result,
                "forecast output missing field: workflow_compliance_receipt",
            )
        elif result["schema_version"] == "3.3":
            require(
                "management_target_coverage" in result,
                "forecast output missing field: management_target_coverage",
            )
            require(
                "growth_driver_analysis" in result,
                "forecast output missing field: growth_driver_analysis",
            )
        elif result["schema_version"] == "3.2":
            require(
                "management_target_coverage" in result,
                "forecast output missing field: management_target_coverage",
            )
        elif result["schema_version"] == "3.1":
            require(
                "management_target_coverage" in result,
                "forecast output missing field: management_target_coverage",
            )
        hash_payload = {
            key: value for key, value in result.items() if key != "result_sha256"
        }
        years = list(map(str, result["forecast_years"]))
        base = float(result["base_revenue"])
        consolidated = result["consolidated_forecast"]
        parameter_index = {
            parameter["parameter_id"]: parameter for parameter in result["parameter_trace"]
        }
        segment_index = {segment["name"]: segment for segment in result["segments"]}
        require(
            len(segment_index) == len(result["segments"]),
            "forecast output contains duplicate segment names",
        )
        for segment in result["segments"]:
            for scenario in SCENARIOS:
                output = segment["scenarios"][scenario]
                recalculated = calculate_model_path(
                    output["model"],
                    float(segment["base_revenue"]),
                    output["driver_parameter_ids"],
                    parameter_index,
                    list(map(int, result["forecast_years"])),
                    scenario,
                )
                require(
                    recalculated["annual_revenue"] == output["modeled_activity"],
                    f"segment modeled activity mismatch: {segment['name']}/{scenario}",
                )
                modeled = list(output["modeled_activity"].values())
                recognition = segment["recognition"]
                if recognition["timing"] == "over_time":
                    progress = list(output["progress_values"].values())
                    expected_recognized = [
                        value * factor for value, factor in zip(modeled, progress)
                    ]
                elif recognition["mode"] == "lagged_activity":
                    lag = recognition["lag_years"]
                    expected_recognized = list(output["carry_in_revenue"]) + modeled[:-lag]
                else:
                    expected_recognized = modeled
                observed_recognized = list(output["recognized_revenue"].values())
                require(
                    all(
                        math.isclose(left, right, rel_tol=1e-9, abs_tol=1e-9)
                        for left, right in zip(expected_recognized, observed_recognized)
                    ),
                    f"segment recognized revenue mismatch: {segment['name']}/{scenario}",
                )
            for year in years:
                require(
                    segment["scenarios"]["low"]["recognized_revenue"][year]
                    <= segment["scenarios"]["base"]["recognized_revenue"][year]
                    <= segment["scenarios"]["high"]["recognized_revenue"][year],
                    f"segment scenario ordering mismatch: {segment['name']}/{year}",
                )
    
        # Opening presentation and incremental denominators must use the same
        # authored foundation as the forecast calculation.
        _validate_segment_opening_bases(result, parameter_index, years, data)
    
        current_constraint_contract = (
            result["schema_version"],
            result["engine_version"],
        ) in {
            ("3.2", "3.3.0"),
            ("3.3", "3.4.0"),
            ("3.5", ENGINE_VERSION),
>           (FORECAST_SCHEMA_VERSION, ENGINE_VERSION),
             ^^^^^^^^^^^^^^^^^^^^^^^
        }
E       NameError: name 'FORECAST_SCHEMA_VERSION' is not defined

scripts\revenue_report.py:597: NameError
_____ test_actual_case_assembly_cli_then_native_validate_compute_snapshot _____

tmp_path = WindowsPath('C:/Users/郑曾波/AppData/Local/Temp/rf-period-green-d0m4t3jb/pytest/test_actual_case_assembly_cli_0')

    def test_actual_case_assembly_cli_then_native_validate_compute_snapshot(tmp_path):
        import subprocess
        from company_wiki_source_v2 import build_revenue_source_record_from_verified_read
        from test_company_wiki_source_reader_v2 import BODY, _ref, _receipt
        d=calibrated_document()
        raw_receipt=_receipt()
        manifest=raw_receipt.pop("manifest")
        candidate={"status":"source_candidate","source_ref":_ref(),"byte_verification":"pending_verified_open",
            "document_kind":manifest["document_kind"],"fiscal_year":manifest["fiscal_year"],"fiscal_period":manifest["fiscal_period"],
            "resolution_outcome":"reused_existing","download_events":0}
        source=build_revenue_source_record_from_verified_read(source_ref=_ref(),read_receipt=raw_receipt,
            source_bytes=BODY,source_manifest=manifest,source_candidate=candidate,as_of_date=d["as_of_date"],
            source_type="regulatory_filing",publisher="synthetic producer fixture",page_or_section="1")
        sid=source["source_id"]
        def rekey(value):
            if isinstance(value,dict):
                return {key:rekey(v) for key,v in value.items()}
            if isinstance(value,list):
                return [rekey(v) for v in value]
            return sid if value=="filing" else value
        d=rekey(d)
        d["sources"][0]=source
        for c in d["evidence_claims"]:
            if c["source_id"]==sid:
                c["content_sha256"]=source["capture"]["snapshot_sha256"]
                c["capture_receipt_sha256"]=source["capture"]["receipt_sha256"]
        prep={"schema_version":"source-preparation-result/1","source":source,"filing_fetch":None,"narrative":None}
        research=d.pop("operating_research")
        for name,value in (("input",d),("research",research),("preparation",prep),("discovery",{"schema_version":"synthetic-discovery-receipt/1","items":[],"coverage_complete":False})):
            (tmp_path/(name+".json")).write_text(json.dumps(value,ensure_ascii=False),encoding="utf-8")
        root=Path(__file__).resolve().parents[1]
        assembled=tmp_path/"assembled"
        command=[sys.executable,"-X","utf8","-B",str(root/"tools/build_auditable_case.py"),"--company","synthetic",
            "--input",str(tmp_path/"input.json"),"--research",str(tmp_path/"research.json"),"--preparation",str(tmp_path/"preparation.json"),
            "--discovery",str(tmp_path/"discovery.json"),"--as-of",d["as_of_date"],"--output-root",str(assembled)]
        run=subprocess.run(command,capture_output=True,text=True,encoding="utf-8",timeout=30)
        assert run.returncode==0,run.stderr
        receipt=json.loads((assembled/"assembly.json").read_text(encoding="utf-8"))
        assert receipt["narrative_status"]=="not_consumed"
        assert receipt["source_bindings"][0]["source_ref"]==_ref()
        assert receipt["new_supplier_calls"]==0 and receipt["new_model_calls"]==0
        native=tmp_path/"native"
        run=subprocess.run([sys.executable,"-X","utf8","-B",str(root/"tools/run_target_measurement_e2e.py"),
            "--input",str(assembled/"linked-input.json"),"--output-root",str(native)],capture_output=True,text=True,encoding="utf-8",timeout=30)
>       assert run.returncode==0,run.stderr
E       AssertionError: 
E       assert 1 == 0
E        +  where 1 = CompletedProcess(args=['C:\\Miniconda\\python.exe', '-X', 'utf8', '-B', 'C:\\Users\\郑曾波\\.codex\\worktrees\\m3-accepta...\Temp\\rf-period-green-d0m4t3jb\\pytest\\test_actual_case_assembly_cli_0\\native'], returncode=1, stdout='', stderr='').returncode

tests\test_research_evidence_roles.py:263: AssertionError
_ test_numeric_historical_baseline_keeps_history_role_without_future_support __

    def test_numeric_historical_baseline_keeps_history_role_without_future_support():
        d=forecast_document()
        for c in d["evidence_claims"]:
            if c["target_type"]=="historical_revenue":
                c["evidence_role"]="history_base"
        # A measured historical number is still a historical base, not a mechanism.
>       result=run_forecast(d)
               ^^^^^^^^^^^^^^^

tests\test_research_evidence_roles.py:275: 
_ _ _ _ _ _ _ _ _ _ _ _ _ _ _ _ _ _ _ _ _ _ _ _ _ _ _ _ _ _ _ _ _ _ _ _ _ _ _ _
scripts\revenue_core.py:451: in run_forecast
    context = validate_published_forecast(result, data)
              ^^^^^^^^^^^^^^^^^^^^^^^^^^^^^^^^^^^^^^^^^
scripts\revenue_report.py:1329: in validate_published_forecast
    _validate_forecast_output(result, data)
_ _ _ _ _ _ _ _ _ _ _ _ _ _ _ _ _ _ _ _ _ _ _ _ _ _ _ _ _ _ _ _ _ _ _ _ _ _ _ _

result = {'company_name': 'Test Co', 'as_of_date': '2026-07-12', 'currency': 'USD', 'unit': 'million', ...}
data = {'company_name': 'Test Co', 'as_of_date': '2026-07-12', 'currency': 'USD', 'unit': 'million', ...}

    def _validate_forecast_output(
        result: dict[str, Any], data: dict[str, Any] | None
    ) -> None:
        if isinstance(result.get("input_document"), dict):
            # R1.1 (N-01): an embedded input document must hash to the claimed
            # anchor — it can never be silently swapped for a different input.
            verify_input_binding(result)
        if data is not None:
            # R6.2 (mutation patrol): parameter_trace order is semantic (consumers
            # index it); it must match the validated input's parameters exactly.
            require(
                result.get("parameter_trace") == data.get("parameters"),
                "parameter_trace must match the validated input parameters",
            )
        for key in result:
            if key == "input_document":
                continue
            require(
                str(key).strip().lower() not in PROHIBITED_OUTPUT_KEYS,
                f"prohibited non-revenue output key: root.{key}",
            )
        for key, value in result.items():
            if key not in ("result_sha256", "publication_receipt", "input_document"):
                _walk_keys(value, f"root.{key}")
        required = (
            "company_name",
            "as_of_date",
            "currency",
            "unit",
            "fiscal_year_end",
            "base_year",
            "forecast_years",
            "historical_revenue",
            "base_revenue",
            "segments",
            "consolidated_forecast",
            "confidence",
            "research_coverage",
            "parameter_trace",
            "sources",
            "evidence_claims",
            "schema_version",
            "engine_version",
            "input_sha256",
        )
        for key in required:
            require(key in result, f"forecast output missing field: {key}")
        require(
            result["schema_version"] in SUPPORTED_FORECAST_SCHEMA_VERSIONS,
            "forecast output schema_version mismatch",
        )
        # R6.2 (mutation patrol): the historical sequence is ordered and semantic —
        # a shuffled year list must be rejected, matching the input-side contract.
        history = result["historical_revenue"]
        require(isinstance(history, list), "historical_revenue must be a list")
        history_years = [
            record.get("year") for record in history if isinstance(record, dict)
        ]
        require(
            history_years == sorted(history_years),
            "historical_revenue must be ordered by year",
        )
        require_validating_engine(
            result["schema_version"], result["engine_version"], "output"
        )
        if requires_bound_input_schema(result["schema_version"]):
            require(
                "management_target_coverage" in result,
                "forecast output missing field: management_target_coverage",
            )
            require(
                "growth_driver_analysis" in result,
                "forecast output missing field: growth_driver_analysis",
            )
            require(
                "workflow_compliance_receipt" in result,
                "forecast output missing field: workflow_compliance_receipt",
            )
            # R6.2 (mutation patrol): every engine-produced key is part of the
            # artifact contract — deleting any of them must be rejected.
            for _engine_key in (
                "data_gaps",
                "disconfirming_indicators",
                "forecast_version",
                "historical_accuracy_records",
                "probability_weighted_forecast",
                "scenario_probabilities",
                "sensitivities",
                "theme_analysis",
            ):
                require(
                    _engine_key in result,
                    f"forecast output missing field: {_engine_key}",
                )
        elif result["schema_version"] == "3.4":
            require(
                "management_target_coverage" in result,
                "forecast output missing field: management_target_coverage",
            )
            require(
                "growth_driver_analysis" in result,
                "forecast output missing field: growth_driver_analysis",
            )
            require(
                "workflow_compliance_receipt" in result,
                "forecast output missing field: workflow_compliance_receipt",
            )
        elif result["schema_version"] == "3.5":
            require(
                "management_target_coverage" in result,
                "forecast output missing field: management_target_coverage",
            )
            require(
                "growth_driver_analysis" in result,
                "forecast output missing field: growth_driver_analysis",
            )
            require(
                "workflow_compliance_receipt" in result,
                "forecast output missing field: workflow_compliance_receipt",
            )
        elif result["schema_version"] == "3.3":
            require(
                "management_target_coverage" in result,
                "forecast output missing field: management_target_coverage",
            )
            require(
                "growth_driver_analysis" in result,
                "forecast output missing field: growth_driver_analysis",
            )
        elif result["schema_version"] == "3.2":
            require(
                "management_target_coverage" in result,
                "forecast output missing field: management_target_coverage",
            )
        elif result["schema_version"] == "3.1":
            require(
                "management_target_coverage" in result,
                "forecast output missing field: management_target_coverage",
            )
        hash_payload = {
            key: value for key, value in result.items() if key != "result_sha256"
        }
        years = list(map(str, result["forecast_years"]))
        base = float(result["base_revenue"])
        consolidated = result["consolidated_forecast"]
        parameter_index = {
            parameter["parameter_id"]: parameter for parameter in result["parameter_trace"]
        }
        segment_index = {segment["name"]: segment for segment in result["segments"]}
        require(
            len(segment_index) == len(result["segments"]),
            "forecast output contains duplicate segment names",
        )
        for segment in result["segments"]:
            for scenario in SCENARIOS:
                output = segment["scenarios"][scenario]
                recalculated = calculate_model_path(
                    output["model"],
                    float(segment["base_revenue"]),
                    output["driver_parameter_ids"],
                    parameter_index,
                    list(map(int, result["forecast_years"])),
                    scenario,
                )
                require(
                    recalculated["annual_revenue"] == output["modeled_activity"],
                    f"segment modeled activity mismatch: {segment['name']}/{scenario}",
                )
                modeled = list(output["modeled_activity"].values())
                recognition = segment["recognition"]
                if recognition["timing"] == "over_time":
                    progress = list(output["progress_values"].values())
                    expected_recognized = [
                        value * factor for value, factor in zip(modeled, progress)
                    ]
                elif recognition["mode"] == "lagged_activity":
                    lag = recognition["lag_years"]
                    expected_recognized = list(output["carry_in_revenue"]) + modeled[:-lag]
                else:
                    expected_recognized = modeled
                observed_recognized = list(output["recognized_revenue"].values())
                require(
                    all(
                        math.isclose(left, right, rel_tol=1e-9, abs_tol=1e-9)
                        for left, right in zip(expected_recognized, observed_recognized)
                    ),
                    f"segment recognized revenue mismatch: {segment['name']}/{scenario}",
                )
            for year in years:
                require(
                    segment["scenarios"]["low"]["recognized_revenue"][year]
                    <= segment["scenarios"]["base"]["recognized_revenue"][year]
                    <= segment["scenarios"]["high"]["recognized_revenue"][year],
                    f"segment scenario ordering mismatch: {segment['name']}/{year}",
                )
    
        # Opening presentation and incremental denominators must use the same
        # authored foundation as the forecast calculation.
        _validate_segment_opening_bases(result, parameter_index, years, data)
    
        current_constraint_contract = (
            result["schema_version"],
            result["engine_version"],
        ) in {
            ("3.2", "3.3.0"),
            ("3.3", "3.4.0"),
            ("3.5", ENGINE_VERSION),
>           (FORECAST_SCHEMA_VERSION, ENGINE_VERSION),
             ^^^^^^^^^^^^^^^^^^^^^^^
        }
E       NameError: name 'FORECAST_SCHEMA_VERSION' is not defined

scripts\revenue_report.py:597: NameError
=========================== short test summary info ===========================
FAILED tests/test_m3_period_flow_contract.py::PeriodFlowIntegrationTests::test_forecast_math_and_point_stocks_unchanged_between_3_7_and_3_9
FAILED tests/test_m3_period_flow_contract.py::PeriodFlowIntegrationTests::test_published_3_9_result_strong_validates_and_renders
FAILED tests/test_m3_evidence_roles.py::MechanismRoleUnitTests::test_confidence_does_not_rise_from_role_category
FAILED tests/test_growth_driver_tree.py::GrowthDriverTreeTests::test_drivers_are_ranked_by_reconciled_terminal_increment
FAILED tests/test_growth_driver_tree.py::GrowthDriverTreeTests::test_explicit_data_gap_is_reported_without_fabricating_drivers
FAILED tests/test_growth_driver_tree.py::GrowthDriverTreeTests::test_immutable_schema_35_output_still_validates
FAILED tests/test_growth_driver_tree.py::GrowthDriverTreeTests::test_negative_weight_root_is_reported_as_headwind
FAILED tests/test_growth_driver_tree.py::GrowthDriverTreeTests::test_one_segment_can_be_split_across_multiple_causal_drivers
FAILED tests/test_growth_driver_tree.py::GrowthDriverTreeTests::test_schema_3_9_requires_typed_mechanism_roles_for_triangulation
FAILED tests/test_growth_driver_tree.py::GrowthDriverTreeTests::test_two_evidence_types_and_sources_are_marked_triangulated
FAILED tests/test_research_evidence_roles.py::test_optional_diagnostic_separates_documentary_presence_and_unknown_magnitude
FAILED tests/test_research_evidence_roles.py::test_inventory_included_items_do_not_become_additional_revenue
FAILED tests/test_research_evidence_roles.py::test_calibration_recomputes_existing_formula_units_and_keeps_unknown_null
FAILED tests/test_research_evidence_roles.py::test_dated_quarter_delay_reuses_native_formula_and_shared_constraint[Aster]
FAILED tests/test_research_evidence_roles.py::test_dated_quarter_delay_reuses_native_formula_and_shared_constraint[\u6052\u5fae]
FAILED tests/test_research_evidence_roles.py::test_actual_case_assembly_cli_then_native_validate_compute_snapshot
FAILED tests/test_research_evidence_roles.py::test_numeric_historical_baseline_keeps_history_role_without_future_support
17 failed, 40 passed, 6 subtests passed in 2.59s
