source_file,relative,line_start,line_end,original_text,file_sha256,item_id,reviewer,verdict,historical_claim,historical_evidence_scope,current_evidence,reason,recommendation,manual_semantic_range
C:\Users\郑曾波\Projects\company-wiki\docs\plans\catalog-space-remediation\CURRENT_STATUS.md,docs/plans/catalog-space-remediation/CURRENT_STATUS.md,3,3,> 2026-09-06状态补充：历史工具/提案交付不等于当前回收安全。新审计H01确认旧目录日期可触发全部retired EvidenceSpan删除，未逐PK证明归档与恢复；没有实际误删证据。[WP01安全整改](../painpoint-outcome-audit-2026-09-05/remediation-plan.md)完成独立门之前不恢复worker、不按旧90天规则执行prune。D盘迁移仍取消，历史原文不重开。,505d5c33051dba2e83f8adc0973b1b9e04f4f83ea78e08f402b7d83ce6b08fa2,WIKI-LEGACY-SPECIAL-0001,history_filing,supported_scoped,> 2026-09-06状态补充：历史工具/提案交付不等于当前回收安全。新审计H01确认旧目录日期可触发全部retired EvidenceSpan删除，未逐PK证明归档与恢复；没有实际误删证据。[WP01安全整改](../painpoint-outcome-audit-2026-09-05/remediation-plan.md)完成独立门之前不恢复worker、不按旧90天规则执行prune。D盘迁移仍取消，历史原文不重开。,原文及所属阶段时间/配置/样本范围；不继承已PASS结论,prune/archive全文；root reviews/cross_history/current_recheck.json,当前解释承认历史完成不等于回收安全，取消迁盘/保留提案且不执行prune；已独立静态确认H01机制。,保留原始历史版本；将局部实现、生产消费和退休设计分别追踪，具体缺口见review.md,docs/plans/catalog-space-remediation/CURRENT_STATUS.md:1-11
C:\Users\郑曾波\Projects\company-wiki\docs\plans\catalog-space-remediation\CURRENT_STATUS.md,docs/plans/catalog-space-remediation/CURRENT_STATUS.md,5,5,核对日期：2026-09-04。覆盖本目录 `task_plan.md`、`findings.md`、`progress.md`、`granularity-proposal.md`；四份已全文阅读，历史正文保留。,505d5c33051dba2e83f8adc0973b1b9e04f4f83ea78e08f402b7d83ce6b08fa2,WIKI-LEGACY-SPECIAL-0002,history_filing,supported_scoped,核对日期：2026-09-04。覆盖本目录 `task_plan.md`、`findings.md`、`progress.md`、`granularity-proposal.md`；四份已全文阅读，历史正文保留。,原文及所属阶段时间/配置/样本范围；不继承已PASS结论,prune/archive全文；root reviews/cross_history/current_recheck.json,当前解释承认历史完成不等于回收安全，取消迁盘/保留提案且不执行prune；已独立静态确认H01机制。,保留原始历史版本；将局部实现、生产消费和退休设计分别追踪，具体缺口见review.md,docs/plans/catalog-space-remediation/CURRENT_STATUS.md:1-11
C:\Users\郑曾波\Projects\company-wiki\docs\plans\catalog-space-remediation\CURRENT_STATUS.md,docs/plans/catalog-space-remediation/CURRENT_STATUS.md,7,7,- 历史处置保持：Phase 1–4与ADR/工具收尾完成；Phase 5因D4不迁D盘取消；长期监控转交。旧空框不构成当前执行队列，也不据旧测试数字声称本次复验。,505d5c33051dba2e83f8adc0973b1b9e04f4f83ea78e08f402b7d83ce6b08fa2,WIKI-LEGACY-SPECIAL-0003,history_filing,supported_scoped,- 历史处置保持：Phase 1–4与ADR/工具收尾完成；Phase 5因D4不迁D盘取消；长期监控转交。旧空框不构成当前执行队列，也不据旧测试数字声称本次复验。,原文及所属阶段时间/配置/样本范围；不继承已PASS结论,prune/archive全文；root reviews/cross_history/current_recheck.json,当前解释承认历史完成不等于回收安全，取消迁盘/保留提案且不执行prune；已独立静态确认H01机制。,保留原始历史版本；将局部实现、生产消费和退休设计分别追踪，具体缺口见review.md,docs/plans/catalog-space-remediation/CURRENT_STATUS.md:1-11
C:\Users\郑曾波\Projects\company-wiki\docs\plans\catalog-space-remediation\CURRENT_STATUS.md,docs/plans/catalog-space-remediation/CURRENT_STATUS.md,8,8,- 8/6–8/7的44/49GB、PID、spans与磁盘余量为当时测量，不是2026-09-04实测；不因旧90天保留期就自动运行prune。,505d5c33051dba2e83f8adc0973b1b9e04f4f83ea78e08f402b7d83ce6b08fa2,WIKI-LEGACY-SPECIAL-0004,history_filing,supported_scoped,- 8/6–8/7的44/49GB、PID、spans与磁盘余量为当时测量，不是2026-09-04实测；不因旧90天保留期就自动运行prune。,原文及所属阶段时间/配置/样本范围；不继承已PASS结论,prune/archive全文；root reviews/cross_history/current_recheck.json,当前解释承认历史完成不等于回收安全，取消迁盘/保留提案且不执行prune；已独立静态确认H01机制。,保留原始历史版本；将局部实现、生产消费和退休设计分别追踪，具体缺口见review.md,docs/plans/catalog-space-remediation/CURRENT_STATUS.md:1-11
C:\Users\郑曾波\Projects\company-wiki\docs\plans\catalog-space-remediation\CURRENT_STATUS.md,docs/plans/catalog-space-remediation/CURRENT_STATUS.md,9,9,- 粒度提案仅完成“提案交付”，不是新parser或生产迁移通过。正文一方面要求旧locator保持有效，另一方面建议DELETE旧span后重解析；未来采用前必须证明版本化定位/归档可解析且下游引用不丢失，不能直接照旧命令执行。,505d5c33051dba2e83f8adc0973b1b9e04f4f83ea78e08f402b7d83ce6b08fa2,WIKI-LEGACY-SPECIAL-0005,history_filing,supported_scoped,- 粒度提案仅完成“提案交付”，不是新parser或生产迁移通过。正文一方面要求旧locator保持有效，另一方面建议DELETE旧span后重解析；未来采用前必须证明版本化定位/归档可解析且下游引用不丢失，不能直接照旧命令执行。,原文及所属阶段时间/配置/样本范围；不继承已PASS结论,prune/archive全文；root reviews/cross_history/current_recheck.json,当前解释承认历史完成不等于回收安全，取消迁盘/保留提案且不执行prune；已独立静态确认H01机制。,保留原始历史版本；将局部实现、生产消费和退休设计分别追踪，具体缺口见review.md,docs/plans/catalog-space-remediation/CURRENT_STATUS.md:1-11
C:\Users\郑曾波\Projects\company-wiki\docs\plans\catalog-space-remediation\CURRENT_STATUS.md,docs/plans/catalog-space-remediation/CURRENT_STATUS.md,10,10,- 后续统一状态与实际GP余项见 [当前规划状态](../../../PLANNING_STATUS.md)。原FCAP r2不是当前唯一执行入口。,505d5c33051dba2e83f8adc0973b1b9e04f4f83ea78e08f402b7d83ce6b08fa2,WIKI-LEGACY-SPECIAL-0006,history_filing,supported_scoped,- 后续统一状态与实际GP余项见 [当前规划状态](../../../PLANNING_STATUS.md)。原FCAP r2不是当前唯一执行入口。,原文及所属阶段时间/配置/样本范围；不继承已PASS结论,prune/archive全文；root reviews/cross_history/current_recheck.json,当前解释承认历史完成不等于回收安全，取消迁盘/保留提案且不执行prune；已独立静态确认H01机制。,保留原始历史版本；将局部实现、生产消费和退休设计分别追踪，具体缺口见review.md,docs/plans/catalog-space-remediation/CURRENT_STATUS.md:1-11
C:\Users\郑曾波\Projects\company-wiki\docs\plans\catalog-space-remediation\CURRENT_STATUS.md,docs/plans/catalog-space-remediation/CURRENT_STATUS.md,11,11,- 本次不查询大表、不实施归档/删除/迁移、不启动worker；新实施须另有明确授权、备份收据、只读对账、独立审查和回滚检查。,505d5c33051dba2e83f8adc0973b1b9e04f4f83ea78e08f402b7d83ce6b08fa2,WIKI-LEGACY-SPECIAL-0007,history_filing,supported_scoped,- 本次不查询大表、不实施归档/删除/迁移、不启动worker；新实施须另有明确授权、备份收据、只读对账、独立审查和回滚检查。,原文及所属阶段时间/配置/样本范围；不继承已PASS结论,prune/archive全文；root reviews/cross_history/current_recheck.json,当前解释承认历史完成不等于回收安全，取消迁盘/保留提案且不执行prune；已独立静态确认H01机制。,保留原始历史版本；将局部实现、生产消费和退休设计分别追踪，具体缺口见review.md,docs/plans/catalog-space-remediation/CURRENT_STATUS.md:1-11
C:\Users\郑曾波\Projects\company-wiki\docs\plans\catalog-space-remediation\findings.md,docs/plans/catalog-space-remediation/findings.md,1,1,# 研究发现（catalog 空间治理）,d707f7af9031891111751a7aad67ffb72a8ad7517b66b34a43bbd06e8e524b9f,WIKI-LEGACY-SPECIAL-0008,history_filing,historical_only,# 研究发现（catalog 空间治理）,原文及所属阶段时间/配置/样本范围；不继承已PASS结论,原文有日期的历史叙述；本轮不重跑生产、不以本轮测试反向证明当日计数/耗时/完整范围,旧磁盘/DB/计数/配置快照仅历史；抽样估计与全量数量不同粒度，未知问题未因此关闭。本轮不扫描个人磁盘/大表。,保留原始历史版本；将局部实现、生产消费和退休设计分别追踪，具体缺口见review.md,docs/plans/catalog-space-remediation/findings.md:1-63
C:\Users\郑曾波\Projects\company-wiki\docs\plans\catalog-space-remediation\findings.md,docs/plans/catalog-space-remediation/findings.md,3,3,> 持续追加；每条记录日期、内容与影响。相关任务计划见 task_plan.md。,d707f7af9031891111751a7aad67ffb72a8ad7517b66b34a43bbd06e8e524b9f,WIKI-LEGACY-SPECIAL-0009,history_filing,historical_only,> 持续追加；每条记录日期、内容与影响。相关任务计划见 task_plan.md。,原文及所属阶段时间/配置/样本范围；不继承已PASS结论,原文有日期的历史叙述；本轮不重跑生产、不以本轮测试反向证明当日计数/耗时/完整范围,旧磁盘/DB/计数/配置快照仅历史；抽样估计与全量数量不同粒度，未知问题未因此关闭。本轮不扫描个人磁盘/大表。,保留原始历史版本；将局部实现、生产消费和退休设计分别追踪，具体缺口见review.md,docs/plans/catalog-space-remediation/findings.md:1-63
C:\Users\郑曾波\Projects\company-wiki\docs\plans\catalog-space-remediation\findings.md,docs/plans/catalog-space-remediation/findings.md,5,5,"## 发现 1：G: 盘""满了""是 C: 盘的镜像，不是云配额问题",d707f7af9031891111751a7aad67ffb72a8ad7517b66b34a43bbd06e8e524b9f,WIKI-LEGACY-SPECIAL-0010,history_filing,historical_only,"## 发现 1：G: 盘""满了""是 C: 盘的镜像，不是云配额问题",原文及所属阶段时间/配置/样本范围；不继承已PASS结论,原文有日期的历史叙述；本轮不重跑生产、不以本轮测试反向证明当日计数/耗时/完整范围,旧磁盘/DB/计数/配置快照仅历史；抽样估计与全量数量不同粒度，未知问题未因此关闭。本轮不扫描个人磁盘/大表。,保留原始历史版本；将局部实现、生产消费和退休设计分别追踪，具体缺口见review.md,docs/plans/catalog-space-remediation/findings.md:1-63
C:\Users\郑曾波\Projects\company-wiki\docs\plans\catalog-space-remediation\findings.md,docs/plans/catalog-space-remediation/findings.md,6,6,- 日期：2026-08-06,d707f7af9031891111751a7aad67ffb72a8ad7517b66b34a43bbd06e8e524b9f,WIKI-LEGACY-SPECIAL-0011,history_filing,historical_only,- 日期：2026-08-06,原文及所属阶段时间/配置/样本范围；不继承已PASS结论,原文有日期的历史叙述；本轮不重跑生产、不以本轮测试反向证明当日计数/耗时/完整范围,旧磁盘/DB/计数/配置快照仅历史；抽样估计与全量数量不同粒度，未知问题未因此关闭。本轮不扫描个人磁盘/大表。,保留原始历史版本；将局部实现、生产消费和退休设计分别追踪，具体缺口见review.md,docs/plans/catalog-space-remediation/findings.md:1-63
C:\Users\郑曾波\Projects\company-wiki\docs\plans\catalog-space-remediation\findings.md,docs/plans/catalog-space-remediation/findings.md,7,7,"- 内容：G:（Google Drive for Desktop 虚拟盘，DriveType=3/FAT32）报告的 Size（510,913,744,896 字节）与 Free 与 C: **逐字节一致**；云端配额缓存（driveway_account protobuf，当日 16:31 更新）显示配额 2 TiB、已用 ~87.8 GB（含 Gmail/Photos 等全部服务）、剩余 ~1.92 TiB。",d707f7af9031891111751a7aad67ffb72a8ad7517b66b34a43bbd06e8e524b9f,WIKI-LEGACY-SPECIAL-0012,history_filing,historical_only,"- 内容：G:（Google Drive for Desktop 虚拟盘，DriveType=3/FAT32）报告的 Size（510,913,744,896 字节）与 Free 与 C: **逐字节一致**；云端配额缓存（driveway_account protobuf，当日 16:31 更新）显示配额 2 TiB、已用 ~87.8 GB（含 Gmail/Photos 等全部服务）、剩余 ~1.92 TiB。",原文及所属阶段时间/配置/样本范围；不继承已PASS结论,原文有日期的历史叙述；本轮不重跑生产、不以本轮测试反向证明当日计数/耗时/完整范围,旧磁盘/DB/计数/配置快照仅历史；抽样估计与全量数量不同粒度，未知问题未因此关闭。本轮不扫描个人磁盘/大表。,保留原始历史版本；将局部实现、生产消费和退休设计分别追踪，具体缺口见review.md,docs/plans/catalog-space-remediation/findings.md:1-63
C:\Users\郑曾波\Projects\company-wiki\docs\plans\catalog-space-remediation\findings.md,docs/plans/catalog-space-remediation/findings.md,8,8,- 影响：释放 C: 即自动恢复 G: 剩余空间；Gmail/相册不是问题。,d707f7af9031891111751a7aad67ffb72a8ad7517b66b34a43bbd06e8e524b9f,WIKI-LEGACY-SPECIAL-0013,history_filing,historical_only,- 影响：释放 C: 即自动恢复 G: 剩余空间；Gmail/相册不是问题。,原文及所属阶段时间/配置/样本范围；不继承已PASS结论,原文有日期的历史叙述；本轮不重跑生产、不以本轮测试反向证明当日计数/耗时/完整范围,旧磁盘/DB/计数/配置快照仅历史；抽样估计与全量数量不同粒度，未知问题未因此关闭。本轮不扫描个人磁盘/大表。,保留原始历史版本；将局部实现、生产消费和退休设计分别追踪，具体缺口见review.md,docs/plans/catalog-space-remediation/findings.md:1-63
C:\Users\郑曾波\Projects\company-wiki\docs\plans\catalog-space-remediation\findings.md,docs/plans/catalog-space-remediation/findings.md,10,10,## 发现 2：C: 盘 475.7 GB 占用构成（治理前）,d707f7af9031891111751a7aad67ffb72a8ad7517b66b34a43bbd06e8e524b9f,WIKI-LEGACY-SPECIAL-0014,history_filing,historical_only,## 发现 2：C: 盘 475.7 GB 占用构成（治理前）,原文及所属阶段时间/配置/样本范围；不继承已PASS结论,原文有日期的历史叙述；本轮不重跑生产、不以本轮测试反向证明当日计数/耗时/完整范围,旧磁盘/DB/计数/配置快照仅历史；抽样估计与全量数量不同粒度，未知问题未因此关闭。本轮不扫描个人磁盘/大表。,保留原始历史版本；将局部实现、生产消费和退休设计分别追踪，具体缺口见review.md,docs/plans/catalog-space-remediation/findings.md:1-63
C:\Users\郑曾波\Projects\company-wiki\docs\plans\catalog-space-remediation\findings.md,docs/plans/catalog-space-remediation/findings.md,11,11,- 日期：2026-08-06,d707f7af9031891111751a7aad67ffb72a8ad7517b66b34a43bbd06e8e524b9f,WIKI-LEGACY-SPECIAL-0015,history_filing,historical_only,- 日期：2026-08-06,原文及所属阶段时间/配置/样本范围；不继承已PASS结论,原文有日期的历史叙述；本轮不重跑生产、不以本轮测试反向证明当日计数/耗时/完整范围,旧磁盘/DB/计数/配置快照仅历史；抽样估计与全量数量不同粒度，未知问题未因此关闭。本轮不扫描个人磁盘/大表。,保留原始历史版本；将局部实现、生产消费和退休设计分别追踪，具体缺口见review.md,docs/plans/catalog-space-remediation/findings.md:1-63
C:\Users\郑曾波\Projects\company-wiki\docs\plans\catalog-space-remediation\findings.md,docs/plans/catalog-space-remediation/findings.md,12,12,- 内容：Users 356.7 GB（.local 130.1 → opencode 快照 127.5；Projects 117.6 → company-wiki 82.8 + company-wiki-backups 24.3；AppData 54.2；OneDrive 26.0；Dropbox 18.3）；Windows 69.7；Program Files+ProgramData 31.8；pagefile+hiberfil 14.3；其余 ~5。,d707f7af9031891111751a7aad67ffb72a8ad7517b66b34a43bbd06e8e524b9f,WIKI-LEGACY-SPECIAL-0016,history_filing,historical_only,- 内容：Users 356.7 GB（.local 130.1 → opencode 快照 127.5；Projects 117.6 → company-wiki 82.8 + company-wiki-backups 24.3；AppData 54.2；OneDrive 26.0；Dropbox 18.3）；Windows 69.7；Program Files+ProgramData 31.8；pagefile+hiberfil 14.3；其余 ~5。,原文及所属阶段时间/配置/样本范围；不继承已PASS结论,原文有日期的历史叙述；本轮不重跑生产、不以本轮测试反向证明当日计数/耗时/完整范围,旧磁盘/DB/计数/配置快照仅历史；抽样估计与全量数量不同粒度，未知问题未因此关闭。本轮不扫描个人磁盘/大表。,保留原始历史版本；将局部实现、生产消费和退休设计分别追踪，具体缺口见review.md,docs/plans/catalog-space-remediation/findings.md:1-63
C:\Users\郑曾波\Projects\company-wiki\docs\plans\catalog-space-remediation\findings.md,docs/plans/catalog-space-remediation/findings.md,13,13,- 影响：定位清理对象；已完成清理见 progress.md。,d707f7af9031891111751a7aad67ffb72a8ad7517b66b34a43bbd06e8e524b9f,WIKI-LEGACY-SPECIAL-0017,history_filing,historical_only,- 影响：定位清理对象；已完成清理见 progress.md。,原文及所属阶段时间/配置/样本范围；不继承已PASS结论,原文有日期的历史叙述；本轮不重跑生产、不以本轮测试反向证明当日计数/耗时/完整范围,旧磁盘/DB/计数/配置快照仅历史；抽样估计与全量数量不同粒度，未知问题未因此关闭。本轮不扫描个人磁盘/大表。,保留原始历史版本；将局部实现、生产消费和退休设计分别追踪，具体缺口见review.md,docs/plans/catalog-space-remediation/findings.md:1-63
C:\Users\郑曾波\Projects\company-wiki\docs\plans\catalog-space-remediation\findings.md,docs/plans/catalog-space-remediation/findings.md,15,15,## 发现 3：opencode 快照 = 内部 git 仓库，默认开启，按步骤快照整个工作区,d707f7af9031891111751a7aad67ffb72a8ad7517b66b34a43bbd06e8e524b9f,WIKI-LEGACY-SPECIAL-0018,history_filing,historical_only,## 发现 3：opencode 快照 = 内部 git 仓库，默认开启，按步骤快照整个工作区,原文及所属阶段时间/配置/样本范围；不继承已PASS结论,原文有日期的历史叙述；本轮不重跑生产、不以本轮测试反向证明当日计数/耗时/完整范围,旧磁盘/DB/计数/配置快照仅历史；抽样估计与全量数量不同粒度，未知问题未因此关闭。本轮不扫描个人磁盘/大表。,保留原始历史版本；将局部实现、生产消费和退休设计分别追踪，具体缺口见review.md,docs/plans/catalog-space-remediation/findings.md:1-63
C:\Users\郑曾波\Projects\company-wiki\docs\plans\catalog-space-remediation\findings.md,docs/plans/catalog-space-remediation/findings.md,16,16,- 日期：2026-08-06,d707f7af9031891111751a7aad67ffb72a8ad7517b66b34a43bbd06e8e524b9f,WIKI-LEGACY-SPECIAL-0019,history_filing,historical_only,- 日期：2026-08-06,原文及所属阶段时间/配置/样本范围；不继承已PASS结论,原文有日期的历史叙述；本轮不重跑生产、不以本轮测试反向证明当日计数/耗时/完整范围,旧磁盘/DB/计数/配置快照仅历史；抽样估计与全量数量不同粒度，未知问题未因此关闭。本轮不扫描个人磁盘/大表。,保留原始历史版本；将局部实现、生产消费和退休设计分别追踪，具体缺口见review.md,docs/plans/catalog-space-remediation/findings.md:1-63
C:\Users\郑曾波\Projects\company-wiki\docs\plans\catalog-space-remediation\findings.md,docs/plans/catalog-space-remediation/findings.md,17,17,- 内容：`~/.local/share/opencode/snapshot/{session}` 是 git 对象库；`config` 的 worktree 指向 company-wiki；单会话 d9d2f124（7/28–8/3）产生 73 个 pack（90.3 GB）+ 50 个中断残留 tmp_pack（36.8 GB，git count-objects 判定为 garbage）= 127.5 GB。官方文档：snapshot 默认开启、用于 /undo、大型仓库会显著占用磁盘。,d707f7af9031891111751a7aad67ffb72a8ad7517b66b34a43bbd06e8e524b9f,WIKI-LEGACY-SPECIAL-0020,history_filing,historical_only,- 内容：`~/.local/share/opencode/snapshot/{session}` 是 git 对象库；`config` 的 worktree 指向 company-wiki；单会话 d9d2f124（7/28–8/3）产生 73 个 pack（90.3 GB）+ 50 个中断残留 tmp_pack（36.8 GB，git count-objects 判定为 garbage）= 127.5 GB。官方文档：snapshot 默认开启、用于 /undo、大型仓库会显著占用磁盘。,原文及所属阶段时间/配置/样本范围；不继承已PASS结论,原文有日期的历史叙述；本轮不重跑生产、不以本轮测试反向证明当日计数/耗时/完整范围,旧磁盘/DB/计数/配置快照仅历史；抽样估计与全量数量不同粒度，未知问题未因此关闭。本轮不扫描个人磁盘/大表。,保留原始历史版本；将局部实现、生产消费和退休设计分别追踪，具体缺口见review.md,docs/plans/catalog-space-remediation/findings.md:1-63
C:\Users\郑曾波\Projects\company-wiki\docs\plans\catalog-space-remediation\findings.md,docs/plans/catalog-space-remediation/findings.md,18,18,"- 影响：已删除该会话快照（释放 127.5 GB）；防复发：opencode.json 设 `""snapshots"": false` 或把大目录加入 .gitignore。",d707f7af9031891111751a7aad67ffb72a8ad7517b66b34a43bbd06e8e524b9f,WIKI-LEGACY-SPECIAL-0021,history_filing,historical_only,"- 影响：已删除该会话快照（释放 127.5 GB）；防复发：opencode.json 设 `""snapshots"": false` 或把大目录加入 .gitignore。",原文及所属阶段时间/配置/样本范围；不继承已PASS结论,原文有日期的历史叙述；本轮不重跑生产、不以本轮测试反向证明当日计数/耗时/完整范围,旧磁盘/DB/计数/配置快照仅历史；抽样估计与全量数量不同粒度，未知问题未因此关闭。本轮不扫描个人磁盘/大表。,保留原始历史版本；将局部实现、生产消费和退休设计分别追踪，具体缺口见review.md,docs/plans/catalog-space-remediation/findings.md:1-63
C:\Users\郑曾波\Projects\company-wiki\docs\plans\catalog-space-remediation\findings.md,docs/plans/catalog-space-remediation/findings.md,20,20,## 发现 4：catalog.sqlite3 43.9 GB 构成（实测估算）,d707f7af9031891111751a7aad67ffb72a8ad7517b66b34a43bbd06e8e524b9f,WIKI-LEGACY-SPECIAL-0022,history_filing,historical_only,## 发现 4：catalog.sqlite3 43.9 GB 构成（实测估算）,原文及所属阶段时间/配置/样本范围；不继承已PASS结论,原文有日期的历史叙述；本轮不重跑生产、不以本轮测试反向证明当日计数/耗时/完整范围,旧磁盘/DB/计数/配置快照仅历史；抽样估计与全量数量不同粒度，未知问题未因此关闭。本轮不扫描个人磁盘/大表。,保留原始历史版本；将局部实现、生产消费和退休设计分别追踪，具体缺口见review.md,docs/plans/catalog-space-remediation/findings.md:1-63
C:\Users\郑曾波\Projects\company-wiki\docs\plans\catalog-space-remediation\findings.md,docs/plans/catalog-space-remediation/findings.md,21,21,- 日期：2026-08-06,d707f7af9031891111751a7aad67ffb72a8ad7517b66b34a43bbd06e8e524b9f,WIKI-LEGACY-SPECIAL-0023,history_filing,historical_only,- 日期：2026-08-06,原文及所属阶段时间/配置/样本范围；不继承已PASS结论,原文有日期的历史叙述；本轮不重跑生产、不以本轮测试反向证明当日计数/耗时/完整范围,旧磁盘/DB/计数/配置快照仅历史；抽样估计与全量数量不同粒度，未知问题未因此关闭。本轮不扫描个人磁盘/大表。,保留原始历史版本；将局部实现、生产消费和退休设计分别追踪，具体缺口见review.md,docs/plans/catalog-space-remediation/findings.md:1-63
C:\Users\郑曾波\Projects\company-wiki\docs\plans\catalog-space-remediation\findings.md,docs/plans/catalog-space-remediation/findings.md,22,22,"- 内容：page_count=11,530,002 × 4KB = 43.98 GB；freelist=0（无空洞，VACUUM 无效）。sources 表无 blob（只存 sha256/byte_size/mime/first_seen），**PDF 从不入库**。证据行内容 ~30.4 GB：span_json 平均 799 B × 25,985,291 ≈ 20.8 GB；URN+locator+parser 字段平均 364 B ≈ 9.5 GB；raw_text 平均 ~8 B ≈ 0.2 GB；其余 ~13.5 GB 为索引/页结构（span_id 主键 + UNIQUE(source_id,locator) + B-tree 页头）。",d707f7af9031891111751a7aad67ffb72a8ad7517b66b34a43bbd06e8e524b9f,WIKI-LEGACY-SPECIAL-0024,history_filing,historical_only,"- 内容：page_count=11,530,002 × 4KB = 43.98 GB；freelist=0（无空洞，VACUUM 无效）。sources 表无 blob（只存 sha256/byte_size/mime/first_seen），**PDF 从不入库**。证据行内容 ~30.4 GB：span_json 平均 799 B × 25,985,291 ≈ 20.8 GB；URN+locator+parser 字段平均 364 B ≈ 9.5 GB；raw_text 平均 ~8 B ≈ 0.2 GB；其余 ~13.5 GB 为索引/页结构（span_id 主键 + UNIQUE(source_id,locator) + B-tree 页头）。",原文及所属阶段时间/配置/样本范围；不继承已PASS结论,原文有日期的历史叙述；本轮不重跑生产、不以本轮测试反向证明当日计数/耗时/完整范围,旧磁盘/DB/计数/配置快照仅历史；抽样估计与全量数量不同粒度，未知问题未因此关闭。本轮不扫描个人磁盘/大表。,保留原始历史版本；将局部实现、生产消费和退休设计分别追踪，具体缺口见review.md,docs/plans/catalog-space-remediation/findings.md:1-63
C:\Users\郑曾波\Projects\company-wiki\docs\plans\catalog-space-remediation\findings.md,docs/plans/catalog-space-remediation/findings.md,23,23,"- 影响：空间大头是""单元格级拆解 + JSON 冗余 + 双重索引""，非二进制 blob。",d707f7af9031891111751a7aad67ffb72a8ad7517b66b34a43bbd06e8e524b9f,WIKI-LEGACY-SPECIAL-0025,history_filing,historical_only,"- 影响：空间大头是""单元格级拆解 + JSON 冗余 + 双重索引""，非二进制 blob。",原文及所属阶段时间/配置/样本范围；不继承已PASS结论,原文有日期的历史叙述；本轮不重跑生产、不以本轮测试反向证明当日计数/耗时/完整范围,旧磁盘/DB/计数/配置快照仅历史；抽样估计与全量数量不同粒度，未知问题未因此关闭。本轮不扫描个人磁盘/大表。,保留原始历史版本；将局部实现、生产消费和退休设计分别追踪，具体缺口见review.md,docs/plans/catalog-space-remediation/findings.md:1-63
C:\Users\郑曾波\Projects\company-wiki\docs\plans\catalog-space-remediation\findings.md,docs/plans/catalog-space-remediation/findings.md,25,25,"## 发现 5：evidence_spans 只覆盖 3,272 份文档，平均 ~8,000 span/文档",d707f7af9031891111751a7aad67ffb72a8ad7517b66b34a43bbd06e8e524b9f,WIKI-LEGACY-SPECIAL-0026,history_filing,historical_only,"## 发现 5：evidence_spans 只覆盖 3,272 份文档，平均 ~8,000 span/文档",原文及所属阶段时间/配置/样本范围；不继承已PASS结论,原文有日期的历史叙述；本轮不重跑生产、不以本轮测试反向证明当日计数/耗时/完整范围,旧磁盘/DB/计数/配置快照仅历史；抽样估计与全量数量不同粒度，未知问题未因此关闭。本轮不扫描个人磁盘/大表。,保留原始历史版本；将局部实现、生产消费和退休设计分别追踪，具体缺口见review.md,docs/plans/catalog-space-remediation/findings.md:1-63
C:\Users\郑曾波\Projects\company-wiki\docs\plans\catalog-space-remediation\findings.md,docs/plans/catalog-space-remediation/findings.md,26,26,- 日期：2026-08-06,d707f7af9031891111751a7aad67ffb72a8ad7517b66b34a43bbd06e8e524b9f,WIKI-LEGACY-SPECIAL-0027,history_filing,historical_only,- 日期：2026-08-06,原文及所属阶段时间/配置/样本范围；不继承已PASS结论,原文有日期的历史叙述；本轮不重跑生产、不以本轮测试反向证明当日计数/耗时/完整范围,旧磁盘/DB/计数/配置快照仅历史；抽样估计与全量数量不同粒度，未知问题未因此关闭。本轮不扫描个人磁盘/大表。,保留原始历史版本；将局部实现、生产消费和退休设计分别追踪，具体缺口见review.md,docs/plans/catalog-space-remediation/findings.md:1-63
C:\Users\郑曾波\Projects\company-wiki\docs\plans\catalog-space-remediation\findings.md,docs/plans/catalog-space-remediation/findings.md,27,27,"- 内容：25,985,291 行 span 的 DISTINCT document_id = 3,272（documents 共 23,564）；completed 文档（2,704）对应 ~22.25M span → 平均 ~8,230 span/文档（财报逐页逐段落逐表格单元格拆解）。locator 样例：`loc:v1/page:1/table:0/row:6/column:1`。",d707f7af9031891111751a7aad67ffb72a8ad7517b66b34a43bbd06e8e524b9f,WIKI-LEGACY-SPECIAL-0028,history_filing,historical_only,"- 内容：25,985,291 行 span 的 DISTINCT document_id = 3,272（documents 共 23,564）；completed 文档（2,704）对应 ~22.25M span → 平均 ~8,230 span/文档（财报逐页逐段落逐表格单元格拆解）。locator 样例：`loc:v1/page:1/table:0/row:6/column:1`。",原文及所属阶段时间/配置/样本范围；不继承已PASS结论,原文有日期的历史叙述；本轮不重跑生产、不以本轮测试反向证明当日计数/耗时/完整范围,旧磁盘/DB/计数/配置快照仅历史；抽样估计与全量数量不同粒度，未知问题未因此关闭。本轮不扫描个人磁盘/大表。,保留原始历史版本；将局部实现、生产消费和退休设计分别追踪，具体缺口见review.md,docs/plans/catalog-space-remediation/findings.md:1-63
C:\Users\郑曾波\Projects\company-wiki\docs\plans\catalog-space-remediation\findings.md,docs/plans/catalog-space-remediation/findings.md,28,28,- 影响：单份大财报可产生数千条 span；这是体积倍数（原文 23.4 GB → 证据库 43.9 GB）的直接原因。,d707f7af9031891111751a7aad67ffb72a8ad7517b66b34a43bbd06e8e524b9f,WIKI-LEGACY-SPECIAL-0029,history_filing,historical_only,- 影响：单份大财报可产生数千条 span；这是体积倍数（原文 23.4 GB → 证据库 43.9 GB）的直接原因。,原文及所属阶段时间/配置/样本范围；不继承已PASS结论,原文有日期的历史叙述；本轮不重跑生产、不以本轮测试反向证明当日计数/耗时/完整范围,旧磁盘/DB/计数/配置快照仅历史；抽样估计与全量数量不同粒度，未知问题未因此关闭。本轮不扫描个人磁盘/大表。,保留原始历史版本；将局部实现、生产消费和退休设计分别追踪，具体缺口见review.md,docs/plans/catalog-space-remediation/findings.md:1-63
C:\Users\郑曾波\Projects\company-wiki\docs\plans\catalog-space-remediation\findings.md,docs/plans/catalog-space-remediation/findings.md,30,30,"## 发现 6：phase-15.6 治理遗留——9,578 份审计文档挂着 95% 的 span",d707f7af9031891111751a7aad67ffb72a8ad7517b66b34a43bbd06e8e524b9f,WIKI-LEGACY-SPECIAL-0030,history_filing,insufficient_evidence,"## 发现 6：phase-15.6 治理遗留——9,578 份审计文档挂着 95% 的 span",原文及所属阶段时间/配置/样本范围；不继承已PASS结论,该历史原文计数；reconcile代码/计划；当前缺逐PKarchive守护,"退役audit记录≠持久状态：9,576审计但active是历史直接反证；root早期Phase15.6完成不能保证rescan后不复活。单看软删除不等于生命周期实现。",保留原始历史版本；将局部实现、生产消费和退休设计分别追踪，具体缺口见review.md,docs/plans/catalog-space-remediation/findings.md:30-38
C:\Users\郑曾波\Projects\company-wiki\docs\plans\catalog-space-remediation\findings.md,docs/plans/catalog-space-remediation/findings.md,31,31,- 日期：2026-08-06,d707f7af9031891111751a7aad67ffb72a8ad7517b66b34a43bbd06e8e524b9f,WIKI-LEGACY-SPECIAL-0031,history_filing,insufficient_evidence,- 日期：2026-08-06,原文及所属阶段时间/配置/样本范围；不继承已PASS结论,该历史原文计数；reconcile代码/计划；当前缺逐PKarchive守护,"退役audit记录≠持久状态：9,576审计但active是历史直接反证；root早期Phase15.6完成不能保证rescan后不复活。单看软删除不等于生命周期实现。",保留原始历史版本；将局部实现、生产消费和退休设计分别追踪，具体缺口见review.md,docs/plans/catalog-space-remediation/findings.md:30-38
C:\Users\郑曾波\Projects\company-wiki\docs\plans\catalog-space-remediation\findings.md,docs/plans/catalog-space-remediation/findings.md,32,32,"- 内容：document_retire_audit 9,578 行（全部 2026-08-01，created_by=phase-15.6 / phase-15.6-governance，原因：""59-byte placeholder stub (never downloaded); superseded by real cninfo download"" 与 ""legacy sidecar lacks source_url""）。但 documents.source_status 中仅 2 份 retired，**9,576 份仍 active**；document_restore_audit = 0 行。24,689,660 条 span（95%）属于审计文档。审计文档的源几乎都是真实 PDF（100KB–5MB 8,118 份、>5MB 920 份、≤200B stub 79 份）。",d707f7af9031891111751a7aad67ffb72a8ad7517b66b34a43bbd06e8e524b9f,WIKI-LEGACY-SPECIAL-0032,history_filing,insufficient_evidence,"- 内容：document_retire_audit 9,578 行（全部 2026-08-01，created_by=phase-15.6 / phase-15.6-governance，原因：""59-byte placeholder stub (never downloaded); superseded by real cninfo download"" 与 ""legacy sidecar lacks source_url""）。但 documents.source_status 中仅 2 份 retired，**9,576 份仍 active**；document_restore_audit = 0 行。24,689,660 条 span（95%）属于审计文档。审计文档的源几乎都是真实 PDF（100KB–5MB 8,118 份、>5MB 920 份、≤200B stub 79 份）。",原文及所属阶段时间/配置/样本范围；不继承已PASS结论,该历史原文计数；reconcile代码/计划；当前缺逐PKarchive守护,"退役audit记录≠持久状态：9,576审计但active是历史直接反证；root早期Phase15.6完成不能保证rescan后不复活。单看软删除不等于生命周期实现。",保留原始历史版本；将局部实现、生产消费和退休设计分别追踪，具体缺口见review.md,docs/plans/catalog-space-remediation/findings.md:30-38
C:\Users\郑曾波\Projects\company-wiki\docs\plans\catalog-space-remediation\findings.md,docs/plans/catalog-space-remediation/findings.md,33,33,- 影响：状态不一致 + 软删除永不物理回收 → 证据只增不减的核心证据；需对账治理（Phase 1）。,d707f7af9031891111751a7aad67ffb72a8ad7517b66b34a43bbd06e8e524b9f,WIKI-LEGACY-SPECIAL-0033,history_filing,insufficient_evidence,- 影响：状态不一致 + 软删除永不物理回收 → 证据只增不减的核心证据；需对账治理（Phase 1）。,原文及所属阶段时间/配置/样本范围；不继承已PASS结论,该历史原文计数；reconcile代码/计划；当前缺逐PKarchive守护,"退役audit记录≠持久状态：9,576审计但active是历史直接反证；root早期Phase15.6完成不能保证rescan后不复活。单看软删除不等于生命周期实现。",保留原始历史版本；将局部实现、生产消费和退休设计分别追踪，具体缺口见review.md,docs/plans/catalog-space-remediation/findings.md:30-38
C:\Users\郑曾波\Projects\company-wiki\docs\plans\catalog-space-remediation\findings.md,docs/plans/catalog-space-remediation/findings.md,35,35,## 发现 7：retire_document 是软删除，永不物理删除,d707f7af9031891111751a7aad67ffb72a8ad7517b66b34a43bbd06e8e524b9f,WIKI-LEGACY-SPECIAL-0034,history_filing,insufficient_evidence,## 发现 7：retire_document 是软删除，永不物理删除,原文及所属阶段时间/配置/样本范围；不继承已PASS结论,该历史原文计数；reconcile代码/计划；当前缺逐PKarchive守护,"退役audit记录≠持久状态：9,576审计但active是历史直接反证；root早期Phase15.6完成不能保证rescan后不复活。单看软删除不等于生命周期实现。",保留原始历史版本；将局部实现、生产消费和退休设计分别追踪，具体缺口见review.md,docs/plans/catalog-space-remediation/findings.md:30-38
C:\Users\郑曾波\Projects\company-wiki\docs\plans\catalog-space-remediation\findings.md,docs/plans/catalog-space-remediation/findings.md,36,36,- 日期：2026-08-06,d707f7af9031891111751a7aad67ffb72a8ad7517b66b34a43bbd06e8e524b9f,WIKI-LEGACY-SPECIAL-0035,history_filing,insufficient_evidence,- 日期：2026-08-06,原文及所属阶段时间/配置/样本范围；不继承已PASS结论,该历史原文计数；reconcile代码/计划；当前缺逐PKarchive守护,"退役audit记录≠持久状态：9,576审计但active是历史直接反证；root早期Phase15.6完成不能保证rescan后不复活。单看软删除不等于生命周期实现。",保留原始历史版本；将局部实现、生产消费和退休设计分别追踪，具体缺口见review.md,docs/plans/catalog-space-remediation/findings.md:30-38
C:\Users\郑曾波\Projects\company-wiki\docs\plans\catalog-space-remediation\findings.md,docs/plans/catalog-space-remediation/findings.md,37,37,"- 内容：store.py `retire_document`（Phase 15.5）只 UPDATE documents.source_status='retired' + locations.location_status='retired' + 写 audit；""Nothing is physically deleted""。evidence_spans 不在 retire 范围内；normalizer 只在重解析该文档时 DELETE 其 span；focus_cleanup 只清理孤儿（无任何引用且 source_status 为 quarantined/incomplete 的文档）。",d707f7af9031891111751a7aad67ffb72a8ad7517b66b34a43bbd06e8e524b9f,WIKI-LEGACY-SPECIAL-0036,history_filing,insufficient_evidence,"- 内容：store.py `retire_document`（Phase 15.5）只 UPDATE documents.source_status='retired' + locations.location_status='retired' + 写 audit；""Nothing is physically deleted""。evidence_spans 不在 retire 范围内；normalizer 只在重解析该文档时 DELETE 其 span；focus_cleanup 只清理孤儿（无任何引用且 source_status 为 quarantined/incomplete 的文档）。",原文及所属阶段时间/配置/样本范围；不继承已PASS结论,该历史原文计数；reconcile代码/计划；当前缺逐PKarchive守护,"退役audit记录≠持久状态：9,576审计但active是历史直接反证；root早期Phase15.6完成不能保证rescan后不复活。单看软删除不等于生命周期实现。",保留原始历史版本；将局部实现、生产消费和退休设计分别追踪，具体缺口见review.md,docs/plans/catalog-space-remediation/findings.md:30-38
C:\Users\郑曾波\Projects\company-wiki\docs\plans\catalog-space-remediation\findings.md,docs/plans/catalog-space-remediation/findings.md,38,38,- 影响：退役数据无归档、无回收机制 → 需要 Phase 2 生命周期设计。,d707f7af9031891111751a7aad67ffb72a8ad7517b66b34a43bbd06e8e524b9f,WIKI-LEGACY-SPECIAL-0037,history_filing,insufficient_evidence,- 影响：退役数据无归档、无回收机制 → 需要 Phase 2 生命周期设计。,原文及所属阶段时间/配置/样本范围；不继承已PASS结论,该历史原文计数；reconcile代码/计划；当前缺逐PKarchive守护,"退役audit记录≠持久状态：9,576审计但active是历史直接反证；root早期Phase15.6完成不能保证rescan后不复活。单看软删除不等于生命周期实现。",保留原始历史版本；将局部实现、生产消费和退休设计分别追踪，具体缺口见review.md,docs/plans/catalog-space-remediation/findings.md:30-38
C:\Users\郑曾波\Projects\company-wiki\docs\plans\catalog-space-remediation\findings.md,docs/plans/catalog-space-remediation/findings.md,40,40,"## 发现 8：归一化进度 2,702/23,564 → 数据库还会继续膨胀",d707f7af9031891111751a7aad67ffb72a8ad7517b66b34a43bbd06e8e524b9f,WIKI-LEGACY-SPECIAL-0038,history_filing,historical_only,"## 发现 8：归一化进度 2,702/23,564 → 数据库还会继续膨胀",原文及所属阶段时间/配置/样本范围；不继承已PASS结论,原文有日期的历史叙述；本轮不重跑生产、不以本轮测试反向证明当日计数/耗时/完整范围,旧磁盘/DB/计数/配置快照仅历史；抽样估计与全量数量不同粒度，未知问题未因此关闭。本轮不扫描个人磁盘/大表。,保留原始历史版本；将局部实现、生产消费和退休设计分别追踪，具体缺口见review.md,docs/plans/catalog-space-remediation/findings.md:1-63
C:\Users\郑曾波\Projects\company-wiki\docs\plans\catalog-space-remediation\findings.md,docs/plans/catalog-space-remediation/findings.md,41,41,- 日期：2026-08-06,d707f7af9031891111751a7aad67ffb72a8ad7517b66b34a43bbd06e8e524b9f,WIKI-LEGACY-SPECIAL-0039,history_filing,historical_only,- 日期：2026-08-06,原文及所属阶段时间/配置/样本范围；不继承已PASS结论,原文有日期的历史叙述；本轮不重跑生产、不以本轮测试反向证明当日计数/耗时/完整范围,旧磁盘/DB/计数/配置快照仅历史；抽样估计与全量数量不同粒度，未知问题未因此关闭。本轮不扫描个人磁盘/大表。,保留原始历史版本；将局部实现、生产消费和退休设计分别追踪，具体缺口见review.md,docs/plans/catalog-space-remediation/findings.md:1-63
C:\Users\郑曾波\Projects\company-wiki\docs\plans\catalog-space-remediation\findings.md,docs/plans/catalog-space-remediation/findings.md,42,42,"- 内容：document_fingerprint_state：completed 2,702 / pending 20,728 / unsupported_terminal 127 / failed_terminal 5 / retryable_failed 1；normalizer_version 全部 1.0.0（无版本叠加）。normalize worker 当日 13:19 起运行（PID 19760，operation.lock 持有）。",d707f7af9031891111751a7aad67ffb72a8ad7517b66b34a43bbd06e8e524b9f,WIKI-LEGACY-SPECIAL-0040,history_filing,historical_only,"- 内容：document_fingerprint_state：completed 2,702 / pending 20,728 / unsupported_terminal 127 / failed_terminal 5 / retryable_failed 1；normalizer_version 全部 1.0.0（无版本叠加）。normalize worker 当日 13:19 起运行（PID 19760，operation.lock 持有）。",原文及所属阶段时间/配置/样本范围；不继承已PASS结论,原文有日期的历史叙述；本轮不重跑生产、不以本轮测试反向证明当日计数/耗时/完整范围,旧磁盘/DB/计数/配置快照仅历史；抽样估计与全量数量不同粒度，未知问题未因此关闭。本轮不扫描个人磁盘/大表。,保留原始历史版本；将局部实现、生产消费和退休设计分别追踪，具体缺口见review.md,docs/plans/catalog-space-remediation/findings.md:1-63
C:\Users\郑曾波\Projects\company-wiki\docs\plans\catalog-space-remediation\findings.md,docs/plans/catalog-space-remediation/findings.md,43,43,- 影响：若全部按现状粒度归一化，DB 将远超 44 GB（粗估 100 GB+）→ 容量治理是刚需。,d707f7af9031891111751a7aad67ffb72a8ad7517b66b34a43bbd06e8e524b9f,WIKI-LEGACY-SPECIAL-0041,history_filing,historical_only,- 影响：若全部按现状粒度归一化，DB 将远超 44 GB（粗估 100 GB+）→ 容量治理是刚需。,原文及所属阶段时间/配置/样本范围；不继承已PASS结论,原文有日期的历史叙述；本轮不重跑生产、不以本轮测试反向证明当日计数/耗时/完整范围,旧磁盘/DB/计数/配置快照仅历史；抽样估计与全量数量不同粒度，未知问题未因此关闭。本轮不扫描个人磁盘/大表。,保留原始历史版本；将局部实现、生产消费和退休设计分别追踪，具体缺口见review.md,docs/plans/catalog-space-remediation/findings.md:1-63
C:\Users\郑曾波\Projects\company-wiki\docs\plans\catalog-space-remediation\findings.md,docs/plans/catalog-space-remediation/findings.md,45,45,## 发现 9：pending 语料构成（实测）,d707f7af9031891111751a7aad67ffb72a8ad7517b66b34a43bbd06e8e524b9f,WIKI-LEGACY-SPECIAL-0042,history_filing,historical_only,## 发现 9：pending 语料构成（实测）,原文及所属阶段时间/配置/样本范围；不继承已PASS结论,原文有日期的历史叙述；本轮不重跑生产、不以本轮测试反向证明当日计数/耗时/完整范围,旧磁盘/DB/计数/配置快照仅历史；抽样估计与全量数量不同粒度，未知问题未因此关闭。本轮不扫描个人磁盘/大表。,保留原始历史版本；将局部实现、生产消费和退休设计分别追踪，具体缺口见review.md,docs/plans/catalog-space-remediation/findings.md:1-63
C:\Users\郑曾波\Projects\company-wiki\docs\plans\catalog-space-remediation\findings.md,docs/plans/catalog-space-remediation/findings.md,46,46,- 日期：2026-08-06,d707f7af9031891111751a7aad67ffb72a8ad7517b66b34a43bbd06e8e524b9f,WIKI-LEGACY-SPECIAL-0043,history_filing,historical_only,- 日期：2026-08-06,原文及所属阶段时间/配置/样本范围；不继承已PASS结论,原文有日期的历史叙述；本轮不重跑生产、不以本轮测试反向证明当日计数/耗时/完整范围,旧磁盘/DB/计数/配置快照仅历史；抽样估计与全量数量不同粒度，未知问题未因此关闭。本轮不扫描个人磁盘/大表。,保留原始历史版本；将局部实现、生产消费和退休设计分别追踪，具体缺口见review.md,docs/plans/catalog-space-remediation/findings.md:1-63
C:\Users\郑曾波\Projects\company-wiki\docs\plans\catalog-space-remediation\findings.md,docs/plans/catalog-space-remediation/findings.md,47,47,"- 内容：pending 20,728 = regulatory_filing 8,324 / broker_research 5,864 / investor_relations 3,312 / other 2,323 / original_news 903。completed 2,702 中 prospectus 204 已完成、original_news 仅 104。",d707f7af9031891111751a7aad67ffb72a8ad7517b66b34a43bbd06e8e524b9f,WIKI-LEGACY-SPECIAL-0044,history_filing,historical_only,"- 内容：pending 20,728 = regulatory_filing 8,324 / broker_research 5,864 / investor_relations 3,312 / other 2,323 / original_news 903。completed 2,702 中 prospectus 204 已完成、original_news 仅 104。",原文及所属阶段时间/配置/样本范围；不继承已PASS结论,原文有日期的历史叙述；本轮不重跑生产、不以本轮测试反向证明当日计数/耗时/完整范围,旧磁盘/DB/计数/配置快照仅历史；抽样估计与全量数量不同粒度，未知问题未因此关闭。本轮不扫描个人磁盘/大表。,保留原始历史版本；将局部实现、生产消费和退休设计分别追踪，具体缺口见review.md,docs/plans/catalog-space-remediation/findings.md:1-63
C:\Users\郑曾波\Projects\company-wiki\docs\plans\catalog-space-remediation\findings.md,docs/plans/catalog-space-remediation/findings.md,48,48,- 影响：新闻类（original_news 903 pending）不适合单元格级证据 → Phase 4 分级策略。,d707f7af9031891111751a7aad67ffb72a8ad7517b66b34a43bbd06e8e524b9f,WIKI-LEGACY-SPECIAL-0045,history_filing,historical_only,- 影响：新闻类（original_news 903 pending）不适合单元格级证据 → Phase 4 分级策略。,原文及所属阶段时间/配置/样本范围；不继承已PASS结论,原文有日期的历史叙述；本轮不重跑生产、不以本轮测试反向证明当日计数/耗时/完整范围,旧磁盘/DB/计数/配置快照仅历史；抽样估计与全量数量不同粒度，未知问题未因此关闭。本轮不扫描个人磁盘/大表。,保留原始历史版本；将局部实现、生产消费和退休设计分别追踪，具体缺口见review.md,docs/plans/catalog-space-remediation/findings.md:1-63
C:\Users\郑曾波\Projects\company-wiki\docs\plans\catalog-space-remediation\findings.md,docs/plans/catalog-space-remediation/findings.md,50,50,"## 发现 10：没有传统意义的""垃圾叠加""",d707f7af9031891111751a7aad67ffb72a8ad7517b66b34a43bbd06e8e524b9f,WIKI-LEGACY-SPECIAL-0046,history_filing,historical_only,"## 发现 10：没有传统意义的""垃圾叠加""",原文及所属阶段时间/配置/样本范围；不继承已PASS结论,原文有日期的历史叙述；本轮不重跑生产、不以本轮测试反向证明当日计数/耗时/完整范围,旧磁盘/DB/计数/配置快照仅历史；抽样估计与全量数量不同粒度，未知问题未因此关闭。本轮不扫描个人磁盘/大表。,保留原始历史版本；将局部实现、生产消费和退休设计分别追踪，具体缺口见review.md,docs/plans/catalog-space-remediation/findings.md:1-63
C:\Users\郑曾波\Projects\company-wiki\docs\plans\catalog-space-remediation\findings.md,docs/plans/catalog-space-remediation/findings.md,51,51,- 日期：2026-08-06,d707f7af9031891111751a7aad67ffb72a8ad7517b66b34a43bbd06e8e524b9f,WIKI-LEGACY-SPECIAL-0047,history_filing,historical_only,- 日期：2026-08-06,原文及所属阶段时间/配置/样本范围；不继承已PASS结论,原文有日期的历史叙述；本轮不重跑生产、不以本轮测试反向证明当日计数/耗时/完整范围,旧磁盘/DB/计数/配置快照仅历史；抽样估计与全量数量不同粒度，未知问题未因此关闭。本轮不扫描个人磁盘/大表。,保留原始历史版本；将局部实现、生产消费和退休设计分别追踪，具体缺口见review.md,docs/plans/catalog-space-remediation/findings.md:1-63
C:\Users\郑曾波\Projects\company-wiki\docs\plans\catalog-space-remediation\findings.md,docs/plans/catalog-space-remediation/findings.md,52,52,"- 内容：UNIQUE(source_id, locator) 防重复；normalizer 重解析前 DELETE 该文档旧 span（替换语义）；无孤儿 span（LEFT JOIN documents = 0）；无旧 normalizer 版本残留；sources 无 blob。",d707f7af9031891111751a7aad67ffb72a8ad7517b66b34a43bbd06e8e524b9f,WIKI-LEGACY-SPECIAL-0048,history_filing,historical_only,"- 内容：UNIQUE(source_id, locator) 防重复；normalizer 重解析前 DELETE 该文档旧 span（替换语义）；无孤儿 span（LEFT JOIN documents = 0）；无旧 normalizer 版本残留；sources 无 blob。",原文及所属阶段时间/配置/样本范围；不继承已PASS结论,原文有日期的历史叙述；本轮不重跑生产、不以本轮测试反向证明当日计数/耗时/完整范围,旧磁盘/DB/计数/配置快照仅历史；抽样估计与全量数量不同粒度，未知问题未因此关闭。本轮不扫描个人磁盘/大表。,保留原始历史版本；将局部实现、生产消费和退休设计分别追踪，具体缺口见review.md,docs/plans/catalog-space-remediation/findings.md:1-63
C:\Users\郑曾波\Projects\company-wiki\docs\plans\catalog-space-remediation\findings.md,docs/plans/catalog-space-remediation/findings.md,53,53,"- 影响：结论修正——空间问题来自""粒度 + 冗余 + 软删除不回收 + 归一化未完成""，而非重复文件堆积。",d707f7af9031891111751a7aad67ffb72a8ad7517b66b34a43bbd06e8e524b9f,WIKI-LEGACY-SPECIAL-0049,history_filing,historical_only,"- 影响：结论修正——空间问题来自""粒度 + 冗余 + 软删除不回收 + 归一化未完成""，而非重复文件堆积。",原文及所属阶段时间/配置/样本范围；不继承已PASS结论,原文有日期的历史叙述；本轮不重跑生产、不以本轮测试反向证明当日计数/耗时/完整范围,旧磁盘/DB/计数/配置快照仅历史；抽样估计与全量数量不同粒度，未知问题未因此关闭。本轮不扫描个人磁盘/大表。,保留原始历史版本；将局部实现、生产消费和退休设计分别追踪，具体缺口见review.md,docs/plans/catalog-space-remediation/findings.md:1-63
C:\Users\郑曾波\Projects\company-wiki\docs\plans\catalog-space-remediation\findings.md,docs/plans/catalog-space-remediation/findings.md,55,55,## 发现 11：可配置性与部署约束,d707f7af9031891111751a7aad67ffb72a8ad7517b66b34a43bbd06e8e524b9f,WIKI-LEGACY-SPECIAL-0050,history_filing,historical_only,## 发现 11：可配置性与部署约束,原文及所属阶段时间/配置/样本范围；不继承已PASS结论,原文有日期的历史叙述；本轮不重跑生产、不以本轮测试反向证明当日计数/耗时/完整范围,旧磁盘/DB/计数/配置快照仅历史；抽样估计与全量数量不同粒度，未知问题未因此关闭。本轮不扫描个人磁盘/大表。,保留原始历史版本；将局部实现、生产消费和退休设计分别追踪，具体缺口见review.md,docs/plans/catalog-space-remediation/findings.md:1-63
C:\Users\郑曾波\Projects\company-wiki\docs\plans\catalog-space-remediation\findings.md,docs/plans/catalog-space-remediation/findings.md,56,56,- 日期：2026-08-06,d707f7af9031891111751a7aad67ffb72a8ad7517b66b34a43bbd06e8e524b9f,WIKI-LEGACY-SPECIAL-0051,history_filing,historical_only,- 日期：2026-08-06,原文及所属阶段时间/配置/样本范围；不继承已PASS结论,原文有日期的历史叙述；本轮不重跑生产、不以本轮测试反向证明当日计数/耗时/完整范围,旧磁盘/DB/计数/配置快照仅历史；抽样估计与全量数量不同粒度，未知问题未因此关闭。本轮不扫描个人磁盘/大表。,保留原始历史版本；将局部实现、生产消费和退休设计分别追踪，具体缺口见review.md,docs/plans/catalog-space-remediation/findings.md:1-63
C:\Users\郑曾波\Projects\company-wiki\docs\plans\catalog-space-remediation\findings.md,docs/plans/catalog-space-remediation/findings.md,57,57,"- 内容：`config/source_catalog.yaml` 中 `catalog_dir: ""${PROJECT_ROOT}/.source_catalog""`（可配置，支持 ${PROJECT_ROOT}/${USER_PROFILE} 变量）；D: 现余 71.8 GB，仅够现状 DB 一次搬迁，容不下现状粒度全量增长。",d707f7af9031891111751a7aad67ffb72a8ad7517b66b34a43bbd06e8e524b9f,WIKI-LEGACY-SPECIAL-0052,history_filing,historical_only,"- 内容：`config/source_catalog.yaml` 中 `catalog_dir: ""${PROJECT_ROOT}/.source_catalog""`（可配置，支持 ${PROJECT_ROOT}/${USER_PROFILE} 变量）；D: 现余 71.8 GB，仅够现状 DB 一次搬迁，容不下现状粒度全量增长。",原文及所属阶段时间/配置/样本范围；不继承已PASS结论,原文有日期的历史叙述；本轮不重跑生产、不以本轮测试反向证明当日计数/耗时/完整范围,旧磁盘/DB/计数/配置快照仅历史；抽样估计与全量数量不同粒度，未知问题未因此关闭。本轮不扫描个人磁盘/大表。,保留原始历史版本；将局部实现、生产消费和退休设计分别追踪，具体缺口见review.md,docs/plans/catalog-space-remediation/findings.md:1-63
C:\Users\郑曾波\Projects\company-wiki\docs\plans\catalog-space-remediation\findings.md,docs/plans/catalog-space-remediation/findings.md,58,58,- 影响：迁移可行但必须治理先行（Phase 5 前置 Phase 1–4）。,d707f7af9031891111751a7aad67ffb72a8ad7517b66b34a43bbd06e8e524b9f,WIKI-LEGACY-SPECIAL-0053,history_filing,historical_only,- 影响：迁移可行但必须治理先行（Phase 5 前置 Phase 1–4）。,原文及所属阶段时间/配置/样本范围；不继承已PASS结论,原文有日期的历史叙述；本轮不重跑生产、不以本轮测试反向证明当日计数/耗时/完整范围,旧磁盘/DB/计数/配置快照仅历史；抽样估计与全量数量不同粒度，未知问题未因此关闭。本轮不扫描个人磁盘/大表。,保留原始历史版本；将局部实现、生产消费和退休设计分别追踪，具体缺口见review.md,docs/plans/catalog-space-remediation/findings.md:1-63
C:\Users\郑曾波\Projects\company-wiki\docs\plans\catalog-space-remediation\findings.md,docs/plans/catalog-space-remediation/findings.md,60,60,## 发现 12：杂项,d707f7af9031891111751a7aad67ffb72a8ad7517b66b34a43bbd06e8e524b9f,WIKI-LEGACY-SPECIAL-0054,history_filing,historical_only,## 发现 12：杂项,原文及所属阶段时间/配置/样本范围；不继承已PASS结论,原文有日期的历史叙述；本轮不重跑生产、不以本轮测试反向证明当日计数/耗时/完整范围,旧磁盘/DB/计数/配置快照仅历史；抽样估计与全量数量不同粒度，未知问题未因此关闭。本轮不扫描个人磁盘/大表。,保留原始历史版本；将局部实现、生产消费和退休设计分别追踪，具体缺口见review.md,docs/plans/catalog-space-remediation/findings.md:1-63
C:\Users\郑曾波\Projects\company-wiki\docs\plans\catalog-space-remediation\findings.md,docs/plans/catalog-space-remediation/findings.md,61,61,- 日期：2026-08-06,d707f7af9031891111751a7aad67ffb72a8ad7517b66b34a43bbd06e8e524b9f,WIKI-LEGACY-SPECIAL-0055,history_filing,historical_only,- 日期：2026-08-06,原文及所属阶段时间/配置/样本范围；不继承已PASS结论,原文有日期的历史叙述；本轮不重跑生产、不以本轮测试反向证明当日计数/耗时/完整范围,旧磁盘/DB/计数/配置快照仅历史；抽样估计与全量数量不同粒度，未知问题未因此关闭。本轮不扫描个人磁盘/大表。,保留原始历史版本；将局部实现、生产消费和退休设计分别追踪，具体缺口见review.md,docs/plans/catalog-space-remediation/findings.md:1-63
C:\Users\郑曾波\Projects\company-wiki\docs\plans\catalog-space-remediation\findings.md,docs/plans/catalog-space-remediation/findings.md,62,62,"- 内容：company-wiki 根目录存在 Windows 保留名文件 `nul`（可用 \\?\ 前缀删除）；.source_catalog 根有 100+ 个 worker_stdout/stderr 小日志（0 GB，量多）；artifacts 表 959 行 status 为空字符串（疑似中断残留）；`document_fingerprint_state` 中 3,735,837 条 span 属于非 completed 文档（pending 文档有早期解析残留，需在 Phase 1 对账中核查）。",d707f7af9031891111751a7aad67ffb72a8ad7517b66b34a43bbd06e8e524b9f,WIKI-LEGACY-SPECIAL-0056,history_filing,historical_only,"- 内容：company-wiki 根目录存在 Windows 保留名文件 `nul`（可用 \\?\ 前缀删除）；.source_catalog 根有 100+ 个 worker_stdout/stderr 小日志（0 GB，量多）；artifacts 表 959 行 status 为空字符串（疑似中断残留）；`document_fingerprint_state` 中 3,735,837 条 span 属于非 completed 文档（pending 文档有早期解析残留，需在 Phase 1 对账中核查）。",原文及所属阶段时间/配置/样本范围；不继承已PASS结论,原文有日期的历史叙述；本轮不重跑生产、不以本轮测试反向证明当日计数/耗时/完整范围,旧磁盘/DB/计数/配置快照仅历史；抽样估计与全量数量不同粒度，未知问题未因此关闭。本轮不扫描个人磁盘/大表。,保留原始历史版本；将局部实现、生产消费和退休设计分别追踪，具体缺口见review.md,docs/plans/catalog-space-remediation/findings.md:1-63
C:\Users\郑曾波\Projects\company-wiki\docs\plans\catalog-space-remediation\findings.md,docs/plans/catalog-space-remediation/findings.md,63,63,- 影响：次要清理项，纳入 Phase 1/6 处理。,d707f7af9031891111751a7aad67ffb72a8ad7517b66b34a43bbd06e8e524b9f,WIKI-LEGACY-SPECIAL-0057,history_filing,historical_only,- 影响：次要清理项，纳入 Phase 1/6 处理。,原文及所属阶段时间/配置/样本范围；不继承已PASS结论,原文有日期的历史叙述；本轮不重跑生产、不以本轮测试反向证明当日计数/耗时/完整范围,旧磁盘/DB/计数/配置快照仅历史；抽样估计与全量数量不同粒度，未知问题未因此关闭。本轮不扫描个人磁盘/大表。,保留原始历史版本；将局部实现、生产消费和退休设计分别追踪，具体缺口见review.md,docs/plans/catalog-space-remediation/findings.md:1-63
C:\Users\郑曾波\Projects\company-wiki\docs\plans\catalog-space-remediation\granularity-proposal.md,docs/plans/catalog-space-remediation/granularity-proposal.md,3,4,"> 状态：提案（供上游 schema/parser 评审，不直接实施）｜ 2026-08-07
> 决策依据：D2=表格级（用户拍板）、D3=新闻免 span（用户拍板）",4455fef5185b823a3d26352a2043c67157c6d97407aa96c78bb33a5b7aebfe5e,WIKI-LEGACY-SPECIAL-0058,history_filing,historical_only,"> 状态：提案（供上游 schema/parser 评审，不直接实施）｜ 2026-08-07
> 决策依据：D2=表格级（用户拍板）、D3=新闻免 span（用户拍板）",原文及所属阶段时间/配置/样本范围；不继承已PASS结论,原文3状态仅提案；task_plan:81–95,提案内容逐项作为设计审查，不声称parser已上线；体积百分比是估算而非生产验证。,保留原始历史版本；将局部实现、生产消费和退休设计分别追踪，具体缺口见review.md,docs/plans/catalog-space-remediation/granularity-proposal.md:1-41
C:\Users\郑曾波\Projects\company-wiki\docs\plans\catalog-space-remediation\granularity-proposal.md,docs/plans/catalog-space-remediation/granularity-proposal.md,8,8,"- `evidence_spans` 25,985,291 行（治理后 retired 已归档 25.7M，剩 active 约 0.3M 行 + 新增）。单元格级粒度（`loc:v1/page:N/table:T/row:R/column:C`）是体积倍数主因：财报逐页逐段落逐表格单元格拆解，单份大财报可达 ~8,000 span（findings 发现 5）。",4455fef5185b823a3d26352a2043c67157c6d97407aa96c78bb33a5b7aebfe5e,WIKI-LEGACY-SPECIAL-0059,history_filing,historical_only,"- `evidence_spans` 25,985,291 行（治理后 retired 已归档 25.7M，剩 active 约 0.3M 行 + 新增）。单元格级粒度（`loc:v1/page:N/table:T/row:R/column:C`）是体积倍数主因：财报逐页逐段落逐表格单元格拆解，单份大财报可达 ~8,000 span（findings 发现 5）。",原文及所属阶段时间/配置/样本范围；不继承已PASS结论,原文3状态仅提案；task_plan:81–95,提案内容逐项作为设计审查，不声称parser已上线；体积百分比是估算而非生产验证。,保留原始历史版本；将局部实现、生产消费和退休设计分别追踪，具体缺口见review.md,docs/plans/catalog-space-remediation/granularity-proposal.md:1-41
C:\Users\郑曾波\Projects\company-wiki\docs\plans\catalog-space-remediation\granularity-proposal.md,docs/plans/catalog-space-remediation/granularity-proposal.md,9,9,- 空间构成（findings 发现 4）：span_json 平均 799B + URN/locator/parser 字段 ~364B ≈ 1.16KB/行；~13.5GB 为索引/页结构。**粒度越细，行数与索引体积越大**。,4455fef5185b823a3d26352a2043c67157c6d97407aa96c78bb33a5b7aebfe5e,WIKI-LEGACY-SPECIAL-0060,history_filing,historical_only,- 空间构成（findings 发现 4）：span_json 平均 799B + URN/locator/parser 字段 ~364B ≈ 1.16KB/行；~13.5GB 为索引/页结构。**粒度越细，行数与索引体积越大**。,原文及所属阶段时间/配置/样本范围；不继承已PASS结论,原文3状态仅提案；task_plan:81–95,提案内容逐项作为设计审查，不声称parser已上线；体积百分比是估算而非生产验证。,保留原始历史版本；将局部实现、生产消费和退休设计分别追踪，具体缺口见review.md,docs/plans/catalog-space-remediation/granularity-proposal.md:1-41
C:\Users\郑曾波\Projects\company-wiki\docs\plans\catalog-space-remediation\granularity-proposal.md,docs/plans/catalog-space-remediation/granularity-proposal.md,10,10,"- 若全量按现状粒度归一化（pending 20,728），DB 粗估 100 GB+。",4455fef5185b823a3d26352a2043c67157c6d97407aa96c78bb33a5b7aebfe5e,WIKI-LEGACY-SPECIAL-0061,history_filing,historical_only,"- 若全量按现状粒度归一化（pending 20,728），DB 粗估 100 GB+。",原文及所属阶段时间/配置/样本范围；不继承已PASS结论,原文3状态仅提案；task_plan:81–95,提案内容逐项作为设计审查，不声称parser已上线；体积百分比是估算而非生产验证。,保留原始历史版本；将局部实现、生产消费和退休设计分别追踪，具体缺口见review.md,docs/plans/catalog-space-remediation/granularity-proposal.md:1-41
C:\Users\郑曾波\Projects\company-wiki\docs\plans\catalog-space-remediation\granularity-proposal.md,docs/plans/catalog-space-remediation/granularity-proposal.md,14,14,- parser（`pdf_page_aware_core`）配置化证据粒度：`table_cell`（现状）→ `table_level`（整表一条 span）。,4455fef5185b823a3d26352a2043c67157c6d97407aa96c78bb33a5b7aebfe5e,WIKI-LEGACY-SPECIAL-0062,history_filing,historical_only,- parser（`pdf_page_aware_core`）配置化证据粒度：`table_cell`（现状）→ `table_level`（整表一条 span）。,原文及所属阶段时间/配置/样本范围；不继承已PASS结论,原文3状态仅提案；task_plan:81–95,提案内容逐项作为设计审查，不声称parser已上线；体积百分比是估算而非生产验证。,保留原始历史版本；将局部实现、生产消费和退休设计分别追踪，具体缺口见review.md,docs/plans/catalog-space-remediation/granularity-proposal.md:1-41
C:\Users\郑曾波\Projects\company-wiki\docs\plans\catalog-space-remediation\granularity-proposal.md,docs/plans/catalog-space-remediation/granularity-proposal.md,15,15,- 表格 span 的 locator 从 `loc:v1/page:N/table:T/row:R/column:C` 变为 `loc:v1/page:N/table:T`（row/column 维度过时——locator 语义变化，属 schema 契约演进，需 `EvidenceCoordinates`/`locator()` 版本化）。,4455fef5185b823a3d26352a2043c67157c6d97407aa96c78bb33a5b7aebfe5e,WIKI-LEGACY-SPECIAL-0063,history_filing,historical_only,- 表格 span 的 locator 从 `loc:v1/page:N/table:T/row:R/column:C` 变为 `loc:v1/page:N/table:T`（row/column 维度过时——locator 语义变化，属 schema 契约演进，需 `EvidenceCoordinates`/`locator()` 版本化）。,原文及所属阶段时间/配置/样本范围；不继承已PASS结论,原文3状态仅提案；task_plan:81–95,提案内容逐项作为设计审查，不声称parser已上线；体积百分比是估算而非生产验证。,保留原始历史版本；将局部实现、生产消费和退休设计分别追踪，具体缺口见review.md,docs/plans/catalog-space-remediation/granularity-proposal.md:1-41
C:\Users\郑曾波\Projects\company-wiki\docs\plans\catalog-space-remediation\granularity-proposal.md,docs/plans/catalog-space-remediation/granularity-proposal.md,16,16,- 段落证据保持段落级不变（研究引用段落文本是核心）。,4455fef5185b823a3d26352a2043c67157c6d97407aa96c78bb33a5b7aebfe5e,WIKI-LEGACY-SPECIAL-0064,history_filing,historical_only,- 段落证据保持段落级不变（研究引用段落文本是核心）。,原文及所属阶段时间/配置/样本范围；不继承已PASS结论,原文3状态仅提案；task_plan:81–95,提案内容逐项作为设计审查，不声称parser已上线；体积百分比是估算而非生产验证。,保留原始历史版本；将局部实现、生产消费和退休设计分别追踪，具体缺口见review.md,docs/plans/catalog-space-remediation/granularity-proposal.md:1-41
C:\Users\郑曾波\Projects\company-wiki\docs\plans\catalog-space-remediation\granularity-proposal.md,docs/plans/catalog-space-remediation/granularity-proposal.md,17,17,"- **兼容性**：新 `parser_version` 下旧 locator 不重写（旧 span 保持有效，StockWiki 引用不破）；`UNIQUE(source_id, locator)` 与新粒度共存。",4455fef5185b823a3d26352a2043c67157c6d97407aa96c78bb33a5b7aebfe5e,WIKI-LEGACY-SPECIAL-0065,history_filing,insufficient_evidence,"- **兼容性**：新 `parser_version` 下旧 locator 不重写（旧 span 保持有效，StockWiki 引用不破）；`UNIQUE(source_id, locator)` 与新粒度共存。",原文及所属阶段时间/配置/样本范围；不继承已PASS结论,同文件31建议DELETE旧span,旧locator保持有效需要双版本存储/可解析归档；现提案没证明兼容迁移，95%/60–80%预测未带样本分布。,保留原始历史版本；将局部实现、生产消费和退休设计分别追踪，具体缺口见review.md,docs/plans/catalog-space-remediation/granularity-proposal.md:17-18
C:\Users\郑曾波\Projects\company-wiki\docs\plans\catalog-space-remediation\granularity-proposal.md,docs/plans/catalog-space-remediation/granularity-proposal.md,18,18,- **预期**：表格 span 量降 ~95%（每表 1 条 vs 每单元格 1 条）；全库 span 总量降 ~60–80%（表格单元格占大头）；对应 DB 体积降幅 30–50%。,4455fef5185b823a3d26352a2043c67157c6d97407aa96c78bb33a5b7aebfe5e,WIKI-LEGACY-SPECIAL-0066,history_filing,insufficient_evidence,- **预期**：表格 span 量降 ~95%（每表 1 条 vs 每单元格 1 条）；全库 span 总量降 ~60–80%（表格单元格占大头）；对应 DB 体积降幅 30–50%。,原文及所属阶段时间/配置/样本范围；不继承已PASS结论,同文件31建议DELETE旧span,旧locator保持有效需要双版本存储/可解析归档；现提案没证明兼容迁移，95%/60–80%预测未带样本分布。,保留原始历史版本；将局部实现、生产消费和退休设计分别追踪，具体缺口见review.md,docs/plans/catalog-space-remediation/granularity-proposal.md:17-18
C:\Users\郑曾波\Projects\company-wiki\docs\plans\catalog-space-remediation\granularity-proposal.md,docs/plans/catalog-space-remediation/granularity-proposal.md,22,22,- `original_news`（pending 903 份）不产 `evidence_spans`，只产 `normalized.md`（全文可查、可溯源到源文件）。,4455fef5185b823a3d26352a2043c67157c6d97407aa96c78bb33a5b7aebfe5e,WIKI-LEGACY-SPECIAL-0067,history_filing,historical_only,- `original_news`（pending 903 份）不产 `evidence_spans`，只产 `normalized.md`（全文可查、可溯源到源文件）。,原文及所属阶段时间/配置/样本范围；不继承已PASS结论,原文3状态仅提案；task_plan:81–95,提案内容逐项作为设计审查，不声称parser已上线；体积百分比是估算而非生产验证。,保留原始历史版本；将局部实现、生产消费和退休设计分别追踪，具体缺口见review.md,docs/plans/catalog-space-remediation/granularity-proposal.md:1-41
C:\Users\郑曾波\Projects\company-wiki\docs\plans\catalog-space-remediation\granularity-proposal.md,docs/plans/catalog-space-remediation/granularity-proposal.md,23,23,"- 理由：新闻无表格结构，单元格级证据无意义；段落级对新闻的增量价值低（D3 用户拍板""免 span""）。",4455fef5185b823a3d26352a2043c67157c6d97407aa96c78bb33a5b7aebfe5e,WIKI-LEGACY-SPECIAL-0068,history_filing,historical_only,"- 理由：新闻无表格结构，单元格级证据无意义；段落级对新闻的增量价值低（D3 用户拍板""免 span""）。",原文及所属阶段时间/配置/样本范围；不继承已PASS结论,原文3状态仅提案；task_plan:81–95,提案内容逐项作为设计审查，不声称parser已上线；体积百分比是估算而非生产验证。,保留原始历史版本；将局部实现、生产消费和退休设计分别追踪，具体缺口见review.md,docs/plans/catalog-space-remediation/granularity-proposal.md:1-41
C:\Users\郑曾波\Projects\company-wiki\docs\plans\catalog-space-remediation\granularity-proposal.md,docs/plans/catalog-space-remediation/granularity-proposal.md,24,24,- **预期**：新闻类 903 份归一化不产生证据行，DB 体积减少。,4455fef5185b823a3d26352a2043c67157c6d97407aa96c78bb33a5b7aebfe5e,WIKI-LEGACY-SPECIAL-0069,history_filing,historical_only,- **预期**：新闻类 903 份归一化不产生证据行，DB 体积减少。,原文及所属阶段时间/配置/样本范围；不继承已PASS结论,原文3状态仅提案；task_plan:81–95,提案内容逐项作为设计审查，不声称parser已上线；体积百分比是估算而非生产验证。,保留原始历史版本；将局部实现、生产消费和退休设计分别追踪，具体缺口见review.md,docs/plans/catalog-space-remediation/granularity-proposal.md:1-41
C:\Users\郑曾波\Projects\company-wiki\docs\plans\catalog-space-remediation\granularity-proposal.md,docs/plans/catalog-space-remediation/granularity-proposal.md,28,28,| 方案 | 做法 | 取舍 |,4455fef5185b823a3d26352a2043c67157c6d97407aa96c78bb33a5b7aebfe5e,WIKI-LEGACY-SPECIAL-0070,history_filing,historical_only,| 方案 | 做法 | 取舍 |,原文及所属阶段时间/配置/样本范围；不继承已PASS结论,原文3状态仅提案；task_plan:81–95,提案内容逐项作为设计审查，不声称parser已上线；体积百分比是估算而非生产验证。,保留原始历史版本；将局部实现、生产消费和退休设计分别追踪，具体缺口见review.md,docs/plans/catalog-space-remediation/granularity-proposal.md:1-41
C:\Users\郑曾波\Projects\company-wiki\docs\plans\catalog-space-remediation\granularity-proposal.md,docs/plans/catalog-space-remediation/granularity-proposal.md,30,30,| A 新库重建 | 新粒度 + 新参数建新库，旧库归档 | 干净但停机窗口长、迁移复杂 |,4455fef5185b823a3d26352a2043c67157c6d97407aa96c78bb33a5b7aebfe5e,WIKI-LEGACY-SPECIAL-0071,history_filing,historical_only,| A 新库重建 | 新粒度 + 新参数建新库，旧库归档 | 干净但停机窗口长、迁移复杂 |,原文及所属阶段时间/配置/样本范围；不继承已PASS结论,原文3状态仅提案；task_plan:81–95,提案内容逐项作为设计审查，不声称parser已上线；体积百分比是估算而非生产验证。,保留原始历史版本；将局部实现、生产消费和退休设计分别追踪，具体缺口见review.md,docs/plans/catalog-space-remediation/granularity-proposal.md:1-41
C:\Users\郑曾波\Projects\company-wiki\docs\plans\catalog-space-remediation\granularity-proposal.md,docs/plans/catalog-space-remediation/granularity-proposal.md,31,31,| B 分批重解析（建议） | 复用 normalizer 替换语义，按文档分批用新粒度重解析（DELETE 旧 span + INSERT 新） | 停机可控、幂等、与现有 worker 调度衔接 |,4455fef5185b823a3d26352a2043c67157c6d97407aa96c78bb33a5b7aebfe5e,WIKI-LEGACY-SPECIAL-0072,history_filing,contradicted,| B 分批重解析（建议） | 复用 normalizer 替换语义，按文档分批用新粒度重解析（DELETE 旧 span + INSERT 新） | 停机可控、幂等、与现有 worker 调度衔接 |,原文及所属阶段时间/配置/样本范围；不继承已PASS结论,"同文件17,31,36；CURRENT_STATUS:9",建议DELETE旧spans与17旧locator保持有效/36引用仍有效冲突；必须先设计版本化保留、restore与consumer验证，不应直接采用。,保留原始历史版本；将局部实现、生产消费和退休设计分别追踪，具体缺口见review.md,docs/plans/catalog-space-remediation/granularity-proposal.md:31-31
C:\Users\郑曾波\Projects\company-wiki\docs\plans\catalog-space-remediation\granularity-proposal.md,docs/plans/catalog-space-remediation/granularity-proposal.md,33,33,## 验收,4455fef5185b823a3d26352a2043c67157c6d97407aa96c78bb33a5b7aebfe5e,WIKI-LEGACY-SPECIAL-0073,history_filing,historical_only,## 验收,原文及所属阶段时间/配置/样本范围；不继承已PASS结论,原文3状态仅提案；task_plan:81–95,提案内容逐项作为设计审查，不声称parser已上线；体积百分比是估算而非生产验证。,保留原始历史版本；将局部实现、生产消费和退休设计分别追踪，具体缺口见review.md,docs/plans/catalog-space-remediation/granularity-proposal.md:1-41
C:\Users\郑曾波\Projects\company-wiki\docs\plans\catalog-space-remediation\granularity-proposal.md,docs/plans/catalog-space-remediation/granularity-proposal.md,35,35,- 粒度统计：按 locator 类型分布（表格级后每文档 span 数、全库 span 总量、DB 体积）。,4455fef5185b823a3d26352a2043c67157c6d97407aa96c78bb33a5b7aebfe5e,WIKI-LEGACY-SPECIAL-0074,history_filing,historical_only,- 粒度统计：按 locator 类型分布（表格级后每文档 span 数、全库 span 总量、DB 体积）。,原文及所属阶段时间/配置/样本范围；不继承已PASS结论,原文3状态仅提案；task_plan:81–95,提案内容逐项作为设计审查，不声称parser已上线；体积百分比是估算而非生产验证。,保留原始历史版本；将局部实现、生产消费和退休设计分别追踪，具体缺口见review.md,docs/plans/catalog-space-remediation/granularity-proposal.md:1-41
C:\Users\郑曾波\Projects\company-wiki\docs\plans\catalog-space-remediation\granularity-proposal.md,docs/plans/catalog-space-remediation/granularity-proposal.md,36,36,"- 回归：contract 测试全绿（`pytest tests/contract`）；`UNIQUE(source_id, locator)` 不冲突；旧 locator 引用仍有效。",4455fef5185b823a3d26352a2043c67157c6d97407aa96c78bb33a5b7aebfe5e,WIKI-LEGACY-SPECIAL-0075,history_filing,historical_only,"- 回归：contract 测试全绿（`pytest tests/contract`）；`UNIQUE(source_id, locator)` 不冲突；旧 locator 引用仍有效。",原文及所属阶段时间/配置/样本范围；不继承已PASS结论,原文3状态仅提案；task_plan:81–95,提案内容逐项作为设计审查，不声称parser已上线；体积百分比是估算而非生产验证。,保留原始历史版本；将局部实现、生产消费和退休设计分别追踪，具体缺口见review.md,docs/plans/catalog-space-remediation/granularity-proposal.md:1-41
C:\Users\郑曾波\Projects\company-wiki\docs\plans\catalog-space-remediation\granularity-proposal.md,docs/plans/catalog-space-remediation/granularity-proposal.md,37,37,- 消费方：invest-*/revenue evidence 契约兼容（表格级引用的 `target/locator/excerpt` 语义更新文档）。,4455fef5185b823a3d26352a2043c67157c6d97407aa96c78bb33a5b7aebfe5e,WIKI-LEGACY-SPECIAL-0076,history_filing,historical_only,- 消费方：invest-*/revenue evidence 契约兼容（表格级引用的 `target/locator/excerpt` 语义更新文档）。,原文及所属阶段时间/配置/样本范围；不继承已PASS结论,原文3状态仅提案；task_plan:81–95,提案内容逐项作为设计审查，不声称parser已上线；体积百分比是估算而非生产验证。,保留原始历史版本；将局部实现、生产消费和退休设计分别追踪，具体缺口见review.md,docs/plans/catalog-space-remediation/granularity-proposal.md:1-41
C:\Users\郑曾波\Projects\company-wiki\docs\plans\catalog-space-remediation\granularity-proposal.md,docs/plans/catalog-space-remediation/granularity-proposal.md,41,41,- ADR-009（决策 D2/D3 记录）；task_plan Phase 3/4。,4455fef5185b823a3d26352a2043c67157c6d97407aa96c78bb33a5b7aebfe5e,WIKI-LEGACY-SPECIAL-0077,history_filing,historical_only,- ADR-009（决策 D2/D3 记录）；task_plan Phase 3/4。,原文及所属阶段时间/配置/样本范围；不继承已PASS结论,原文3状态仅提案；task_plan:81–95,提案内容逐项作为设计审查，不声称parser已上线；体积百分比是估算而非生产验证。,保留原始历史版本；将局部实现、生产消费和退休设计分别追踪，具体缺口见review.md,docs/plans/catalog-space-remediation/granularity-proposal.md:1-41
C:\Users\郑曾波\Projects\company-wiki\docs\plans\catalog-space-remediation\progress.md,docs/plans/catalog-space-remediation/progress.md,3,3,> **2026-08-09 状态：`completed_historical_scope_with_transferred_monitoring`。** Phase 1–4 与 ADR/工具收尾完成；Phase 5 因 D4 取消；长期健康/SLO/容量观察转 FCAP r2，不再从本日志维护旧 pending。,22dddc0b7838658dee7ed7addd73cddfde31db0b01f261a6a35e3d20b5ebeb8c,WIKI-LEGACY-SPECIAL-0078,history_filing,historical_only,> **2026-08-09 状态：`completed_historical_scope_with_transferred_monitoring`。** Phase 1–4 与 ADR/工具收尾完成；Phase 5 因 D4 取消；长期健康/SLO/容量观察转 FCAP r2，不再从本日志维护旧 pending。,原文及所属阶段时间/配置/样本范围；不继承已PASS结论,原文有日期的历史叙述；本轮不重跑生产、不以本轮测试反向证明当日计数/耗时/完整范围,逐项操作/授权/磁盘删除/真实DB行数只是8月历史；本轮不复做任何清理、不反向确认丢失旧证据。,保留原始历史版本；将局部实现、生产消费和退休设计分别追踪，具体缺口见review.md,docs/plans/catalog-space-remediation/progress.md:1-52
C:\Users\郑曾波\Projects\company-wiki\docs\plans\catalog-space-remediation\progress.md,docs/plans/catalog-space-remediation/progress.md,6,6,- 完成：G:/C: 空间排查，确认 G: 为 C: 镜像、云配额正常（发现 1–2）,22dddc0b7838658dee7ed7addd73cddfde31db0b01f261a6a35e3d20b5ebeb8c,WIKI-LEGACY-SPECIAL-0079,history_filing,historical_only,- 完成：G:/C: 空间排查，确认 G: 为 C: 镜像、云配额正常（发现 1–2）,原文及所属阶段时间/配置/样本范围；不继承已PASS结论,原文有日期的历史叙述；本轮不重跑生产、不以本轮测试反向证明当日计数/耗时/完整范围,逐项操作/授权/磁盘删除/真实DB行数只是8月历史；本轮不复做任何清理、不反向确认丢失旧证据。,保留原始历史版本；将局部实现、生产消费和退休设计分别追踪，具体缺口见review.md,docs/plans/catalog-space-remediation/progress.md:1-52
C:\Users\郑曾波\Projects\company-wiki\docs\plans\catalog-space-remediation\progress.md,docs/plans/catalog-space-remediation/progress.md,7,7,- 完成：opencode 快照成因调查（内部 git 仓库 + 中断残留，发现 3）,22dddc0b7838658dee7ed7addd73cddfde31db0b01f261a6a35e3d20b5ebeb8c,WIKI-LEGACY-SPECIAL-0080,history_filing,historical_only,- 完成：opencode 快照成因调查（内部 git 仓库 + 中断残留，发现 3）,原文及所属阶段时间/配置/样本范围；不继承已PASS结论,原文有日期的历史叙述；本轮不重跑生产、不以本轮测试反向证明当日计数/耗时/完整范围,逐项操作/授权/磁盘删除/真实DB行数只是8月历史；本轮不复做任何清理、不反向确认丢失旧证据。,保留原始历史版本；将局部实现、生产消费和退休设计分别追踪，具体缺口见review.md,docs/plans/catalog-space-remediation/progress.md:1-52
C:\Users\郑曾波\Projects\company-wiki\docs\plans\catalog-space-remediation\progress.md,docs/plans/catalog-space-remediation/progress.md,8,8,- 完成：用户确认后删除 opencode 会话快照 d9d2f124（127.5 GB）,22dddc0b7838658dee7ed7addd73cddfde31db0b01f261a6a35e3d20b5ebeb8c,WIKI-LEGACY-SPECIAL-0081,history_filing,historical_only,- 完成：用户确认后删除 opencode 会话快照 d9d2f124（127.5 GB）,原文及所属阶段时间/配置/样本范围；不继承已PASS结论,原文有日期的历史叙述；本轮不重跑生产、不以本轮测试反向证明当日计数/耗时/完整范围,逐项操作/授权/磁盘删除/真实DB行数只是8月历史；本轮不复做任何清理、不反向确认丢失旧证据。,保留原始历史版本；将局部实现、生产消费和退休设计分别追踪，具体缺口见review.md,docs/plans/catalog-space-remediation/progress.md:1-52
C:\Users\郑曾波\Projects\company-wiki\docs\plans\catalog-space-remediation\progress.md,docs/plans/catalog-space-remediation/progress.md,9,9,- 完成：用户确认后清理 .source_catalog 旧备份 11.9 GB + company-wiki-backups 24.3 GB + 缓存 ~12.3 GB（uv/npm/pip/Temp）；C: 剩余 0.18 → 164.5 GB；G: 同步 156.2 GB,22dddc0b7838658dee7ed7addd73cddfde31db0b01f261a6a35e3d20b5ebeb8c,WIKI-LEGACY-SPECIAL-0082,history_filing,historical_only,- 完成：用户确认后清理 .source_catalog 旧备份 11.9 GB + company-wiki-backups 24.3 GB + 缓存 ~12.3 GB（uv/npm/pip/Temp）；C: 剩余 0.18 → 164.5 GB；G: 同步 156.2 GB,原文及所属阶段时间/配置/样本范围；不继承已PASS结论,原文有日期的历史叙述；本轮不重跑生产、不以本轮测试反向证明当日计数/耗时/完整范围,逐项操作/授权/磁盘删除/真实DB行数只是8月历史；本轮不复做任何清理、不反向确认丢失旧证据。,保留原始历史版本；将局部实现、生产消费和退休设计分别追踪，具体缺口见review.md,docs/plans/catalog-space-remediation/progress.md:1-52
C:\Users\郑曾波\Projects\company-wiki\docs\plans\catalog-space-remediation\progress.md,docs/plans/catalog-space-remediation/progress.md,10,10,- 完成：catalog.sqlite3 深度分析（发现 4–10）：43.9 GB 构成、95% span 归属 phase-15.6 审计文档、软删除不回收、归一化仅 11%、pending 构成,22dddc0b7838658dee7ed7addd73cddfde31db0b01f261a6a35e3d20b5ebeb8c,WIKI-LEGACY-SPECIAL-0083,history_filing,historical_only,- 完成：catalog.sqlite3 深度分析（发现 4–10）：43.9 GB 构成、95% span 归属 phase-15.6 审计文档、软删除不回收、归一化仅 11%、pending 构成,原文及所属阶段时间/配置/样本范围；不继承已PASS结论,原文有日期的历史叙述；本轮不重跑生产、不以本轮测试反向证明当日计数/耗时/完整范围,逐项操作/授权/磁盘删除/真实DB行数只是8月历史；本轮不复做任何清理、不反向确认丢失旧证据。,保留原始历史版本；将局部实现、生产消费和退休设计分别追踪，具体缺口见review.md,docs/plans/catalog-space-remediation/progress.md:1-52
C:\Users\郑曾波\Projects\company-wiki\docs\plans\catalog-space-remediation\progress.md,docs/plans/catalog-space-remediation/progress.md,11,11,- 完成：确认安全网（D: 7/31 catalog 备份 19.33 GB 有效）,22dddc0b7838658dee7ed7addd73cddfde31db0b01f261a6a35e3d20b5ebeb8c,WIKI-LEGACY-SPECIAL-0084,history_filing,historical_only,- 完成：确认安全网（D: 7/31 catalog 备份 19.33 GB 有效）,原文及所属阶段时间/配置/样本范围；不继承已PASS结论,原文有日期的历史叙述；本轮不重跑生产、不以本轮测试反向证明当日计数/耗时/完整范围,逐项操作/授权/磁盘删除/真实DB行数只是8月历史；本轮不复做任何清理、不反向确认丢失旧证据。,保留原始历史版本；将局部实现、生产消费和退休设计分别追踪，具体缺口见review.md,docs/plans/catalog-space-remediation/progress.md:1-52
C:\Users\郑曾波\Projects\company-wiki\docs\plans\catalog-space-remediation\progress.md,docs/plans/catalog-space-remediation/progress.md,12,12,- 完成：按 planning-with-files 技能创建 task_plan.md / findings.md / progress.md（docs/plans/catalog-space-remediation/，未覆盖根目录同名旧规划文件）,22dddc0b7838658dee7ed7addd73cddfde31db0b01f261a6a35e3d20b5ebeb8c,WIKI-LEGACY-SPECIAL-0085,history_filing,historical_only,- 完成：按 planning-with-files 技能创建 task_plan.md / findings.md / progress.md（docs/plans/catalog-space-remediation/，未覆盖根目录同名旧规划文件）,原文及所属阶段时间/配置/样本范围；不继承已PASS结论,原文有日期的历史叙述；本轮不重跑生产、不以本轮测试反向证明当日计数/耗时/完整范围,逐项操作/授权/磁盘删除/真实DB行数只是8月历史；本轮不复做任何清理、不反向确认丢失旧证据。,保留原始历史版本；将局部实现、生产消费和退休设计分别追踪，具体缺口见review.md,docs/plans/catalog-space-remediation/progress.md:1-52
C:\Users\郑曾波\Projects\company-wiki\docs\plans\catalog-space-remediation\progress.md,docs/plans/catalog-space-remediation/progress.md,13,13,- 未做（等待用户决策）：任何 Phase 1–6 写操作；D1–D5 决策项,22dddc0b7838658dee7ed7addd73cddfde31db0b01f261a6a35e3d20b5ebeb8c,WIKI-LEGACY-SPECIAL-0086,history_filing,historical_only,- 未做（等待用户决策）：任何 Phase 1–6 写操作；D1–D5 决策项,原文及所属阶段时间/配置/样本范围；不继承已PASS结论,原文有日期的历史叙述；本轮不重跑生产、不以本轮测试反向证明当日计数/耗时/完整范围,逐项操作/授权/磁盘删除/真实DB行数只是8月历史；本轮不复做任何清理、不反向确认丢失旧证据。,保留原始历史版本；将局部实现、生产消费和退休设计分别追踪，具体缺口见review.md,docs/plans/catalog-space-remediation/progress.md:1-52
C:\Users\郑曾波\Projects\company-wiki\docs\plans\catalog-space-remediation\progress.md,docs/plans/catalog-space-remediation/progress.md,14,14,- 问题记录：PowerShell 内联引号导致多次转义失败（改脚本文件解决）；sqlite3 CLI 无 dbstat 虚拟表（改抽样估算）；25.8M 行 GROUP BY 查询耗时 >3 分钟（改轻量查询）,22dddc0b7838658dee7ed7addd73cddfde31db0b01f261a6a35e3d20b5ebeb8c,WIKI-LEGACY-SPECIAL-0087,history_filing,historical_only,- 问题记录：PowerShell 内联引号导致多次转义失败（改脚本文件解决）；sqlite3 CLI 无 dbstat 虚拟表（改抽样估算）；25.8M 行 GROUP BY 查询耗时 >3 分钟（改轻量查询）,原文及所属阶段时间/配置/样本范围；不继承已PASS结论,原文有日期的历史叙述；本轮不重跑生产、不以本轮测试反向证明当日计数/耗时/完整范围,逐项操作/授权/磁盘删除/真实DB行数只是8月历史；本轮不复做任何清理、不反向确认丢失旧证据。,保留原始历史版本；将局部实现、生产消费和退休设计分别追踪，具体缺口见review.md,docs/plans/catalog-space-remediation/progress.md:1-52
C:\Users\郑曾波\Projects\company-wiki\docs\plans\catalog-space-remediation\progress.md,docs/plans/catalog-space-remediation/progress.md,15,15,- 下一步：等待用户对 task_plan.md 的评审与 D1–D5 决策；Phase 1.1 只读对账可在确认后随时启动,22dddc0b7838658dee7ed7addd73cddfde31db0b01f261a6a35e3d20b5ebeb8c,WIKI-LEGACY-SPECIAL-0088,history_filing,historical_only,- 下一步：等待用户对 task_plan.md 的评审与 D1–D5 决策；Phase 1.1 只读对账可在确认后随时启动,原文及所属阶段时间/配置/样本范围；不继承已PASS结论,原文有日期的历史叙述；本轮不重跑生产、不以本轮测试反向证明当日计数/耗时/完整范围,逐项操作/授权/磁盘删除/真实DB行数只是8月历史；本轮不复做任何清理、不反向确认丢失旧证据。,保留原始历史版本；将局部实现、生产消费和退休设计分别追踪，具体缺口见review.md,docs/plans/catalog-space-remediation/progress.md:1-52
C:\Users\郑曾波\Projects\company-wiki\docs\plans\catalog-space-remediation\progress.md,docs/plans/catalog-space-remediation/progress.md,17,17,"## 2026-08-06 Phase 1.1 只读四路对账完成（9,578 份审计文档）",22dddc0b7838658dee7ed7addd73cddfde31db0b01f261a6a35e3d20b5ebeb8c,WIKI-LEGACY-SPECIAL-0089,history_filing,historical_only,"## 2026-08-06 Phase 1.1 只读四路对账完成（9,578 份审计文档）",原文及所属阶段时间/配置/样本范围；不继承已PASS结论,原文有日期的历史叙述；本轮不重跑生产、不以本轮测试反向证明当日计数/耗时/完整范围,逐项操作/授权/磁盘删除/真实DB行数只是8月历史；本轮不复做任何清理、不反向确认丢失旧证据。,保留原始历史版本；将局部实现、生产消费和退休设计分别追踪，具体缺口见review.md,docs/plans/catalog-space-remediation/progress.md:1-52
C:\Users\郑曾波\Projects\company-wiki\docs\plans\catalog-space-remediation\progress.md,docs/plans/catalog-space-remediation/progress.md,20,20,| 分类 | 数量 | 证据占用 | 说明 |,22dddc0b7838658dee7ed7addd73cddfde31db0b01f261a6a35e3d20b5ebeb8c,WIKI-LEGACY-SPECIAL-0090,history_filing,historical_only,| 分类 | 数量 | 证据占用 | 说明 |,原文及所属阶段时间/配置/样本范围；不继承已PASS结论,原文有日期的历史叙述；本轮不重跑生产、不以本轮测试反向证明当日计数/耗时/完整范围,逐项操作/授权/磁盘删除/真实DB行数只是8月历史；本轮不复做任何清理、不反向确认丢失旧证据。,保留原始历史版本；将局部实现、生产消费和退休设计分别追踪，具体缺口见review.md,docs/plans/catalog-space-remediation/progress.md:1-52
C:\Users\郑曾波\Projects\company-wiki\docs\plans\catalog-space-remediation\progress.md,docs/plans/catalog-space-remediation/progress.md,22,22,| A 真正 retired | 2 | 少量 | 已退役（source_status=retired） |,22dddc0b7838658dee7ed7addd73cddfde31db0b01f261a6a35e3d20b5ebeb8c,WIKI-LEGACY-SPECIAL-0091,history_filing,historical_only,| A 真正 retired | 2 | 少量 | 已退役（source_status=retired） |,原文及所属阶段时间/配置/样本范围；不继承已PASS结论,原文有日期的历史叙述；本轮不重跑生产、不以本轮测试反向证明当日计数/耗时/完整范围,逐项操作/授权/磁盘删除/真实DB行数只是8月历史；本轮不复做任何清理、不反向确认丢失旧证据。,保留原始历史版本；将局部实现、生产消费和退休设计分别追踪，具体缺口见review.md,docs/plans/catalog-space-remediation/progress.md:1-52
C:\Users\郑曾波\Projects\company-wiki\docs\plans\catalog-space-remediation\progress.md,docs/plans/catalog-space-remediation/progress.md,23,23,"| B 审计但 active | 9,576 | **25,425,840 span ≈ 29.5 GB** | 其中 1,686 有 span / 7,890 无 span |",22dddc0b7838658dee7ed7addd73cddfde31db0b01f261a6a35e3d20b5ebeb8c,WIKI-LEGACY-SPECIAL-0092,history_filing,historical_only,"| B 审计但 active | 9,576 | **25,425,840 span ≈ 29.5 GB** | 其中 1,686 有 span / 7,890 无 span |",原文及所属阶段时间/配置/样本范围；不继承已PASS结论,原文有日期的历史叙述；本轮不重跑生产、不以本轮测试反向证明当日计数/耗时/完整范围,逐项操作/授权/磁盘删除/真实DB行数只是8月历史；本轮不复做任何清理、不反向确认丢失旧证据。,保留原始历史版本；将局部实现、生产消费和退休设计分别追踪，具体缺口见review.md,docs/plans/catalog-space-remediation/progress.md:1-52
C:\Users\郑曾波\Projects\company-wiki\docs\plans\catalog-space-remediation\progress.md,docs/plans/catalog-space-remediation/progress.md,24,24,| C stub（byte_size≤200） | 79 | ≈0 | 59-byte placeholder，从未下载，可物理删 |,22dddc0b7838658dee7ed7addd73cddfde31db0b01f261a6a35e3d20b5ebeb8c,WIKI-LEGACY-SPECIAL-0093,history_filing,historical_only,| C stub（byte_size≤200） | 79 | ≈0 | 59-byte placeholder，从未下载，可物理删 |,原文及所属阶段时间/配置/样本范围；不继承已PASS结论,原文有日期的历史叙述；本轮不重跑生产、不以本轮测试反向证明当日计数/耗时/完整范围,逐项操作/授权/磁盘删除/真实DB行数只是8月历史；本轮不复做任何清理、不反向确认丢失旧证据。,保留原始历史版本；将局部实现、生产消费和退休设计分别追踪，具体缺口见review.md,docs/plans/catalog-space-remediation/progress.md:1-52
C:\Users\郑曾波\Projects\company-wiki\docs\plans\catalog-space-remediation\progress.md,docs/plans/catalog-space-remediation/progress.md,25,25,"| D 无 span | 7,892 | 0 | 仅需状态修正 |",22dddc0b7838658dee7ed7addd73cddfde31db0b01f261a6a35e3d20b5ebeb8c,WIKI-LEGACY-SPECIAL-0094,history_filing,historical_only,"| D 无 span | 7,892 | 0 | 仅需状态修正 |",原文及所属阶段时间/配置/样本范围；不继承已PASS结论,原文有日期的历史叙述；本轮不重跑生产、不以本轮测试反向证明当日计数/耗时/完整范围,逐项操作/授权/磁盘删除/真实DB行数只是8月历史；本轮不复做任何清理、不反向确认丢失旧证据。,保留原始历史版本；将局部实现、生产消费和退休设计分别追踪，具体缺口见review.md,docs/plans/catalog-space-remediation/progress.md:1-52
C:\Users\郑曾波\Projects\company-wiki\docs\plans\catalog-space-remediation\progress.md,docs/plans/catalog-space-remediation/progress.md,26,26,"| 磁盘 | active locations 21,614 / 缺失 6 | | 本地盘(C:/D:)抽样正常；G:/网络盘路径未逐个 stat（虚拟盘慢） |",22dddc0b7838658dee7ed7addd73cddfde31db0b01f261a6a35e3d20b5ebeb8c,WIKI-LEGACY-SPECIAL-0095,history_filing,historical_only,"| 磁盘 | active locations 21,614 / 缺失 6 | | 本地盘(C:/D:)抽样正常；G:/网络盘路径未逐个 stat（虚拟盘慢） |",原文及所属阶段时间/配置/样本范围；不继承已PASS结论,原文有日期的历史叙述；本轮不重跑生产、不以本轮测试反向证明当日计数/耗时/完整范围,逐项操作/授权/磁盘删除/真实DB行数只是8月历史；本轮不复做任何清理、不反向确认丢失旧证据。,保留原始历史版本；将局部实现、生产消费和退休设计分别追踪，具体缺口见review.md,docs/plans/catalog-space-remediation/progress.md:1-52
C:\Users\郑曾波\Projects\company-wiki\docs\plans\catalog-space-remediation\progress.md,docs/plans/catalog-space-remediation/progress.md,28,28,### 关键结论,22dddc0b7838658dee7ed7addd73cddfde31db0b01f261a6a35e3d20b5ebeb8c,WIKI-LEGACY-SPECIAL-0096,history_filing,historical_only,### 关键结论,原文及所属阶段时间/配置/样本范围；不继承已PASS结论,原文有日期的历史叙述；本轮不重跑生产、不以本轮测试反向证明当日计数/耗时/完整范围,逐项操作/授权/磁盘删除/真实DB行数只是8月历史；本轮不复做任何清理、不反向确认丢失旧证据。,保留原始历史版本；将局部实现、生产消费和退休设计分别追踪，具体缺口见review.md,docs/plans/catalog-space-remediation/progress.md:1-52
C:\Users\郑曾波\Projects\company-wiki\docs\plans\catalog-space-remediation\progress.md,docs/plans/catalog-space-remediation/progress.md,29,29,- 可回收 ≈ **29.5 GB**（B 类退役）——比 task_plan 预估 20-30 GB 偏高。空间大头 = 25.4M span 行（95% 挂 audit 文档）。,22dddc0b7838658dee7ed7addd73cddfde31db0b01f261a6a35e3d20b5ebeb8c,WIKI-LEGACY-SPECIAL-0097,history_filing,historical_only,- 可回收 ≈ **29.5 GB**（B 类退役）——比 task_plan 预估 20-30 GB 偏高。空间大头 = 25.4M span 行（95% 挂 audit 文档）。,原文及所属阶段时间/配置/样本范围；不继承已PASS结论,原文有日期的历史叙述；本轮不重跑生产、不以本轮测试反向证明当日计数/耗时/完整范围,逐项操作/授权/磁盘删除/真实DB行数只是8月历史；本轮不复做任何清理、不反向确认丢失旧证据。,保留原始历史版本；将局部实现、生产消费和退休设计分别追踪，具体缺口见review.md,docs/plans/catalog-space-remediation/progress.md:1-52
C:\Users\郑曾波\Projects\company-wiki\docs\plans\catalog-space-remediation\progress.md,docs/plans/catalog-space-remediation/progress.md,30,30,"- 分类优先级：C 类（79 stub）物理删零成本；D 类（7,892）状态修正零成本；B 类（9,576）退役是主回收项（有 span 的 1,686 份退役前需 Phase 2 归档）。",22dddc0b7838658dee7ed7addd73cddfde31db0b01f261a6a35e3d20b5ebeb8c,WIKI-LEGACY-SPECIAL-0098,history_filing,historical_only,"- 分类优先级：C 类（79 stub）物理删零成本；D 类（7,892）状态修正零成本；B 类（9,576）退役是主回收项（有 span 的 1,686 份退役前需 Phase 2 归档）。",原文及所属阶段时间/配置/样本范围；不继承已PASS结论,原文有日期的历史叙述；本轮不重跑生产、不以本轮测试反向证明当日计数/耗时/完整范围,逐项操作/授权/磁盘删除/真实DB行数只是8月历史；本轮不复做任何清理、不反向确认丢失旧证据。,保留原始历史版本；将局部实现、生产消费和退休设计分别追踪，具体缺口见review.md,docs/plans/catalog-space-remediation/progress.md:1-52
C:\Users\郑曾波\Projects\company-wiki\docs\plans\catalog-space-remediation\progress.md,docs/plans/catalog-space-remediation/progress.md,31,31,- 对账脚本 `_reconcile_audit.py`（临时）已删；结果本段为 record。,22dddc0b7838658dee7ed7addd73cddfde31db0b01f261a6a35e3d20b5ebeb8c,WIKI-LEGACY-SPECIAL-0099,history_filing,historical_only,- 对账脚本 `_reconcile_audit.py`（临时）已删；结果本段为 record。,原文及所属阶段时间/配置/样本范围；不继承已PASS结论,原文有日期的历史叙述；本轮不重跑生产、不以本轮测试反向证明当日计数/耗时/完整范围,逐项操作/授权/磁盘删除/真实DB行数只是8月历史；本轮不复做任何清理、不反向确认丢失旧证据。,保留原始历史版本；将局部实现、生产消费和退休设计分别追踪，具体缺口见review.md,docs/plans/catalog-space-remediation/progress.md:1-52
C:\Users\郑曾波\Projects\company-wiki\docs\plans\catalog-space-remediation\progress.md,docs/plans/catalog-space-remediation/progress.md,32,32,- 待用户 D1–D5 决策后进 Phase 1.2（修复脚本 reconcile_retire_state.py）。,22dddc0b7838658dee7ed7addd73cddfde31db0b01f261a6a35e3d20b5ebeb8c,WIKI-LEGACY-SPECIAL-0100,history_filing,historical_only,- 待用户 D1–D5 决策后进 Phase 1.2（修复脚本 reconcile_retire_state.py）。,原文及所属阶段时间/配置/样本范围；不继承已PASS结论,原文有日期的历史叙述；本轮不重跑生产、不以本轮测试反向证明当日计数/耗时/完整范围,逐项操作/授权/磁盘删除/真实DB行数只是8月历史；本轮不复做任何清理、不反向确认丢失旧证据。,保留原始历史版本；将局部实现、生产消费和退休设计分别追踪，具体缺口见review.md,docs/plans/catalog-space-remediation/progress.md:1-52
C:\Users\郑曾波\Projects\company-wiki\docs\plans\catalog-space-remediation\progress.md,docs/plans/catalog-space-remediation/progress.md,34,34,## 2026-08-07 Phase 1.2 实施完成（用户 D1–D5 已拍板）,22dddc0b7838658dee7ed7addd73cddfde31db0b01f261a6a35e3d20b5ebeb8c,WIKI-LEGACY-SPECIAL-0101,history_filing,historical_only,## 2026-08-07 Phase 1.2 实施完成（用户 D1–D5 已拍板）,原文及所属阶段时间/配置/样本范围；不继承已PASS结论,原文有日期的历史叙述；本轮不重跑生产、不以本轮测试反向证明当日计数/耗时/完整范围,逐项操作/授权/磁盘删除/真实DB行数只是8月历史；本轮不复做任何清理、不反向确认丢失旧证据。,保留原始历史版本；将局部实现、生产消费和退休设计分别追踪，具体缺口见review.md,docs/plans/catalog-space-remediation/progress.md:1-52
C:\Users\郑曾波\Projects\company-wiki\docs\plans\catalog-space-remediation\progress.md,docs/plans/catalog-space-remediation/progress.md,36,36,- 决策：**D1=全部正式退役 / D3=新闻免 span / D4=不迁 D: / D5=归档保留 90 天**。,22dddc0b7838658dee7ed7addd73cddfde31db0b01f261a6a35e3d20b5ebeb8c,WIKI-LEGACY-SPECIAL-0102,history_filing,historical_only,- 决策：**D1=全部正式退役 / D3=新闻免 span / D4=不迁 D: / D5=归档保留 90 天**。,原文及所属阶段时间/配置/样本范围；不继承已PASS结论,原文有日期的历史叙述；本轮不重跑生产、不以本轮测试反向证明当日计数/耗时/完整范围,逐项操作/授权/磁盘删除/真实DB行数只是8月历史；本轮不复做任何清理、不反向确认丢失旧证据。,保留原始历史版本；将局部实现、生产消费和退休设计分别追踪，具体缺口见review.md,docs/plans/catalog-space-remediation/progress.md:1-52
C:\Users\郑曾波\Projects\company-wiki\docs\plans\catalog-space-remediation\progress.md,docs/plans/catalog-space-remediation/progress.md,37,37,- 新脚本 `src/company_wiki/source_catalog/reconcile_retire_state.py`（dry-run 默认 + `--apply` 显式 + receipt `artifacts/gates/*.jsonl` + 验收对账归零）+ cli 子命令 `reconcile-retire` + 3 项测试（dry-run 分类 / apply 退役+stub 删 / 幂等）。,22dddc0b7838658dee7ed7addd73cddfde31db0b01f261a6a35e3d20b5ebeb8c,WIKI-LEGACY-SPECIAL-0103,history_filing,historical_only,- 新脚本 `src/company_wiki/source_catalog/reconcile_retire_state.py`（dry-run 默认 + `--apply` 显式 + receipt `artifacts/gates/*.jsonl` + 验收对账归零）+ cli 子命令 `reconcile-retire` + 3 项测试（dry-run 分类 / apply 退役+stub 删 / 幂等）。,原文及所属阶段时间/配置/样本范围；不继承已PASS结论,原文有日期的历史叙述；本轮不重跑生产、不以本轮测试反向证明当日计数/耗时/完整范围,逐项操作/授权/磁盘删除/真实DB行数只是8月历史；本轮不复做任何清理、不反向确认丢失旧证据。,保留原始历史版本；将局部实现、生产消费和退休设计分别追踪，具体缺口见review.md,docs/plans/catalog-space-remediation/progress.md:1-52
C:\Users\郑曾波\Projects\company-wiki\docs\plans\catalog-space-remediation\progress.md,docs/plans/catalog-space-remediation/progress.md,38,38,"- **生产 apply（2026-08-07T08:08Z）**：退役 **9,499** + stub 物理删 **77**（79 中 2 个已 retired）+ **mismatch 归零**（验收 dry-run=0）。receipt：`.source_catalog/artifacts/gates/reconcile-retire-20260807T080844Z.jsonl`。",22dddc0b7838658dee7ed7addd73cddfde31db0b01f261a6a35e3d20b5ebeb8c,WIKI-LEGACY-SPECIAL-0104,history_filing,historical_only,"- **生产 apply（2026-08-07T08:08Z）**：退役 **9,499** + stub 物理删 **77**（79 中 2 个已 retired）+ **mismatch 归零**（验收 dry-run=0）。receipt：`.source_catalog/artifacts/gates/reconcile-retire-20260807T080844Z.jsonl`。",原文及所属阶段时间/配置/样本范围；不继承已PASS结论,原文有日期的历史叙述；本轮不重跑生产、不以本轮测试反向证明当日计数/耗时/完整范围,逐项操作/授权/磁盘删除/真实DB行数只是8月历史；本轮不复做任何清理、不反向确认丢失旧证据。,保留原始历史版本；将局部实现、生产消费和退休设计分别追踪，具体缺口见review.md,docs/plans/catalog-space-remediation/progress.md:1-52
C:\Users\郑曾波\Projects\company-wiki\docs\plans\catalog-space-remediation\progress.md,docs/plans/catalog-space-remediation/progress.md,39,39,- 软删除不碰 span：**29.5GB 证据保留**（90 天窗口内完整可查）；Phase 2.1 归档随后（在 90 天回收前完成）。,22dddc0b7838658dee7ed7addd73cddfde31db0b01f261a6a35e3d20b5ebeb8c,WIKI-LEGACY-SPECIAL-0105,history_filing,historical_only,- 软删除不碰 span：**29.5GB 证据保留**（90 天窗口内完整可查）；Phase 2.1 归档随后（在 90 天回收前完成）。,原文及所属阶段时间/配置/样本范围；不继承已PASS结论,原文有日期的历史叙述；本轮不重跑生产、不以本轮测试反向证明当日计数/耗时/完整范围,逐项操作/授权/磁盘删除/真实DB行数只是8月历史；本轮不复做任何清理、不反向确认丢失旧证据。,保留原始历史版本；将局部实现、生产消费和退休设计分别追踪，具体缺口见review.md,docs/plans/catalog-space-remediation/progress.md:1-52
C:\Users\郑曾波\Projects\company-wiki\docs\plans\catalog-space-remediation\progress.md,docs/plans/catalog-space-remediation/progress.md,41,41,## 2026-08-07 Phase 2.1 归档完成,22dddc0b7838658dee7ed7addd73cddfde31db0b01f261a6a35e3d20b5ebeb8c,WIKI-LEGACY-SPECIAL-0106,history_filing,historical_only,## 2026-08-07 Phase 2.1 归档完成,原文及所属阶段时间/配置/样本范围；不继承已PASS结论,原文有日期的历史叙述；本轮不重跑生产、不以本轮测试反向证明当日计数/耗时/完整范围,逐项操作/授权/磁盘删除/真实DB行数只是8月历史；本轮不复做任何清理、不反向确认丢失旧证据。,保留原始历史版本；将局部实现、生产消费和退休设计分别追踪，具体缺口见review.md,docs/plans/catalog-space-remediation/progress.md:1-52
C:\Users\郑曾波\Projects\company-wiki\docs\plans\catalog-space-remediation\progress.md,docs/plans/catalog-space-remediation/progress.md,42,42,- `archive_retired_evidence.py`（src/company_wiki/source_catalog/）：streaming 导出 retired 文档 evidence_spans → gzip JSONL（`source_manifests/archive/{date}/retired-evidence.jsonl.gz`），keyset pagination（span_id 分批 10 万行），只读连接不取锁（retired 文档不重 normalize，span 稳定）。,22dddc0b7838658dee7ed7addd73cddfde31db0b01f261a6a35e3d20b5ebeb8c,WIKI-LEGACY-SPECIAL-0107,history_filing,historical_only,- `archive_retired_evidence.py`（src/company_wiki/source_catalog/）：streaming 导出 retired 文档 evidence_spans → gzip JSONL（`source_manifests/archive/{date}/retired-evidence.jsonl.gz`），keyset pagination（span_id 分批 10 万行），只读连接不取锁（retired 文档不重 normalize，span 稳定）。,原文及所属阶段时间/配置/样本范围；不继承已PASS结论,原文有日期的历史叙述；本轮不重跑生产、不以本轮测试反向证明当日计数/耗时/完整范围,逐项操作/授权/磁盘删除/真实DB行数只是8月历史；本轮不复做任何清理、不反向确认丢失旧证据。,保留原始历史版本；将局部实现、生产消费和退休设计分别追踪，具体缺口见review.md,docs/plans/catalog-space-remediation/progress.md:1-52
C:\Users\郑曾波\Projects\company-wiki\docs\plans\catalog-space-remediation\progress.md,docs/plans/catalog-space-remediation/progress.md,43,43,- cli 子命令 `archive-retired-evidence`；2 项测试（行数对账 / 空库）。,22dddc0b7838658dee7ed7addd73cddfde31db0b01f261a6a35e3d20b5ebeb8c,WIKI-LEGACY-SPECIAL-0108,history_filing,historical_only,- cli 子命令 `archive-retired-evidence`；2 项测试（行数对账 / 空库）。,原文及所属阶段时间/配置/样本范围；不继承已PASS结论,原文有日期的历史叙述；本轮不重跑生产、不以本轮测试反向证明当日计数/耗时/完整范围,逐项操作/授权/磁盘删除/真实DB行数只是8月历史；本轮不复做任何清理、不反向确认丢失旧证据。,保留原始历史版本；将局部实现、生产消费和退休设计分别追踪，具体缺口见review.md,docs/plans/catalog-space-remediation/progress.md:1-52
C:\Users\郑曾波\Projects\company-wiki\docs\plans\catalog-space-remediation\progress.md,docs/plans/catalog-space-remediation/progress.md,44,44,"- **生产导出（2026-08-07T10:15Z）**：`rows_written=25,708,956 == rows_in_catalog=25,708,956`，**ok=true**（归档完整，零丢失）。产物 4.6GB gzip（≈30GB 原始压缩至 ~15%）。",22dddc0b7838658dee7ed7addd73cddfde31db0b01f261a6a35e3d20b5ebeb8c,WIKI-LEGACY-SPECIAL-0109,history_filing,insufficient_evidence,"- **生产导出（2026-08-07T10:15Z）**：`rows_written=25,708,956 == rows_in_catalog=25,708,956`，**ok=true**（归档完整，零丢失）。产物 4.6GB gzip（≈30GB 原始压缩至 ~15%）。",原文及所属阶段时间/配置/样本范围；不继承已PASS结论,"archive_retired_evidence.py:65直接同日wt覆写,87–91只有计数；task_plan:70抽样SHA未回执",rows_written==rows_in_catalog只能证明数量相等，不能证明无重复遗漏、逐PK完整、内容hash不变或恢复可用；“完整零丢失”过度推断。,保留原始历史版本；将局部实现、生产消费和退休设计分别追踪，具体缺口见review.md,docs/plans/catalog-space-remediation/progress.md:44-44
C:\Users\郑曾波\Projects\company-wiki\docs\plans\catalog-space-remediation\progress.md,docs/plans/catalog-space-remediation/progress.md,45,45,- 剩余：Phase 2.2 生命周期（archived_at schema 提案）/ 2.3 定期回收（90 天）/ 3 粒度提案（D2 待拍板）/ 4 容量模型 / 6 验收 ADR。,22dddc0b7838658dee7ed7addd73cddfde31db0b01f261a6a35e3d20b5ebeb8c,WIKI-LEGACY-SPECIAL-0110,history_filing,historical_only,- 剩余：Phase 2.2 生命周期（archived_at schema 提案）/ 2.3 定期回收（90 天）/ 3 粒度提案（D2 待拍板）/ 4 容量模型 / 6 验收 ADR。,原文及所属阶段时间/配置/样本范围；不继承已PASS结论,原文有日期的历史叙述；本轮不重跑生产、不以本轮测试反向证明当日计数/耗时/完整范围,逐项操作/授权/磁盘删除/真实DB行数只是8月历史；本轮不复做任何清理、不反向确认丢失旧证据。,保留原始历史版本；将局部实现、生产消费和退休设计分别追踪，具体缺口见review.md,docs/plans/catalog-space-remediation/progress.md:1-52
C:\Users\郑曾波\Projects\company-wiki\docs\plans\catalog-space-remediation\progress.md,docs/plans/catalog-space-remediation/progress.md,47,47,## 2026-08-07 Phase 2.3 / 3 / 4 / 6 完成（catalog 治理收尾）,22dddc0b7838658dee7ed7addd73cddfde31db0b01f261a6a35e3d20b5ebeb8c,WIKI-LEGACY-SPECIAL-0111,history_filing,historical_only,## 2026-08-07 Phase 2.3 / 3 / 4 / 6 完成（catalog 治理收尾）,原文及所属阶段时间/配置/样本范围；不继承已PASS结论,原文有日期的历史叙述；本轮不重跑生产、不以本轮测试反向证明当日计数/耗时/完整范围,逐项操作/授权/磁盘删除/真实DB行数只是8月历史；本轮不复做任何清理、不反向确认丢失旧证据。,保留原始历史版本；将局部实现、生产消费和退休设计分别追踪，具体缺口见review.md,docs/plans/catalog-space-remediation/progress.md:1-52
C:\Users\郑曾波\Projects\company-wiki\docs\plans\catalog-space-remediation\progress.md,docs/plans/catalog-space-remediation/progress.md,48,48,"- **Phase 2.3** `prune_retired_evidence.py`（cli `prune-retired-evidence`，dry-run 默认 + `--apply` + 保留期判断 + 分批删 + receipt）。生产 dry-run：retired 9,501 / span 25.7M / oldest 2026-08-07 / **due=false**（90 天窗口未到期，正确拒绝回收）。3 测试。",22dddc0b7838658dee7ed7addd73cddfde31db0b01f261a6a35e3d20b5ebeb8c,WIKI-LEGACY-SPECIAL-0112,history_filing,insufficient_evidence,"- **Phase 2.3** `prune_retired_evidence.py`（cli `prune-retired-evidence`，dry-run 默认 + `--apply` + 保留期判断 + 分批删 + receipt）。生产 dry-run：retired 9,501 / span 25.7M / oldest 2026-08-07 / **due=false**（90 天窗口未到期，正确拒绝回收）。3 测试。",原文及所属阶段时间/配置/样本范围；不继承已PASS结论,prune全文；root当前H01反例重现,due=false仅验证未到期拒绝，未覆盖“旧空日期目录+新退役行”高风险反例；3测试全绿不能证明归档绑定。,保留原始历史版本；将局部实现、生产消费和退休设计分别追踪，具体缺口见review.md,docs/plans/catalog-space-remediation/progress.md:48-48
C:\Users\郑曾波\Projects\company-wiki\docs\plans\catalog-space-remediation\progress.md,docs/plans/catalog-space-remediation/progress.md,49,49,- **Phase 3** `granularity-proposal.md`（表格级粒度 + 新闻免 span，D2/D3 决策，供上游评审）。,22dddc0b7838658dee7ed7addd73cddfde31db0b01f261a6a35e3d20b5ebeb8c,WIKI-LEGACY-SPECIAL-0113,history_filing,historical_only,- **Phase 3** `granularity-proposal.md`（表格级粒度 + 新闻免 span，D2/D3 决策，供上游评审）。,原文及所属阶段时间/配置/样本范围；不继承已PASS结论,原文有日期的历史叙述；本轮不重跑生产、不以本轮测试反向证明当日计数/耗时/完整范围,逐项操作/授权/磁盘删除/真实DB行数只是8月历史；本轮不复做任何清理、不反向确认丢失旧证据。,保留原始历史版本；将局部实现、生产消费和退休设计分别追踪，具体缺口见review.md,docs/plans/catalog-space-remediation/progress.md:1-52
C:\Users\郑曾波\Projects\company-wiki\docs\plans\catalog-space-remediation\progress.md,docs/plans/catalog-space-remediation/progress.md,50,50,"- **Phase 4** `catalog_size_report.py`（cli `size-report`，只读容量/健康报告 + 30GB 告警阈值）。生产：DB **49.27GB** / pages 12.03M / spans 27.0M / docs 23,488 / retired 9,501 / disk_free 173.1GB / 无告警。2 测试。",22dddc0b7838658dee7ed7addd73cddfde31db0b01f261a6a35e3d20b5ebeb8c,WIKI-LEGACY-SPECIAL-0114,history_filing,historical_only,"- **Phase 4** `catalog_size_report.py`（cli `size-report`，只读容量/健康报告 + 30GB 告警阈值）。生产：DB **49.27GB** / pages 12.03M / spans 27.0M / docs 23,488 / retired 9,501 / disk_free 173.1GB / 无告警。2 测试。",原文及所属阶段时间/配置/样本范围；不继承已PASS结论,原文有日期的历史叙述；本轮不重跑生产、不以本轮测试反向证明当日计数/耗时/完整范围,逐项操作/授权/磁盘删除/真实DB行数只是8月历史；本轮不复做任何清理、不反向确认丢失旧证据。,保留原始历史版本；将局部实现、生产消费和退休设计分别追踪，具体缺口见review.md,docs/plans/catalog-space-remediation/progress.md:1-52
C:\Users\郑曾波\Projects\company-wiki\docs\plans\catalog-space-remediation\progress.md,docs/plans/catalog-space-remediation/progress.md,51,51,- **Phase 6** `ADR-009-catalog-space-governance.md`（D1–D5 决策留档 + Phase 1–2 实施记录 + 不变量）。,22dddc0b7838658dee7ed7addd73cddfde31db0b01f261a6a35e3d20b5ebeb8c,WIKI-LEGACY-SPECIAL-0115,history_filing,historical_only,- **Phase 6** `ADR-009-catalog-space-governance.md`（D1–D5 决策留档 + Phase 1–2 实施记录 + 不变量）。,原文及所属阶段时间/配置/样本范围；不继承已PASS结论,原文有日期的历史叙述；本轮不重跑生产、不以本轮测试反向证明当日计数/耗时/完整范围,逐项操作/授权/磁盘删除/真实DB行数只是8月历史；本轮不复做任何清理、不反向确认丢失旧证据。,保留原始历史版本；将局部实现、生产消费和退休设计分别追踪，具体缺口见review.md,docs/plans/catalog-space-remediation/progress.md:1-52
C:\Users\郑曾波\Projects\company-wiki\docs\plans\catalog-space-remediation\progress.md,docs/plans/catalog-space-remediation/progress.md,52,52,- 生产 DB 已从 43.9GB 涨至 49.27GB（worker 持续 normalize 新增 span，符合预期；治理后 90 天窗口到期可回收 retired 25.7M 行）。,22dddc0b7838658dee7ed7addd73cddfde31db0b01f261a6a35e3d20b5ebeb8c,WIKI-LEGACY-SPECIAL-0116,history_filing,historical_only,- 生产 DB 已从 43.9GB 涨至 49.27GB（worker 持续 normalize 新增 span，符合预期；治理后 90 天窗口到期可回收 retired 25.7M 行）。,原文及所属阶段时间/配置/样本范围；不继承已PASS结论,原文有日期的历史叙述；本轮不重跑生产、不以本轮测试反向证明当日计数/耗时/完整范围,逐项操作/授权/磁盘删除/真实DB行数只是8月历史；本轮不复做任何清理、不反向确认丢失旧证据。,保留原始历史版本；将局部实现、生产消费和退休设计分别追踪，具体缺口见review.md,docs/plans/catalog-space-remediation/progress.md:1-52
C:\Users\郑曾波\Projects\company-wiki\docs\plans\catalog-space-remediation\task_plan.md,docs/plans/catalog-space-remediation/task_plan.md,3,7,"> **2026-08-09 状态覆盖：`completed_historical_scope_with_transferred_monitoring`。** Phase 1–4 与 ADR/工具收尾有 progress/receipt 证据；正文相应空框是未回填的历史清单。Phase 5 因用户 D4“不迁 D:”取消；连续健康/SLO/容量观察转入 FCAP r2 FC-1302~1304/1504。本文件不再保留活动 pending 队列。
>
> 历史 scoped 状态：**Phase 1–4 与 Phase 6 文档/工具收尾完成；Phase 5 cancelled_by_D4；长期监控 transferred_to_FCAP-r2** ｜ 创建：2026-08-06
> 目标：解决 `.source_catalog/catalog.sqlite3`（43.9GB、持续增长）的空间占用与数据一致性隐患，建立证据数据生命周期管理。
> **原始立项边界（历史）：** 本方案初稿只做规划与只读测算，不直接授权实施；后续经用户逐项授权形成的实际结果以上方阶段处置清单和 `progress.md` 为准。",ec6268929a18f732093269834619b587af079bd51c313320932729f9c6faf8c8,WIKI-LEGACY-SPECIAL-0117,history_filing,insufficient_evidence,"> **2026-08-09 状态覆盖：`completed_historical_scope_with_transferred_monitoring`。** Phase 1–4 与 ADR/工具收尾有 progress/receipt 证据；正文相应空框是未回填的历史清单。Phase 5 因用户 D4“不迁 D:”取消；连续健康/SLO/容量观察转入 FCAP r2 FC-1302~1304/1504。本文件不再保留活动 pending 队列。
>
> 历史 scoped 状态：**Phase 1–4 与 Phase 6 文档/工具收尾完成；Phase 5 cancelled_by_D4；长期监控 transferred_to_FCAP-r2** ｜ 创建：2026-08-06
> 目标：解决 `.source_catalog/catalog.sqlite3`（43.9GB、持续增长）的空间占用与数据一致性隐患，建立证据数据生命周期管理。
> **原始立项边界（历史）：** 本方案初稿只做规划与只读测算，不直接授权实施；后续经用户逐项授权形成的实际结果以上方阶段处置清单和 `progress.md` 为准。",原文及所属阶段时间/配置/样本范围；不继承已PASS结论,"同文件130,161,163；progress:50–52 DB仍增长",工具/提案交付与总体防磁盘耗尽目标分离；容量模型和连续4周未在原包达成，被转交不等于通过。,保留原始历史版本；将局部实现、生产消费和退休设计分别追踪，具体缺口见review.md,docs/plans/catalog-space-remediation/task_plan.md:3-23
C:\Users\郑曾波\Projects\company-wiki\docs\plans\catalog-space-remediation\task_plan.md,docs/plans/catalog-space-remediation/task_plan.md,11,11,- [x] Phase 1：状态一致性治理已完成并有对账/receipt 证据。,ec6268929a18f732093269834619b587af079bd51c313320932729f9c6faf8c8,WIKI-LEGACY-SPECIAL-0118,history_filing,insufficient_evidence,- [x] Phase 1：状态一致性治理已完成并有对账/receipt 证据。,原文及所属阶段时间/配置/样本范围；不继承已PASS结论,"同文件130,161,163；progress:50–52 DB仍增长",工具/提案交付与总体防磁盘耗尽目标分离；容量模型和连续4周未在原包达成，被转交不等于通过。,保留原始历史版本；将局部实现、生产消费和退休设计分别追踪，具体缺口见review.md,docs/plans/catalog-space-remediation/task_plan.md:3-23
C:\Users\郑曾波\Projects\company-wiki\docs\plans\catalog-space-remediation\task_plan.md,docs/plans/catalog-space-remediation/task_plan.md,12,12,- [x] Phase 2：证据归档与保留策略已完成；2.2 采用 ADR-009 的等价方案。,ec6268929a18f732093269834619b587af079bd51c313320932729f9c6faf8c8,WIKI-LEGACY-SPECIAL-0119,history_filing,insufficient_evidence,- [x] Phase 2：证据归档与保留策略已完成；2.2 采用 ADR-009 的等价方案。,原文及所属阶段时间/配置/样本范围；不继承已PASS结论,"同文件130,161,163；progress:50–52 DB仍增长",工具/提案交付与总体防磁盘耗尽目标分离；容量模型和连续4周未在原包达成，被转交不等于通过。,保留原始历史版本；将局部实现、生产消费和退休设计分别追踪，具体缺口见review.md,docs/plans/catalog-space-remediation/task_plan.md:3-23
C:\Users\郑曾波\Projects\company-wiki\docs\plans\catalog-space-remediation\task_plan.md,docs/plans/catalog-space-remediation/task_plan.md,13,13,- [x] Phase 3：证据粒度治理提案已交付，按原定“仅设计”范围完成。,ec6268929a18f732093269834619b587af079bd51c313320932729f9c6faf8c8,WIKI-LEGACY-SPECIAL-0120,history_filing,insufficient_evidence,- [x] Phase 3：证据粒度治理提案已交付，按原定“仅设计”范围完成。,原文及所属阶段时间/配置/样本范围；不继承已PASS结论,"同文件130,161,163；progress:50–52 DB仍增长",工具/提案交付与总体防磁盘耗尽目标分离；容量模型和连续4周未在原包达成，被转交不等于通过。,保留原始历史版本；将局部实现、生产消费和退休设计分别追踪，具体缺口见review.md,docs/plans/catalog-space-remediation/task_plan.md:3-23
C:\Users\郑曾波\Projects\company-wiki\docs\plans\catalog-space-remediation\task_plan.md,docs/plans/catalog-space-remediation/task_plan.md,14,14,- [x] Phase 4：容量报告与监控工具已交付并在真实生产 catalog 上运行。,ec6268929a18f732093269834619b587af079bd51c313320932729f9c6faf8c8,WIKI-LEGACY-SPECIAL-0121,history_filing,insufficient_evidence,- [x] Phase 4：容量报告与监控工具已交付并在真实生产 catalog 上运行。,原文及所属阶段时间/配置/样本范围；不继承已PASS结论,"同文件130,161,163；progress:50–52 DB仍增长",工具/提案交付与总体防磁盘耗尽目标分离；容量模型和连续4周未在原包达成，被转交不等于通过。,保留原始历史版本；将局部实现、生产消费和退休设计分别追踪，具体缺口见review.md,docs/plans/catalog-space-remediation/task_plan.md:3-23
C:\Users\郑曾波\Projects\company-wiki\docs\plans\catalog-space-remediation\task_plan.md,docs/plans/catalog-space-remediation/task_plan.md,15,15,- [x] Phase 5：因用户 D4 决策取消，不再作为未完成项；若未来容量/SLO 触发，重新立项。,ec6268929a18f732093269834619b587af079bd51c313320932729f9c6faf8c8,WIKI-LEGACY-SPECIAL-0122,history_filing,insufficient_evidence,- [x] Phase 5：因用户 D4 决策取消，不再作为未完成项；若未来容量/SLO 触发，重新立项。,原文及所属阶段时间/配置/样本范围；不继承已PASS结论,"同文件130,161,163；progress:50–52 DB仍增长",工具/提案交付与总体防磁盘耗尽目标分离；容量模型和连续4周未在原包达成，被转交不等于通过。,保留原始历史版本；将局部实现、生产消费和退休设计分别追踪，具体缺口见review.md,docs/plans/catalog-space-remediation/task_plan.md:3-23
C:\Users\郑曾波\Projects\company-wiki\docs\plans\catalog-space-remediation\task_plan.md,docs/plans/catalog-space-remediation/task_plan.md,16,16,- [x] Phase 6：ADR/文档收尾完成；长期四周健康观察转入 FCAP r2 FC-1302~1304/1504。,ec6268929a18f732093269834619b587af079bd51c313320932729f9c6faf8c8,WIKI-LEGACY-SPECIAL-0123,history_filing,insufficient_evidence,- [x] Phase 6：ADR/文档收尾完成；长期四周健康观察转入 FCAP r2 FC-1302~1304/1504。,原文及所属阶段时间/配置/样本范围；不继承已PASS结论,"同文件130,161,163；progress:50–52 DB仍增长",工具/提案交付与总体防磁盘耗尽目标分离；容量模型和连续4周未在原包达成，被转交不等于通过。,保留原始历史版本；将局部实现、生产消费和退休设计分别追踪，具体缺口见review.md,docs/plans/catalog-space-remediation/task_plan.md:3-23
C:\Users\郑曾波\Projects\company-wiki\docs\plans\catalog-space-remediation\task_plan.md,docs/plans/catalog-space-remediation/task_plan.md,20,20,"1. 消除 phase-15.6 治理遗留的状态不一致（9,578 份""审计退役但大多仍 active""的文档）",ec6268929a18f732093269834619b587af079bd51c313320932729f9c6faf8c8,WIKI-LEGACY-SPECIAL-0124,history_filing,insufficient_evidence,"1. 消除 phase-15.6 治理遗留的状态不一致（9,578 份""审计退役但大多仍 active""的文档）",原文及所属阶段时间/配置/样本范围；不继承已PASS结论,"同文件130,161,163；progress:50–52 DB仍增长",工具/提案交付与总体防磁盘耗尽目标分离；容量模型和连续4周未在原包达成，被转交不等于通过。,保留原始历史版本；将局部实现、生产消费和退休设计分别追踪，具体缺口见review.md,docs/plans/catalog-space-remediation/task_plan.md:3-23
C:\Users\郑曾波\Projects\company-wiki\docs\plans\catalog-space-remediation\task_plan.md,docs/plans/catalog-space-remediation/task_plan.md,21,21,"2. 为证据数据（evidence_spans）建立""退役 → 归档 → 回收""生命周期，杜绝只增不减",ec6268929a18f732093269834619b587af079bd51c313320932729f9c6faf8c8,WIKI-LEGACY-SPECIAL-0125,history_filing,insufficient_evidence,"2. 为证据数据（evidence_spans）建立""退役 → 归档 → 回收""生命周期，杜绝只增不减",原文及所属阶段时间/配置/样本范围；不继承已PASS结论,"同文件130,161,163；progress:50–52 DB仍增长",工具/提案交付与总体防磁盘耗尽目标分离；容量模型和连续4周未在原包达成，被转交不等于通过。,保留原始历史版本；将局部实现、生产消费和退休设计分别追踪，具体缺口见review.md,docs/plans/catalog-space-remediation/task_plan.md:3-23
C:\Users\郑曾波\Projects\company-wiki\docs\plans\catalog-space-remediation\task_plan.md,docs/plans/catalog-space-remediation/task_plan.md,22,22,"3. 控制证据粒度与待归一化语料（20,728 pending）带来的增长，使 DB 体积可预测",ec6268929a18f732093269834619b587af079bd51c313320932729f9c6faf8c8,WIKI-LEGACY-SPECIAL-0126,history_filing,insufficient_evidence,"3. 控制证据粒度与待归一化语料（20,728 pending）带来的增长，使 DB 体积可预测",原文及所属阶段时间/配置/样本范围；不继承已PASS结论,"同文件130,161,163；progress:50–52 DB仍增长",工具/提案交付与总体防磁盘耗尽目标分离；容量模型和连续4周未在原包达成，被转交不等于通过。,保留原始历史版本；将局部实现、生产消费和退休设计分别追踪，具体缺口见review.md,docs/plans/catalog-space-remediation/task_plan.md:3-23
C:\Users\郑曾波\Projects\company-wiki\docs\plans\catalog-space-remediation\task_plan.md,docs/plans/catalog-space-remediation/task_plan.md,23,23,4. 最终让 catalog 存储可治理、可监控，不再填满磁盘,ec6268929a18f732093269834619b587af079bd51c313320932729f9c6faf8c8,WIKI-LEGACY-SPECIAL-0127,history_filing,insufficient_evidence,4. 最终让 catalog 存储可治理、可监控，不再填满磁盘,原文及所属阶段时间/配置/样本范围；不继承已PASS结论,"同文件130,161,163；progress:50–52 DB仍增长",工具/提案交付与总体防磁盘耗尽目标分离；容量模型和连续4周未在原包达成，被转交不等于通过。,保留原始历史版本；将局部实现、生产消费和退休设计分别追踪，具体缺口见review.md,docs/plans/catalog-space-remediation/task_plan.md:3-23
C:\Users\郑曾波\Projects\company-wiki\docs\plans\catalog-space-remediation\task_plan.md,docs/plans/catalog-space-remediation/task_plan.md,27,27,- 遵守 AGENTS.md 职责边界：company-wiki 只管理来源/解析质量，投资语义归 StockWiki；不得删除 StockWiki 正在引用的证据而不提供替代,ec6268929a18f732093269834619b587af079bd51c313320932729f9c6faf8c8,WIKI-LEGACY-SPECIAL-0128,history_filing,historical_only,- 遵守 AGENTS.md 职责边界：company-wiki 只管理来源/解析质量，投资语义归 StockWiki；不得删除 StockWiki 正在引用的证据而不提供替代,原文及所属阶段时间/配置/样本范围；不继承已PASS结论,原文有日期的历史叙述；本轮不重跑生产、不以本轮测试反向证明当日计数/耗时/完整范围；当前prune/archive全文静态核验,本项是旧容量治理设计/操作/决策范围；D4取消迁盘、粒度只提案，旧计数不当当前实测，不执行旧命令。,保留原始历史版本；将局部实现、生产消费和退休设计分别追踪，具体缺口见review.md,docs/plans/catalog-space-remediation/task_plan.md:1-163
C:\Users\郑曾波\Projects\company-wiki\docs\plans\catalog-space-remediation\task_plan.md,docs/plans/catalog-space-remediation/task_plan.md,28,28,- 单线程架构：所有治理脚本以单线程顺序执行；不得并发写 catalog,ec6268929a18f732093269834619b587af079bd51c313320932729f9c6faf8c8,WIKI-LEGACY-SPECIAL-0129,history_filing,historical_only,- 单线程架构：所有治理脚本以单线程顺序执行；不得并发写 catalog,原文及所属阶段时间/配置/样本范围；不继承已PASS结论,原文有日期的历史叙述；本轮不重跑生产、不以本轮测试反向证明当日计数/耗时/完整范围；当前prune/archive全文静态核验,本项是旧容量治理设计/操作/决策范围；D4取消迁盘、粒度只提案，旧计数不当当前实测，不执行旧命令。,保留原始历史版本；将局部实现、生产消费和退休设计分别追踪，具体缺口见review.md,docs/plans/catalog-space-remediation/task_plan.md:1-163
C:\Users\郑曾波\Projects\company-wiki\docs\plans\catalog-space-remediation\task_plan.md,docs/plans/catalog-space-remediation/task_plan.md,29,29,- 每次写操作前：只读 dry-run → 备份（receipt）→ apply → 验收（对账归零）,ec6268929a18f732093269834619b587af079bd51c313320932729f9c6faf8c8,WIKI-LEGACY-SPECIAL-0130,history_filing,insufficient_evidence,- 每次写操作前：只读 dry-run → 备份（receipt）→ apply → 验收（对账归零）,原文及所属阶段时间/配置/样本范围；不继承已PASS结论,"prune_retired_evidence.py:66–76,114–123；root current_recheck.json",规划要求备份/归档前置，但现prune仅看目录日期，不检查逐PK归档、hash、恢复或引用保护；纪律未成为机器门。,保留原始历史版本；将局部实现、生产消费和退休设计分别追踪，具体缺口见review.md,docs/plans/catalog-space-remediation/task_plan.md:29-31
C:\Users\郑曾波\Projects\company-wiki\docs\plans\catalog-space-remediation\task_plan.md,docs/plans/catalog-space-remediation/task_plan.md,30,30,- normalize worker 运行期间（当前 PID 19760）不执行任何 DB 写操作,ec6268929a18f732093269834619b587af079bd51c313320932729f9c6faf8c8,WIKI-LEGACY-SPECIAL-0131,history_filing,insufficient_evidence,- normalize worker 运行期间（当前 PID 19760）不执行任何 DB 写操作,原文及所属阶段时间/配置/样本范围；不继承已PASS结论,"prune_retired_evidence.py:66–76,114–123；root current_recheck.json",规划要求备份/归档前置，但现prune仅看目录日期，不检查逐PK归档、hash、恢复或引用保护；纪律未成为机器门。,保留原始历史版本；将局部实现、生产消费和退休设计分别追踪，具体缺口见review.md,docs/plans/catalog-space-remediation/task_plan.md:29-31
C:\Users\郑曾波\Projects\company-wiki\docs\plans\catalog-space-remediation\task_plan.md,docs/plans/catalog-space-remediation/task_plan.md,31,31,- 删除证据前必须导出只读归档（source_id + locator + parser + quality），保证可追溯,ec6268929a18f732093269834619b587af079bd51c313320932729f9c6faf8c8,WIKI-LEGACY-SPECIAL-0132,history_filing,insufficient_evidence,- 删除证据前必须导出只读归档（source_id + locator + parser + quality），保证可追溯,原文及所属阶段时间/配置/样本范围；不继承已PASS结论,"prune_retired_evidence.py:66–76,114–123；root current_recheck.json",规划要求备份/归档前置，但现prune仅看目录日期，不检查逐PK归档、hash、恢复或引用保护；纪律未成为机器门。,保留原始历史版本；将局部实现、生产消费和退休设计分别追踪，具体缺口见review.md,docs/plans/catalog-space-remediation/task_plan.md:29-31
C:\Users\郑曾波\Projects\company-wiki\docs\plans\catalog-space-remediation\task_plan.md,docs/plans/catalog-space-remediation/task_plan.md,35,35,| 指标 | 数值 |,ec6268929a18f732093269834619b587af079bd51c313320932729f9c6faf8c8,WIKI-LEGACY-SPECIAL-0133,history_filing,historical_only,| 指标 | 数值 |,原文及所属阶段时间/配置/样本范围；不继承已PASS结论,原文有日期的历史叙述；本轮不重跑生产、不以本轮测试反向证明当日计数/耗时/完整范围；当前prune/archive全文静态核验,本项是旧容量治理设计/操作/决策范围；D4取消迁盘、粒度只提案，旧计数不当当前实测，不执行旧命令。,保留原始历史版本；将局部实现、生产消费和退休设计分别追踪，具体缺口见review.md,docs/plans/catalog-space-remediation/task_plan.md:1-163
C:\Users\郑曾波\Projects\company-wiki\docs\plans\catalog-space-remediation\task_plan.md,docs/plans/catalog-space-remediation/task_plan.md,37,37,"| catalog.sqlite3 大小 | 43.98 GB（page_count=11,530,002, freelist=0, page_size=4096） |",ec6268929a18f732093269834619b587af079bd51c313320932729f9c6faf8c8,WIKI-LEGACY-SPECIAL-0134,history_filing,historical_only,"| catalog.sqlite3 大小 | 43.98 GB（page_count=11,530,002, freelist=0, page_size=4096） |",原文及所属阶段时间/配置/样本范围；不继承已PASS结论,原文有日期的历史叙述；本轮不重跑生产、不以本轮测试反向证明当日计数/耗时/完整范围；当前prune/archive全文静态核验,本项是旧容量治理设计/操作/决策范围；D4取消迁盘、粒度只提案，旧计数不当当前实测，不执行旧命令。,保留原始历史版本；将局部实现、生产消费和退休设计分别追踪，具体缺口见review.md,docs/plans/catalog-space-remediation/task_plan.md:1-163
C:\Users\郑曾波\Projects\company-wiki\docs\plans\catalog-space-remediation\task_plan.md,docs/plans/catalog-space-remediation/task_plan.md,38,38,"| evidence_spans | 25,985,291 行，仅覆盖 3,272 份文档（平均 ~8,000 span/文档） |",ec6268929a18f732093269834619b587af079bd51c313320932729f9c6faf8c8,WIKI-LEGACY-SPECIAL-0135,history_filing,historical_only,"| evidence_spans | 25,985,291 行，仅覆盖 3,272 份文档（平均 ~8,000 span/文档） |",原文及所属阶段时间/配置/样本范围；不继承已PASS结论,原文有日期的历史叙述；本轮不重跑生产、不以本轮测试反向证明当日计数/耗时/完整范围；当前prune/archive全文静态核验,本项是旧容量治理设计/操作/决策范围；D4取消迁盘、粒度只提案，旧计数不当当前实测，不执行旧命令。,保留原始历史版本；将局部实现、生产消费和退休设计分别追踪，具体缺口见review.md,docs/plans/catalog-space-remediation/task_plan.md:1-163
C:\Users\郑曾波\Projects\company-wiki\docs\plans\catalog-space-remediation\task_plan.md,docs/plans/catalog-space-remediation/task_plan.md,39,39,"| 其中属于 phase-15.6 审计文档 | 24,689,660 行（95%） |",ec6268929a18f732093269834619b587af079bd51c313320932729f9c6faf8c8,WIKI-LEGACY-SPECIAL-0136,history_filing,historical_only,"| 其中属于 phase-15.6 审计文档 | 24,689,660 行（95%） |",原文及所属阶段时间/配置/样本范围；不继承已PASS结论,原文有日期的历史叙述；本轮不重跑生产、不以本轮测试反向证明当日计数/耗时/完整范围；当前prune/archive全文静态核验,本项是旧容量治理设计/操作/决策范围；D4取消迁盘、粒度只提案，旧计数不当当前实测，不执行旧命令。,保留原始历史版本；将局部实现、生产消费和退休设计分别追踪，具体缺口见review.md,docs/plans/catalog-space-remediation/task_plan.md:1-163
C:\Users\郑曾波\Projects\company-wiki\docs\plans\catalog-space-remediation\task_plan.md,docs/plans/catalog-space-remediation/task_plan.md,40,40,"| documents | 23,564 份（active 23,372 / upstream_rejected 189 / retired 2 / quarantined 1） |",ec6268929a18f732093269834619b587af079bd51c313320932729f9c6faf8c8,WIKI-LEGACY-SPECIAL-0137,history_filing,historical_only,"| documents | 23,564 份（active 23,372 / upstream_rejected 189 / retired 2 / quarantined 1） |",原文及所属阶段时间/配置/样本范围；不继承已PASS结论,原文有日期的历史叙述；本轮不重跑生产、不以本轮测试反向证明当日计数/耗时/完整范围；当前prune/archive全文静态核验,本项是旧容量治理设计/操作/决策范围；D4取消迁盘、粒度只提案，旧计数不当当前实测，不执行旧命令。,保留原始历史版本；将局部实现、生产消费和退休设计分别追踪，具体缺口见review.md,docs/plans/catalog-space-remediation/task_plan.md:1-163
C:\Users\郑曾波\Projects\company-wiki\docs\plans\catalog-space-remediation\task_plan.md,docs/plans/catalog-space-remediation/task_plan.md,41,41,"| 归一化进度 | completed 2,702 / pending 20,728 / unsupported_terminal 127 / failed_terminal 5 |",ec6268929a18f732093269834619b587af079bd51c313320932729f9c6faf8c8,WIKI-LEGACY-SPECIAL-0138,history_filing,historical_only,"| 归一化进度 | completed 2,702 / pending 20,728 / unsupported_terminal 127 / failed_terminal 5 |",原文及所属阶段时间/配置/样本范围；不继承已PASS结论,原文有日期的历史叙述；本轮不重跑生产、不以本轮测试反向证明当日计数/耗时/完整范围；当前prune/archive全文静态核验,本项是旧容量治理设计/操作/决策范围；D4取消迁盘、粒度只提案，旧计数不当当前实测，不执行旧命令。,保留原始历史版本；将局部实现、生产消费和退休设计分别追踪，具体缺口见review.md,docs/plans/catalog-space-remediation/task_plan.md:1-163
C:\Users\郑曾波\Projects\company-wiki\docs\plans\catalog-space-remediation\task_plan.md,docs/plans/catalog-space-remediation/task_plan.md,42,42,"| 原始语料 | companies/ 23.43 GB（33,122 文件）；sources 累计登记 32.3 GB |",ec6268929a18f732093269834619b587af079bd51c313320932729f9c6faf8c8,WIKI-LEGACY-SPECIAL-0139,history_filing,historical_only,"| 原始语料 | companies/ 23.43 GB（33,122 文件）；sources 累计登记 32.3 GB |",原文及所属阶段时间/配置/样本范围；不继承已PASS结论,原文有日期的历史叙述；本轮不重跑生产、不以本轮测试反向证明当日计数/耗时/完整范围；当前prune/archive全文静态核验,本项是旧容量治理设计/操作/决策范围；D4取消迁盘、粒度只提案，旧计数不当当前实测，不执行旧命令。,保留原始历史版本；将局部实现、生产消费和退休设计分别追踪，具体缺口见review.md,docs/plans/catalog-space-remediation/task_plan.md:1-163
C:\Users\郑曾波\Projects\company-wiki\docs\plans\catalog-space-remediation\task_plan.md,docs/plans/catalog-space-remediation/task_plan.md,43,43,| 磁盘现状 | C: 剩 164.5 GB；D: 剩 71.8 GB；G: 镜像 C:（156.2 GB） |,ec6268929a18f732093269834619b587af079bd51c313320932729f9c6faf8c8,WIKI-LEGACY-SPECIAL-0140,history_filing,historical_only,| 磁盘现状 | C: 剩 164.5 GB；D: 剩 71.8 GB；G: 镜像 C:（156.2 GB） |,原文及所属阶段时间/配置/样本范围；不继承已PASS结论,原文有日期的历史叙述；本轮不重跑生产、不以本轮测试反向证明当日计数/耗时/完整范围；当前prune/archive全文静态核验,本项是旧容量治理设计/操作/决策范围；D4取消迁盘、粒度只提案，旧计数不当当前实测，不执行旧命令。,保留原始历史版本；将局部实现、生产消费和退休设计分别追踪，具体缺口见review.md,docs/plans/catalog-space-remediation/task_plan.md:1-163
C:\Users\郑曾波\Projects\company-wiki\docs\plans\catalog-space-remediation\task_plan.md,docs/plans/catalog-space-remediation/task_plan.md,44,44,| 安全网 | D:\company-wiki-backups\catalog.sqlite3.vacuum-20260731T215307Z（19.33 GB） |,ec6268929a18f732093269834619b587af079bd51c313320932729f9c6faf8c8,WIKI-LEGACY-SPECIAL-0141,history_filing,historical_only,| 安全网 | D:\company-wiki-backups\catalog.sqlite3.vacuum-20260731T215307Z（19.33 GB） |,原文及所属阶段时间/配置/样本范围；不继承已PASS结论,原文有日期的历史叙述；本轮不重跑生产、不以本轮测试反向证明当日计数/耗时/完整范围；当前prune/archive全文静态核验,本项是旧容量治理设计/操作/决策范围；D4取消迁盘、粒度只提案，旧计数不当当前实测，不执行旧命令。,保留原始历史版本；将局部实现、生产消费和退休设计分别追踪，具体缺口见review.md,docs/plans/catalog-space-remediation/task_plan.md:1-163
C:\Users\郑曾波\Projects\company-wiki\docs\plans\catalog-space-remediation\task_plan.md,docs/plans/catalog-space-remediation/task_plan.md,46,46,"## Phase 1：状态一致性治理（phase-15.6 遗留）— 状态：completed ✅（2026-08-07：1.1 四路对账 + 1.2 reconcile apply——退役 9,499 / stub 物理删 77 / audit-vs-status 归零 / receipt artifacts/gates）",ec6268929a18f732093269834619b587af079bd51c313320932729f9c6faf8c8,WIKI-LEGACY-SPECIAL-0142,history_filing,historical_only,"## Phase 1：状态一致性治理（phase-15.6 遗留）— 状态：completed ✅（2026-08-07：1.1 四路对账 + 1.2 reconcile apply——退役 9,499 / stub 物理删 77 / audit-vs-status 归零 / receipt artifacts/gates）",原文及所属阶段时间/配置/样本范围；不继承已PASS结论,原文有日期的历史叙述；本轮不重跑生产、不以本轮测试反向证明当日计数/耗时/完整范围；当前prune/archive全文静态核验,本项是旧容量治理设计/操作/决策范围；D4取消迁盘、粒度只提案，旧计数不当当前实测，不执行旧命令。,保留原始历史版本；将局部实现、生产消费和退休设计分别追踪，具体缺口见review.md,docs/plans/catalog-space-remediation/task_plan.md:1-163
C:\Users\郑曾波\Projects\company-wiki\docs\plans\catalog-space-remediation\task_plan.md,docs/plans/catalog-space-remediation/task_plan.md,49,49,"- [ ] 对账矩阵：document_retire_audit（9,578） × documents.source_status × locations.location_status × 磁盘文件是否存在",ec6268929a18f732093269834619b587af079bd51c313320932729f9c6faf8c8,WIKI-LEGACY-SPECIAL-0143,history_filing,historical_only,"- [ ] 对账矩阵：document_retire_audit（9,578） × documents.source_status × locations.location_status × 磁盘文件是否存在",原文及所属阶段时间/配置/样本范围；不继承已PASS结论,原文有日期的历史叙述；本轮不重跑生产、不以本轮测试反向证明当日计数/耗时/完整范围；当前prune/archive全文静态核验,本项是旧容量治理设计/操作/决策范围；D4取消迁盘、粒度只提案，旧计数不当当前实测，不执行旧命令。,保留原始历史版本；将局部实现、生产消费和退休设计分别追踪，具体缺口见review.md,docs/plans/catalog-space-remediation/task_plan.md:1-163
C:\Users\郑曾波\Projects\company-wiki\docs\plans\catalog-space-remediation\task_plan.md,docs/plans/catalog-space-remediation/task_plan.md,50,50,"- [ ] 输出 9,578 文档分类表（dry-run，不修改）：",ec6268929a18f732093269834619b587af079bd51c313320932729f9c6faf8c8,WIKI-LEGACY-SPECIAL-0144,history_filing,historical_only,"- [ ] 输出 9,578 文档分类表（dry-run，不修改）：",原文及所属阶段时间/配置/样本范围；不继承已PASS结论,原文有日期的历史叙述；本轮不重跑生产、不以本轮测试反向证明当日计数/耗时/完整范围；当前prune/archive全文静态核验,本项是旧容量治理设计/操作/决策范围；D4取消迁盘、粒度只提案，旧计数不当当前实测，不执行旧命令。,保留原始历史版本；将局部实现、生产消费和退休设计分别追踪，具体缺口见review.md,docs/plans/catalog-space-remediation/task_plan.md:1-163
C:\Users\郑曾波\Projects\company-wiki\docs\plans\catalog-space-remediation\task_plan.md,docs/plans/catalog-space-remediation/task_plan.md,51,51,  - A 类：真正 retired（现 2 份）→ 证据归档后回收,ec6268929a18f732093269834619b587af079bd51c313320932729f9c6faf8c8,WIKI-LEGACY-SPECIAL-0145,history_filing,historical_only,  - A 类：真正 retired（现 2 份）→ 证据归档后回收,原文及所属阶段时间/配置/样本范围；不继承已PASS结论,原文有日期的历史叙述；本轮不重跑生产、不以本轮测试反向证明当日计数/耗时/完整范围；当前prune/archive全文静态核验,本项是旧容量治理设计/操作/决策范围；D4取消迁盘、粒度只提案，旧计数不当当前实测，不执行旧命令。,保留原始历史版本；将局部实现、生产消费和退休设计分别追踪，具体缺口见review.md,docs/plans/catalog-space-remediation/task_plan.md:1-163
C:\Users\郑曾波\Projects\company-wiki\docs\plans\catalog-space-remediation\task_plan.md,docs/plans/catalog-space-remediation/task_plan.md,52,52,"  - B 类：审计存在但 active（现 9,576 份）→ 逐类判定应""正式退役""还是""正式恢复""",ec6268929a18f732093269834619b587af079bd51c313320932729f9c6faf8c8,WIKI-LEGACY-SPECIAL-0146,history_filing,historical_only,"  - B 类：审计存在但 active（现 9,576 份）→ 逐类判定应""正式退役""还是""正式恢复""",原文及所属阶段时间/配置/样本范围；不继承已PASS结论,原文有日期的历史叙述；本轮不重跑生产、不以本轮测试反向证明当日计数/耗时/完整范围；当前prune/archive全文静态核验,本项是旧容量治理设计/操作/决策范围；D4取消迁盘、粒度只提案，旧计数不当当前实测，不执行旧命令。,保留原始历史版本；将局部实现、生产消费和退休设计分别追踪，具体缺口见review.md,docs/plans/catalog-space-remediation/task_plan.md:1-163
C:\Users\郑曾波\Projects\company-wiki\docs\plans\catalog-space-remediation\task_plan.md,docs/plans/catalog-space-remediation/task_plan.md,53,53,  - C 类：59 字节 stub（现 79 份）→ 占位符，直接物理删除,ec6268929a18f732093269834619b587af079bd51c313320932729f9c6faf8c8,WIKI-LEGACY-SPECIAL-0147,history_filing,historical_only,  - C 类：59 字节 stub（现 79 份）→ 占位符，直接物理删除,原文及所属阶段时间/配置/样本范围；不继承已PASS结论,原文有日期的历史叙述；本轮不重跑生产、不以本轮测试反向证明当日计数/耗时/完整范围；当前prune/archive全文静态核验,本项是旧容量治理设计/操作/决策范围；D4取消迁盘、粒度只提案，旧计数不当当前实测，不执行旧命令。,保留原始历史版本；将局部实现、生产消费和退休设计分别追踪，具体缺口见review.md,docs/plans/catalog-space-remediation/task_plan.md:1-163
C:\Users\郑曾波\Projects\company-wiki\docs\plans\catalog-space-remediation\task_plan.md,docs/plans/catalog-space-remediation/task_plan.md,54,54,"  - D 类：审计无 span（约 6,306 份）→ 无数据残留，仅修正状态",ec6268929a18f732093269834619b587af079bd51c313320932729f9c6faf8c8,WIKI-LEGACY-SPECIAL-0148,history_filing,historical_only,"  - D 类：审计无 span（约 6,306 份）→ 无数据残留，仅修正状态",原文及所属阶段时间/配置/样本范围；不继承已PASS结论,原文有日期的历史叙述；本轮不重跑生产、不以本轮测试反向证明当日计数/耗时/完整范围；当前prune/archive全文静态核验,本项是旧容量治理设计/操作/决策范围；D4取消迁盘、粒度只提案，旧计数不当当前实测，不执行旧命令。,保留原始历史版本；将局部实现、生产消费和退休设计分别追踪，具体缺口见review.md,docs/plans/catalog-space-remediation/task_plan.md:1-163
C:\Users\郑曾波\Projects\company-wiki\docs\plans\catalog-space-remediation\task_plan.md,docs/plans/catalog-space-remediation/task_plan.md,55,55,- [ ] 输出每类可回收字节测算（evidence_spans + artifacts + locations + documents + sources 行数 × 平均大小）,ec6268929a18f732093269834619b587af079bd51c313320932729f9c6faf8c8,WIKI-LEGACY-SPECIAL-0149,history_filing,historical_only,- [ ] 输出每类可回收字节测算（evidence_spans + artifacts + locations + documents + sources 行数 × 平均大小）,原文及所属阶段时间/配置/样本范围；不继承已PASS结论,原文有日期的历史叙述；本轮不重跑生产、不以本轮测试反向证明当日计数/耗时/完整范围；当前prune/archive全文静态核验,本项是旧容量治理设计/操作/决策范围；D4取消迁盘、粒度只提案，旧计数不当当前实测，不执行旧命令。,保留原始历史版本；将局部实现、生产消费和退休设计分别追踪，具体缺口见review.md,docs/plans/catalog-space-remediation/task_plan.md:1-163
C:\Users\郑曾波\Projects\company-wiki\docs\plans\catalog-space-remediation\task_plan.md,docs/plans/catalog-space-remediation/task_plan.md,58,58,- [ ] `reconcile_retire_state.py`：默认 dry-run；`--apply` 需显式参数 + 用户确认,ec6268929a18f732093269834619b587af079bd51c313320932729f9c6faf8c8,WIKI-LEGACY-SPECIAL-0150,history_filing,historical_only,- [ ] `reconcile_retire_state.py`：默认 dry-run；`--apply` 需显式参数 + 用户确认,原文及所属阶段时间/配置/样本范围；不继承已PASS结论,原文有日期的历史叙述；本轮不重跑生产、不以本轮测试反向证明当日计数/耗时/完整范围；当前prune/archive全文静态核验,本项是旧容量治理设计/操作/决策范围；D4取消迁盘、粒度只提案，旧计数不当当前实测，不执行旧命令。,保留原始历史版本；将局部实现、生产消费和退休设计分别追踪，具体缺口见review.md,docs/plans/catalog-space-remediation/task_plan.md:1-163
C:\Users\郑曾波\Projects\company-wiki\docs\plans\catalog-space-remediation\task_plan.md,docs/plans/catalog-space-remediation/task_plan.md,59,59,- [ ] 修复动作：B 类按判定写正式 retire（含 audit）/ 正式 restore（含 restore audit）；C 类物理删除,ec6268929a18f732093269834619b587af079bd51c313320932729f9c6faf8c8,WIKI-LEGACY-SPECIAL-0151,history_filing,historical_only,- [ ] 修复动作：B 类按判定写正式 retire（含 audit）/ 正式 restore（含 restore audit）；C 类物理删除,原文及所属阶段时间/配置/样本范围；不继承已PASS结论,原文有日期的历史叙述；本轮不重跑生产、不以本轮测试反向证明当日计数/耗时/完整范围；当前prune/archive全文静态核验,本项是旧容量治理设计/操作/决策范围；D4取消迁盘、粒度只提案，旧计数不当当前实测，不执行旧命令。,保留原始历史版本；将局部实现、生产消费和退休设计分别追踪，具体缺口见review.md,docs/plans/catalog-space-remediation/task_plan.md:1-163
C:\Users\郑曾波\Projects\company-wiki\docs\plans\catalog-space-remediation\task_plan.md,docs/plans/catalog-space-remediation/task_plan.md,60,60,- [ ] 输出 receipt（沿用 artifacts/gates 惯例），验收标准：audit vs status 对账 = 0,ec6268929a18f732093269834619b587af079bd51c313320932729f9c6faf8c8,WIKI-LEGACY-SPECIAL-0152,history_filing,historical_only,- [ ] 输出 receipt（沿用 artifacts/gates 惯例），验收标准：audit vs status 对账 = 0,原文及所属阶段时间/配置/样本范围；不继承已PASS结论,原文有日期的历史叙述；本轮不重跑生产、不以本轮测试反向证明当日计数/耗时/完整范围；当前prune/archive全文静态核验,本项是旧容量治理设计/操作/决策范围；D4取消迁盘、粒度只提案，旧计数不当当前实测，不执行旧命令。,保留原始历史版本；将局部实现、生产消费和退休设计分别追踪，具体缺口见review.md,docs/plans/catalog-space-remediation/task_plan.md:1-163
C:\Users\郑曾波\Projects\company-wiki\docs\plans\catalog-space-remediation\task_plan.md,docs/plans/catalog-space-remediation/task_plan.md,63,63,- [ ] 回收 20–30 GB（待 1.1 精确测算确认）,ec6268929a18f732093269834619b587af079bd51c313320932729f9c6faf8c8,WIKI-LEGACY-SPECIAL-0153,history_filing,insufficient_evidence,- [ ] 回收 20–30 GB（待 1.1 精确测算确认）,原文及所属阶段时间/配置/样本范围；不继承已PASS结论,"progress:39,48,50–52",20–30GB是预测；软退役保留span，旧生产due=false未真正回收，不能声称空间已释放。,保留原始历史版本；将局部实现、生产消费和退休设计分别追踪，具体缺口见review.md,docs/plans/catalog-space-remediation/task_plan.md:63-65
C:\Users\郑曾波\Projects\company-wiki\docs\plans\catalog-space-remediation\task_plan.md,docs/plans/catalog-space-remediation/task_plan.md,65,65,## Phase 2：证据归档与保留策略（治本核心）— 状态：completed ✅（2.1 归档 25.7M 行对账 ok / 2.3 `prune-retired-evidence` 回收代码+测试，90 天窗口生效；2.2 `archived_at` 以归档文件日期替代，记 ADR-009）,ec6268929a18f732093269834619b587af079bd51c313320932729f9c6faf8c8,WIKI-LEGACY-SPECIAL-0154,history_filing,insufficient_evidence,## Phase 2：证据归档与保留策略（治本核心）— 状态：completed ✅（2.1 归档 25.7M 行对账 ok / 2.3 `prune-retired-evidence` 回收代码+测试，90 天窗口生效；2.2 `archived_at` 以归档文件日期替代，记 ADR-009）,原文及所属阶段时间/配置/样本范围；不继承已PASS结论,"progress:39,48,50–52",20–30GB是预测；软退役保留span，旧生产due=false未真正回收，不能声称空间已释放。,保留原始历史版本；将局部实现、生产消费和退休设计分别追踪，具体缺口见review.md,docs/plans/catalog-space-remediation/task_plan.md:63-65
C:\Users\郑曾波\Projects\company-wiki\docs\plans\catalog-space-remediation\task_plan.md,docs/plans/catalog-space-remediation/task_plan.md,68,68,- [ ] retired 文档的 evidence_spans 导出为只读 JSONL（字段：source_id、document_id、locator、page/paragraph/table 坐标、raw_text、span_json、parser_name/version、quality）,ec6268929a18f732093269834619b587af079bd51c313320932729f9c6faf8c8,WIKI-LEGACY-SPECIAL-0155,history_filing,contradicted,- [ ] retired 文档的 evidence_spans 导出为只读 JSONL（字段：source_id、document_id、locator、page/paragraph/table 坐标、raw_text、span_json、parser_name/version、quality）,原文及所属阶段时间/配置/样本范围；不继承已PASS结论,"archive_retired_evidence.py:48–91；prune:27–30,66–76；CURRENT_STATUS:3 H01",归档行数/最旧目录日期无法提供逐文档生命周期绑定；全retired删除范围超出归档集合。weekly scheduler任务无此包实施收据。,保留原始历史版本；将局部实现、生产消费和退休设计分别追踪，具体缺口见review.md,docs/plans/catalog-space-remediation/task_plan.md:68-79
C:\Users\郑曾波\Projects\company-wiki\docs\plans\catalog-space-remediation\task_plan.md,docs/plans/catalog-space-remediation/task_plan.md,69,69,- [ ] 归档位置：`source_manifests/archive/{yyyy-mm-dd}/`（与现有 source_manifests / source_provenance 目录体系一致）,ec6268929a18f732093269834619b587af079bd51c313320932729f9c6faf8c8,WIKI-LEGACY-SPECIAL-0156,history_filing,contradicted,- [ ] 归档位置：`source_manifests/archive/{yyyy-mm-dd}/`（与现有 source_manifests / source_provenance 目录体系一致）,原文及所属阶段时间/配置/样本范围；不继承已PASS结论,"archive_retired_evidence.py:48–91；prune:27–30,66–76；CURRENT_STATUS:3 H01",归档行数/最旧目录日期无法提供逐文档生命周期绑定；全retired删除范围超出归档集合。weekly scheduler任务无此包实施收据。,保留原始历史版本；将局部实现、生产消费和退休设计分别追踪，具体缺口见review.md,docs/plans/catalog-space-remediation/task_plan.md:68-79
C:\Users\郑曾波\Projects\company-wiki\docs\plans\catalog-space-remediation\task_plan.md,docs/plans/catalog-space-remediation/task_plan.md,70,70,- [ ] 归档完整性验证：抽样 SHA + 行数对账,ec6268929a18f732093269834619b587af079bd51c313320932729f9c6faf8c8,WIKI-LEGACY-SPECIAL-0157,history_filing,contradicted,- [ ] 归档完整性验证：抽样 SHA + 行数对账,原文及所属阶段时间/配置/样本范围；不继承已PASS结论,"archive_retired_evidence.py:48–91；prune:27–30,66–76；CURRENT_STATUS:3 H01",归档行数/最旧目录日期无法提供逐文档生命周期绑定；全retired删除范围超出归档集合。weekly scheduler任务无此包实施收据。,保留原始历史版本；将局部实现、生产消费和退休设计分别追踪，具体缺口见review.md,docs/plans/catalog-space-remediation/task_plan.md:68-79
C:\Users\郑曾波\Projects\company-wiki\docs\plans\catalog-space-remediation\task_plan.md,docs/plans/catalog-space-remediation/task_plan.md,73,73,- [ ] retire_document 增加 `archived_at` 标记（schema 变更，属上游提案）,ec6268929a18f732093269834619b587af079bd51c313320932729f9c6faf8c8,WIKI-LEGACY-SPECIAL-0158,history_filing,contradicted,- [ ] retire_document 增加 `archived_at` 标记（schema 变更，属上游提案）,原文及所属阶段时间/配置/样本范围；不继承已PASS结论,"archive_retired_evidence.py:48–91；prune:27–30,66–76；CURRENT_STATUS:3 H01",归档行数/最旧目录日期无法提供逐文档生命周期绑定；全retired删除范围超出归档集合。weekly scheduler任务无此包实施收据。,保留原始历史版本；将局部实现、生产消费和退休设计分别追踪，具体缺口见review.md,docs/plans/catalog-space-remediation/task_plan.md:68-79
C:\Users\郑曾波\Projects\company-wiki\docs\plans\catalog-space-remediation\task_plan.md,docs/plans/catalog-space-remediation/task_plan.md,74,74,- [ ] 三步生命周期：退役（状态 retired）→ 归档（导出 JSONL + 标记 archived_at）→ 回收（物理删除证据行）,ec6268929a18f732093269834619b587af079bd51c313320932729f9c6faf8c8,WIKI-LEGACY-SPECIAL-0159,history_filing,contradicted,- [ ] 三步生命周期：退役（状态 retired）→ 归档（导出 JSONL + 标记 archived_at）→ 回收（物理删除证据行）,原文及所属阶段时间/配置/样本范围；不继承已PASS结论,"archive_retired_evidence.py:48–91；prune:27–30,66–76；CURRENT_STATUS:3 H01",归档行数/最旧目录日期无法提供逐文档生命周期绑定；全retired删除范围超出归档集合。weekly scheduler任务无此包实施收据。,保留原始历史版本；将局部实现、生产消费和退休设计分别追踪，具体缺口见review.md,docs/plans/catalog-space-remediation/task_plan.md:68-79
C:\Users\郑曾波\Projects\company-wiki\docs\plans\catalog-space-remediation\task_plan.md,docs/plans/catalog-space-remediation/task_plan.md,75,75,- [ ] 保留策略表：active=全文保留；retired=归档后 90 天可回收；stub/失败=即时回收,ec6268929a18f732093269834619b587af079bd51c313320932729f9c6faf8c8,WIKI-LEGACY-SPECIAL-0160,history_filing,contradicted,- [ ] 保留策略表：active=全文保留；retired=归档后 90 天可回收；stub/失败=即时回收,原文及所属阶段时间/配置/样本范围；不继承已PASS结论,"archive_retired_evidence.py:48–91；prune:27–30,66–76；CURRENT_STATUS:3 H01",归档行数/最旧目录日期无法提供逐文档生命周期绑定；全retired删除范围超出归档集合。weekly scheduler任务无此包实施收据。,保留原始历史版本；将局部实现、生产消费和退休设计分别追踪，具体缺口见review.md,docs/plans/catalog-space-remediation/task_plan.md:68-79
C:\Users\郑曾波\Projects\company-wiki\docs\plans\catalog-space-remediation\task_plan.md,docs/plans/catalog-space-remediation/task_plan.md,78,78,- [ ] scheduler 增加 weekly archive/prune 任务（单线程、幂等、dry-run 默认）,ec6268929a18f732093269834619b587af079bd51c313320932729f9c6faf8c8,WIKI-LEGACY-SPECIAL-0161,history_filing,contradicted,- [ ] scheduler 增加 weekly archive/prune 任务（单线程、幂等、dry-run 默认）,原文及所属阶段时间/配置/样本范围；不继承已PASS结论,"archive_retired_evidence.py:48–91；prune:27–30,66–76；CURRENT_STATUS:3 H01",归档行数/最旧目录日期无法提供逐文档生命周期绑定；全retired删除范围超出归档集合。weekly scheduler任务无此包实施收据。,保留原始历史版本；将局部实现、生产消费和退休设计分别追踪，具体缺口见review.md,docs/plans/catalog-space-remediation/task_plan.md:68-79
C:\Users\郑曾波\Projects\company-wiki\docs\plans\catalog-space-remediation\task_plan.md,docs/plans/catalog-space-remediation/task_plan.md,79,79,- [ ] 每轮输出 receipt + 回收统计，写入 log.md,ec6268929a18f732093269834619b587af079bd51c313320932729f9c6faf8c8,WIKI-LEGACY-SPECIAL-0162,history_filing,contradicted,- [ ] 每轮输出 receipt + 回收统计，写入 log.md,原文及所属阶段时间/配置/样本范围；不继承已PASS结论,"archive_retired_evidence.py:48–91；prune:27–30,66–76；CURRENT_STATUS:3 H01",归档行数/最旧目录日期无法提供逐文档生命周期绑定；全retired删除范围超出归档集合。weekly scheduler任务无此包实施收据。,保留原始历史版本；将局部实现、生产消费和退休设计分别追踪，具体缺口见review.md,docs/plans/catalog-space-remediation/task_plan.md:68-79
C:\Users\郑曾波\Projects\company-wiki\docs\plans\catalog-space-remediation\task_plan.md,docs/plans/catalog-space-remediation/task_plan.md,81,81,## Phase 3：证据粒度治理（schema 提案，仅设计）— 状态：completed ✅（`granularity-proposal.md`：表格级 + 新闻免 span，供上游评审）,ec6268929a18f732093269834619b587af079bd51c313320932729f9c6faf8c8,WIKI-LEGACY-SPECIAL-0163,history_filing,historical_only,## Phase 3：证据粒度治理（schema 提案，仅设计）— 状态：completed ✅（`granularity-proposal.md`：表格级 + 新闻免 span，供上游评审）,原文及所属阶段时间/配置/样本范围；不继承已PASS结论,granularity-proposal:17与31矛盾；当前只提案状态,这是显式仅设计的粒度提案，不要求当前parser已实现；旧locator共存与DELETE重解析的设计冲突另记。,保留原始历史版本；将局部实现、生产消费和退休设计分别追踪，具体缺口见review.md,docs/plans/catalog-space-remediation/task_plan.md:81-95
C:\Users\郑曾波\Projects\company-wiki\docs\plans\catalog-space-remediation\task_plan.md,docs/plans/catalog-space-remediation/task_plan.md,84,84,"- [ ] 按 locator 类型统计 span 分布（paragraph / table-cell / chars 区间），量化""表格单元格级""占比（预期 60–80%）",ec6268929a18f732093269834619b587af079bd51c313320932729f9c6faf8c8,WIKI-LEGACY-SPECIAL-0164,history_filing,historical_only,"- [ ] 按 locator 类型统计 span 分布（paragraph / table-cell / chars 区间），量化""表格单元格级""占比（预期 60–80%）",原文及所属阶段时间/配置/样本范围；不继承已PASS结论,granularity-proposal:17与31矛盾；当前只提案状态,这是显式仅设计的粒度提案，不要求当前parser已实现；旧locator共存与DELETE重解析的设计冲突另记。,保留原始历史版本；将局部实现、生产消费和退休设计分别追踪，具体缺口见review.md,docs/plans/catalog-space-remediation/task_plan.md:81-95
C:\Users\郑曾波\Projects\company-wiki\docs\plans\catalog-space-remediation\task_plan.md,docs/plans/catalog-space-remediation/task_plan.md,85,85,- [ ] 测算段落级 / 表格行级 / 表格级三种粒度的体积模型,ec6268929a18f732093269834619b587af079bd51c313320932729f9c6faf8c8,WIKI-LEGACY-SPECIAL-0165,history_filing,historical_only,- [ ] 测算段落级 / 表格行级 / 表格级三种粒度的体积模型,原文及所属阶段时间/配置/样本范围；不继承已PASS结论,granularity-proposal:17与31矛盾；当前只提案状态,这是显式仅设计的粒度提案，不要求当前parser已实现；旧locator共存与DELETE重解析的设计冲突另记。,保留原始历史版本；将局部实现、生产消费和退休设计分别追踪，具体缺口见review.md,docs/plans/catalog-space-remediation/task_plan.md:81-95
C:\Users\郑曾波\Projects\company-wiki\docs\plans\catalog-space-remediation\task_plan.md,docs/plans/catalog-space-remediation/task_plan.md,88,88,- [ ] parser 配置化粒度：`pdf_page_aware_core` 支持 table_cell → table_row / table_level 选项,ec6268929a18f732093269834619b587af079bd51c313320932729f9c6faf8c8,WIKI-LEGACY-SPECIAL-0166,history_filing,historical_only,- [ ] parser 配置化粒度：`pdf_page_aware_core` 支持 table_cell → table_row / table_level 选项,原文及所属阶段时间/配置/样本范围；不继承已PASS结论,granularity-proposal:17与31矛盾；当前只提案状态,这是显式仅设计的粒度提案，不要求当前parser已实现；旧locator共存与DELETE重解析的设计冲突另记。,保留原始历史版本；将局部实现、生产消费和退休设计分别追踪，具体缺口见review.md,docs/plans/catalog-space-remediation/task_plan.md:81-95
C:\Users\郑曾波\Projects\company-wiki\docs\plans\catalog-space-remediation\task_plan.md,docs/plans/catalog-space-remediation/task_plan.md,89,89,- [ ] 新 parser_version 下旧 locator 保持有效（StockWiki 引用兼容）,ec6268929a18f732093269834619b587af079bd51c313320932729f9c6faf8c8,WIKI-LEGACY-SPECIAL-0167,history_filing,historical_only,- [ ] 新 parser_version 下旧 locator 保持有效（StockWiki 引用兼容）,原文及所属阶段时间/配置/样本范围；不继承已PASS结论,granularity-proposal:17与31矛盾；当前只提案状态,这是显式仅设计的粒度提案，不要求当前parser已实现；旧locator共存与DELETE重解析的设计冲突另记。,保留原始历史版本；将局部实现、生产消费和退休设计分别追踪，具体缺口见review.md,docs/plans/catalog-space-remediation/task_plan.md:81-95
C:\Users\郑曾波\Projects\company-wiki\docs\plans\catalog-space-remediation\task_plan.md,docs/plans/catalog-space-remediation/task_plan.md,90,90,"- [ ] UNIQUE(source_id, locator) 约束与新粒度共存",ec6268929a18f732093269834619b587af079bd51c313320932729f9c6faf8c8,WIKI-LEGACY-SPECIAL-0168,history_filing,historical_only,"- [ ] UNIQUE(source_id, locator) 约束与新粒度共存",原文及所属阶段时间/配置/样本范围；不继承已PASS结论,granularity-proposal:17与31矛盾；当前只提案状态,这是显式仅设计的粒度提案，不要求当前parser已实现；旧locator共存与DELETE重解析的设计冲突另记。,保留原始历史版本；将局部实现、生产消费和退休设计分别追踪，具体缺口见review.md,docs/plans/catalog-space-remediation/task_plan.md:81-95
C:\Users\郑曾波\Projects\company-wiki\docs\plans\catalog-space-remediation\task_plan.md,docs/plans/catalog-space-remediation/task_plan.md,93,93,- [ ] 方案 A：新库重建（新粒度 + 新参数），旧库归档,ec6268929a18f732093269834619b587af079bd51c313320932729f9c6faf8c8,WIKI-LEGACY-SPECIAL-0169,history_filing,historical_only,- [ ] 方案 A：新库重建（新粒度 + 新参数），旧库归档,原文及所属阶段时间/配置/样本范围；不继承已PASS结论,granularity-proposal:17与31矛盾；当前只提案状态,这是显式仅设计的粒度提案，不要求当前parser已实现；旧locator共存与DELETE重解析的设计冲突另记。,保留原始历史版本；将局部实现、生产消费和退休设计分别追踪，具体缺口见review.md,docs/plans/catalog-space-remediation/task_plan.md:81-95
C:\Users\郑曾波\Projects\company-wiki\docs\plans\catalog-space-remediation\task_plan.md,docs/plans/catalog-space-remediation/task_plan.md,94,94,- [ ] 方案 B：按文档分批重解析（复用 normalizer 替换语义）,ec6268929a18f732093269834619b587af079bd51c313320932729f9c6faf8c8,WIKI-LEGACY-SPECIAL-0170,history_filing,historical_only,- [ ] 方案 B：按文档分批重解析（复用 normalizer 替换语义）,原文及所属阶段时间/配置/样本范围；不继承已PASS结论,granularity-proposal:17与31矛盾；当前只提案状态,这是显式仅设计的粒度提案，不要求当前parser已实现；旧locator共存与DELETE重解析的设计冲突另记。,保留原始历史版本；将局部实现、生产消费和退休设计分别追踪，具体缺口见review.md,docs/plans/catalog-space-remediation/task_plan.md:81-95
C:\Users\郑曾波\Projects\company-wiki\docs\plans\catalog-space-remediation\task_plan.md,docs/plans/catalog-space-remediation/task_plan.md,95,95,- [ ] 预期：span 总量降 60–80%，对应 DB 体积降幅,ec6268929a18f732093269834619b587af079bd51c313320932729f9c6faf8c8,WIKI-LEGACY-SPECIAL-0171,history_filing,historical_only,- [ ] 预期：span 总量降 60–80%，对应 DB 体积降幅,原文及所属阶段时间/配置/样本范围；不继承已PASS结论,granularity-proposal:17与31矛盾；当前只提案状态,这是显式仅设计的粒度提案，不要求当前parser已实现；旧locator共存与DELETE重解析的设计冲突另记。,保留原始历史版本；将局部实现、生产消费和退休设计分别追踪，具体缺口见review.md,docs/plans/catalog-space-remediation/task_plan.md:81-95
C:\Users\郑曾波\Projects\company-wiki\docs\plans\catalog-space-remediation\task_plan.md,docs/plans/catalog-space-remediation/task_plan.md,97,97,## Phase 4：Pending 语料容量治理 — 状态：completed ✅（`size-report` 容量监控；分级策略（新闻免 span）并入粒度提案）,ec6268929a18f732093269834619b587af079bd51c313320932729f9c6faf8c8,WIKI-LEGACY-SPECIAL-0172,history_filing,historical_only,## Phase 4：Pending 语料容量治理 — 状态：completed ✅（`size-report` 容量监控；分级策略（新闻免 span）并入粒度提案）,原文及所属阶段时间/配置/样本范围；不继承已PASS结论,原文有日期的历史叙述；本轮不重跑生产、不以本轮测试反向证明当日计数/耗时/完整范围；当前prune/archive全文静态核验,本项是旧容量治理设计/操作/决策范围；D4取消迁盘、粒度只提案，旧计数不当当前实测，不执行旧命令。,保留原始历史版本；将局部实现、生产消费和退休设计分别追踪，具体缺口见review.md,docs/plans/catalog-space-remediation/task_plan.md:1-163
C:\Users\郑曾波\Projects\company-wiki\docs\plans\catalog-space-remediation\task_plan.md,docs/plans/catalog-space-remediation/task_plan.md,100,100,"- [ ] pending 20,728 = regulatory_filing 8,324 / broker_research 5,864 / investor_relations 3,312 / other 2,323 / original_news 903",ec6268929a18f732093269834619b587af079bd51c313320932729f9c6faf8c8,WIKI-LEGACY-SPECIAL-0173,history_filing,historical_only,"- [ ] pending 20,728 = regulatory_filing 8,324 / broker_research 5,864 / investor_relations 3,312 / other 2,323 / original_news 903",原文及所属阶段时间/配置/样本范围；不继承已PASS结论,原文有日期的历史叙述；本轮不重跑生产、不以本轮测试反向证明当日计数/耗时/完整范围；当前prune/archive全文静态核验,本项是旧容量治理设计/操作/决策范围；D4取消迁盘、粒度只提案，旧计数不当当前实测，不执行旧命令。,保留原始历史版本；将局部实现、生产消费和退休设计分别追踪，具体缺口见review.md,docs/plans/catalog-space-remediation/task_plan.md:1-163
C:\Users\郑曾波\Projects\company-wiki\docs\plans\catalog-space-remediation\task_plan.md,docs/plans/catalog-space-remediation/task_plan.md,101,101,"- [ ] completed 2,702 = regulatory_filing 1,172 / broker_research 630 / investor_relations 363 / prospectus 204 / other 232 / original_news 104",ec6268929a18f732093269834619b587af079bd51c313320932729f9c6faf8c8,WIKI-LEGACY-SPECIAL-0174,history_filing,historical_only,"- [ ] completed 2,702 = regulatory_filing 1,172 / broker_research 630 / investor_relations 363 / prospectus 204 / other 232 / original_news 104",原文及所属阶段时间/配置/样本范围；不继承已PASS结论,原文有日期的历史叙述；本轮不重跑生产、不以本轮测试反向证明当日计数/耗时/完整范围；当前prune/archive全文静态核验,本项是旧容量治理设计/操作/决策范围；D4取消迁盘、粒度只提案，旧计数不当当前实测，不执行旧命令。,保留原始历史版本；将局部实现、生产消费和退休设计分别追踪，具体缺口见review.md,docs/plans/catalog-space-remediation/task_plan.md:1-163
C:\Users\郑曾波\Projects\company-wiki\docs\plans\catalog-space-remediation\task_plan.md,docs/plans/catalog-space-remediation/task_plan.md,104,104,"- [ ] 财报（annual/semi/quarterly 共 9,053 份）与研报（6,503 份）：保留证据（按 Phase 3 选定粒度）",ec6268929a18f732093269834619b587af079bd51c313320932729f9c6faf8c8,WIKI-LEGACY-SPECIAL-0175,history_filing,historical_only,"- [ ] 财报（annual/semi/quarterly 共 9,053 份）与研报（6,503 份）：保留证据（按 Phase 3 选定粒度）",原文及所属阶段时间/配置/样本范围；不继承已PASS结论,原文有日期的历史叙述；本轮不重跑生产、不以本轮测试反向证明当日计数/耗时/完整范围；当前prune/archive全文静态核验,本项是旧容量治理设计/操作/决策范围；D4取消迁盘、粒度只提案，旧计数不当当前实测，不执行旧命令。,保留原始历史版本；将局部实现、生产消费和退休设计分别追踪，具体缺口见review.md,docs/plans/catalog-space-remediation/task_plan.md:1-163
C:\Users\郑曾波\Projects\company-wiki\docs\plans\catalog-space-remediation\task_plan.md,docs/plans/catalog-space-remediation/task_plan.md,105,105,"- [ ] original_news（1,007 份）：段落级或免 span（新闻不适合单元格级证据）",ec6268929a18f732093269834619b587af079bd51c313320932729f9c6faf8c8,WIKI-LEGACY-SPECIAL-0176,history_filing,historical_only,"- [ ] original_news（1,007 份）：段落级或免 span（新闻不适合单元格级证据）",原文及所属阶段时间/配置/样本范围；不继承已PASS结论,原文有日期的历史叙述；本轮不重跑生产、不以本轮测试反向证明当日计数/耗时/完整范围；当前prune/archive全文静态核验,本项是旧容量治理设计/操作/决策范围；D4取消迁盘、粒度只提案，旧计数不当当前实测，不执行旧命令。,保留原始历史版本；将局部实现、生产消费和退休设计分别追踪，具体缺口见review.md,docs/plans/catalog-space-remediation/task_plan.md:1-163
C:\Users\郑曾波\Projects\company-wiki\docs\plans\catalog-space-remediation\task_plan.md,docs/plans/catalog-space-remediation/task_plan.md,106,106,- [ ] 与现有 quarterly/年度优先调度衔接，避免全量并行膨胀,ec6268929a18f732093269834619b587af079bd51c313320932729f9c6faf8c8,WIKI-LEGACY-SPECIAL-0177,history_filing,historical_only,- [ ] 与现有 quarterly/年度优先调度衔接，避免全量并行膨胀,原文及所属阶段时间/配置/样本范围；不继承已PASS结论,原文有日期的历史叙述；本轮不重跑生产、不以本轮测试反向证明当日计数/耗时/完整范围；当前prune/archive全文静态核验,本项是旧容量治理设计/操作/决策范围；D4取消迁盘、粒度只提案，旧计数不当当前实测，不执行旧命令。,保留原始历史版本；将局部实现、生产消费和退休设计分别追踪，具体缺口见review.md,docs/plans/catalog-space-remediation/task_plan.md:1-163
C:\Users\郑曾波\Projects\company-wiki\docs\plans\catalog-space-remediation\task_plan.md,docs/plans/catalog-space-remediation/task_plan.md,109,109,- [ ] 现状 44 GB / 全量按现状粒度粗估 100 GB+ / 治理后目标值（Phase 3+4 组合测算）,ec6268929a18f732093269834619b587af079bd51c313320932729f9c6faf8c8,WIKI-LEGACY-SPECIAL-0178,history_filing,historical_only,- [ ] 现状 44 GB / 全量按现状粒度粗估 100 GB+ / 治理后目标值（Phase 3+4 组合测算）,原文及所属阶段时间/配置/样本范围；不继承已PASS结论,原文有日期的历史叙述；本轮不重跑生产、不以本轮测试反向证明当日计数/耗时/完整范围；当前prune/archive全文静态核验,本项是旧容量治理设计/操作/决策范围；D4取消迁盘、粒度只提案，旧计数不当当前实测，不执行旧命令。,保留原始历史版本；将局部实现、生产消费和退休设计分别追踪，具体缺口见review.md,docs/plans/catalog-space-remediation/task_plan.md:1-163
C:\Users\郑曾波\Projects\company-wiki\docs\plans\catalog-space-remediation\task_plan.md,docs/plans/catalog-space-remediation/task_plan.md,110,110,- [ ] 依据容量模型决定部署盘位（C: / D: / 外部盘），D: 现 71.8 GB 不足以容纳全量现状粒度,ec6268929a18f732093269834619b587af079bd51c313320932729f9c6faf8c8,WIKI-LEGACY-SPECIAL-0179,history_filing,historical_only,- [ ] 依据容量模型决定部署盘位（C: / D: / 外部盘），D: 现 71.8 GB 不足以容纳全量现状粒度,原文及所属阶段时间/配置/样本范围；不继承已PASS结论,原文有日期的历史叙述；本轮不重跑生产、不以本轮测试反向证明当日计数/耗时/完整范围；当前prune/archive全文静态核验,本项是旧容量治理设计/操作/决策范围；D4取消迁盘、粒度只提案，旧计数不当当前实测，不执行旧命令。,保留原始历史版本；将局部实现、生产消费和退休设计分别追踪，具体缺口见review.md,docs/plans/catalog-space-remediation/task_plan.md:1-163
C:\Users\郑曾波\Projects\company-wiki\docs\plans\catalog-space-remediation\task_plan.md,docs/plans/catalog-space-remediation/task_plan.md,112,112,## Phase 5：存储迁移与索引优化 — 状态：cancelled_by_D4（用户决定不迁 D:；未来触发需重新立项）,ec6268929a18f732093269834619b587af079bd51c313320932729f9c6faf8c8,WIKI-LEGACY-SPECIAL-0180,history_filing,superseded,## Phase 5：存储迁移与索引优化 — 状态：cancelled_by_D4（用户决定不迁 D:；未来触发需重新立项）,原文及所属阶段时间/配置/样本范围；不继承已PASS结论,"同文件15,145；CURRENT_STATUS:3,7",迁盘相关执行因D4取消，不把缺迁移认作当前bug；监控目标转交需新owner凭生产证据验收。,保留原始历史版本；将局部实现、生产消费和退休设计分别追踪，具体缺口见review.md,docs/plans/catalog-space-remediation/task_plan.md:112-124
C:\Users\郑曾波\Projects\company-wiki\docs\plans\catalog-space-remediation\task_plan.md,docs/plans/catalog-space-remediation/task_plan.md,115,115,- [ ] 停机窗口（worker 暂停）→ VACUUM INTO 备份 → 迁移 `.source_catalog` → 改 `config/source_catalog.yaml` 的 catalog_dir → 回滚方案,ec6268929a18f732093269834619b587af079bd51c313320932729f9c6faf8c8,WIKI-LEGACY-SPECIAL-0181,history_filing,superseded,- [ ] 停机窗口（worker 暂停）→ VACUUM INTO 备份 → 迁移 `.source_catalog` → 改 `config/source_catalog.yaml` 的 catalog_dir → 回滚方案,原文及所属阶段时间/配置/样本范围；不继承已PASS结论,"同文件15,145；CURRENT_STATUS:3,7",迁盘相关执行因D4取消，不把缺迁移认作当前bug；监控目标转交需新owner凭生产证据验收。,保留原始历史版本；将局部实现、生产消费和退休设计分别追踪，具体缺口见review.md,docs/plans/catalog-space-remediation/task_plan.md:112-124
C:\Users\郑曾波\Projects\company-wiki\docs\plans\catalog-space-remediation\task_plan.md,docs/plans/catalog-space-remediation/task_plan.md,116,116,"- [ ] 迁移前必须完成 Phase 1–4 治理（避免""搬一座垃圾山""）",ec6268929a18f732093269834619b587af079bd51c313320932729f9c6faf8c8,WIKI-LEGACY-SPECIAL-0182,history_filing,superseded,"- [ ] 迁移前必须完成 Phase 1–4 治理（避免""搬一座垃圾山""）",原文及所属阶段时间/配置/样本范围；不继承已PASS结论,"同文件15,145；CURRENT_STATUS:3,7",迁盘相关执行因D4取消，不把缺迁移认作当前bug；监控目标转交需新owner凭生产证据验收。,保留原始历史版本；将局部实现、生产消费和退休设计分别追踪，具体缺口见review.md,docs/plans/catalog-space-remediation/task_plan.md:112-124
C:\Users\郑曾波\Projects\company-wiki\docs\plans\catalog-space-remediation\task_plan.md,docs/plans/catalog-space-remediation/task_plan.md,119,119,- [ ] page_size、auto_vacuum=incremental、PRAGMA optimize 定期,ec6268929a18f732093269834619b587af079bd51c313320932729f9c6faf8c8,WIKI-LEGACY-SPECIAL-0183,history_filing,superseded,- [ ] page_size、auto_vacuum=incremental、PRAGMA optimize 定期,原文及所属阶段时间/配置/样本范围；不继承已PASS结论,"同文件15,145；CURRENT_STATUS:3,7",迁盘相关执行因D4取消，不把缺迁移认作当前bug；监控目标转交需新owner凭生产证据验收。,保留原始历史版本；将局部实现、生产消费和退休设计分别追踪，具体缺口见review.md,docs/plans/catalog-space-remediation/task_plan.md:112-124
C:\Users\郑曾波\Projects\company-wiki\docs\plans\catalog-space-remediation\task_plan.md,docs/plans/catalog-space-remediation/task_plan.md,120,120,- [ ] 索引评估：span_json 拆分列 vs 压缩存储,ec6268929a18f732093269834619b587af079bd51c313320932729f9c6faf8c8,WIKI-LEGACY-SPECIAL-0184,history_filing,superseded,- [ ] 索引评估：span_json 拆分列 vs 压缩存储,原文及所属阶段时间/配置/样本范围；不继承已PASS结论,"同文件15,145；CURRENT_STATUS:3,7",迁盘相关执行因D4取消，不把缺迁移认作当前bug；监控目标转交需新owner凭生产证据验收。,保留原始历史版本；将局部实现、生产消费和退休设计分别追踪，具体缺口见review.md,docs/plans/catalog-space-remediation/task_plan.md:112-124
C:\Users\郑曾波\Projects\company-wiki\docs\plans\catalog-space-remediation\task_plan.md,docs/plans/catalog-space-remediation/task_plan.md,123,123,- [ ] weekly 测量 page_count / freelist_count / span 增量 / DB 体积,ec6268929a18f732093269834619b587af079bd51c313320932729f9c6faf8c8,WIKI-LEGACY-SPECIAL-0185,history_filing,superseded,- [ ] weekly 测量 page_count / freelist_count / span 增量 / DB 体积,原文及所属阶段时间/配置/样本范围；不继承已PASS结论,"同文件15,145；CURRENT_STATUS:3,7",迁盘相关执行因D4取消，不把缺迁移认作当前bug；监控目标转交需新owner凭生产证据验收。,保留原始历史版本；将局部实现、生产消费和退休设计分别追踪，具体缺口见review.md,docs/plans/catalog-space-remediation/task_plan.md:112-124
C:\Users\郑曾波\Projects\company-wiki\docs\plans\catalog-space-remediation\task_plan.md,docs/plans/catalog-space-remediation/task_plan.md,124,124,- [ ] 告警阈值：所在盘剩余 < 30 GB；spans 周增量超预期,ec6268929a18f732093269834619b587af079bd51c313320932729f9c6faf8c8,WIKI-LEGACY-SPECIAL-0186,history_filing,superseded,- [ ] 告警阈值：所在盘剩余 < 30 GB；spans 周增量超预期,原文及所属阶段时间/配置/样本范围；不继承已PASS结论,"同文件15,145；CURRENT_STATUS:3,7",迁盘相关执行因D4取消，不把缺迁移认作当前bug；监控目标转交需新owner凭生产证据验收。,保留原始历史版本；将局部实现、生产消费和退休设计分别追踪，具体缺口见review.md,docs/plans/catalog-space-remediation/task_plan.md:112-124
C:\Users\郑曾波\Projects\company-wiki\docs\plans\catalog-space-remediation\task_plan.md,docs/plans/catalog-space-remediation/task_plan.md,126,126,## Phase 6：验收与文档 — 状态：completed_historical_scope；长期四周健康观察 transferred_to_FCAP-r2,ec6268929a18f732093269834619b587af079bd51c313320932729f9c6faf8c8,WIKI-LEGACY-SPECIAL-0187,history_filing,historical_only,## Phase 6：验收与文档 — 状态：completed_historical_scope；长期四周健康观察 transferred_to_FCAP-r2,原文及所属阶段时间/配置/样本范围；不继承已PASS结论,原文有日期的历史叙述；本轮不重跑生产、不以本轮测试反向证明当日计数/耗时/完整范围；当前prune/archive全文静态核验,本项是旧容量治理设计/操作/决策范围；D4取消迁盘、粒度只提案，旧计数不当当前实测，不执行旧命令。,保留原始历史版本；将局部实现、生产消费和退休设计分别追踪，具体缺口见review.md,docs/plans/catalog-space-remediation/task_plan.md:1-163
C:\Users\郑曾波\Projects\company-wiki\docs\plans\catalog-space-remediation\task_plan.md,docs/plans/catalog-space-remediation/task_plan.md,128,128,### 6.1 验收指标,ec6268929a18f732093269834619b587af079bd51c313320932729f9c6faf8c8,WIKI-LEGACY-SPECIAL-0188,history_filing,historical_only,### 6.1 验收指标,原文及所属阶段时间/配置/样本范围；不继承已PASS结论,原文有日期的历史叙述；本轮不重跑生产、不以本轮测试反向证明当日计数/耗时/完整范围；当前prune/archive全文静态核验,本项是旧容量治理设计/操作/决策范围；D4取消迁盘、粒度只提案，旧计数不当当前实测，不执行旧命令。,保留原始历史版本；将局部实现、生产消费和退休设计分别追踪，具体缺口见review.md,docs/plans/catalog-space-remediation/task_plan.md:1-163
C:\Users\郑曾波\Projects\company-wiki\docs\plans\catalog-space-remediation\task_plan.md,docs/plans/catalog-space-remediation/task_plan.md,129,129,- [ ] audit vs status 对账 = 0；孤儿数据 = 0；FK check = 0,ec6268929a18f732093269834619b587af079bd51c313320932729f9c6faf8c8,WIKI-LEGACY-SPECIAL-0189,history_filing,insufficient_evidence,- [ ] audit vs status 对账 = 0；孤儿数据 = 0；FK check = 0,原文及所属阶段时间/配置/样本范围；不继承已PASS结论,progress:47–52；同文件长期监控transferred标记,回收量/4周增长/FK孤儿/维护文档不能由两个size-report测试与一次dry-run替代；完成收口缺逐项实际结果。,保留原始历史版本；将局部实现、生产消费和退休设计分别追踪，具体缺口见review.md,docs/plans/catalog-space-remediation/task_plan.md:129-136
C:\Users\郑曾波\Projects\company-wiki\docs\plans\catalog-space-remediation\task_plan.md,docs/plans/catalog-space-remediation/task_plan.md,130,130,- [ ] 回收量达成（Phase 1.3 测算）；DB 增长率受控（连续 4 周符合容量模型）,ec6268929a18f732093269834619b587af079bd51c313320932729f9c6faf8c8,WIKI-LEGACY-SPECIAL-0190,history_filing,insufficient_evidence,- [ ] 回收量达成（Phase 1.3 测算）；DB 增长率受控（连续 4 周符合容量模型）,原文及所属阶段时间/配置/样本范围；不继承已PASS结论,progress:47–52；同文件长期监控transferred标记,回收量/4周增长/FK孤儿/维护文档不能由两个size-report测试与一次dry-run替代；完成收口缺逐项实际结果。,保留原始历史版本；将局部实现、生产消费和退休设计分别追踪，具体缺口见review.md,docs/plans/catalog-space-remediation/task_plan.md:129-136
C:\Users\郑曾波\Projects\company-wiki\docs\plans\catalog-space-remediation\task_plan.md,docs/plans/catalog-space-remediation/task_plan.md,131,131,- [ ] 测试全绿（沿用全量 pytest 惯例，当前基线 386 passed）,ec6268929a18f732093269834619b587af079bd51c313320932729f9c6faf8c8,WIKI-LEGACY-SPECIAL-0191,history_filing,insufficient_evidence,- [ ] 测试全绿（沿用全量 pytest 惯例，当前基线 386 passed）,原文及所属阶段时间/配置/样本范围；不继承已PASS结论,progress:47–52；同文件长期监控transferred标记,回收量/4周增长/FK孤儿/维护文档不能由两个size-report测试与一次dry-run替代；完成收口缺逐项实际结果。,保留原始历史版本；将局部实现、生产消费和退休设计分别追踪，具体缺口见review.md,docs/plans/catalog-space-remediation/task_plan.md:129-136
C:\Users\郑曾波\Projects\company-wiki\docs\plans\catalog-space-remediation\task_plan.md,docs/plans/catalog-space-remediation/task_plan.md,134,134,"- [ ] AGENTS.md 的 schema 维护规范补充""证据保留策略""章节",ec6268929a18f732093269834619b587af079bd51c313320932729f9c6faf8c8,WIKI-LEGACY-SPECIAL-0192,history_filing,insufficient_evidence,"- [ ] AGENTS.md 的 schema 维护规范补充""证据保留策略""章节",原文及所属阶段时间/配置/样本范围；不继承已PASS结论,progress:47–52；同文件长期监控transferred标记,回收量/4周增长/FK孤儿/维护文档不能由两个size-report测试与一次dry-run替代；完成收口缺逐项实际结果。,保留原始历史版本；将局部实现、生产消费和退休设计分别追踪，具体缺口见review.md,docs/plans/catalog-space-remediation/task_plan.md:129-136
C:\Users\郑曾波\Projects\company-wiki\docs\plans\catalog-space-remediation\task_plan.md,docs/plans/catalog-space-remediation/task_plan.md,135,135,- [ ] docs/adr 新增 ADR（记录粒度与生命周期决策）,ec6268929a18f732093269834619b587af079bd51c313320932729f9c6faf8c8,WIKI-LEGACY-SPECIAL-0193,history_filing,insufficient_evidence,- [ ] docs/adr 新增 ADR（记录粒度与生命周期决策）,原文及所属阶段时间/配置/样本范围；不继承已PASS结论,progress:47–52；同文件长期监控transferred标记,回收量/4周增长/FK孤儿/维护文档不能由两个size-report测试与一次dry-run替代；完成收口缺逐项实际结果。,保留原始历史版本；将局部实现、生产消费和退休设计分别追踪，具体缺口见review.md,docs/plans/catalog-space-remediation/task_plan.md:129-136
C:\Users\郑曾波\Projects\company-wiki\docs\plans\catalog-space-remediation\task_plan.md,docs/plans/catalog-space-remediation/task_plan.md,136,136,- [ ] log.md 记录每轮治理操作,ec6268929a18f732093269834619b587af079bd51c313320932729f9c6faf8c8,WIKI-LEGACY-SPECIAL-0194,history_filing,insufficient_evidence,- [ ] log.md 记录每轮治理操作,原文及所属阶段时间/配置/样本范围；不继承已PASS结论,progress:47–52；同文件长期监控transferred标记,回收量/4周增长/FK孤儿/维护文档不能由两个size-report测试与一次dry-run替代；完成收口缺逐项实际结果。,保留原始历史版本；将局部实现、生产消费和退休设计分别追踪，具体缺口见review.md,docs/plans/catalog-space-remediation/task_plan.md:129-136
C:\Users\郑曾波\Projects\company-wiki\docs\plans\catalog-space-remediation\task_plan.md,docs/plans/catalog-space-remediation/task_plan.md,140,140,| # | 决策 | 选项 | 建议 |,ec6268929a18f732093269834619b587af079bd51c313320932729f9c6faf8c8,WIKI-LEGACY-SPECIAL-0195,history_filing,historical_only,| # | 决策 | 选项 | 建议 |,原文及所属阶段时间/配置/样本范围；不继承已PASS结论,原文有日期的历史叙述；本轮不重跑生产、不以本轮测试反向证明当日计数/耗时/完整范围；当前prune/archive全文静态核验,本项是旧容量治理设计/操作/决策范围；D4取消迁盘、粒度只提案，旧计数不当当前实测，不执行旧命令。,保留原始历史版本；将局部实现、生产消费和退休设计分别追踪，具体缺口见review.md,docs/plans/catalog-space-remediation/task_plan.md:1-163
C:\Users\郑曾波\Projects\company-wiki\docs\plans\catalog-space-remediation\task_plan.md,docs/plans/catalog-space-remediation/task_plan.md,142,142,"| D1 | B 类 9,576 份""审计但 active""文档 | 正式退役 / 正式恢复 / 按类型混合 | ✅ **全部正式退役**（2026-08-07 已实施，audit-vs-status 归零） |",ec6268929a18f732093269834619b587af079bd51c313320932729f9c6faf8c8,WIKI-LEGACY-SPECIAL-0196,history_filing,historical_only,"| D1 | B 类 9,576 份""审计但 active""文档 | 正式退役 / 正式恢复 / 按类型混合 | ✅ **全部正式退役**（2026-08-07 已实施，audit-vs-status 归零） |",原文及所属阶段时间/配置/样本范围；不继承已PASS结论,原文有日期的历史叙述；本轮不重跑生产、不以本轮测试反向证明当日计数/耗时/完整范围；当前prune/archive全文静态核验,本项是旧容量治理设计/操作/决策范围；D4取消迁盘、粒度只提案，旧计数不当当前实测，不执行旧命令。,保留原始历史版本；将局部实现、生产消费和退休设计分别追踪，具体缺口见review.md,docs/plans/catalog-space-remediation/task_plan.md:1-163
C:\Users\郑曾波\Projects\company-wiki\docs\plans\catalog-space-remediation\task_plan.md,docs/plans/catalog-space-remediation/task_plan.md,143,143,| D2 | 证据粒度 | 保持单元格级 / 降为表格行级 / 降为表格级 | ✅ **表格级**（Phase 3 提案方向） |,ec6268929a18f732093269834619b587af079bd51c313320932729f9c6faf8c8,WIKI-LEGACY-SPECIAL-0197,history_filing,historical_only,| D2 | 证据粒度 | 保持单元格级 / 降为表格行级 / 降为表格级 | ✅ **表格级**（Phase 3 提案方向） |,原文及所属阶段时间/配置/样本范围；不继承已PASS结论,原文有日期的历史叙述；本轮不重跑生产、不以本轮测试反向证明当日计数/耗时/完整范围；当前prune/archive全文静态核验,本项是旧容量治理设计/操作/决策范围；D4取消迁盘、粒度只提案，旧计数不当当前实测，不执行旧命令。,保留原始历史版本；将局部实现、生产消费和退休设计分别追踪，具体缺口见review.md,docs/plans/catalog-space-remediation/task_plan.md:1-163
C:\Users\郑曾波\Projects\company-wiki\docs\plans\catalog-space-remediation\task_plan.md,docs/plans/catalog-space-remediation/task_plan.md,144,144,| D3 | Pending 新闻类（903）是否免 span | 免 / 段落级 | ✅ **免 span**（Phase 3 提案方向） |,ec6268929a18f732093269834619b587af079bd51c313320932729f9c6faf8c8,WIKI-LEGACY-SPECIAL-0198,history_filing,historical_only,| D3 | Pending 新闻类（903）是否免 span | 免 / 段落级 | ✅ **免 span**（Phase 3 提案方向） |,原文及所属阶段时间/配置/样本范围；不继承已PASS结论,原文有日期的历史叙述；本轮不重跑生产、不以本轮测试反向证明当日计数/耗时/完整范围；当前prune/archive全文静态核验,本项是旧容量治理设计/操作/决策范围；D4取消迁盘、粒度只提案，旧计数不当当前实测，不执行旧命令。,保留原始历史版本；将局部实现、生产消费和退休设计分别追踪，具体缺口见review.md,docs/plans/catalog-space-remediation/task_plan.md:1-163
C:\Users\郑曾波\Projects\company-wiki\docs\plans\catalog-space-remediation\task_plan.md,docs/plans/catalog-space-remediation/task_plan.md,145,145,| D4 | catalog 是否迁移 D: | 迁 / 不迁 | ✅ **不迁**（留 C:） |,ec6268929a18f732093269834619b587af079bd51c313320932729f9c6faf8c8,WIKI-LEGACY-SPECIAL-0199,history_filing,historical_only,| D4 | catalog 是否迁移 D: | 迁 / 不迁 | ✅ **不迁**（留 C:） |,原文及所属阶段时间/配置/样本范围；不继承已PASS结论,原文有日期的历史叙述；本轮不重跑生产、不以本轮测试反向证明当日计数/耗时/完整范围；当前prune/archive全文静态核验,本项是旧容量治理设计/操作/决策范围；D4取消迁盘、粒度只提案，旧计数不当当前实测，不执行旧命令。,保留原始历史版本；将局部实现、生产消费和退休设计分别追踪，具体缺口见review.md,docs/plans/catalog-space-remediation/task_plan.md:1-163
C:\Users\郑曾波\Projects\company-wiki\docs\plans\catalog-space-remediation\task_plan.md,docs/plans/catalog-space-remediation/task_plan.md,146,146,| D5 | retired 归档保留期 | 90 天 / 180 天 / 永久 | ✅ **90 天** |,ec6268929a18f732093269834619b587af079bd51c313320932729f9c6faf8c8,WIKI-LEGACY-SPECIAL-0200,history_filing,historical_only,| D5 | retired 归档保留期 | 90 天 / 180 天 / 永久 | ✅ **90 天** |,原文及所属阶段时间/配置/样本范围；不继承已PASS结论,原文有日期的历史叙述；本轮不重跑生产、不以本轮测试反向证明当日计数/耗时/完整范围；当前prune/archive全文静态核验,本项是旧容量治理设计/操作/决策范围；D4取消迁盘、粒度只提案，旧计数不当当前实测，不执行旧命令。,保留原始历史版本；将局部实现、生产消费和退休设计分别追踪，具体缺口见review.md,docs/plans/catalog-space-remediation/task_plan.md:1-163
C:\Users\郑曾波\Projects\company-wiki\docs\plans\catalog-space-remediation\task_plan.md,docs/plans/catalog-space-remediation/task_plan.md,150,150,- 删除证据前未归档 → 违反可追溯原则（Phase 2.1 强制前置）,ec6268929a18f732093269834619b587af079bd51c313320932729f9c6faf8c8,WIKI-LEGACY-SPECIAL-0201,history_filing,contradicted,- 删除证据前未归档 → 违反可追溯原则（Phase 2.1 强制前置）,原文及所属阶段时间/配置/样本范围；不继承已PASS结论,prune/archive实现；root H01重放,归档JSONL目前没有可验证同一locator恢复及消费查询回退协议，旧目录存在并不能保证可追溯/下游引用等价。,保留原始历史版本；将局部实现、生产消费和退休设计分别追踪，具体缺口见review.md,docs/plans/catalog-space-remediation/task_plan.md:150-151
C:\Users\郑曾波\Projects\company-wiki\docs\plans\catalog-space-remediation\task_plan.md,docs/plans/catalog-space-remediation/task_plan.md,151,151,- StockWiki 已引用被回收证据 → 归档 JSONL 提供等价引用（locator 不变）,ec6268929a18f732093269834619b587af079bd51c313320932729f9c6faf8c8,WIKI-LEGACY-SPECIAL-0202,history_filing,contradicted,- StockWiki 已引用被回收证据 → 归档 JSONL 提供等价引用（locator 不变）,原文及所属阶段时间/配置/样本范围；不继承已PASS结论,prune/archive实现；root H01重放,归档JSONL目前没有可验证同一locator恢复及消费查询回退协议，旧目录存在并不能保证可追溯/下游引用等价。,保留原始历史版本；将局部实现、生产消费和退休设计分别追踪，具体缺口见review.md,docs/plans/catalog-space-remediation/task_plan.md:150-151
C:\Users\郑曾波\Projects\company-wiki\docs\plans\catalog-space-remediation\task_plan.md,docs/plans/catalog-space-remediation/task_plan.md,152,152,- worker 运行中写库 → 冲突（实施窗口统一暂停 worker）,ec6268929a18f732093269834619b587af079bd51c313320932729f9c6faf8c8,WIKI-LEGACY-SPECIAL-0203,history_filing,historical_only,- worker 运行中写库 → 冲突（实施窗口统一暂停 worker）,原文及所属阶段时间/配置/样本范围；不继承已PASS结论,原文有日期的历史叙述；本轮不重跑生产、不以本轮测试反向证明当日计数/耗时/完整范围；当前prune/archive全文静态核验,本项是旧容量治理设计/操作/决策范围；D4取消迁盘、粒度只提案，旧计数不当当前实测，不执行旧命令。,保留原始历史版本；将局部实现、生产消费和退休设计分别追踪，具体缺口见review.md,docs/plans/catalog-space-remediation/task_plan.md:1-163
C:\Users\郑曾波\Projects\company-wiki\docs\plans\catalog-space-remediation\task_plan.md,docs/plans/catalog-space-remediation/task_plan.md,153,153,- 迁移后 D: 空间不足 → 容量模型先行（Phase 4.3）,ec6268929a18f732093269834619b587af079bd51c313320932729f9c6faf8c8,WIKI-LEGACY-SPECIAL-0204,history_filing,historical_only,- 迁移后 D: 空间不足 → 容量模型先行（Phase 4.3）,原文及所属阶段时间/配置/样本范围；不继承已PASS结论,原文有日期的历史叙述；本轮不重跑生产、不以本轮测试反向证明当日计数/耗时/完整范围；当前prune/archive全文静态核验,本项是旧容量治理设计/操作/决策范围；D4取消迁盘、粒度只提案，旧计数不当当前实测，不执行旧命令。,保留原始历史版本；将局部实现、生产消费和退休设计分别追踪，具体缺口见review.md,docs/plans/catalog-space-remediation/task_plan.md:1-163
C:\Users\郑曾波\Projects\company-wiki\docs\plans\catalog-space-remediation\task_plan.md,docs/plans/catalog-space-remediation/task_plan.md,154,154,- 方案漂移 → 每阶段重新核对实际代码与 DB 状态（沿用 skill 的 plan drift 检查）,ec6268929a18f732093269834619b587af079bd51c313320932729f9c6faf8c8,WIKI-LEGACY-SPECIAL-0205,history_filing,historical_only,- 方案漂移 → 每阶段重新核对实际代码与 DB 状态（沿用 skill 的 plan drift 检查）,原文及所属阶段时间/配置/样本范围；不继承已PASS结论,原文有日期的历史叙述；本轮不重跑生产、不以本轮测试反向证明当日计数/耗时/完整范围；当前prune/archive全文静态核验,本项是旧容量治理设计/操作/决策范围；D4取消迁盘、粒度只提案，旧计数不当当前实测，不执行旧命令。,保留原始历史版本；将局部实现、生产消费和退休设计分别追踪，具体缺口见review.md,docs/plans/catalog-space-remediation/task_plan.md:1-163
C:\Users\郑曾波\Projects\company-wiki\docs\plans\catalog-space-remediation\task_plan.md,docs/plans/catalog-space-remediation/task_plan.md,156,156,## 完成定义（Definition of Done）,ec6268929a18f732093269834619b587af079bd51c313320932729f9c6faf8c8,WIKI-LEGACY-SPECIAL-0206,history_filing,historical_only,## 完成定义（Definition of Done）,原文及所属阶段时间/配置/样本范围；不继承已PASS结论,原文有日期的历史叙述；本轮不重跑生产、不以本轮测试反向证明当日计数/耗时/完整范围；当前prune/archive全文静态核验,本项是旧容量治理设计/操作/决策范围；D4取消迁盘、粒度只提案，旧计数不当当前实测，不执行旧命令。,保留原始历史版本；将局部实现、生产消费和退休设计分别追踪，具体缺口见review.md,docs/plans/catalog-space-remediation/task_plan.md:1-163
C:\Users\郑曾波\Projects\company-wiki\docs\plans\catalog-space-remediation\task_plan.md,docs/plans/catalog-space-remediation/task_plan.md,158,158,1. Phase 1 对账报告 + 状态一致化完成（对账 = 0）,ec6268929a18f732093269834619b587af079bd51c313320932729f9c6faf8c8,WIKI-LEGACY-SPECIAL-0207,history_filing,historical_only,1. Phase 1 对账报告 + 状态一致化完成（对账 = 0）,原文及所属阶段时间/配置/样本范围；不继承已PASS结论,原文有日期的历史叙述；本轮不重跑生产、不以本轮测试反向证明当日计数/耗时/完整范围；当前prune/archive全文静态核验,本项是旧容量治理设计/操作/决策范围；D4取消迁盘、粒度只提案，旧计数不当当前实测，不执行旧命令。,保留原始历史版本；将局部实现、生产消费和退休设计分别追踪，具体缺口见review.md,docs/plans/catalog-space-remediation/task_plan.md:1-163
C:\Users\郑曾波\Projects\company-wiki\docs\plans\catalog-space-remediation\task_plan.md,docs/plans/catalog-space-remediation/task_plan.md,159,159,2. Phase 2 归档流程上线并跑通一轮（含 receipt）,ec6268929a18f732093269834619b587af079bd51c313320932729f9c6faf8c8,WIKI-LEGACY-SPECIAL-0208,history_filing,historical_only,2. Phase 2 归档流程上线并跑通一轮（含 receipt）,原文及所属阶段时间/配置/样本范围；不继承已PASS结论,原文有日期的历史叙述；本轮不重跑生产、不以本轮测试反向证明当日计数/耗时/完整范围；当前prune/archive全文静态核验,本项是旧容量治理设计/操作/决策范围；D4取消迁盘、粒度只提案，旧计数不当当前实测，不执行旧命令。,保留原始历史版本；将局部实现、生产消费和退休设计分别追踪，具体缺口见review.md,docs/plans/catalog-space-remediation/task_plan.md:1-163
C:\Users\郑曾波\Projects\company-wiki\docs\plans\catalog-space-remediation\task_plan.md,docs/plans/catalog-space-remediation/task_plan.md,160,160,3. Phase 3 粒度提案形成文档（ADR 或提案文件），等待上游评审,ec6268929a18f732093269834619b587af079bd51c313320932729f9c6faf8c8,WIKI-LEGACY-SPECIAL-0209,history_filing,historical_only,3. Phase 3 粒度提案形成文档（ADR 或提案文件），等待上游评审,原文及所属阶段时间/配置/样本范围；不继承已PASS结论,原文有日期的历史叙述；本轮不重跑生产、不以本轮测试反向证明当日计数/耗时/完整范围；当前prune/archive全文静态核验,本项是旧容量治理设计/操作/决策范围；D4取消迁盘、粒度只提案，旧计数不当当前实测，不执行旧命令。,保留原始历史版本；将局部实现、生产消费和退休设计分别追踪，具体缺口见review.md,docs/plans/catalog-space-remediation/task_plan.md:1-163
C:\Users\郑曾波\Projects\company-wiki\docs\plans\catalog-space-remediation\task_plan.md,docs/plans/catalog-space-remediation/task_plan.md,161,161,4. Phase 4 容量模型确定最终 DB 目标体积,ec6268929a18f732093269834619b587af079bd51c313320932729f9c6faf8c8,WIKI-LEGACY-SPECIAL-0210,history_filing,historical_only,4. Phase 4 容量模型确定最终 DB 目标体积,原文及所属阶段时间/配置/样本范围；不继承已PASS结论,原文有日期的历史叙述；本轮不重跑生产、不以本轮测试反向证明当日计数/耗时/完整范围；当前prune/archive全文静态核验,本项是旧容量治理设计/操作/决策范围；D4取消迁盘、粒度只提案，旧计数不当当前实测，不执行旧命令。,保留原始历史版本；将局部实现、生产消费和退休设计分别追踪，具体缺口见review.md,docs/plans/catalog-space-remediation/task_plan.md:1-163
C:\Users\郑曾波\Projects\company-wiki\docs\plans\catalog-space-remediation\task_plan.md,docs/plans/catalog-space-remediation/task_plan.md,162,162,5. Phase 5（如实施）迁移完成且回滚方案验证,ec6268929a18f732093269834619b587af079bd51c313320932729f9c6faf8c8,WIKI-LEGACY-SPECIAL-0211,history_filing,historical_only,5. Phase 5（如实施）迁移完成且回滚方案验证,原文及所属阶段时间/配置/样本范围；不继承已PASS结论,原文有日期的历史叙述；本轮不重跑生产、不以本轮测试反向证明当日计数/耗时/完整范围；当前prune/archive全文静态核验,本项是旧容量治理设计/操作/决策范围；D4取消迁盘、粒度只提案，旧计数不当当前实测，不执行旧命令。,保留原始历史版本；将局部实现、生产消费和退休设计分别追踪，具体缺口见review.md,docs/plans/catalog-space-remediation/task_plan.md:1-163
C:\Users\郑曾波\Projects\company-wiki\docs\plans\catalog-space-remediation\task_plan.md,docs/plans/catalog-space-remediation/task_plan.md,163,163,6. Phase 6 文档与监控齐备，连续 4 周指标受控,ec6268929a18f732093269834619b587af079bd51c313320932729f9c6faf8c8,WIKI-LEGACY-SPECIAL-0212,history_filing,historical_only,6. Phase 6 文档与监控齐备，连续 4 周指标受控,原文及所属阶段时间/配置/样本范围；不继承已PASS结论,原文有日期的历史叙述；本轮不重跑生产、不以本轮测试反向证明当日计数/耗时/完整范围；当前prune/archive全文静态核验,本项是旧容量治理设计/操作/决策范围；D4取消迁盘、粒度只提案，旧计数不当当前实测，不执行旧命令。,保留原始历史版本；将局部实现、生产消费和退休设计分别追踪，具体缺口见review.md,docs/plans/catalog-space-remediation/task_plan.md:1-163
C:\Users\郑曾波\Projects\company-wiki\docs\plans\core-section-extraction\CURRENT_STATUS.md,docs/plans/core-section-extraction/CURRENT_STATUS.md,3,3,> 2026-09-06状态补充：GP010七份研报观测sections=5/7，2份列表式仍缺；原年报章节验收不等于真实broker闭环。kind宽范围产物按owner既有处置保留，不擅自删除。后续使用[WP05/07/13](../painpoint-outcome-audit-2026-09-05/remediation-plan.md)的精确cohort、真实原文E2E与独立审查，不重复执行旧计划。,a6bda9ed63db6dc9d559642b1c0ff0eb4bbf4911b72eb3d176fb8474cfe8f350,WIKI-LEGACY-SPECIAL-0213,history_filing,supported_scoped,> 2026-09-06状态补充：GP010七份研报观测sections=5/7，2份列表式仍缺；原年报章节验收不等于真实broker闭环。kind宽范围产物按owner既有处置保留，不擅自删除。后续使用[WP05/07/13](../painpoint-outcome-audit-2026-09-05/remediation-plan.md)的精确cohort、真实原文E2E与独立审查，不重复执行旧计划。,原文及所属阶段时间/配置/样本范围；不继承已PASS结论,当前extractor:72–95已加列表式；section_probe.json；worker暂停不变,明确实现存在≠现生产、中文三类旧验收≠broker闭环，方向正确；5/7本轮仅保留9/6观察，当前brokerregex已有后续变化。,保留原始历史版本；将局部实现、生产消费和退休设计分别追踪，具体缺口见review.md,docs/plans/core-section-extraction/CURRENT_STATUS.md:1-11
C:\Users\郑曾波\Projects\company-wiki\docs\plans\core-section-extraction\CURRENT_STATUS.md,docs/plans/core-section-extraction/CURRENT_STATUS.md,5,5,核对日期：2026-09-04。覆盖本目录 `task_plan.md`、`findings.md`、`progress.md`；三份已全文阅读，历史正文保留。,a6bda9ed63db6dc9d559642b1c0ff0eb4bbf4911b72eb3d176fb8474cfe8f350,WIKI-LEGACY-SPECIAL-0214,history_filing,supported_scoped,核对日期：2026-09-04。覆盖本目录 `task_plan.md`、`findings.md`、`progress.md`；三份已全文阅读，历史正文保留。,原文及所属阶段时间/配置/样本范围；不继承已PASS结论,当前extractor:72–95已加列表式；section_probe.json；worker暂停不变,明确实现存在≠现生产、中文三类旧验收≠broker闭环，方向正确；5/7本轮仅保留9/6观察，当前brokerregex已有后续变化。,保留原始历史版本；将局部实现、生产消费和退休设计分别追踪，具体缺口见review.md,docs/plans/core-section-extraction/CURRENT_STATUS.md:1-11
C:\Users\郑曾波\Projects\company-wiki\docs\plans\core-section-extraction\CURRENT_STATUS.md,docs/plans/core-section-extraction/CURRENT_STATUS.md,7,7,- 原Phase 1–5保持历史范围完成。findings中“规范栈无章节能力”、首版不含worker/溯源，以及progress末尾“Phase 5全量回归待发”，均属于实施过程快照；不能覆盖task_plan的后续完成记录。,a6bda9ed63db6dc9d559642b1c0ff0eb4bbf4911b72eb3d176fb8474cfe8f350,WIKI-LEGACY-SPECIAL-0215,history_filing,supported_scoped,- 原Phase 1–5保持历史范围完成。findings中“规范栈无章节能力”、首版不含worker/溯源，以及progress末尾“Phase 5全量回归待发”，均属于实施过程快照；不能覆盖task_plan的后续完成记录。,原文及所属阶段时间/配置/样本范围；不继承已PASS结论,当前extractor:72–95已加列表式；section_probe.json；worker暂停不变,明确实现存在≠现生产、中文三类旧验收≠broker闭环，方向正确；5/7本轮仅保留9/6观察，当前brokerregex已有后续变化。,保留原始历史版本；将局部实现、生产消费和退休设计分别追踪，具体缺口见review.md,docs/plans/core-section-extraction/CURRENT_STATUS.md:1-11
C:\Users\郑曾波\Projects\company-wiki\docs\plans\core-section-extraction\CURRENT_STATUS.md,docs/plans/core-section-extraction/CURRENT_STATUS.md,8,8,- 本次CodeGraph确认当前有 `extract_sections_catalog` 和只读 `SectionQueryService`。这只验证实现存在，不证明今天生产批处理已运行或旧测试数仍适用。,a6bda9ed63db6dc9d559642b1c0ff0eb4bbf4911b72eb3d176fb8474cfe8f350,WIKI-LEGACY-SPECIAL-0216,history_filing,supported_scoped,- 本次CodeGraph确认当前有 `extract_sections_catalog` 和只读 `SectionQueryService`。这只验证实现存在，不证明今天生产批处理已运行或旧测试数仍适用。,原文及所属阶段时间/配置/样本范围；不继承已PASS结论,当前extractor:72–95已加列表式；section_probe.json；worker暂停不变,明确实现存在≠现生产、中文三类旧验收≠broker闭环，方向正确；5/7本轮仅保留9/6观察，当前brokerregex已有后续变化。,保留原始历史版本；将局部实现、生产消费和退休设计分别追踪，具体缺口见review.md,docs/plans/core-section-extraction/CURRENT_STATUS.md:1-11
C:\Users\郑曾波\Projects\company-wiki\docs\plans\core-section-extraction\CURRENT_STATUS.md,docs/plans/core-section-extraction/CURRENT_STATUS.md,9,9,- broker_research生产分节仍在后续GP-010记录为缺口；不能拿年报/半年报/招股书三类的旧验证或BR-11 T1测试推断七份生产研报已有sections。,a6bda9ed63db6dc9d559642b1c0ff0eb4bbf4911b72eb3d176fb8474cfe8f350,WIKI-LEGACY-SPECIAL-0217,history_filing,supported_scoped,- broker_research生产分节仍在后续GP-010记录为缺口；不能拿年报/半年报/招股书三类的旧验证或BR-11 T1测试推断七份生产研报已有sections。,原文及所属阶段时间/配置/样本范围；不继承已PASS结论,当前extractor:72–95已加列表式；section_probe.json；worker暂停不变,明确实现存在≠现生产、中文三类旧验收≠broker闭环，方向正确；5/7本轮仅保留9/6观察，当前brokerregex已有后续变化。,保留原始历史版本；将局部实现、生产消费和退休设计分别追踪，具体缺口见review.md,docs/plans/core-section-extraction/CURRENT_STATUS.md:1-11
C:\Users\郑曾波\Projects\company-wiki\docs\plans\core-section-extraction\CURRENT_STATUS.md,docs/plans/core-section-extraction/CURRENT_STATUS.md,10,10,- 旧worker reload、resume、自动消化pending和90天backfill估算仅是当日历史。worker保持暂停，v5恢复计划尚无实施授权。,a6bda9ed63db6dc9d559642b1c0ff0eb4bbf4911b72eb3d176fb8474cfe8f350,WIKI-LEGACY-SPECIAL-0218,history_filing,supported_scoped,- 旧worker reload、resume、自动消化pending和90天backfill估算仅是当日历史。worker保持暂停，v5恢复计划尚无实施授权。,原文及所属阶段时间/配置/样本范围；不继承已PASS结论,当前extractor:72–95已加列表式；section_probe.json；worker暂停不变,明确实现存在≠现生产、中文三类旧验收≠broker闭环，方向正确；5/7本轮仅保留9/6观察，当前brokerregex已有后续变化。,保留原始历史版本；将局部实现、生产消费和退休设计分别追踪，具体缺口见review.md,docs/plans/core-section-extraction/CURRENT_STATUS.md:1-11
C:\Users\郑曾波\Projects\company-wiki\docs\plans\core-section-extraction\CURRENT_STATUS.md,docs/plans/core-section-extraction/CURRENT_STATUS.md,11,11,- [当前规划状态](../../../PLANNING_STATUS.md) 区分统一旧账本、活动GP与独立v5；来源章节可以供下游研究使用，但本仓不生成投资结论。,a6bda9ed63db6dc9d559642b1c0ff0eb4bbf4911b72eb3d176fb8474cfe8f350,WIKI-LEGACY-SPECIAL-0219,history_filing,supported_scoped,- [当前规划状态](../../../PLANNING_STATUS.md) 区分统一旧账本、活动GP与独立v5；来源章节可以供下游研究使用，但本仓不生成投资结论。,原文及所属阶段时间/配置/样本范围；不继承已PASS结论,当前extractor:72–95已加列表式；section_probe.json；worker暂停不变,明确实现存在≠现生产、中文三类旧验收≠broker闭环，方向正确；5/7本轮仅保留9/6观察，当前brokerregex已有后续变化。,保留原始历史版本；将局部实现、生产消费和退休设计分别追踪，具体缺口见review.md,docs/plans/core-section-extraction/CURRENT_STATUS.md:1-11
C:\Users\郑曾波\Projects\company-wiki\docs\plans\core-section-extraction\findings.md,docs/plans/core-section-extraction/findings.md,1,1,# 研究发现 — 核心章节提取,5be80b582eceb3fffa36fd9b86e139c1fd06b6a2ef4a66271a05a427186c3248,WIKI-LEGACY-SPECIAL-0220,history_filing,historical_only,# 研究发现 — 核心章节提取,原文及所属阶段时间/配置/样本范围；不继承已PASS结论,当前section_extractor.py/section_query.py；原文4行号会漂移,原调研是8/6实施前栈/行号/样本事实；当前已有section模块，不能继续把“规范栈无章节”当现状。,保留原始历史版本；将局部实现、生产消费和退休设计分别追踪，具体缺口见review.md,docs/plans/core-section-extraction/findings.md:1-80
C:\Users\郑曾波\Projects\company-wiki\docs\plans\core-section-extraction\findings.md,docs/plans/core-section-extraction/findings.md,3,4,"> 调研日期：2026-08-06 ｜ 关联：`task_plan.md`、`progress.md`
> 行号会随代码漂移，动手前以实际代码为准。",5be80b582eceb3fffa36fd9b86e139c1fd06b6a2ef4a66271a05a427186c3248,WIKI-LEGACY-SPECIAL-0221,history_filing,historical_only,"> 调研日期：2026-08-06 ｜ 关联：`task_plan.md`、`progress.md`
> 行号会随代码漂移，动手前以实际代码为准。",原文及所属阶段时间/配置/样本范围；不继承已PASS结论,当前section_extractor.py/section_query.py；原文4行号会漂移,原调研是8/6实施前栈/行号/样本事实；当前已有section模块，不能继续把“规范栈无章节”当现状。,保留原始历史版本；将局部实现、生产消费和退休设计分别追踪，具体缺口见review.md,docs/plans/core-section-extraction/findings.md:1-80
C:\Users\郑曾波\Projects\company-wiki\docs\plans\core-section-extraction\findings.md,docs/plans/core-section-extraction/findings.md,6,6,## 发现 1：项目有两套平行、未打通的文档处理栈,5be80b582eceb3fffa36fd9b86e139c1fd06b6a2ef4a66271a05a427186c3248,WIKI-LEGACY-SPECIAL-0222,history_filing,historical_only,## 发现 1：项目有两套平行、未打通的文档处理栈,原文及所属阶段时间/配置/样本范围；不继承已PASS结论,当前section_extractor.py/section_query.py；原文4行号会漂移,原调研是8/6实施前栈/行号/样本事实；当前已有section模块，不能继续把“规范栈无章节”当现状。,保留原始历史版本；将局部实现、生产消费和退休设计分别追踪，具体缺口见review.md,docs/plans/core-section-extraction/findings.md:1-80
C:\Users\郑曾波\Projects\company-wiki\docs\plans\core-section-extraction\findings.md,docs/plans/core-section-extraction/findings.md,8,8,| 栈 | 位置 | 章节能力 | 状态 |,5be80b582eceb3fffa36fd9b86e139c1fd06b6a2ef4a66271a05a427186c3248,WIKI-LEGACY-SPECIAL-0223,history_filing,historical_only,| 栈 | 位置 | 章节能力 | 状态 |,原文及所属阶段时间/配置/样本范围；不继承已PASS结论,当前section_extractor.py/section_query.py；原文4行号会漂移,原调研是8/6实施前栈/行号/样本事实；当前已有section模块，不能继续把“规范栈无章节”当现状。,保留原始历史版本；将局部实现、生产消费和退休设计分别追踪，具体缺口见review.md,docs/plans/core-section-extraction/findings.md:1-80
C:\Users\郑曾波\Projects\company-wiki\docs\plans\core-section-extraction\findings.md,docs/plans/core-section-extraction/findings.md,10,10,| 规范栈 | `src/company_wiki/source_catalog/` | **无章节维度**，evidence_spans 只到 page/paragraph/table-cell；normalized.md 有 `#` 标题但无结构化章节索引 | 活跃，invest/revenue/filing-fetch 全靠它 |,5be80b582eceb3fffa36fd9b86e139c1fd06b6a2ef4a66271a05a427186c3248,WIKI-LEGACY-SPECIAL-0224,history_filing,historical_only,| 规范栈 | `src/company_wiki/source_catalog/` | **无章节维度**，evidence_spans 只到 page/paragraph/table-cell；normalized.md 有 `#` 标题但无结构化章节索引 | 活跃，invest/revenue/filing-fetch 全靠它 |,原文及所属阶段时间/配置/样本范围；不继承已PASS结论,当前section_extractor.py/section_query.py；原文4行号会漂移,原调研是8/6实施前栈/行号/样本事实；当前已有section模块，不能继续把“规范栈无章节”当现状。,保留原始历史版本；将局部实现、生产消费和退休设计分别追踪，具体缺口见review.md,docs/plans/core-section-extraction/findings.md:1-80
C:\Users\郑曾波\Projects\company-wiki\docs\plans\core-section-extraction\findings.md,docs/plans/core-section-extraction/findings.md,11,11,| 遗留栈 | `scripts/section_discovery.py` + `stage2_structure.py` + `pdf_extract_v3.py` | 有完整中文标题章节发现 + 关键词映射 + DOC_TYPES.required_sections | 被 `writer_policy` 冻结，直接 CLI 需双因子 |,5be80b582eceb3fffa36fd9b86e139c1fd06b6a2ef4a66271a05a427186c3248,WIKI-LEGACY-SPECIAL-0225,history_filing,historical_only,| 遗留栈 | `scripts/section_discovery.py` + `stage2_structure.py` + `pdf_extract_v3.py` | 有完整中文标题章节发现 + 关键词映射 + DOC_TYPES.required_sections | 被 `writer_policy` 冻结，直接 CLI 需双因子 |,原文及所属阶段时间/配置/样本范围；不继承已PASS结论,当前section_extractor.py/section_query.py；原文4行号会漂移,原调研是8/6实施前栈/行号/样本事实；当前已有section模块，不能继续把“规范栈无章节”当现状。,保留原始历史版本；将局部实现、生产消费和退休设计分别追踪，具体缺口见review.md,docs/plans/core-section-extraction/findings.md:1-80
C:\Users\郑曾波\Projects\company-wiki\docs\plans\core-section-extraction\findings.md,docs/plans/core-section-extraction/findings.md,13,13,关键：已存在可复用的中文财报章节知识（标题正则 + required_sections 关键词 + doc_type→section 映射），但在遗留栈，规范栈零引用。,5be80b582eceb3fffa36fd9b86e139c1fd06b6a2ef4a66271a05a427186c3248,WIKI-LEGACY-SPECIAL-0226,history_filing,historical_only,关键：已存在可复用的中文财报章节知识（标题正则 + required_sections 关键词 + doc_type→section 映射），但在遗留栈，规范栈零引用。,原文及所属阶段时间/配置/样本范围；不继承已PASS结论,当前section_extractor.py/section_query.py；原文4行号会漂移,原调研是8/6实施前栈/行号/样本事实；当前已有section模块，不能继续把“规范栈无章节”当现状。,保留原始历史版本；将局部实现、生产消费和退休设计分别追踪，具体缺口见review.md,docs/plans/core-section-extraction/findings.md:1-80
C:\Users\郑曾波\Projects\company-wiki\docs\plans\core-section-extraction\findings.md,docs/plans/core-section-extraction/findings.md,15,15,## 发现 2：遗留栈的章节知识是现成的、中文财报验证过的领域知识,5be80b582eceb3fffa36fd9b86e139c1fd06b6a2ef4a66271a05a427186c3248,WIKI-LEGACY-SPECIAL-0227,history_filing,historical_only,## 发现 2：遗留栈的章节知识是现成的、中文财报验证过的领域知识,原文及所属阶段时间/配置/样本范围；不继承已PASS结论,当前section_extractor.py/section_query.py；原文4行号会漂移,原调研是8/6实施前栈/行号/样本事实；当前已有section模块，不能继续把“规范栈无章节”当现状。,保留原始历史版本；将局部实现、生产消费和退休设计分别追踪，具体缺口见review.md,docs/plans/core-section-extraction/findings.md:1-80
C:\Users\郑曾波\Projects\company-wiki\docs\plans\core-section-extraction\findings.md,docs/plans/core-section-extraction/findings.md,17,17,- `scripts/section_discovery.py:19-26`：`SECTION_PATTERNS` —— `第X节/章`、`一、`、`（一）` 标题正则 + `discover_sections`/`get_section_content`。,5be80b582eceb3fffa36fd9b86e139c1fd06b6a2ef4a66271a05a427186c3248,WIKI-LEGACY-SPECIAL-0228,history_filing,historical_only,- `scripts/section_discovery.py:19-26`：`SECTION_PATTERNS` —— `第X节/章`、`一、`、`（一）` 标题正则 + `discover_sections`/`get_section_content`。,原文及所属阶段时间/配置/样本范围；不继承已PASS结论,当前section_extractor.py/section_query.py；原文4行号会漂移,原调研是8/6实施前栈/行号/样本事实；当前已有section模块，不能继续把“规范栈无章节”当现状。,保留原始历史版本；将局部实现、生产消费和退休设计分别追踪，具体缺口见review.md,docs/plans/core-section-extraction/findings.md:1-80
C:\Users\郑曾波\Projects\company-wiki\docs\plans\core-section-extraction\findings.md,docs/plans/core-section-extraction/findings.md,18,18,- `scripts/stage2_structure.py:372-388`：`section_keywords` —— 管理层讨论与分析/经营情况讨论与分析→`management_discussion`(high)、业务概要/主要业务→`business_overview`(high)、业务与技术→high。,5be80b582eceb3fffa36fd9b86e139c1fd06b6a2ef4a66271a05a427186c3248,WIKI-LEGACY-SPECIAL-0229,history_filing,historical_only,- `scripts/stage2_structure.py:372-388`：`section_keywords` —— 管理层讨论与分析/经营情况讨论与分析→`management_discussion`(high)、业务概要/主要业务→`business_overview`(high)、业务与技术→high。,原文及所属阶段时间/配置/样本范围；不继承已PASS结论,当前section_extractor.py/section_query.py；原文4行号会漂移,原调研是8/6实施前栈/行号/样本事实；当前已有section模块，不能继续把“规范栈无章节”当现状。,保留原始历史版本；将局部实现、生产消费和退休设计分别追踪，具体缺口见review.md,docs/plans/core-section-extraction/findings.md:1-80
C:\Users\郑曾波\Projects\company-wiki\docs\plans\core-section-extraction\findings.md,docs/plans/core-section-extraction/findings.md,19,19,"- `scripts/pdf_extract_v3.py:36-55`：`DOC_TYPES.required_sections` —— annual_report→[管理层讨论,财务报告]、semi_annual_report→[管理层讨论,主要会计数据]、**prospectus→[业务与技术,财务会计信息]**。",5be80b582eceb3fffa36fd9b86e139c1fd06b6a2ef4a66271a05a427186c3248,WIKI-LEGACY-SPECIAL-0230,history_filing,historical_only,"- `scripts/pdf_extract_v3.py:36-55`：`DOC_TYPES.required_sections` —— annual_report→[管理层讨论,财务报告]、semi_annual_report→[管理层讨论,主要会计数据]、**prospectus→[业务与技术,财务会计信息]**。",原文及所属阶段时间/配置/样本范围；不继承已PASS结论,当前section_extractor.py/section_query.py；原文4行号会漂移,原调研是8/6实施前栈/行号/样本事实；当前已有section模块，不能继续把“规范栈无章节”当现状。,保留原始历史版本；将局部实现、生产消费和退休设计分别追踪，具体缺口见review.md,docs/plans/core-section-extraction/findings.md:1-80
C:\Users\郑曾波\Projects\company-wiki\docs\plans\core-section-extraction\findings.md,docs/plans/core-section-extraction/findings.md,20,20,"- 冻结的是""直接跑遗留 CLI 写研究产物""，**不是复用其无副作用的正则/关键词**。本计划独立重写（不 import 遗留代码），彻底干净。",5be80b582eceb3fffa36fd9b86e139c1fd06b6a2ef4a66271a05a427186c3248,WIKI-LEGACY-SPECIAL-0231,history_filing,historical_only,"- 冻结的是""直接跑遗留 CLI 写研究产物""，**不是复用其无副作用的正则/关键词**。本计划独立重写（不 import 遗留代码），彻底干净。",原文及所属阶段时间/配置/样本范围；不继承已PASS结论,当前section_extractor.py/section_query.py；原文4行号会漂移,原调研是8/6实施前栈/行号/样本事实；当前已有section模块，不能继续把“规范栈无章节”当现状。,保留原始历史版本；将局部实现、生产消费和退休设计分别追踪，具体缺口见review.md,docs/plans/core-section-extraction/findings.md:1-80
C:\Users\郑曾波\Projects\company-wiki\docs\plans\core-section-extraction\findings.md,docs/plans/core-section-extraction/findings.md,22,22,## 发现 3：Spike 验证 — 独立正则在真实 normalized.md 上召回 100%,5be80b582eceb3fffa36fd9b86e139c1fd06b6a2ef4a66271a05a427186c3248,WIKI-LEGACY-SPECIAL-0232,history_filing,insufficient_evidence,## 发现 3：Spike 验证 — 独立正则在真实 normalized.md 上召回 100%,原文及所属阶段时间/配置/样本范围；不继承已PASS结论,原文26–30样本表；当前regex中文标题规则,100%召回仅列2份七一二年报、1半年报、1招股书，未定义金标准/盲测/漏检分母；不推总体准确率。,保留原始历史版本；将局部实现、生产消费和退休设计分别追踪，具体缺口见review.md,docs/plans/core-section-extraction/findings.md:22-36
C:\Users\郑曾波\Projects\company-wiki\docs\plans\core-section-extraction\findings.md,docs/plans/core-section-extraction/findings.md,24,24,"脚本 `_spike_sections.py`（项目根，临时，跑完待删），独立正则 `^\s*(第[一二三四五六七八九十百千]+[节章])\s+(.{2,40}?)$` + 关键词表，对真实 normalized.md：",5be80b582eceb3fffa36fd9b86e139c1fd06b6a2ef4a66271a05a427186c3248,WIKI-LEGACY-SPECIAL-0233,history_filing,insufficient_evidence,"脚本 `_spike_sections.py`（项目根，临时，跑完待删），独立正则 `^\s*(第[一二三四五六七八九十百千]+[节章])\s+(.{2,40}?)$` + 关键词表，对真实 normalized.md：",原文及所属阶段时间/配置/样本范围；不继承已PASS结论,原文26–30样本表；当前regex中文标题规则,100%召回仅列2份七一二年报、1半年报、1招股书，未定义金标准/盲测/漏检分母；不推总体准确率。,保留原始历史版本；将局部实现、生产消费和退休设计分别追踪，具体缺口见review.md,docs/plans/core-section-extraction/findings.md:22-36
C:\Users\郑曾波\Projects\company-wiki\docs\plans\core-section-extraction\findings.md,docs/plans/core-section-extraction/findings.md,26,26,| 文档 | 定位到的核心章节（全 HIGH 命中） |,5be80b582eceb3fffa36fd9b86e139c1fd06b6a2ef4a66271a05a427186c3248,WIKI-LEGACY-SPECIAL-0234,history_filing,insufficient_evidence,| 文档 | 定位到的核心章节（全 HIGH 命中） |,原文及所属阶段时间/配置/样本范围；不继承已PASS结论,原文26–30样本表；当前regex中文标题规则,100%召回仅列2份七一二年报、1半年报、1招股书，未定义金标准/盲测/漏检分母；不推总体准确率。,保留原始历史版本；将局部实现、生产消费和退休设计分别追踪，具体缺口见review.md,docs/plans/core-section-extraction/findings.md:22-36
C:\Users\郑曾波\Projects\company-wiki\docs\plans\core-section-extraction\findings.md,docs/plans/core-section-extraction/findings.md,28,28,| 年报 七一二 2018/2019（12 节全识别，零噪音） | 第三节 公司业务概要(业务)、**第四节 经营情况讨论与分析(MD&A)**、第十一节 财务报告 |,5be80b582eceb3fffa36fd9b86e139c1fd06b6a2ef4a66271a05a427186c3248,WIKI-LEGACY-SPECIAL-0235,history_filing,insufficient_evidence,| 年报 七一二 2018/2019（12 节全识别，零噪音） | 第三节 公司业务概要(业务)、**第四节 经营情况讨论与分析(MD&A)**、第十一节 财务报告 |,原文及所属阶段时间/配置/样本范围；不继承已PASS结论,原文26–30样本表；当前regex中文标题规则,100%召回仅列2份七一二年报、1半年报、1招股书，未定义金标准/盲测/漏检分母；不推总体准确率。,保留原始历史版本；将局部实现、生产消费和退休设计分别追踪，具体缺口见review.md,docs/plans/core-section-extraction/findings.md:22-36
C:\Users\郑曾波\Projects\company-wiki\docs\plans\core-section-extraction\findings.md,docs/plans/core-section-extraction/findings.md,29,29,| 半年报 万华化学 2025（8 节全识别） | **第三节 管理层讨论与分析(MD&A)**、第八节 财务报告 |,5be80b582eceb3fffa36fd9b86e139c1fd06b6a2ef4a66271a05a427186c3248,WIKI-LEGACY-SPECIAL-0236,history_filing,insufficient_evidence,| 半年报 万华化学 2025（8 节全识别） | **第三节 管理层讨论与分析(MD&A)**、第八节 财务报告 |,原文及所属阶段时间/配置/样本范围；不继承已PASS结论,原文26–30样本表；当前regex中文标题规则,100%召回仅列2份七一二年报、1半年报、1招股书，未定义金标准/盲测/漏检分母；不推总体准确率。,保留原始历史版本；将局部实现、生产消费和退休设计分别追踪，具体缺口见review.md,docs/plans/core-section-extraction/findings.md:22-36
C:\Users\郑曾波\Projects\company-wiki\docs\plans\core-section-extraction\findings.md,docs/plans/core-section-extraction/findings.md,30,30,| 招股书 七一二 IPO（17 章全识别） | **第六章 业务与技术(业务)**、第十一章 管理层讨论与分析、第四章 风险因素 |,5be80b582eceb3fffa36fd9b86e139c1fd06b6a2ef4a66271a05a427186c3248,WIKI-LEGACY-SPECIAL-0237,history_filing,insufficient_evidence,| 招股书 七一二 IPO（17 章全识别） | **第六章 业务与技术(业务)**、第十一章 管理层讨论与分析、第四章 风险因素 |,原文及所属阶段时间/配置/样本范围；不继承已PASS结论,原文26–30样本表；当前regex中文标题规则,100%召回仅列2份七一二年报、1半年报、1招股书，未定义金标准/盲测/漏检分母；不推总体准确率。,保留原始历史版本；将局部实现、生产消费和退休设计分别追踪，具体缺口见review.md,docs/plans/core-section-extraction/findings.md:22-36
C:\Users\郑曾波\Projects\company-wiki\docs\plans\core-section-extraction\findings.md,docs/plans/core-section-extraction/findings.md,32,32,关键验证点：,5be80b582eceb3fffa36fd9b86e139c1fd06b6a2ef4a66271a05a427186c3248,WIKI-LEGACY-SPECIAL-0238,history_filing,insufficient_evidence,关键验证点：,原文及所属阶段时间/配置/样本范围；不继承已PASS结论,原文26–30样本表；当前regex中文标题规则,100%召回仅列2份七一二年报、1半年报、1招股书，未定义金标准/盲测/漏检分母；不推总体准确率。,保留原始历史版本；将局部实现、生产消费和退休设计分别追踪，具体缺口见review.md,docs/plans/core-section-extraction/findings.md:22-36
C:\Users\郑曾波\Projects\company-wiki\docs\plans\core-section-extraction\findings.md,docs/plans/core-section-extraction/findings.md,33,33,- MD&A 两种标题变体（管理层讨论 / 经营情况讨论）都被关键词覆盖 ✅,5be80b582eceb3fffa36fd9b86e139c1fd06b6a2ef4a66271a05a427186c3248,WIKI-LEGACY-SPECIAL-0239,history_filing,insufficient_evidence,- MD&A 两种标题变体（管理层讨论 / 经营情况讨论）都被关键词覆盖 ✅,原文及所属阶段时间/配置/样本范围；不继承已PASS结论,原文26–30样本表；当前regex中文标题规则,100%召回仅列2份七一二年报、1半年报、1招股书，未定义金标准/盲测/漏检分母；不推总体准确率。,保留原始历史版本；将局部实现、生产消费和退休设计分别追踪，具体缺口见review.md,docs/plans/core-section-extraction/findings.md:22-36
C:\Users\郑曾波\Projects\company-wiki\docs\plans\core-section-extraction\findings.md,docs/plans/core-section-extraction/findings.md,34,34,"- 招股书用""第X**章**""非""节""，正则 `[节章]` 覆盖 ✅",5be80b582eceb3fffa36fd9b86e139c1fd06b6a2ef4a66271a05a427186c3248,WIKI-LEGACY-SPECIAL-0240,history_filing,insufficient_evidence,"- 招股书用""第X**章**""非""节""，正则 `[节章]` 覆盖 ✅",原文及所属阶段时间/配置/样本范围；不继承已PASS结论,原文26–30样本表；当前regex中文标题规则,100%召回仅列2份七一二年报、1半年报、1招股书，未定义金标准/盲测/漏检分母；不推总体准确率。,保留原始历史版本；将局部实现、生产消费和退休设计分别追踪，具体缺口见review.md,docs/plans/core-section-extraction/findings.md:22-36
C:\Users\郑曾波\Projects\company-wiki\docs\plans\core-section-extraction\findings.md,docs/plans/core-section-extraction/findings.md,35,35,- normalized.md 质量足够（百万字 body、章节标题清晰成行）✅,5be80b582eceb3fffa36fd9b86e139c1fd06b6a2ef4a66271a05a427186c3248,WIKI-LEGACY-SPECIAL-0241,history_filing,insufficient_evidence,- normalized.md 质量足够（百万字 body、章节标题清晰成行）✅,原文及所属阶段时间/配置/样本范围；不继承已PASS结论,原文26–30样本表；当前regex中文标题规则,100%召回仅列2份七一二年报、1半年报、1招股书，未定义金标准/盲测/漏检分母；不推总体准确率。,保留原始历史版本；将局部实现、生产消费和退休设计分别追踪，具体缺口见review.md,docs/plans/core-section-extraction/findings.md:22-36
C:\Users\郑曾波\Projects\company-wiki\docs\plans\core-section-extraction\findings.md,docs/plans/core-section-extraction/findings.md,36,36,- 召回 100%、零噪音 ✅,5be80b582eceb3fffa36fd9b86e139c1fd06b6a2ef4a66271a05a427186c3248,WIKI-LEGACY-SPECIAL-0242,history_filing,insufficient_evidence,- 召回 100%、零噪音 ✅,原文及所属阶段时间/配置/样本范围；不继承已PASS结论,原文26–30样本表；当前regex中文标题规则,100%召回仅列2份七一二年报、1半年报、1招股书，未定义金标准/盲测/漏检分母；不推总体准确率。,保留原始历史版本；将局部实现、生产消费和退休设计分别追踪，具体缺口见review.md,docs/plans/core-section-extraction/findings.md:22-36
C:\Users\郑曾波\Projects\company-wiki\docs\plans\core-section-extraction\findings.md,docs/plans/core-section-extraction/findings.md,38,38,## 发现 4：实现细节（artifact_role / worker / evidence 对齐）,5be80b582eceb3fffa36fd9b86e139c1fd06b6a2ef4a66271a05a427186c3248,WIKI-LEGACY-SPECIAL-0243,history_filing,historical_only,## 发现 4：实现细节（artifact_role / worker / evidence 对齐）,原文及所属阶段时间/配置/样本范围；不继承已PASS结论,当前section_extractor.py/section_query.py；原文4行号会漂移,原调研是8/6实施前栈/行号/样本事实；当前已有section模块，不能继续把“规范栈无章节”当现状。,保留原始历史版本；将局部实现、生产消费和退休设计分别追踪，具体缺口见review.md,docs/plans/core-section-extraction/findings.md:1-80
C:\Users\郑曾波\Projects\company-wiki\docs\plans\core-section-extraction\findings.md,docs/plans/core-section-extraction/findings.md,40,40,"- **artifact_role 是自由字符串，无 CHECK 枚举**（`store.py:121`）；UNIQUE 四元组 `(document_id,artifact_role,generator_name,generator_version)`（`store.py:132`）。加 `""sections""` 不改 DDL、不改 admission。",5be80b582eceb3fffa36fd9b86e139c1fd06b6a2ef4a66271a05a427186c3248,WIKI-LEGACY-SPECIAL-0244,history_filing,historical_only,"- **artifact_role 是自由字符串，无 CHECK 枚举**（`store.py:121`）；UNIQUE 四元组 `(document_id,artifact_role,generator_name,generator_version)`（`store.py:132`）。加 `""sections""` 不改 DDL、不改 admission。",原文及所属阶段时间/配置/样本范围；不继承已PASS结论,当前section_extractor.py/section_query.py；原文4行号会漂移,原调研是8/6实施前栈/行号/样本事实；当前已有section模块，不能继续把“规范栈无章节”当现状。,保留原始历史版本；将局部实现、生产消费和退休设计分别追踪，具体缺口见review.md,docs/plans/core-section-extraction/findings.md:1-80
C:\Users\郑曾波\Projects\company-wiki\docs\plans\core-section-extraction\findings.md,docs/plans/core-section-extraction/findings.md,41,41,- **无专用 store 方法写 artifact** —— normalizer 直接在 `store.transaction()` 里裸 INSERT SQL（`normalizer.py:1601-1631`，`ON CONFLICT(...) DO UPDATE`）。section_extractor 照抄。,5be80b582eceb3fffa36fd9b86e139c1fd06b6a2ef4a66271a05a427186c3248,WIKI-LEGACY-SPECIAL-0245,history_filing,historical_only,- **无专用 store 方法写 artifact** —— normalizer 直接在 `store.transaction()` 里裸 INSERT SQL（`normalizer.py:1601-1631`，`ON CONFLICT(...) DO UPDATE`）。section_extractor 照抄。,原文及所属阶段时间/配置/样本范围；不继承已PASS结论,当前section_extractor.py/section_query.py；原文4行号会漂移,原调研是8/6实施前栈/行号/样本事实；当前已有section模块，不能继续把“规范栈无章节”当现状。,保留原始历史版本；将局部实现、生产消费和退休设计分别追踪，具体缺口见review.md,docs/plans/core-section-extraction/findings.md:1-80
C:\Users\郑曾波\Projects\company-wiki\docs\plans\core-section-extraction\findings.md,docs/plans/core-section-extraction/findings.md,42,42,- **worker 集成**（首版不做，记 Phase 4）：`SourceOnlyStage` 枚举 `scheduler_policy.py:30-37` + `_STAGE_CONTRACTS:52-63` + `WorkerConfig` dataclass `worker.py:22-49`（`fingerprint_backfill_batch_size:42` 为范本）+ `load_worker_config` schema 分支 `worker.py:158-173`/构造 `:195-219` + run_cycle 批处理步骤 `worker.py:594-709`。加一个 stage 要改约 7 处。`_FORBIDDEN_DISPATCH_TOKENS`（`scheduler_policy.py:12-23`）禁投研词，`extract_sections`/`SECTION_EXTRACTING` 不触雷。,5be80b582eceb3fffa36fd9b86e139c1fd06b6a2ef4a66271a05a427186c3248,WIKI-LEGACY-SPECIAL-0246,history_filing,historical_only,- **worker 集成**（首版不做，记 Phase 4）：`SourceOnlyStage` 枚举 `scheduler_policy.py:30-37` + `_STAGE_CONTRACTS:52-63` + `WorkerConfig` dataclass `worker.py:22-49`（`fingerprint_backfill_batch_size:42` 为范本）+ `load_worker_config` schema 分支 `worker.py:158-173`/构造 `:195-219` + run_cycle 批处理步骤 `worker.py:594-709`。加一个 stage 要改约 7 处。`_FORBIDDEN_DISPATCH_TOKENS`（`scheduler_policy.py:12-23`）禁投研词，`extract_sections`/`SECTION_EXTRACTING` 不触雷。,原文及所属阶段时间/配置/样本范围；不继承已PASS结论,当前section_extractor.py/section_query.py；原文4行号会漂移,原调研是8/6实施前栈/行号/样本事实；当前已有section模块，不能继续把“规范栈无章节”当现状。,保留原始历史版本；将局部实现、生产消费和退休设计分别追踪，具体缺口见review.md,docs/plans/core-section-extraction/findings.md:1-80
C:\Users\郑曾波\Projects\company-wiki\docs\plans\core-section-extraction\findings.md,docs/plans/core-section-extraction/findings.md,43,43,- **evidence 对齐**（首版不做，记 Phase 5）：`char_start/char_end` 只在 PyMuPDF 页面感知路径有（`parser_adapters/pdf_page_aware.py:340-366`，相对整篇 body 偏移）；docling `_docling_markdown`（`normalizer.py:898-963`）整页聚合、char 全 None → 只能退化 page 级 + 子串匹配。`list_spans`（`evidence_query.py:366`）无 page 过滤参数，按 page 筛要客户端过滤或扩契约。,5be80b582eceb3fffa36fd9b86e139c1fd06b6a2ef4a66271a05a427186c3248,WIKI-LEGACY-SPECIAL-0247,history_filing,historical_only,- **evidence 对齐**（首版不做，记 Phase 5）：`char_start/char_end` 只在 PyMuPDF 页面感知路径有（`parser_adapters/pdf_page_aware.py:340-366`，相对整篇 body 偏移）；docling `_docling_markdown`（`normalizer.py:898-963`）整页聚合、char 全 None → 只能退化 page 级 + 子串匹配。`list_spans`（`evidence_query.py:366`）无 page 过滤参数，按 page 筛要客户端过滤或扩契约。,原文及所属阶段时间/配置/样本范围；不继承已PASS结论,当前section_extractor.py/section_query.py；原文4行号会漂移,原调研是8/6实施前栈/行号/样本事实；当前已有section模块，不能继续把“规范栈无章节”当现状。,保留原始历史版本；将局部实现、生产消费和退休设计分别追踪，具体缺口见review.md,docs/plans/core-section-extraction/findings.md:1-80
C:\Users\郑曾波\Projects\company-wiki\docs\plans\core-section-extraction\findings.md,docs/plans/core-section-extraction/findings.md,44,44,- **关键语义**：normalizer 重跑会 `DELETE FROM evidence_spans WHERE document_id`（`normalizer.py:1576`）—— 所以 section evidence spans 会被清空、需重跑。section 提取必须在 normalize 之后（依赖链天然成立）。,5be80b582eceb3fffa36fd9b86e139c1fd06b6a2ef4a66271a05a427186c3248,WIKI-LEGACY-SPECIAL-0248,history_filing,historical_only,- **关键语义**：normalizer 重跑会 `DELETE FROM evidence_spans WHERE document_id`（`normalizer.py:1576`）—— 所以 section evidence spans 会被清空、需重跑。section 提取必须在 normalize 之后（依赖链天然成立）。,原文及所属阶段时间/配置/样本范围；不继承已PASS结论,当前section_extractor.py/section_query.py；原文4行号会漂移,原调研是8/6实施前栈/行号/样本事实；当前已有section模块，不能继续把“规范栈无章节”当现状。,保留原始历史版本；将局部实现、生产消费和退休设计分别追踪，具体缺口见review.md,docs/plans/core-section-extraction/findings.md:1-80
C:\Users\郑曾波\Projects\company-wiki\docs\plans\core-section-extraction\findings.md,docs/plans/core-section-extraction/findings.md,46,46,## 发现 5：消费方现状（缺口即本功能价值）,5be80b582eceb3fffa36fd9b86e139c1fd06b6a2ef4a66271a05a427186c3248,WIKI-LEGACY-SPECIAL-0249,history_filing,historical_only,## 发现 5：消费方现状（缺口即本功能价值）,原文及所属阶段时间/配置/样本范围；不继承已PASS结论,当前section_extractor.py/section_query.py；原文4行号会漂移,原调研是8/6实施前栈/行号/样本事实；当前已有section模块，不能继续把“规范栈无章节”当现状。,保留原始历史版本；将局部实现、生产消费和退休设计分别追踪，具体缺口见review.md,docs/plans/core-section-extraction/findings.md:1-80
C:\Users\郑曾波\Projects\company-wiki\docs\plans\core-section-extraction\findings.md,docs/plans/core-section-extraction/findings.md,48,48,"- filing-fetch 交给 agent 的是 capture-ready handle（document_id + 路径），**只到""文件就位""为止**。",5be80b582eceb3fffa36fd9b86e139c1fd06b6a2ef4a66271a05a427186c3248,WIKI-LEGACY-SPECIAL-0250,history_filing,historical_only,"- filing-fetch 交给 agent 的是 capture-ready handle（document_id + 路径），**只到""文件就位""为止**。",原文及所属阶段时间/配置/样本范围；不继承已PASS结论,当前section_extractor.py/section_query.py；原文4行号会漂移,原调研是8/6实施前栈/行号/样本事实；当前已有section模块，不能继续把“规范栈无章节”当现状。,保留原始历史版本；将局部实现、生产消费和退休设计分别追踪，具体缺口见review.md,docs/plans/core-section-extraction/findings.md:1-80
C:\Users\郑曾波\Projects\company-wiki\docs\plans\core-section-extraction\findings.md,docs/plans/core-section-extraction/findings.md,49,49,- `revenue-forecast` 的 `company_wiki_source.py` **不在 company-wiki 仓**（在 revenue-forecast skill 内），其 `page_or_section: str` 参数靠 agent **手工填**，不解析不切片。,5be80b582eceb3fffa36fd9b86e139c1fd06b6a2ef4a66271a05a427186c3248,WIKI-LEGACY-SPECIAL-0251,history_filing,historical_only,- `revenue-forecast` 的 `company_wiki_source.py` **不在 company-wiki 仓**（在 revenue-forecast skill 内），其 `page_or_section: str` 参数靠 agent **手工填**，不解析不切片。,原文及所属阶段时间/配置/样本范围；不继承已PASS结论,当前section_extractor.py/section_query.py；原文4行号会漂移,原调研是8/6实施前栈/行号/样本事实；当前已有section模块，不能继续把“规范栈无章节”当现状。,保留原始历史版本；将局部实现、生产消费和退休设计分别追踪，具体缺口见review.md,docs/plans/core-section-extraction/findings.md:1-80
C:\Users\郑曾波\Projects\company-wiki\docs\plans\core-section-extraction\findings.md,docs/plans/core-section-extraction/findings.md,50,50,- agent 读 normalized.md 是直接读 `derived/{sha[:2]}/{sha}/normalized.md` 整篇。,5be80b582eceb3fffa36fd9b86e139c1fd06b6a2ef4a66271a05a427186c3248,WIKI-LEGACY-SPECIAL-0252,history_filing,historical_only,- agent 读 normalized.md 是直接读 `derived/{sha[:2]}/{sha}/normalized.md` 整篇。,原文及所属阶段时间/配置/样本范围；不继承已PASS结论,当前section_extractor.py/section_query.py；原文4行号会漂移,原调研是8/6实施前栈/行号/样本事实；当前已有section模块，不能继续把“规范栈无章节”当现状。,保留原始历史版本；将局部实现、生产消费和退休设计分别追踪，具体缺口见review.md,docs/plans/core-section-extraction/findings.md:1-80
C:\Users\郑曾波\Projects\company-wiki\docs\plans\core-section-extraction\findings.md,docs/plans/core-section-extraction/findings.md,51,51,"- ⇒ 消费方**强烈需要但缺** ""MD&A 章节""结构化输入。本功能补这个缺口；消费方对接 = agent 通过 `sections-list` CLI 或 `SectionQueryService` Python API 读 sections artifact。",5be80b582eceb3fffa36fd9b86e139c1fd06b6a2ef4a66271a05a427186c3248,WIKI-LEGACY-SPECIAL-0253,history_filing,historical_only,"- ⇒ 消费方**强烈需要但缺** ""MD&A 章节""结构化输入。本功能补这个缺口；消费方对接 = agent 通过 `sections-list` CLI 或 `SectionQueryService` Python API 读 sections artifact。",原文及所属阶段时间/配置/样本范围；不继承已PASS结论,当前section_extractor.py/section_query.py；原文4行号会漂移,原调研是8/6实施前栈/行号/样本事实；当前已有section模块，不能继续把“规范栈无章节”当现状。,保留原始历史版本；将局部实现、生产消费和退休设计分别追踪，具体缺口见review.md,docs/plans/core-section-extraction/findings.md:1-80
C:\Users\郑曾波\Projects\company-wiki\docs\plans\core-section-extraction\findings.md,docs/plans/core-section-extraction/findings.md,53,53,## 发现 6：单写者三件套（复用，不引新并发面）,5be80b582eceb3fffa36fd9b86e139c1fd06b6a2ef4a66271a05a427186c3248,WIKI-LEGACY-SPECIAL-0254,history_filing,historical_only,## 发现 6：单写者三件套（复用，不引新并发面）,原文及所属阶段时间/配置/样本范围；不继承已PASS结论,当前section_extractor.py/section_query.py；原文4行号会漂移,原调研是8/6实施前栈/行号/样本事实；当前已有section模块，不能继续把“规范栈无章节”当现状。,保留原始历史版本；将局部实现、生产消费和退休设计分别追踪，具体缺口见review.md,docs/plans/core-section-extraction/findings.md:1-80
C:\Users\郑曾波\Projects\company-wiki\docs\plans\core-section-extraction\findings.md,docs/plans/core-section-extraction/findings.md,55,55,"- 进程级：`CatalogOperationLock(catalog_dir, operation=...)`（`service.py:108` / `lock.py:355`）",5be80b582eceb3fffa36fd9b86e139c1fd06b6a2ef4a66271a05a427186c3248,WIKI-LEGACY-SPECIAL-0255,history_filing,historical_only,"- 进程级：`CatalogOperationLock(catalog_dir, operation=...)`（`service.py:108` / `lock.py:355`）",原文及所属阶段时间/配置/样本范围；不继承已PASS结论,当前section_extractor.py/section_query.py；原文4行号会漂移,原调研是8/6实施前栈/行号/样本事实；当前已有section模块，不能继续把“规范栈无章节”当现状。,保留原始历史版本；将局部实现、生产消费和退休设计分别追踪，具体缺口见review.md,docs/plans/core-section-extraction/findings.md:1-80
C:\Users\郑曾波\Projects\company-wiki\docs\plans\core-section-extraction\findings.md,docs/plans/core-section-extraction/findings.md,56,56,- SQLite 级：`store.transaction()` = `BEGIN IMMEDIATE`（`store.py:824-851`）,5be80b582eceb3fffa36fd9b86e139c1fd06b6a2ef4a66271a05a427186c3248,WIKI-LEGACY-SPECIAL-0256,history_filing,historical_only,- SQLite 级：`store.transaction()` = `BEGIN IMMEDIATE`（`store.py:824-851`）,原文及所属阶段时间/配置/样本范围；不继承已PASS结论,当前section_extractor.py/section_query.py；原文4行号会漂移,原调研是8/6实施前栈/行号/样本事实；当前已有section模块，不能继续把“规范栈无章节”当现状。,保留原始历史版本；将局部实现、生产消费和退休设计分别追踪，具体缺口见review.md,docs/plans/core-section-extraction/findings.md:1-80
C:\Users\郑曾波\Projects\company-wiki\docs\plans\core-section-extraction\findings.md,docs/plans/core-section-extraction/findings.md,57,57,- 线程级：worker 单线程 `run_cycle`（`worker.py:580-727`）,5be80b582eceb3fffa36fd9b86e139c1fd06b6a2ef4a66271a05a427186c3248,WIKI-LEGACY-SPECIAL-0257,history_filing,historical_only,- 线程级：worker 单线程 `run_cycle`（`worker.py:580-727`）,原文及所属阶段时间/配置/样本范围；不继承已PASS结论,当前section_extractor.py/section_query.py；原文4行号会漂移,原调研是8/6实施前栈/行号/样本事实；当前已有section模块，不能继续把“规范栈无章节”当现状。,保留原始历史版本；将局部实现、生产消费和退休设计分别追踪，具体缺口见review.md,docs/plans/core-section-extraction/findings.md:1-80
C:\Users\郑曾波\Projects\company-wiki\docs\plans\core-section-extraction\findings.md,docs/plans/core-section-extraction/findings.md,58,58,- 只读：`EvidenceQueryService` 用独立只读连接（`evidence_query.py:388`），不经 transaction、不碰锁。,5be80b582eceb3fffa36fd9b86e139c1fd06b6a2ef4a66271a05a427186c3248,WIKI-LEGACY-SPECIAL-0258,history_filing,historical_only,- 只读：`EvidenceQueryService` 用独立只读连接（`evidence_query.py:388`），不经 transaction、不碰锁。,原文及所属阶段时间/配置/样本范围；不继承已PASS结论,当前section_extractor.py/section_query.py；原文4行号会漂移,原调研是8/6实施前栈/行号/样本事实；当前已有section模块，不能继续把“规范栈无章节”当现状。,保留原始历史版本；将局部实现、生产消费和退休设计分别追踪，具体缺口见review.md,docs/plans/core-section-extraction/findings.md:1-80
C:\Users\郑曾波\Projects\company-wiki\docs\plans\core-section-extraction\findings.md,docs/plans/core-section-extraction/findings.md,59,59,- ⇒ section_extractor 所有写走这条管道，所有读走独立只读连接，天然合规。,5be80b582eceb3fffa36fd9b86e139c1fd06b6a2ef4a66271a05a427186c3248,WIKI-LEGACY-SPECIAL-0259,history_filing,historical_only,- ⇒ section_extractor 所有写走这条管道，所有读走独立只读连接，天然合规。,原文及所属阶段时间/配置/样本范围；不继承已PASS结论,当前section_extractor.py/section_query.py；原文4行号会漂移,原调研是8/6实施前栈/行号/样本事实；当前已有section模块，不能继续把“规范栈无章节”当现状。,保留原始历史版本；将局部实现、生产消费和退休设计分别追踪，具体缺口见review.md,docs/plans/core-section-extraction/findings.md:1-80
C:\Users\郑曾波\Projects\company-wiki\docs\plans\core-section-extraction\findings.md,docs/plans/core-section-extraction/findings.md,61,61,"## 发现 7（Phase 5 设计关键）：locator 无 section 维度，章节溯源应""关联既有 spans""而非新建",5be80b582eceb3fffa36fd9b86e139c1fd06b6a2ef4a66271a05a427186c3248,WIKI-LEGACY-SPECIAL-0260,history_filing,supported_scoped,"## 发现 7（Phase 5 设计关键）：locator 无 section 维度，章节溯源应""关联既有 spans""而非新建",原文及所属阶段时间/配置/样本范围；不继承已PASS结论,progress:80–86；extractor:375–392；section_probe.json,复用既有spans而非发明section locator的契约取舍合理；char基准后被查出不对齐，当前只页关联并无query时重校验。,保留原始历史版本；将局部实现、生产消费和退休设计分别追踪，具体缺口见review.md,docs/plans/core-section-extraction/findings.md:61-66
C:\Users\郑曾波\Projects\company-wiki\docs\plans\core-section-extraction\findings.md,docs/plans/core-section-extraction/findings.md,63,63,- `EvidenceCoordinates`（`source_contract/evidence_span.py:194-279`）字段仅 page/paragraph/table/row/column/chars；`locator()` 从这些生成 `loc:v1/page:N/.../chars:S-E`。,5be80b582eceb3fffa36fd9b86e139c1fd06b6a2ef4a66271a05a427186c3248,WIKI-LEGACY-SPECIAL-0261,history_filing,supported_scoped,- `EvidenceCoordinates`（`source_contract/evidence_span.py:194-279`）字段仅 page/paragraph/table/row/column/chars；`locator()` 从这些生成 `loc:v1/page:N/.../chars:S-E`。,原文及所属阶段时间/配置/样本范围；不继承已PASS结论,progress:80–86；extractor:375–392；section_probe.json,复用既有spans而非发明section locator的契约取舍合理；char基准后被查出不对齐，当前只页关联并无query时重校验。,保留原始历史版本；将局部实现、生产消费和退休设计分别追踪，具体缺口见review.md,docs/plans/core-section-extraction/findings.md:61-66
C:\Users\郑曾波\Projects\company-wiki\docs\plans\core-section-extraction\findings.md,docs/plans/core-section-extraction/findings.md,64,64,- `EvidenceSpan.__post_init__`（`:310-312`）强校验 `self.locator == self.coordinates.locator()`——**不能引入 `loc:v1/section:<role>` 命名空间**（Explore 早期建议不可行，除非 schema 升级）。,5be80b582eceb3fffa36fd9b86e139c1fd06b6a2ef4a66271a05a427186c3248,WIKI-LEGACY-SPECIAL-0262,history_filing,supported_scoped,- `EvidenceSpan.__post_init__`（`:310-312`）强校验 `self.locator == self.coordinates.locator()`——**不能引入 `loc:v1/section:<role>` 命名空间**（Explore 早期建议不可行，除非 schema 升级）。,原文及所属阶段时间/配置/样本范围；不继承已PASS结论,progress:80–86；extractor:375–392；section_probe.json,复用既有spans而非发明section locator的契约取舍合理；char基准后被查出不对齐，当前只页关联并无query时重校验。,保留原始历史版本；将局部实现、生产消费和退休设计分别追踪，具体缺口见review.md,docs/plans/core-section-extraction/findings.md:61-66
C:\Users\郑曾波\Projects\company-wiki\docs\plans\core-section-extraction\findings.md,docs/plans/core-section-extraction/findings.md,65,65,- ⇒ Phase 5 正确路径：**章节区间 → 过滤文档既有 evidence_spans（char 或 page 对齐）→ 把 span_ids 关联进 sections/index.json**。不 INSERT 新 spans、不污染证据表、不改 schema。,5be80b582eceb3fffa36fd9b86e139c1fd06b6a2ef4a66271a05a427186c3248,WIKI-LEGACY-SPECIAL-0263,history_filing,supported_scoped,- ⇒ Phase 5 正确路径：**章节区间 → 过滤文档既有 evidence_spans（char 或 page 对齐）→ 把 span_ids 关联进 sections/index.json**。不 INSERT 新 spans、不污染证据表、不改 schema。,原文及所属阶段时间/配置/样本范围；不继承已PASS结论,progress:80–86；extractor:375–392；section_probe.json,复用既有spans而非发明section locator的契约取舍合理；char基准后被查出不对齐，当前只页关联并无query时重校验。,保留原始历史版本；将局部实现、生产消费和退休设计分别追踪，具体缺口见review.md,docs/plans/core-section-extraction/findings.md:61-66
C:\Users\郑曾波\Projects\company-wiki\docs\plans\core-section-extraction\findings.md,docs/plans/core-section-extraction/findings.md,66,66,- char 对齐前提：PyMuPDF 路径 spans 有 char_start/end（`parser_adapters/pdf_page_aware.py:340-366`，相对拼接后 body）；docling 路径无 char（整页聚合）→ 退化 page 级或子串匹配。,5be80b582eceb3fffa36fd9b86e139c1fd06b6a2ef4a66271a05a427186c3248,WIKI-LEGACY-SPECIAL-0264,history_filing,supported_scoped,- char 对齐前提：PyMuPDF 路径 spans 有 char_start/end（`parser_adapters/pdf_page_aware.py:340-366`，相对拼接后 body）；docling 路径无 char（整页聚合）→ 退化 page 级或子串匹配。,原文及所属阶段时间/配置/样本范围；不继承已PASS结论,progress:80–86；extractor:375–392；section_probe.json,复用既有spans而非发明section locator的契约取舍合理；char基准后被查出不对齐，当前只页关联并无query时重校验。,保留原始历史版本；将局部实现、生产消费和退休设计分别追踪，具体缺口见review.md,docs/plans/core-section-extraction/findings.md:61-66
C:\Users\郑曾波\Projects\company-wiki\docs\plans\core-section-extraction\findings.md,docs/plans/core-section-extraction/findings.md,70,70,| 用途 | file:line |,5be80b582eceb3fffa36fd9b86e139c1fd06b6a2ef4a66271a05a427186c3248,WIKI-LEGACY-SPECIAL-0265,history_filing,historical_only,| 用途 | file:line |,原文及所属阶段时间/配置/样本范围；不继承已PASS结论,当前section_extractor.py/section_query.py；原文4行号会漂移,原调研是8/6实施前栈/行号/样本事实；当前已有section模块，不能继续把“规范栈无章节”当现状。,保留原始历史版本；将局部实现、生产消费和退休设计分别追踪，具体缺口见review.md,docs/plans/core-section-extraction/findings.md:1-80
C:\Users\郑曾波\Projects\company-wiki\docs\plans\core-section-extraction\findings.md,docs/plans/core-section-extraction/findings.md,72,72,| `_atomic_write`（.tmp+os.replace） | `normalizer.py:1359-1366` |,5be80b582eceb3fffa36fd9b86e139c1fd06b6a2ef4a66271a05a427186c3248,WIKI-LEGACY-SPECIAL-0266,history_filing,historical_only,| `_atomic_write`（.tmp+os.replace） | `normalizer.py:1359-1366` |,原文及所属阶段时间/配置/样本范围；不继承已PASS结论,当前section_extractor.py/section_query.py；原文4行号会漂移,原调研是8/6实施前栈/行号/样本事实；当前已有section模块，不能继续把“规范栈无章节”当现状。,保留原始历史版本；将局部实现、生产消费和退休设计分别追踪，具体缺口见review.md,docs/plans/core-section-extraction/findings.md:1-80
C:\Users\郑曾波\Projects\company-wiki\docs\plans\core-section-extraction\findings.md,docs/plans/core-section-extraction/findings.md,73,73,| `_NORMALIZER_NAME` 命名风格 | `normalizer.py:44` |,5be80b582eceb3fffa36fd9b86e139c1fd06b6a2ef4a66271a05a427186c3248,WIKI-LEGACY-SPECIAL-0267,history_filing,historical_only,| `_NORMALIZER_NAME` 命名风格 | `normalizer.py:44` |,原文及所属阶段时间/配置/样本范围；不继承已PASS结论,当前section_extractor.py/section_query.py；原文4行号会漂移,原调研是8/6实施前栈/行号/样本事实；当前已有section模块，不能继续把“规范栈无章节”当现状。,保留原始历史版本；将局部实现、生产消费和退休设计分别追踪，具体缺口见review.md,docs/plans/core-section-extraction/findings.md:1-80
C:\Users\郑曾波\Projects\company-wiki\docs\plans\core-section-extraction\findings.md,docs/plans/core-section-extraction/findings.md,74,74,| 选文档 SQL（JOIN artifacts existing WHERE IS NULL） | `normalizer.py:1412-1430` |,5be80b582eceb3fffa36fd9b86e139c1fd06b6a2ef4a66271a05a427186c3248,WIKI-LEGACY-SPECIAL-0268,history_filing,historical_only,| 选文档 SQL（JOIN artifacts existing WHERE IS NULL） | `normalizer.py:1412-1430` |,原文及所属阶段时间/配置/样本范围；不继承已PASS结论,当前section_extractor.py/section_query.py；原文4行号会漂移,原调研是8/6实施前栈/行号/样本事实；当前已有section模块，不能继续把“规范栈无章节”当现状。,保留原始历史版本；将局部实现、生产消费和退休设计分别追踪，具体缺口见review.md,docs/plans/core-section-extraction/findings.md:1-80
C:\Users\郑曾波\Projects\company-wiki\docs\plans\core-section-extraction\findings.md,docs/plans/core-section-extraction/findings.md,75,75,| artifact INSERT ON CONFLICT | `normalizer.py:1601-1631` |,5be80b582eceb3fffa36fd9b86e139c1fd06b6a2ef4a66271a05a427186c3248,WIKI-LEGACY-SPECIAL-0269,history_filing,historical_only,| artifact INSERT ON CONFLICT | `normalizer.py:1601-1631` |,原文及所属阶段时间/配置/样本范围；不继承已PASS结论,当前section_extractor.py/section_query.py；原文4行号会漂移,原调研是8/6实施前栈/行号/样本事实；当前已有section模块，不能继续把“规范栈无章节”当现状。,保留原始历史版本；将局部实现、生产消费和退休设计分别追踪，具体缺口见review.md,docs/plans/core-section-extraction/findings.md:1-80
C:\Users\郑曾波\Projects\company-wiki\docs\plans\core-section-extraction\findings.md,docs/plans/core-section-extraction/findings.md,76,76,| service lock 包装范本 | `service.py:108-123`（backfill_text_fingerprints） |,5be80b582eceb3fffa36fd9b86e139c1fd06b6a2ef4a66271a05a427186c3248,WIKI-LEGACY-SPECIAL-0270,history_filing,historical_only,| service lock 包装范本 | `service.py:108-123`（backfill_text_fingerprints） |,原文及所属阶段时间/配置/样本范围；不继承已PASS结论,当前section_extractor.py/section_query.py；原文4行号会漂移,原调研是8/6实施前栈/行号/样本事实；当前已有section模块，不能继续把“规范栈无章节”当现状。,保留原始历史版本；将局部实现、生产消费和退休设计分别追踪，具体缺口见review.md,docs/plans/core-section-extraction/findings.md:1-80
C:\Users\郑曾波\Projects\company-wiki\docs\plans\core-section-extraction\findings.md,docs/plans/core-section-extraction/findings.md,77,77,| CLI 子命令注册+dispatch 范本 | `cli.py:206-210` / `:649-650`（fingerprint-backfill） |,5be80b582eceb3fffa36fd9b86e139c1fd06b6a2ef4a66271a05a427186c3248,WIKI-LEGACY-SPECIAL-0271,history_filing,historical_only,| CLI 子命令注册+dispatch 范本 | `cli.py:206-210` / `:649-650`（fingerprint-backfill） |,原文及所属阶段时间/配置/样本范围；不继承已PASS结论,当前section_extractor.py/section_query.py；原文4行号会漂移,原调研是8/6实施前栈/行号/样本事实；当前已有section模块，不能继续把“规范栈无章节”当现状。,保留原始历史版本；将局部实现、生产消费和退休设计分别追踪，具体缺口见review.md,docs/plans/core-section-extraction/findings.md:1-80
C:\Users\郑曾波\Projects\company-wiki\docs\plans\core-section-extraction\findings.md,docs/plans/core-section-extraction/findings.md,78,78,| 只读 CLI 范本 | `cli.py:312-319` / `:792-798`（evidence-list） |,5be80b582eceb3fffa36fd9b86e139c1fd06b6a2ef4a66271a05a427186c3248,WIKI-LEGACY-SPECIAL-0272,history_filing,historical_only,| 只读 CLI 范本 | `cli.py:312-319` / `:792-798`（evidence-list） |,原文及所属阶段时间/配置/样本范围；不继承已PASS结论,当前section_extractor.py/section_query.py；原文4行号会漂移,原调研是8/6实施前栈/行号/样本事实；当前已有section模块，不能继续把“规范栈无章节”当现状。,保留原始历史版本；将局部实现、生产消费和退休设计分别追踪，具体缺口见review.md,docs/plans/core-section-extraction/findings.md:1-80
C:\Users\郑曾波\Projects\company-wiki\docs\plans\core-section-extraction\findings.md,docs/plans/core-section-extraction/findings.md,79,79,"| `ProcessingReport` / 版本常量 | `models.py:13,149-184` |",5be80b582eceb3fffa36fd9b86e139c1fd06b6a2ef4a66271a05a427186c3248,WIKI-LEGACY-SPECIAL-0273,history_filing,historical_only,"| `ProcessingReport` / 版本常量 | `models.py:13,149-184` |",原文及所属阶段时间/配置/样本范围；不继承已PASS结论,当前section_extractor.py/section_query.py；原文4行号会漂移,原调研是8/6实施前栈/行号/样本事实；当前已有section模块，不能继续把“规范栈无章节”当现状。,保留原始历史版本；将局部实现、生产消费和退休设计分别追踪，具体缺口见review.md,docs/plans/core-section-extraction/findings.md:1-80
C:\Users\郑曾波\Projects\company-wiki\docs\plans\core-section-extraction\findings.md,docs/plans/core-section-extraction/findings.md,80,80,| 测试 fixture 模板 | `tests/contract/test_source_catalog_text_fingerprint.py:41-58` |,5be80b582eceb3fffa36fd9b86e139c1fd06b6a2ef4a66271a05a427186c3248,WIKI-LEGACY-SPECIAL-0274,history_filing,historical_only,| 测试 fixture 模板 | `tests/contract/test_source_catalog_text_fingerprint.py:41-58` |,原文及所属阶段时间/配置/样本范围；不继承已PASS结论,当前section_extractor.py/section_query.py；原文4行号会漂移,原调研是8/6实施前栈/行号/样本事实；当前已有section模块，不能继续把“规范栈无章节”当现状。,保留原始历史版本；将局部实现、生产消费和退休设计分别追踪，具体缺口见review.md,docs/plans/core-section-extraction/findings.md:1-80
C:\Users\郑曾波\Projects\company-wiki\docs\plans\core-section-extraction\progress.md,docs/plans/core-section-extraction/progress.md,3,3,> **2026-08-09 状态：`completed_historical_scope / maintenance`。** 原计划已完成；仅 artifact source binding 与生产复用由 FCAP r2 FC-901~906 重新验收。,ddaab8a9e4411cc88a16087fb08b101c80bd1266880f355426acd1afdac6ac2f,WIKI-LEGACY-SPECIAL-0275,history_filing,historical_only,> **2026-08-09 状态：`completed_historical_scope / maintenance`。** 原计划已完成；仅 artifact source binding 与生产复用由 FCAP r2 FC-901~906 重新验收。,原文及所属阶段时间/配置/样本范围；不继承已PASS结论,原文有日期的历史叙述；本轮不重跑生产、不以本轮测试反向证明当日计数/耗时/完整范围,本项是历史过程/计数/真实样本/PID与耗时观察；不将当时暂停再恢复操作解释为本轮授权或当前worker健康。,保留原始历史版本；将局部实现、生产消费和退休设计分别追踪，具体缺口见review.md,docs/plans/core-section-extraction/progress.md:1-90
C:\Users\郑曾波\Projects\company-wiki\docs\plans\core-section-extraction\progress.md,docs/plans/core-section-extraction/progress.md,8,8,"- 起点是""CW-2.28 语义去重 backfill 生产化""。分析后发现全量 20,266 篇 × 单篇 ~195s ≈ 47 天（月级），worker 本身就在 backfill（FINGERPRINTING 阶段每轮 3 篇）。",ddaab8a9e4411cc88a16087fb08b101c80bd1266880f355426acd1afdac6ac2f,WIKI-LEGACY-SPECIAL-0276,history_filing,historical_only,"- 起点是""CW-2.28 语义去重 backfill 生产化""。分析后发现全量 20,266 篇 × 单篇 ~195s ≈ 47 天（月级），worker 本身就在 backfill（FINGERPRINTING 阶段每轮 3 篇）。",原文及所属阶段时间/配置/样本范围；不继承已PASS结论,原文有日期的历史叙述；本轮不重跑生产、不以本轮测试反向证明当日计数/耗时/完整范围,本项是历史过程/计数/真实样本/PID与耗时观察；不将当时暂停再恢复操作解释为本轮授权或当前worker健康。,保留原始历史版本；将局部实现、生产消费和退休设计分别追踪，具体缺口见review.md,docs/plans/core-section-extraction/progress.md:1-90
C:\Users\郑曾波\Projects\company-wiki\docs\plans\core-section-extraction\progress.md,docs/plans/core-section-extraction/progress.md,9,9,- 用户选方案 D（缩小范围）并明确：真正要的是**核心章节内容用于研究**（MD&A / 主营业务 / 业务与技术），不是字节级去重。,ddaab8a9e4411cc88a16087fb08b101c80bd1266880f355426acd1afdac6ac2f,WIKI-LEGACY-SPECIAL-0277,history_filing,historical_only,- 用户选方案 D（缩小范围）并明确：真正要的是**核心章节内容用于研究**（MD&A / 主营业务 / 业务与技术），不是字节级去重。,原文及所属阶段时间/配置/样本范围；不继承已PASS结论,原文有日期的历史叙述；本轮不重跑生产、不以本轮测试反向证明当日计数/耗时/完整范围,本项是历史过程/计数/真实样本/PID与耗时观察；不将当时暂停再恢复操作解释为本轮授权或当前worker健康。,保留原始历史版本；将局部实现、生产消费和退休设计分别追踪，具体缺口见review.md,docs/plans/core-section-extraction/progress.md:1-90
C:\Users\郑曾波\Projects\company-wiki\docs\plans\core-section-extraction\progress.md,docs/plans/core-section-extraction/progress.md,10,10,- ⇒ **backfill 降级**（让 worker 自然消化，不专门加速）。转向**核心章节提取**新功能。,ddaab8a9e4411cc88a16087fb08b101c80bd1266880f355426acd1afdac6ac2f,WIKI-LEGACY-SPECIAL-0278,history_filing,historical_only,- ⇒ **backfill 降级**（让 worker 自然消化，不专门加速）。转向**核心章节提取**新功能。,原文及所属阶段时间/配置/样本范围；不继承已PASS结论,原文有日期的历史叙述；本轮不重跑生产、不以本轮测试反向证明当日计数/耗时/完整范围,本项是历史过程/计数/真实样本/PID与耗时观察；不将当时暂停再恢复操作解释为本轮授权或当前worker健康。,保留原始历史版本；将局部实现、生产消费和退休设计分别追踪，具体缺口见review.md,docs/plans/core-section-extraction/progress.md:1-90
C:\Users\郑曾波\Projects\company-wiki\docs\plans\core-section-extraction\progress.md,docs/plans/core-section-extraction/progress.md,13,13,1. 第一轮：两套平行栈（规范无章节维度 / 遗留有完整正则但冻结）、消费方缺口、推荐方案 C。,ddaab8a9e4411cc88a16087fb08b101c80bd1266880f355426acd1afdac6ac2f,WIKI-LEGACY-SPECIAL-0279,history_filing,historical_only,1. 第一轮：两套平行栈（规范无章节维度 / 遗留有完整正则但冻结）、消费方缺口、推荐方案 C。,原文及所属阶段时间/配置/样本范围；不继承已PASS结论,原文有日期的历史叙述；本轮不重跑生产、不以本轮测试反向证明当日计数/耗时/完整范围,本项是历史过程/计数/真实样本/PID与耗时观察；不将当时暂停再恢复操作解释为本轮授权或当前worker健康。,保留原始历史版本；将局部实现、生产消费和退休设计分别追踪，具体缺口见review.md,docs/plans/core-section-extraction/progress.md:1-90
C:\Users\郑曾波\Projects\company-wiki\docs\plans\core-section-extraction\progress.md,docs/plans/core-section-extraction/progress.md,14,14,2. 第二轮：artifact_role 自由字符串、worker 集成 7 处、evidence char 对齐（PyMuPDF 有 / docling 无）、单写者三件套复用、实现骨架。,ddaab8a9e4411cc88a16087fb08b101c80bd1266880f355426acd1afdac6ac2f,WIKI-LEGACY-SPECIAL-0280,history_filing,historical_only,2. 第二轮：artifact_role 自由字符串、worker 集成 7 处、evidence char 对齐（PyMuPDF 有 / docling 无）、单写者三件套复用、实现骨架。,原文及所属阶段时间/配置/样本范围；不继承已PASS结论,原文有日期的历史叙述；本轮不重跑生产、不以本轮测试反向证明当日计数/耗时/完整范围,本项是历史过程/计数/真实样本/PID与耗时观察；不将当时暂停再恢复操作解释为本轮授权或当前worker健康。,保留原始历史版本；将局部实现、生产消费和退休设计分别追踪，具体缺口见review.md,docs/plans/core-section-extraction/progress.md:1-90
C:\Users\郑曾波\Projects\company-wiki\docs\plans\core-section-extraction\progress.md,docs/plans/core-section-extraction/progress.md,17,17,- 独立正则 + 关键词表对真实 normalized.md：年报/半年报/招股书召回 100%、零噪音。,ddaab8a9e4411cc88a16087fb08b101c80bd1266880f355426acd1afdac6ac2f,WIKI-LEGACY-SPECIAL-0281,history_filing,historical_only,- 独立正则 + 关键词表对真实 normalized.md：年报/半年报/招股书召回 100%、零噪音。,原文及所属阶段时间/配置/样本范围；不继承已PASS结论,原文有日期的历史叙述；本轮不重跑生产、不以本轮测试反向证明当日计数/耗时/完整范围,本项是历史过程/计数/真实样本/PID与耗时观察；不将当时暂停再恢复操作解释为本轮授权或当前worker健康。,保留原始历史版本；将局部实现、生产消费和退休设计分别追踪，具体缺口见review.md,docs/plans/core-section-extraction/progress.md:1-90
C:\Users\郑曾波\Projects\company-wiki\docs\plans\core-section-extraction\progress.md,docs/plans/core-section-extraction/progress.md,18,18,"- MD&A 两变体、招股书""第X章""、子节全覆盖。详见 findings.md 发现 3。",ddaab8a9e4411cc88a16087fb08b101c80bd1266880f355426acd1afdac6ac2f,WIKI-LEGACY-SPECIAL-0282,history_filing,historical_only,"- MD&A 两变体、招股书""第X章""、子节全覆盖。详见 findings.md 发现 3。",原文及所属阶段时间/配置/样本范围；不继承已PASS结论,原文有日期的历史叙述；本轮不重跑生产、不以本轮测试反向证明当日计数/耗时/完整范围,本项是历史过程/计数/真实样本/PID与耗时观察；不将当时暂停再恢复操作解释为本轮授权或当前worker健康。,保留原始历史版本；将局部实现、生产消费和退休设计分别追踪，具体缺口见review.md,docs/plans/core-section-extraction/progress.md:1-90
C:\Users\郑曾波\Projects\company-wiki\docs\plans\core-section-extraction\progress.md,docs/plans/core-section-extraction/progress.md,21,21,- plan-mode 计划 `C:\Users\郑曾波\.claude\plans\abstract-churning-matsumoto.md` 已批准。,ddaab8a9e4411cc88a16087fb08b101c80bd1266880f355426acd1afdac6ac2f,WIKI-LEGACY-SPECIAL-0283,history_filing,historical_only,- plan-mode 计划 `C:\Users\郑曾波\.claude\plans\abstract-churning-matsumoto.md` 已批准。,原文及所属阶段时间/配置/样本范围；不继承已PASS结论,原文有日期的历史叙述；本轮不重跑生产、不以本轮测试反向证明当日计数/耗时/完整范围,本项是历史过程/计数/真实样本/PID与耗时观察；不将当时暂停再恢复操作解释为本轮授权或当前worker健康。,保留原始历史版本；将局部实现、生产消费和退休设计分别追踪，具体缺口见review.md,docs/plans/core-section-extraction/progress.md:1-90
C:\Users\郑曾波\Projects\company-wiki\docs\plans\core-section-extraction\progress.md,docs/plans/core-section-extraction/progress.md,22,22,- 首版范围：**核心三件套**（正则模块 + extract-sections CLI + sections-list 只读查询）。不含 worker 自动批、不含 evidence 映射。,ddaab8a9e4411cc88a16087fb08b101c80bd1266880f355426acd1afdac6ac2f,WIKI-LEGACY-SPECIAL-0284,history_filing,historical_only,- 首版范围：**核心三件套**（正则模块 + extract-sections CLI + sections-list 只读查询）。不含 worker 自动批、不含 evidence 映射。,原文及所属阶段时间/配置/样本范围；不继承已PASS结论,原文有日期的历史叙述；本轮不重跑生产、不以本轮测试反向证明当日计数/耗时/完整范围,本项是历史过程/计数/真实样本/PID与耗时观察；不将当时暂停再恢复操作解释为本轮授权或当前worker健康。,保留原始历史版本；将局部实现、生产消费和退休设计分别追踪，具体缺口见review.md,docs/plans/core-section-extraction/progress.md:1-90
C:\Users\郑曾波\Projects\company-wiki\docs\plans\core-section-extraction\progress.md,docs/plans/core-section-extraction/progress.md,23,23,- 落成项目三件套：`docs/plans/core-section-extraction/`（本目录）。,ddaab8a9e4411cc88a16087fb08b101c80bd1266880f355426acd1afdac6ac2f,WIKI-LEGACY-SPECIAL-0285,history_filing,historical_only,- 落成项目三件套：`docs/plans/core-section-extraction/`（本目录）。,原文及所属阶段时间/配置/样本范围；不继承已PASS结论,原文有日期的历史叙述；本轮不重跑生产、不以本轮测试反向证明当日计数/耗时/完整范围,本项是历史过程/计数/真实样本/PID与耗时观察；不将当时暂停再恢复操作解释为本轮授权或当前worker健康。,保留原始历史版本；将局部实现、生产消费和退休设计分别追踪，具体缺口见review.md,docs/plans/core-section-extraction/progress.md:1-90
C:\Users\郑曾波\Projects\company-wiki\docs\plans\core-section-extraction\progress.md,docs/plans/core-section-extraction/progress.md,25,25,### 当前状态,ddaab8a9e4411cc88a16087fb08b101c80bd1266880f355426acd1afdac6ac2f,WIKI-LEGACY-SPECIAL-0286,history_filing,historical_only,### 当前状态,原文及所属阶段时间/配置/样本范围；不继承已PASS结论,原文有日期的历史叙述；本轮不重跑生产、不以本轮测试反向证明当日计数/耗时/完整范围,本项是历史过程/计数/真实样本/PID与耗时观察；不将当时暂停再恢复操作解释为本轮授权或当前worker健康。,保留原始历史版本；将局部实现、生产消费和退休设计分别追踪，具体缺口见review.md,docs/plans/core-section-extraction/progress.md:1-90
C:\Users\郑曾波\Projects\company-wiki\docs\plans\core-section-extraction\progress.md,docs/plans/core-section-extraction/progress.md,26,26,- Phase 1（正则模块）：in_progress。已读现有模式（models/normalizer `_atomic_write`/artifact SQL/测试 fixture）。,ddaab8a9e4411cc88a16087fb08b101c80bd1266880f355426acd1afdac6ac2f,WIKI-LEGACY-SPECIAL-0287,history_filing,historical_only,- Phase 1（正则模块）：in_progress。已读现有模式（models/normalizer `_atomic_write`/artifact SQL/测试 fixture）。,原文及所属阶段时间/配置/样本范围；不继承已PASS结论,原文有日期的历史叙述；本轮不重跑生产、不以本轮测试反向证明当日计数/耗时/完整范围,本项是历史过程/计数/真实样本/PID与耗时观察；不将当时暂停再恢复操作解释为本轮授权或当前worker健康。,保留原始历史版本；将局部实现、生产消费和退休设计分别追踪，具体缺口见review.md,docs/plans/core-section-extraction/progress.md:1-90
C:\Users\郑曾波\Projects\company-wiki\docs\plans\core-section-extraction\progress.md,docs/plans/core-section-extraction/progress.md,27,27,- 下一步：写 `section_extractor.py` 纯函数 + `models.py` 版本常量 + 单元测试。,ddaab8a9e4411cc88a16087fb08b101c80bd1266880f355426acd1afdac6ac2f,WIKI-LEGACY-SPECIAL-0288,history_filing,historical_only,- 下一步：写 `section_extractor.py` 纯函数 + `models.py` 版本常量 + 单元测试。,原文及所属阶段时间/配置/样本范围；不继承已PASS结论,原文有日期的历史叙述；本轮不重跑生产、不以本轮测试反向证明当日计数/耗时/完整范围,本项是历史过程/计数/真实样本/PID与耗时观察；不将当时暂停再恢复操作解释为本轮授权或当前worker健康。,保留原始历史版本；将局部实现、生产消费和退休设计分别追踪，具体缺口见review.md,docs/plans/core-section-extraction/progress.md:1-90
C:\Users\郑曾波\Projects\company-wiki\docs\plans\core-section-extraction\progress.md,docs/plans/core-section-extraction/progress.md,30,30,- `_spike_sections.py`（项目根）：spike 验证脚本，Phase 3 清理时删（正则已移植进模块则删，或保留作参考）。,ddaab8a9e4411cc88a16087fb08b101c80bd1266880f355426acd1afdac6ac2f,WIKI-LEGACY-SPECIAL-0289,history_filing,historical_only,- `_spike_sections.py`（项目根）：spike 验证脚本，Phase 3 清理时删（正则已移植进模块则删，或保留作参考）。,原文及所属阶段时间/配置/样本范围；不继承已PASS结论,原文有日期的历史叙述；本轮不重跑生产、不以本轮测试反向证明当日计数/耗时/完整范围,本项是历史过程/计数/真实样本/PID与耗时观察；不将当时暂停再恢复操作解释为本轮授权或当前worker健康。,保留原始历史版本；将局部实现、生产消费和退休设计分别追踪，具体缺口见review.md,docs/plans/core-section-extraction/progress.md:1-90
C:\Users\郑曾波\Projects\company-wiki\docs\plans\core-section-extraction\progress.md,docs/plans/core-section-extraction/progress.md,31,31,- `_observe_backfill.py`（项目根）：backfill 速率观测脚本，后台任务 `b1v3ctp8i`（25 分钟采样）。backfill 已降级，观测结果次要；任务结束后删脚本。,ddaab8a9e4411cc88a16087fb08b101c80bd1266880f355426acd1afdac6ac2f,WIKI-LEGACY-SPECIAL-0290,history_filing,historical_only,- `_observe_backfill.py`（项目根）：backfill 速率观测脚本，后台任务 `b1v3ctp8i`（25 分钟采样）。backfill 已降级，观测结果次要；任务结束后删脚本。,原文及所属阶段时间/配置/样本范围；不继承已PASS结论,原文有日期的历史叙述；本轮不重跑生产、不以本轮测试反向证明当日计数/耗时/完整范围,本项是历史过程/计数/真实样本/PID与耗时观察；不将当时暂停再恢复操作解释为本轮授权或当前worker健康。,保留原始历史版本；将局部实现、生产消费和退休设计分别追踪，具体缺口见review.md,docs/plans/core-section-extraction/progress.md:1-90
C:\Users\郑曾波\Projects\company-wiki\docs\plans\core-section-extraction\progress.md,docs/plans/core-section-extraction/progress.md,34,34,"- NOT NULL 3167→3171，**delta=4 篇**，rate **9.6 篇/小时**，pending 20,705。",ddaab8a9e4411cc88a16087fb08b101c80bd1266880f355426acd1afdac6ac2f,WIKI-LEGACY-SPECIAL-0291,history_filing,insufficient_evidence,"- NOT NULL 3167→3171，**delta=4 篇**，rate **9.6 篇/小时**，pending 20,705。",原文及所属阶段时间/配置/样本范围；不继承已PASS结论,原文backfill/normalize抢占说明；worker当前暂停,4篇/25分钟的瞬时吞吐可作局部观察，90天线性ETA没有跨文档时延分布/暂停/优先级变化置信区间；不是SLO证据。,保留原始历史版本；将局部实现、生产消费和退休设计分别追踪，具体缺口见review.md,docs/plans/core-section-extraction/progress.md:34-36
C:\Users\郑曾波\Projects\company-wiki\docs\plans\core-section-extraction\progress.md,docs/plans/core-section-extraction/progress.md,35,35,"- **不干预 ETA ≈ 90 天**（2,157 小时）。lock_ops 序列：normalize×4 / backfill×2 —— 印证 backfill 被严重夹击。",ddaab8a9e4411cc88a16087fb08b101c80bd1266880f355426acd1afdac6ac2f,WIKI-LEGACY-SPECIAL-0292,history_filing,insufficient_evidence,"- **不干预 ETA ≈ 90 天**（2,157 小时）。lock_ops 序列：normalize×4 / backfill×2 —— 印证 backfill 被严重夹击。",原文及所属阶段时间/配置/样本范围；不继承已PASS结论,原文backfill/normalize抢占说明；worker当前暂停,4篇/25分钟的瞬时吞吐可作局部观察，90天线性ETA没有跨文档时延分布/暂停/优先级变化置信区间；不是SLO证据。,保留原始历史版本；将局部实现、生产消费和退休设计分别追踪，具体缺口见review.md,docs/plans/core-section-extraction/progress.md:34-36
C:\Users\郑曾波\Projects\company-wiki\docs\plans\core-section-extraction\progress.md,docs/plans/core-section-extraction/progress.md,36,36,- 结论：backfill 降级正确（90 天季度级，不值得专门加速）。语义去重随 worker normalize 自然消化。观测脚本已删。,ddaab8a9e4411cc88a16087fb08b101c80bd1266880f355426acd1afdac6ac2f,WIKI-LEGACY-SPECIAL-0293,history_filing,insufficient_evidence,- 结论：backfill 降级正确（90 天季度级，不值得专门加速）。语义去重随 worker normalize 自然消化。观测脚本已删。,原文及所属阶段时间/配置/样本范围；不继承已PASS结论,原文backfill/normalize抢占说明；worker当前暂停,4篇/25分钟的瞬时吞吐可作局部观察，90天线性ETA没有跨文档时延分布/暂停/优先级变化置信区间；不是SLO证据。,保留原始历史版本；将局部实现、生产消费和退休设计分别追踪，具体缺口见review.md,docs/plans/core-section-extraction/progress.md:34-36
C:\Users\郑曾波\Projects\company-wiki\docs\plans\core-section-extraction\progress.md,docs/plans/core-section-extraction/progress.md,39,39,- 真实文档 normalized.md 路径：`.source_catalog/derived/{sha[:2]}/{sha}/normalized.md`,ddaab8a9e4411cc88a16087fb08b101c80bd1266880f355426acd1afdac6ac2f,WIKI-LEGACY-SPECIAL-0294,history_filing,historical_only,- 真实文档 normalized.md 路径：`.source_catalog/derived/{sha[:2]}/{sha}/normalized.md`,原文及所属阶段时间/配置/样本范围；不继承已PASS结论,原文有日期的历史叙述；本轮不重跑生产、不以本轮测试反向证明当日计数/耗时/完整范围,本项是历史过程/计数/真实样本/PID与耗时观察；不将当时暂停再恢复操作解释为本轮授权或当前worker健康。,保留原始历史版本；将局部实现、生产消费和退休设计分别追踪，具体缺口见review.md,docs/plans/core-section-extraction/progress.md:1-90
C:\Users\郑曾波\Projects\company-wiki\docs\plans\core-section-extraction\progress.md,docs/plans/core-section-extraction/progress.md,40,40,"- 已 normalize 的年报/半年报/招股书可通过 `SELECT d.title,a.path FROM artifacts a JOIN documents d ON d.document_id=a.document_id WHERE a.artifact_role='normalized' AND d.document_kind IN ('annual_report','semi_annual_report','prospectus')` 定位。",ddaab8a9e4411cc88a16087fb08b101c80bd1266880f355426acd1afdac6ac2f,WIKI-LEGACY-SPECIAL-0295,history_filing,historical_only,"- 已 normalize 的年报/半年报/招股书可通过 `SELECT d.title,a.path FROM artifacts a JOIN documents d ON d.document_id=a.document_id WHERE a.artifact_role='normalized' AND d.document_kind IN ('annual_report','semi_annual_report','prospectus')` 定位。",原文及所属阶段时间/配置/样本范围；不继承已PASS结论,原文有日期的历史叙述；本轮不重跑生产、不以本轮测试反向证明当日计数/耗时/完整范围,本项是历史过程/计数/真实样本/PID与耗时观察；不将当时暂停再恢复操作解释为本轮授权或当前worker健康。,保留原始历史版本；将局部实现、生产消费和退休设计分别追踪，具体缺口见review.md,docs/plans/core-section-extraction/progress.md:1-90
C:\Users\郑曾波\Projects\company-wiki\docs\plans\core-section-extraction\progress.md,docs/plans/core-section-extraction/progress.md,41,41,"- normalized artifact 总数 4,792（含年报/半年报/招股书若干）；pending 未 normalize 仍多。",ddaab8a9e4411cc88a16087fb08b101c80bd1266880f355426acd1afdac6ac2f,WIKI-LEGACY-SPECIAL-0296,history_filing,historical_only,"- normalized artifact 总数 4,792（含年报/半年报/招股书若干）；pending 未 normalize 仍多。",原文及所属阶段时间/配置/样本范围；不继承已PASS结论,原文有日期的历史叙述；本轮不重跑生产、不以本轮测试反向证明当日计数/耗时/完整范围,本项是历史过程/计数/真实样本/PID与耗时观察；不将当时暂停再恢复操作解释为本轮授权或当前worker健康。,保留原始历史版本；将局部实现、生产消费和退休设计分别追踪，具体缺口见review.md,docs/plans/core-section-extraction/progress.md:1-90
C:\Users\郑曾波\Projects\company-wiki\docs\plans\core-section-extraction\progress.md,docs/plans/core-section-extraction/progress.md,43,43,## 2026-08-06 实施完成（Phase 1-3 核心三件套）,ddaab8a9e4411cc88a16087fb08b101c80bd1266880f355426acd1afdac6ac2f,WIKI-LEGACY-SPECIAL-0297,history_filing,historical_only,## 2026-08-06 实施完成（Phase 1-3 核心三件套）,原文及所属阶段时间/配置/样本范围；不继承已PASS结论,原文有日期的历史叙述；本轮不重跑生产、不以本轮测试反向证明当日计数/耗时/完整范围,本项是历史过程/计数/真实样本/PID与耗时观察；不将当时暂停再恢复操作解释为本轮授权或当前worker健康。,保留原始历史版本；将局部实现、生产消费和退休设计分别追踪，具体缺口见review.md,docs/plans/core-section-extraction/progress.md:1-90
C:\Users\郑曾波\Projects\company-wiki\docs\plans\core-section-extraction\progress.md,docs/plans/core-section-extraction/progress.md,45,45,### 完成项,ddaab8a9e4411cc88a16087fb08b101c80bd1266880f355426acd1afdac6ac2f,WIKI-LEGACY-SPECIAL-0298,history_filing,historical_only,### 完成项,原文及所属阶段时间/配置/样本范围；不继承已PASS结论,原文有日期的历史叙述；本轮不重跑生产、不以本轮测试反向证明当日计数/耗时/完整范围,本项是历史过程/计数/真实样本/PID与耗时观察；不将当时暂停再恢复操作解释为本轮授权或当前worker健康。,保留原始历史版本；将局部实现、生产消费和退休设计分别追踪，具体缺口见review.md,docs/plans/core-section-extraction/progress.md:1-90
C:\Users\郑曾波\Projects\company-wiki\docs\plans\core-section-extraction\progress.md,docs/plans/core-section-extraction/progress.md,46,46,- **Phase 1**：`section_extractor.py` 纯函数（`SECTION_RE`/`SECTION_KEYWORDS`/`SectionSlice`/`extract_sections_from_text`）+ `models.py` `SECTION_EXTRACTOR_VERSION` + 8 单元测试。全绿。,ddaab8a9e4411cc88a16087fb08b101c80bd1266880f355426acd1afdac6ac2f,WIKI-LEGACY-SPECIAL-0299,history_filing,historical_only,- **Phase 1**：`section_extractor.py` 纯函数（`SECTION_RE`/`SECTION_KEYWORDS`/`SectionSlice`/`extract_sections_from_text`）+ `models.py` `SECTION_EXTRACTOR_VERSION` + 8 单元测试。全绿。,原文及所属阶段时间/配置/样本范围；不继承已PASS结论,原文有日期的历史叙述；本轮不重跑生产、不以本轮测试反向证明当日计数/耗时/完整范围,本项是历史过程/计数/真实样本/PID与耗时观察；不将当时暂停再恢复操作解释为本轮授权或当前worker健康。,保留原始历史版本；将局部实现、生产消费和退休设计分别追踪，具体缺口见review.md,docs/plans/core-section-extraction/progress.md:1-90
C:\Users\郑曾波\Projects\company-wiki\docs\plans\core-section-extraction\progress.md,docs/plans/core-section-extraction/progress.md,47,47,- **Phase 2**：`extract_sections_catalog`（选文档 SQL + 读 normalized.md + 切片 + `_atomic_write` 产物 + `store.transaction()` INSERT artifacts `role='sections'`）+ `service.py` `extract_sections`（`CatalogOperationLock` 包装）+ `__init__.py` 导出 + `cli.py` `extract-sections` 子命令 + 集成测试（写入 + 幂等 + force）。全绿。2026-08-07 `python -m pytest tests/contract/test_source_catalog_section_extractor.py` 通过。,ddaab8a9e4411cc88a16087fb08b101c80bd1266880f355426acd1afdac6ac2f,WIKI-LEGACY-SPECIAL-0300,history_filing,historical_only,- **Phase 2**：`extract_sections_catalog`（选文档 SQL + 读 normalized.md + 切片 + `_atomic_write` 产物 + `store.transaction()` INSERT artifacts `role='sections'`）+ `service.py` `extract_sections`（`CatalogOperationLock` 包装）+ `__init__.py` 导出 + `cli.py` `extract-sections` 子命令 + 集成测试（写入 + 幂等 + force）。全绿。2026-08-07 `python -m pytest tests/contract/test_source_catalog_section_extractor.py` 通过。,原文及所属阶段时间/配置/样本范围；不继承已PASS结论,原文有日期的历史叙述；本轮不重跑生产、不以本轮测试反向证明当日计数/耗时/完整范围,本项是历史过程/计数/真实样本/PID与耗时观察；不将当时暂停再恢复操作解释为本轮授权或当前worker健康。,保留原始历史版本；将局部实现、生产消费和退休设计分别追踪，具体缺口见review.md,docs/plans/core-section-extraction/progress.md:1-90
C:\Users\郑曾波\Projects\company-wiki\docs\plans\core-section-extraction\progress.md,docs/plans/core-section-extraction/progress.md,48,48,- **Phase 3**：`section_query.py` `SectionQueryService`（只读 `mode=ro`）+ `cli.py` `sections-list` 子命令 + 集成测试覆盖查询。全量回归 **414 passed**（含新 9 项）；Ruff All checks passed；compileall ok。2026-08-07 `pytest tests/contract` 414 passed。,ddaab8a9e4411cc88a16087fb08b101c80bd1266880f355426acd1afdac6ac2f,WIKI-LEGACY-SPECIAL-0301,history_filing,historical_only,- **Phase 3**：`section_query.py` `SectionQueryService`（只读 `mode=ro`）+ `cli.py` `sections-list` 子命令 + 集成测试覆盖查询。全量回归 **414 passed**（含新 9 项）；Ruff All checks passed；compileall ok。2026-08-07 `pytest tests/contract` 414 passed。,原文及所属阶段时间/配置/样本范围；不继承已PASS结论,原文有日期的历史叙述；本轮不重跑生产、不以本轮测试反向证明当日计数/耗时/完整范围,本项是历史过程/计数/真实样本/PID与耗时观察；不将当时暂停再恢复操作解释为本轮授权或当前worker健康。,保留原始历史版本；将局部实现、生产消费和退休设计分别追踪，具体缺口见review.md,docs/plans/core-section-extraction/progress.md:1-90
C:\Users\郑曾波\Projects\company-wiki\docs\plans\core-section-extraction\progress.md,docs/plans/core-section-extraction/progress.md,49,49,- **清理**：`_spike_sections.py`（正则已移植进模块）、`_observe_backfill.py`（观测完成）已删。,ddaab8a9e4411cc88a16087fb08b101c80bd1266880f355426acd1afdac6ac2f,WIKI-LEGACY-SPECIAL-0302,history_filing,historical_only,- **清理**：`_spike_sections.py`（正则已移植进模块）、`_observe_backfill.py`（观测完成）已删。,原文及所属阶段时间/配置/样本范围；不继承已PASS结论,原文有日期的历史叙述；本轮不重跑生产、不以本轮测试反向证明当日计数/耗时/完整范围,本项是历史过程/计数/真实样本/PID与耗时观察；不将当时暂停再恢复操作解释为本轮授权或当前worker健康。,保留原始历史版本；将局部实现、生产消费和退休设计分别追踪，具体缺口见review.md,docs/plans/core-section-extraction/progress.md:1-90
C:\Users\郑曾波\Projects\company-wiki\docs\plans\core-section-extraction\progress.md,docs/plans/core-section-extraction/progress.md,52,52,- 新文件：`src/company_wiki/source_catalog/section_extractor.py`、`section_query.py`,ddaab8a9e4411cc88a16087fb08b101c80bd1266880f355426acd1afdac6ac2f,WIKI-LEGACY-SPECIAL-0303,history_filing,historical_only,- 新文件：`src/company_wiki/source_catalog/section_extractor.py`、`section_query.py`,原文及所属阶段时间/配置/样本范围；不继承已PASS结论,原文有日期的历史叙述；本轮不重跑生产、不以本轮测试反向证明当日计数/耗时/完整范围,本项是历史过程/计数/真实样本/PID与耗时观察；不将当时暂停再恢复操作解释为本轮授权或当前worker健康。,保留原始历史版本；将局部实现、生产消费和退休设计分别追踪，具体缺口见review.md,docs/plans/core-section-extraction/progress.md:1-90
C:\Users\郑曾波\Projects\company-wiki\docs\plans\core-section-extraction\progress.md,docs/plans/core-section-extraction/progress.md,53,53,- 改：`models.py`、`service.py`、`__init__.py`、`cli.py`,ddaab8a9e4411cc88a16087fb08b101c80bd1266880f355426acd1afdac6ac2f,WIKI-LEGACY-SPECIAL-0304,history_filing,historical_only,- 改：`models.py`、`service.py`、`__init__.py`、`cli.py`,原文及所属阶段时间/配置/样本范围；不继承已PASS结论,原文有日期的历史叙述；本轮不重跑生产、不以本轮测试反向证明当日计数/耗时/完整范围,本项是历史过程/计数/真实样本/PID与耗时观察；不将当时暂停再恢复操作解释为本轮授权或当前worker健康。,保留原始历史版本；将局部实现、生产消费和退休设计分别追踪，具体缺口见review.md,docs/plans/core-section-extraction/progress.md:1-90
C:\Users\郑曾波\Projects\company-wiki\docs\plans\core-section-extraction\progress.md,docs/plans/core-section-extraction/progress.md,54,54,- 测试：`tests/contract/test_source_catalog_section_extractor.py`（9 项）,ddaab8a9e4411cc88a16087fb08b101c80bd1266880f355426acd1afdac6ac2f,WIKI-LEGACY-SPECIAL-0305,history_filing,historical_only,- 测试：`tests/contract/test_source_catalog_section_extractor.py`（9 项）,原文及所属阶段时间/配置/样本范围；不继承已PASS结论,原文有日期的历史叙述；本轮不重跑生产、不以本轮测试反向证明当日计数/耗时/完整范围,本项是历史过程/计数/真实样本/PID与耗时观察；不将当时暂停再恢复操作解释为本轮授权或当前worker健康。,保留原始历史版本；将局部实现、生产消费和退休设计分别追踪，具体缺口见review.md,docs/plans/core-section-extraction/progress.md:1-90
C:\Users\郑曾波\Projects\company-wiki\docs\plans\core-section-extraction\progress.md,docs/plans/core-section-extraction/progress.md,55,55,"- 运行时产物：`{catalog_dir}/derived/{sha[:2]}/{sha}/sections/{index.json, mda.md, business_overview.md, ...}` + artifacts 表一行 `role='sections'`",ddaab8a9e4411cc88a16087fb08b101c80bd1266880f355426acd1afdac6ac2f,WIKI-LEGACY-SPECIAL-0306,history_filing,historical_only,"- 运行时产物：`{catalog_dir}/derived/{sha[:2]}/{sha}/sections/{index.json, mda.md, business_overview.md, ...}` + artifacts 表一行 `role='sections'`",原文及所属阶段时间/配置/样本范围；不继承已PASS结论,原文有日期的历史叙述；本轮不重跑生产、不以本轮测试反向证明当日计数/耗时/完整范围,本项是历史过程/计数/真实样本/PID与耗时观察；不将当时暂停再恢复操作解释为本轮授权或当前worker健康。,保留原始历史版本；将局部实现、生产消费和退休设计分别追踪，具体缺口见review.md,docs/plans/core-section-extraction/progress.md:1-90
C:\Users\郑曾波\Projects\company-wiki\docs\plans\core-section-extraction\progress.md,docs/plans/core-section-extraction/progress.md,56,56,- CLI：`extract-sections --document-id/--document-kind/--limit/--force`、`sections-list --document-id`,ddaab8a9e4411cc88a16087fb08b101c80bd1266880f355426acd1afdac6ac2f,WIKI-LEGACY-SPECIAL-0307,history_filing,historical_only,- CLI：`extract-sections --document-id/--document-kind/--limit/--force`、`sections-list --document-id`,原文及所属阶段时间/配置/样本范围；不继承已PASS结论,原文有日期的历史叙述；本轮不重跑生产、不以本轮测试反向证明当日计数/耗时/完整范围,本项是历史过程/计数/真实样本/PID与耗时观察；不将当时暂停再恢复操作解释为本轮授权或当前worker健康。,保留原始历史版本；将局部实现、生产消费和退休设计分别追踪，具体缺口见review.md,docs/plans/core-section-extraction/progress.md:1-90
C:\Users\郑曾波\Projects\company-wiki\docs\plans\core-section-extraction\progress.md,docs/plans/core-section-extraction/progress.md,58,58,### 真实库端到端验证（2026-08-06，已完成 ✅）,ddaab8a9e4411cc88a16087fb08b101c80bd1266880f355426acd1afdac6ac2f,WIKI-LEGACY-SPECIAL-0308,history_filing,historical_only,### 真实库端到端验证（2026-08-06，已完成 ✅）,原文及所属阶段时间/配置/样本范围；不继承已PASS结论,原文有日期的历史叙述；本轮不重跑生产、不以本轮测试反向证明当日计数/耗时/完整范围,本项是历史过程/计数/真实样本/PID与耗时观察；不将当时暂停再恢复操作解释为本轮授权或当前worker健康。,保留原始历史版本；将局部实现、生产消费和退休设计分别追踪，具体缺口见review.md,docs/plans/core-section-extraction/progress.md:1-90
C:\Users\郑曾波\Projects\company-wiki\docs\plans\core-section-extraction\progress.md,docs/plans/core-section-extraction/progress.md,59,59,"- `worker-pause` → 对三类真实文档各 1 篇跑 `extract-sections --document-id`：annual / semi / prospectus 全部 `completed=1, failed=0`。",ddaab8a9e4411cc88a16087fb08b101c80bd1266880f355426acd1afdac6ac2f,WIKI-LEGACY-SPECIAL-0309,history_filing,historical_only,"- `worker-pause` → 对三类真实文档各 1 篇跑 `extract-sections --document-id`：annual / semi / prospectus 全部 `completed=1, failed=0`。",原文及所属阶段时间/配置/样本范围；不继承已PASS结论,原文有日期的历史叙述；本轮不重跑生产、不以本轮测试反向证明当日计数/耗时/完整范围,本项是历史过程/计数/真实样本/PID与耗时观察；不将当时暂停再恢复操作解释为本轮授权或当前worker健康。,保留原始历史版本；将局部实现、生产消费和退休设计分别追踪，具体缺口见review.md,docs/plans/core-section-extraction/progress.md:1-90
C:\Users\郑曾波\Projects\company-wiki\docs\plans\core-section-extraction\progress.md,docs/plans/core-section-extraction/progress.md,60,60,- `sections-list` 验证返回章节：,ddaab8a9e4411cc88a16087fb08b101c80bd1266880f355426acd1afdac6ac2f,WIKI-LEGACY-SPECIAL-0310,history_filing,historical_only,- `sections-list` 验证返回章节：,原文及所属阶段时间/配置/样本范围；不继承已PASS结论,原文有日期的历史叙述；本轮不重跑生产、不以本轮测试反向证明当日计数/耗时/完整范围,本项是历史过程/计数/真实样本/PID与耗时观察；不将当时暂停再恢复操作解释为本轮授权或当前worker健康。,保留原始历史版本；将局部实现、生产消费和退休设计分别追踪，具体缺口见review.md,docs/plans/core-section-extraction/progress.md:1-90
C:\Users\郑曾波\Projects\company-wiki\docs\plans\core-section-extraction\progress.md,docs/plans/core-section-extraction/progress.md,61,61,  - 年报七一二（5）：financial_data / **business_overview** / **mda** / important_events / financial_statements,ddaab8a9e4411cc88a16087fb08b101c80bd1266880f355426acd1afdac6ac2f,WIKI-LEGACY-SPECIAL-0311,history_filing,historical_only,  - 年报七一二（5）：financial_data / **business_overview** / **mda** / important_events / financial_statements,原文及所属阶段时间/配置/样本范围；不继承已PASS结论,原文有日期的历史叙述；本轮不重跑生产、不以本轮测试反向证明当日计数/耗时/完整范围,本项是历史过程/计数/真实样本/PID与耗时观察；不将当时暂停再恢复操作解释为本轮授权或当前worker健康。,保留原始历史版本；将局部实现、生产消费和退休设计分别追踪，具体缺口见review.md,docs/plans/core-section-extraction/progress.md:1-90
C:\Users\郑曾波\Projects\company-wiki\docs\plans\core-section-extraction\progress.md,docs/plans/core-section-extraction/progress.md,62,62,  - 半年报万华（4）：financial_data / **mda** / important_events / financial_statements,ddaab8a9e4411cc88a16087fb08b101c80bd1266880f355426acd1afdac6ac2f,WIKI-LEGACY-SPECIAL-0312,history_filing,historical_only,  - 半年报万华（4）：financial_data / **mda** / important_events / financial_statements,原文及所属阶段时间/配置/样本范围；不继承已PASS结论,原文有日期的历史叙述；本轮不重跑生产、不以本轮测试反向证明当日计数/耗时/完整范围,本项是历史过程/计数/真实样本/PID与耗时观察；不将当时暂停再恢复操作解释为本轮授权或当前worker健康。,保留原始历史版本；将局部实现、生产消费和退休设计分别追踪，具体缺口见review.md,docs/plans/core-section-extraction/progress.md:1-90
C:\Users\郑曾波\Projects\company-wiki\docs\plans\core-section-extraction\progress.md,docs/plans/core-section-extraction/progress.md,63,63,  - 招股书七一二 IPO（4）：risk_factors / **business_and_technology** / **mda** / important_events,ddaab8a9e4411cc88a16087fb08b101c80bd1266880f355426acd1afdac6ac2f,WIKI-LEGACY-SPECIAL-0313,history_filing,historical_only,  - 招股书七一二 IPO（4）：risk_factors / **business_and_technology** / **mda** / important_events,原文及所属阶段时间/配置/样本范围；不继承已PASS结论,原文有日期的历史叙述；本轮不重跑生产、不以本轮测试反向证明当日计数/耗时/完整范围,本项是历史过程/计数/真实样本/PID与耗时观察；不将当时暂停再恢复操作解释为本轮授权或当前worker健康。,保留原始历史版本；将局部实现、生产消费和退休设计分别追踪，具体缺口见review.md,docs/plans/core-section-extraction/progress.md:1-90
C:\Users\郑曾波\Projects\company-wiki\docs\plans\core-section-extraction\progress.md,docs/plans/core-section-extraction/progress.md,64,64,- 三类全部命中核心章节（MD&A / 业务概览 / 业务与技术）；产物 `sections/index.json` + 各 role.md 结构正确（含 char_start/end 边界）。,ddaab8a9e4411cc88a16087fb08b101c80bd1266880f355426acd1afdac6ac2f,WIKI-LEGACY-SPECIAL-0314,history_filing,historical_only,- 三类全部命中核心章节（MD&A / 业务概览 / 业务与技术）；产物 `sections/index.json` + 各 role.md 结构正确（含 char_start/end 边界）。,原文及所属阶段时间/配置/样本范围；不继承已PASS结论,原文有日期的历史叙述；本轮不重跑生产、不以本轮测试反向证明当日计数/耗时/完整范围,本项是历史过程/计数/真实样本/PID与耗时观察；不将当时暂停再恢复操作解释为本轮授权或当前worker健康。,保留原始历史版本；将局部实现、生产消费和退休设计分别追踪，具体缺口见review.md,docs/plans/core-section-extraction/progress.md:1-90
C:\Users\郑曾波\Projects\company-wiki\docs\plans\core-section-extraction\progress.md,docs/plans/core-section-extraction/progress.md,65,65,"- `worker-resume` 后 `desired=enabled, runtime=running`，已恢复。",ddaab8a9e4411cc88a16087fb08b101c80bd1266880f355426acd1afdac6ac2f,WIKI-LEGACY-SPECIAL-0315,history_filing,historical_only,"- `worker-resume` 后 `desired=enabled, runtime=running`，已恢复。",原文及所属阶段时间/配置/样本范围；不继承已PASS结论,原文有日期的历史叙述；本轮不重跑生产、不以本轮测试反向证明当日计数/耗时/完整范围,本项是历史过程/计数/真实样本/PID与耗时观察；不将当时暂停再恢复操作解释为本轮授权或当前worker健康。,保留原始历史版本；将局部实现、生产消费和退休设计分别追踪，具体缺口见review.md,docs/plans/core-section-extraction/progress.md:1-90
C:\Users\郑曾波\Projects\company-wiki\docs\plans\core-section-extraction\progress.md,docs/plans/core-section-extraction/progress.md,67,67,## 2026-08-06 Phase 4（worker 自动批）完成,ddaab8a9e4411cc88a16087fb08b101c80bd1266880f355426acd1afdac6ac2f,WIKI-LEGACY-SPECIAL-0316,history_filing,historical_only,## 2026-08-06 Phase 4（worker 自动批）完成,原文及所属阶段时间/配置/样本范围；不继承已PASS结论,原文有日期的历史叙述；本轮不重跑生产、不以本轮测试反向证明当日计数/耗时/完整范围,本项是历史过程/计数/真实样本/PID与耗时观察；不将当时暂停再恢复操作解释为本轮授权或当前worker健康。,保留原始历史版本；将局部实现、生产消费和退休设计分别追踪，具体缺口见review.md,docs/plans/core-section-extraction/progress.md:1-90
C:\Users\郑曾波\Projects\company-wiki\docs\plans\core-section-extraction\progress.md,docs/plans/core-section-extraction/progress.md,69,69,### 完成项,ddaab8a9e4411cc88a16087fb08b101c80bd1266880f355426acd1afdac6ac2f,WIKI-LEGACY-SPECIAL-0317,history_filing,historical_only,### 完成项,原文及所属阶段时间/配置/样本范围；不继承已PASS结论,原文有日期的历史叙述；本轮不重跑生产、不以本轮测试反向证明当日计数/耗时/完整范围,本项是历史过程/计数/真实样本/PID与耗时观察；不将当时暂停再恢复操作解释为本轮授权或当前worker健康。,保留原始历史版本；将局部实现、生产消费和退休设计分别追踪，具体缺口见review.md,docs/plans/core-section-extraction/progress.md:1-90
C:\Users\郑曾波\Projects\company-wiki\docs\plans\core-section-extraction\progress.md,docs/plans/core-section-extraction/progress.md,70,70,"- `scheduler_policy.py`：`SourceOnlyStage.SECTION_EXTRACTING = ""section_extracting""` + `_STAGE_CONTRACTS` 绑定 `extract_sections`（在 FINGERPRINTING 后）。",ddaab8a9e4411cc88a16087fb08b101c80bd1266880f355426acd1afdac6ac2f,WIKI-LEGACY-SPECIAL-0318,history_filing,historical_only,"- `scheduler_policy.py`：`SourceOnlyStage.SECTION_EXTRACTING = ""section_extracting""` + `_STAGE_CONTRACTS` 绑定 `extract_sections`（在 FINGERPRINTING 后）。",原文及所属阶段时间/配置/样本范围；不继承已PASS结论,原文有日期的历史叙述；本轮不重跑生产、不以本轮测试反向证明当日计数/耗时/完整范围,本项是历史过程/计数/真实样本/PID与耗时观察；不将当时暂停再恢复操作解释为本轮授权或当前worker健康。,保留原始历史版本；将局部实现、生产消费和退休设计分别追踪，具体缺口见review.md,docs/plans/core-section-extraction/progress.md:1-90
C:\Users\郑曾波\Projects\company-wiki\docs\plans\core-section-extraction\progress.md,docs/plans/core-section-extraction/progress.md,71,71,- `worker.py`：`WorkerConfig.section_extraction_batch_size`（默认 5）+ 正整数校验 + `load_worker_config` optional + run_cycle 在 FINGERPRINTING 后、SUMMARIZING 前插入 section 批处理步骤。,ddaab8a9e4411cc88a16087fb08b101c80bd1266880f355426acd1afdac6ac2f,WIKI-LEGACY-SPECIAL-0319,history_filing,historical_only,- `worker.py`：`WorkerConfig.section_extraction_batch_size`（默认 5）+ 正整数校验 + `load_worker_config` optional + run_cycle 在 FINGERPRINTING 后、SUMMARIZING 前插入 section 批处理步骤。,原文及所属阶段时间/配置/样本范围；不继承已PASS结论,原文有日期的历史叙述；本轮不重跑生产、不以本轮测试反向证明当日计数/耗时/完整范围,本项是历史过程/计数/真实样本/PID与耗时观察；不将当时暂停再恢复操作解释为本轮授权或当前worker健康。,保留原始历史版本；将局部实现、生产消费和退休设计分别追踪，具体缺口见review.md,docs/plans/core-section-extraction/progress.md:1-90
C:\Users\郑曾波\Projects\company-wiki\docs\plans\core-section-extraction\progress.md,docs/plans/core-section-extraction/progress.md,72,72,- `config/source_catalog_worker.yaml`：`section_extraction_batch_size: 5`（schema 1.3 optional，向后兼容）。,ddaab8a9e4411cc88a16087fb08b101c80bd1266880f355426acd1afdac6ac2f,WIKI-LEGACY-SPECIAL-0320,history_filing,historical_only,- `config/source_catalog_worker.yaml`：`section_extraction_batch_size: 5`（schema 1.3 optional，向后兼容）。,原文及所属阶段时间/配置/样本范围；不继承已PASS结论,原文有日期的历史叙述；本轮不重跑生产、不以本轮测试反向证明当日计数/耗时/完整范围,本项是历史过程/计数/真实样本/PID与耗时观察；不将当时暂停再恢复操作解释为本轮授权或当前worker健康。,保留原始历史版本；将局部实现、生产消费和退休设计分别追踪，具体缺口见review.md,docs/plans/core-section-extraction/progress.md:1-90
C:\Users\郑曾波\Projects\company-wiki\docs\plans\core-section-extraction\progress.md,docs/plans/core-section-extraction/progress.md,73,73,- 测试：scheduler_policy stage order / worker calls-sequence / stages 断言更新；`_Catalog`/`_FakeCatalog`/`_ThrowingCatalog` mock 补 `extract_sections`。,ddaab8a9e4411cc88a16087fb08b101c80bd1266880f355426acd1afdac6ac2f,WIKI-LEGACY-SPECIAL-0321,history_filing,historical_only,- 测试：scheduler_policy stage order / worker calls-sequence / stages 断言更新；`_Catalog`/`_FakeCatalog`/`_ThrowingCatalog` mock 补 `extract_sections`。,原文及所属阶段时间/配置/样本范围；不继承已PASS结论,原文有日期的历史叙述；本轮不重跑生产、不以本轮测试反向证明当日计数/耗时/完整范围,本项是历史过程/计数/真实样本/PID与耗时观察；不将当时暂停再恢复操作解释为本轮授权或当前worker健康。,保留原始历史版本；将局部实现、生产消费和退休设计分别追踪，具体缺口见review.md,docs/plans/core-section-extraction/progress.md:1-90
C:\Users\郑曾波\Projects\company-wiki\docs\plans\core-section-extraction\progress.md,docs/plans/core-section-extraction/progress.md,74,74,- 回归：**923 contract + 673 unit + ruff + compileall 全绿**；config 加载验证返回 5；**worker reload `code_match=True`**（pid 25552，新代码生效）。,ddaab8a9e4411cc88a16087fb08b101c80bd1266880f355426acd1afdac6ac2f,WIKI-LEGACY-SPECIAL-0322,history_filing,historical_only,- 回归：**923 contract + 673 unit + ruff + compileall 全绿**；config 加载验证返回 5；**worker reload `code_match=True`**（pid 25552，新代码生效）。,原文及所属阶段时间/配置/样本范围；不继承已PASS结论,原文有日期的历史叙述；本轮不重跑生产、不以本轮测试反向证明当日计数/耗时/完整范围,本项是历史过程/计数/真实样本/PID与耗时观察；不将当时暂停再恢复操作解释为本轮授权或当前worker健康。,保留原始历史版本；将局部实现、生产消费和退休设计分别追踪，具体缺口见review.md,docs/plans/core-section-extraction/progress.md:1-90
C:\Users\郑曾波\Projects\company-wiki\docs\plans\core-section-extraction\progress.md,docs/plans/core-section-extraction/progress.md,75,75,- 修复过程（3-strike 记录）：① worker test mock `del limit` 后引用 limit → UnboundLocalError（改 del 不含 limit）；② background_reliability `_FakeCatalog` 缺 `extract_sections`（补方法）；③ stages 序列断言缺 `section_extracting`（补）。,ddaab8a9e4411cc88a16087fb08b101c80bd1266880f355426acd1afdac6ac2f,WIKI-LEGACY-SPECIAL-0323,history_filing,historical_only,- 修复过程（3-strike 记录）：① worker test mock `del limit` 后引用 limit → UnboundLocalError（改 del 不含 limit）；② background_reliability `_FakeCatalog` 缺 `extract_sections`（补方法）；③ stages 序列断言缺 `section_extracting`（补）。,原文及所属阶段时间/配置/样本范围；不继承已PASS结论,原文有日期的历史叙述；本轮不重跑生产、不以本轮测试反向证明当日计数/耗时/完整范围,本项是历史过程/计数/真实样本/PID与耗时观察；不将当时暂停再恢复操作解释为本轮授权或当前worker健康。,保留原始历史版本；将局部实现、生产消费和退休设计分别追踪，具体缺口见review.md,docs/plans/core-section-extraction/progress.md:1-90
C:\Users\郑曾波\Projects\company-wiki\docs\plans\core-section-extraction\progress.md,docs/plans/core-section-extraction/progress.md,77,77,## 2026-08-06 Phase 5（章节→evidence 溯源）完成,ddaab8a9e4411cc88a16087fb08b101c80bd1266880f355426acd1afdac6ac2f,WIKI-LEGACY-SPECIAL-0324,history_filing,historical_only,## 2026-08-06 Phase 5（章节→evidence 溯源）完成,原文及所属阶段时间/配置/样本范围；不继承已PASS结论,原文有日期的历史叙述；本轮不重跑生产、不以本轮测试反向证明当日计数/耗时/完整范围,本项是历史过程/计数/真实样本/PID与耗时观察；不将当时暂停再恢复操作解释为本轮授权或当前worker健康。,保留原始历史版本；将局部实现、生产消费和退休设计分别追踪，具体缺口见review.md,docs/plans/core-section-extraction/progress.md:1-90
C:\Users\郑曾波\Projects\company-wiki\docs\plans\core-section-extraction\progress.md,docs/plans/core-section-extraction/progress.md,79,79,### 完成项,ddaab8a9e4411cc88a16087fb08b101c80bd1266880f355426acd1afdac6ac2f,WIKI-LEGACY-SPECIAL-0325,history_filing,historical_only,### 完成项,原文及所属阶段时间/配置/样本范围；不继承已PASS结论,原文有日期的历史叙述；本轮不重跑生产、不以本轮测试反向证明当日计数/耗时/完整范围,本项是历史过程/计数/真实样本/PID与耗时观察；不将当时暂停再恢复操作解释为本轮授权或当前worker健康。,保留原始历史版本；将局部实现、生产消费和退休设计分别追踪，具体缺口见review.md,docs/plans/core-section-extraction/progress.md:1-90
C:\Users\郑曾波\Projects\company-wiki\docs\plans\core-section-extraction\progress.md,docs/plans/core-section-extraction/progress.md,80,80,- **关键设计发现**（findings 发现 7）：`locator` 无 section 维度（`EvidenceSpan.__post_init__` 强校验 locator==coordinates.locator()）→ 章节溯源走**关联既有 spans**，不新建、不改 schema。,ddaab8a9e4411cc88a16087fb08b101c80bd1266880f355426acd1afdac6ac2f,WIKI-LEGACY-SPECIAL-0326,history_filing,historical_only,- **关键设计发现**（findings 发现 7）：`locator` 无 section 维度（`EvidenceSpan.__post_init__` 强校验 locator==coordinates.locator()）→ 章节溯源走**关联既有 spans**，不新建、不改 schema。,原文及所属阶段时间/配置/样本范围；不继承已PASS结论,原文有日期的历史叙述；本轮不重跑生产、不以本轮测试反向证明当日计数/耗时/完整范围,本项是历史过程/计数/真实样本/PID与耗时观察；不将当时暂停再恢复操作解释为本轮授权或当前worker健康。,保留原始历史版本；将局部实现、生产消费和退休设计分别追踪，具体缺口见review.md,docs/plans/core-section-extraction/progress.md:1-90
C:\Users\郑曾波\Projects\company-wiki\docs\plans\core-section-extraction\progress.md,docs/plans/core-section-extraction/progress.md,81,81,- **char 基准不对齐**：PyMuPDF span 的 char offset 相对纯页面文本拼接（`pdf_page_aware.normalized_cursor`），章节 char 相对 normalized.md（含 `## Page N`/locator 注释）→ 改用 **`## Page N` 页级定位**。,ddaab8a9e4411cc88a16087fb08b101c80bd1266880f355426acd1afdac6ac2f,WIKI-LEGACY-SPECIAL-0327,history_filing,supported_scoped,- **char 基准不对齐**：PyMuPDF span 的 char offset 相对纯页面文本拼接（`pdf_page_aware.normalized_cursor`），章节 char 相对 normalized.md（含 `## Page N`/locator 注释）→ 改用 **`## Page N` 页级定位**。,原文及所属阶段时间/配置/样本范围；不继承已PASS结论,"extractor:242–263,365–392；query probe不验证绑定",当前代码确实采用页范围关联，docling无markers留空；这是显式部分溯源，不能把781/8888spans当语义准确性证明。,保留原始历史版本；将局部实现、生产消费和退休设计分别追踪，具体缺口见review.md,docs/plans/core-section-extraction/progress.md:81-86
C:\Users\郑曾波\Projects\company-wiki\docs\plans\core-section-extraction\progress.md,docs/plans/core-section-extraction/progress.md,82,82,- `section_extractor.py`：`PAGE_MARKER_RE` + `chapter_page_range`（章节 char 区间 → 页范围）；`extract_sections_catalog` 查该文档 evidence_spans、按页过滤关联 span_ids，index.json 加 `page_start/page_end/span_ids`。,ddaab8a9e4411cc88a16087fb08b101c80bd1266880f355426acd1afdac6ac2f,WIKI-LEGACY-SPECIAL-0328,history_filing,supported_scoped,- `section_extractor.py`：`PAGE_MARKER_RE` + `chapter_page_range`（章节 char 区间 → 页范围）；`extract_sections_catalog` 查该文档 evidence_spans、按页过滤关联 span_ids，index.json 加 `page_start/page_end/span_ids`。,原文及所属阶段时间/配置/样本范围；不继承已PASS结论,"extractor:242–263,365–392；query probe不验证绑定",当前代码确实采用页范围关联，docling无markers留空；这是显式部分溯源，不能把781/8888spans当语义准确性证明。,保留原始历史版本；将局部实现、生产消费和退休设计分别追踪，具体缺口见review.md,docs/plans/core-section-extraction/progress.md:81-86
C:\Users\郑曾波\Projects\company-wiki\docs\plans\core-section-extraction\progress.md,docs/plans/core-section-extraction/progress.md,83,83,- `section_query.py`：`SectionEntry` 加 `page_start/page_end/span_ids`（`.get` 向后兼容旧产物）。,ddaab8a9e4411cc88a16087fb08b101c80bd1266880f355426acd1afdac6ac2f,WIKI-LEGACY-SPECIAL-0329,history_filing,supported_scoped,- `section_query.py`：`SectionEntry` 加 `page_start/page_end/span_ids`（`.get` 向后兼容旧产物）。,原文及所属阶段时间/配置/样本范围；不继承已PASS结论,"extractor:242–263,365–392；query probe不验证绑定",当前代码确实采用页范围关联，docling无markers留空；这是显式部分溯源，不能把781/8888spans当语义准确性证明。,保留原始历史版本；将局部实现、生产消费和退休设计分别追踪，具体缺口见review.md,docs/plans/core-section-extraction/progress.md:81-86
C:\Users\郑曾波\Projects\company-wiki\docs\plans\core-section-extraction\progress.md,docs/plans/core-section-extraction/progress.md,84,84,- 测试：11 passed（含 `chapter_page_range` 单元 + 集成字段断言）。,ddaab8a9e4411cc88a16087fb08b101c80bd1266880f355426acd1afdac6ac2f,WIKI-LEGACY-SPECIAL-0330,history_filing,supported_scoped,- 测试：11 passed（含 `chapter_page_range` 单元 + 集成字段断言）。,原文及所属阶段时间/配置/样本范围；不继承已PASS结论,"extractor:242–263,365–392；query probe不验证绑定",当前代码确实采用页范围关联，docling无markers留空；这是显式部分溯源，不能把781/8888spans当语义准确性证明。,保留原始历史版本；将局部实现、生产消费和退休设计分别追踪，具体缺口见review.md,docs/plans/core-section-extraction/progress.md:81-86
C:\Users\郑曾波\Projects\company-wiki\docs\plans\core-section-extraction\progress.md,docs/plans/core-section-extraction/progress.md,85,85,- **真实验证（七一二年报，PyMuPDF 路径）**：financial_data 5-8 页 310 spans / business_overview 8-10 76 / **mda 10-21 781** / important_events 21-39 971 / financial_statements 60-159 8888。章节→evidence 溯源链路完整。,ddaab8a9e4411cc88a16087fb08b101c80bd1266880f355426acd1afdac6ac2f,WIKI-LEGACY-SPECIAL-0331,history_filing,supported_scoped,- **真实验证（七一二年报，PyMuPDF 路径）**：financial_data 5-8 页 310 spans / business_overview 8-10 76 / **mda 10-21 781** / important_events 21-39 971 / financial_statements 60-159 8888。章节→evidence 溯源链路完整。,原文及所属阶段时间/配置/样本范围；不继承已PASS结论,"extractor:242–263,365–392；query probe不验证绑定",当前代码确实采用页范围关联，docling无markers留空；这是显式部分溯源，不能把781/8888spans当语义准确性证明。,保留原始历史版本；将局部实现、生产消费和退休设计分别追踪，具体缺口见review.md,docs/plans/core-section-extraction/progress.md:81-86
C:\Users\郑曾波\Projects\company-wiki\docs\plans\core-section-extraction\progress.md,docs/plans/core-section-extraction/progress.md,86,86,- docling 路径退化：无 `## Page N` → page/span 关联留空（不报错）。,ddaab8a9e4411cc88a16087fb08b101c80bd1266880f355426acd1afdac6ac2f,WIKI-LEGACY-SPECIAL-0332,history_filing,supported_scoped,- docling 路径退化：无 `## Page N` → page/span 关联留空（不报错）。,原文及所属阶段时间/配置/样本范围；不继承已PASS结论,"extractor:242–263,365–392；query probe不验证绑定",当前代码确实采用页范围关联，docling无markers留空；这是显式部分溯源，不能把781/8888spans当语义准确性证明。,保留原始历史版本；将局部实现、生产消费和退休设计分别追踪，具体缺口见review.md,docs/plans/core-section-extraction/progress.md:81-86
C:\Users\郑曾波\Projects\company-wiki\docs\plans\core-section-extraction\progress.md,docs/plans/core-section-extraction/progress.md,89,89,- Phase 4 已提交（c027141）；Phase 5 全量回归 + 提交待发。,ddaab8a9e4411cc88a16087fb08b101c80bd1266880f355426acd1afdac6ac2f,WIKI-LEGACY-SPECIAL-0333,history_filing,superseded,- Phase 4 已提交（c027141）；Phase 5 全量回归 + 提交待发。,原文及所属阶段时间/配置/样本范围；不继承已PASS结论,"task_plan:3–5,92–93",末尾“Phase5待全回归/收尾”被task_plan后续935与8/9scoped状态覆盖，不作为当前待办。,保留原始历史版本；将局部实现、生产消费和退休设计分别追踪，具体缺口见review.md,docs/plans/core-section-extraction/progress.md:89-90
C:\Users\郑曾波\Projects\company-wiki\docs\plans\core-section-extraction\progress.md,docs/plans/core-section-extraction/progress.md,90,90,- 全功能收尾后：三件套标完成，清理 done 项。,ddaab8a9e4411cc88a16087fb08b101c80bd1266880f355426acd1afdac6ac2f,WIKI-LEGACY-SPECIAL-0334,history_filing,superseded,- 全功能收尾后：三件套标完成，清理 done 项。,原文及所属阶段时间/配置/样本范围；不继承已PASS结论,"task_plan:3–5,92–93",末尾“Phase5待全回归/收尾”被task_plan后续935与8/9scoped状态覆盖，不作为当前待办。,保留原始历史版本；将局部实现、生产消费和退休设计分别追踪，具体缺口见review.md,docs/plans/core-section-extraction/progress.md:89-90
C:\Users\郑曾波\Projects\company-wiki\docs\plans\core-section-extraction\task_plan.md,docs/plans/core-section-extraction/task_plan.md,3,3,> **2026-08-09 状态覆盖：`completed_historical_scope / maintenance`。** 原 13/13 项和 Phase 1–5 保持完成，不需要在 FCAP r2 重做。r2 只会在 FC-901~906 重新验证这些 sections artifacts 是否具有可靠 source binding、版本失效和生产消费证据。,ef39ffa4bc291132279f53f8ea7f628cf9ff4e5ff917da6a1ac8a9c7500b1e19,WIKI-LEGACY-SPECIAL-0335,history_filing,insufficient_evidence,> **2026-08-09 状态覆盖：`completed_historical_scope / maintenance`。** 原 13/13 项和 Phase 1–5 保持完成，不需要在 FCAP r2 重做。r2 只会在 FC-901~906 重新验证这些 sections artifacts 是否具有可靠 source binding、版本失效和生产消费证据。,原文及所属阶段时间/配置/样本范围；不继承已PASS结论,progress:58–86；section_probe.json；extractor:317–330无失效比较,全部完成/100%来自三类少量中文样本，未证明当前source binding/版本失效/consumer-ready；旧计数仅历史。,保留原始历史版本；将局部实现、生产消费和退休设计分别追踪，具体缺口见review.md,docs/plans/core-section-extraction/task_plan.md:3-13
C:\Users\郑曾波\Projects\company-wiki\docs\plans\core-section-extraction\task_plan.md,docs/plans/core-section-extraction/task_plan.md,5,7,"> 状态：**全部完成 ✅（Phase 1–5，2026-08-07：核心三件套 + worker 自动批 + evidence 关联；935 contract 绿；三类真实文档 E2E + worker reload 验证）** ｜ 创建：2026-08-06 ｜ 位置：docs/plans/core-section-extraction/
> 关联：`findings.md`（调研）、`progress.md`（进度）
> plan-mode 批准原版：`C:\Users\郑曾波\.claude\plans\abstract-churning-matsumoto.md`",ef39ffa4bc291132279f53f8ea7f628cf9ff4e5ff917da6a1ac8a9c7500b1e19,WIKI-LEGACY-SPECIAL-0336,history_filing,insufficient_evidence,"> 状态：**全部完成 ✅（Phase 1–5，2026-08-07：核心三件套 + worker 自动批 + evidence 关联；935 contract 绿；三类真实文档 E2E + worker reload 验证）** ｜ 创建：2026-08-06 ｜ 位置：docs/plans/core-section-extraction/
> 关联：`findings.md`（调研）、`progress.md`（进度）
> plan-mode 批准原版：`C:\Users\郑曾波\.claude\plans\abstract-churning-matsumoto.md`",原文及所属阶段时间/配置/样本范围；不继承已PASS结论,progress:58–86；section_probe.json；extractor:317–330无失效比较,全部完成/100%来自三类少量中文样本，未证明当前source binding/版本失效/consumer-ready；旧计数仅历史。,保留原始历史版本；将局部实现、生产消费和退休设计分别追踪，具体缺口见review.md,docs/plans/core-section-extraction/task_plan.md:3-13
C:\Users\郑曾波\Projects\company-wiki\docs\plans\core-section-extraction\task_plan.md,docs/plans/core-section-extraction/task_plan.md,11,11,"用户要从年报/半年报/招股书抽取**核心章节**——管理层讨论与分析（MD&A）、业务概要/主营业务、招股书""业务与技术""——**用于投资研究分析**。经澄清，这**不是** CW-2.28 的 `text_fingerprint` 语义去重（已降级，让 worker 自然消化），而是规范栈缺失的**章节内容提取**。",ef39ffa4bc291132279f53f8ea7f628cf9ff4e5ff917da6a1ac8a9c7500b1e19,WIKI-LEGACY-SPECIAL-0337,history_filing,insufficient_evidence,"用户要从年报/半年报/招股书抽取**核心章节**——管理层讨论与分析（MD&A）、业务概要/主营业务、招股书""业务与技术""——**用于投资研究分析**。经澄清，这**不是** CW-2.28 的 `text_fingerprint` 语义去重（已降级，让 worker 自然消化），而是规范栈缺失的**章节内容提取**。",原文及所属阶段时间/配置/样本范围；不继承已PASS结论,progress:58–86；section_probe.json；extractor:317–330无失效比较,全部完成/100%来自三类少量中文样本，未证明当前source binding/版本失效/consumer-ready；旧计数仅历史。,保留原始历史版本；将局部实现、生产消费和退休设计分别追踪，具体缺口见review.md,docs/plans/core-section-extraction/task_plan.md:3-13
C:\Users\郑曾波\Projects\company-wiki\docs\plans\core-section-extraction\task_plan.md,docs/plans/core-section-extraction/task_plan.md,13,13,规范栈 evidence_spans 无章节维度、消费方（invest/revenue/filing-fetch）读整篇靠 agent 手填章节字符串；遗留栈有完整中文财报章节正则但被冻结。**Spike 验证**：独立重写正则在真实 normalized.md 上召回 100%、零噪音（详见 findings.md）。,ef39ffa4bc291132279f53f8ea7f628cf9ff4e5ff917da6a1ac8a9c7500b1e19,WIKI-LEGACY-SPECIAL-0338,history_filing,insufficient_evidence,规范栈 evidence_spans 无章节维度、消费方（invest/revenue/filing-fetch）读整篇靠 agent 手填章节字符串；遗留栈有完整中文财报章节正则但被冻结。**Spike 验证**：独立重写正则在真实 normalized.md 上召回 100%、零噪音（详见 findings.md）。,原文及所属阶段时间/配置/样本范围；不继承已PASS结论,progress:58–86；section_probe.json；extractor:317–330无失效比较,全部完成/100%来自三类少量中文样本，未证明当前source binding/版本失效/consumer-ready；旧计数仅历史。,保留原始历史版本；将局部实现、生产消费和退休设计分别追踪，具体缺口见review.md,docs/plans/core-section-extraction/task_plan.md:3-13
C:\Users\郑曾波\Projects\company-wiki\docs\plans\core-section-extraction\task_plan.md,docs/plans/core-section-extraction/task_plan.md,17,17,① 正则切分模块 ② `extract-sections` 写 artifact + CLI ③ `sections-list` 只读查询。**不含** worker 自动批、不含 evidence span 溯源（列后续）。**只处理已有 normalized.md 的文档**（不自己解析 PDF，未 normalize 的随 worker 解锁）。,ef39ffa4bc291132279f53f8ea7f628cf9ff4e5ff917da6a1ac8a9c7500b1e19,WIKI-LEGACY-SPECIAL-0339,history_filing,supported_scoped,① 正则切分模块 ② `extract-sections` 写 artifact + CLI ③ `sections-list` 只读查询。**不含** worker 自动批、不含 evidence span 溯源（列后续）。**只处理已有 normalized.md 的文档**（不自己解析 PDF，未 normalize 的随 worker 解锁）。,原文及所属阶段时间/配置/样本范围；不继承已PASS结论,extractor:325–327 INNER JOIN norm,只处理已normalized文档的首版边界成立；未normalize不在本模块能力。,保留原始历史版本；将局部实现、生产消费和退休设计分别追踪，具体缺口见review.md,docs/plans/core-section-extraction/task_plan.md:17-17
C:\Users\郑曾波\Projects\company-wiki\docs\plans\core-section-extraction\task_plan.md,docs/plans/core-section-extraction/task_plan.md,22,22,- `mda` ← 管理层讨论与分析 / 经营情况讨论与分析,ef39ffa4bc291132279f53f8ea7f628cf9ff4e5ff917da6a1ac8a9c7500b1e19,WIKI-LEGACY-SPECIAL-0340,history_filing,supported_scoped,- `mda` ← 管理层讨论与分析 / 经营情况讨论与分析,原文及所属阶段时间/配置/样本范围；不继承已PASS结论,"section_extractor.py:30–56,135–164,242–448；section_query.py:73–134（本轮全文）",当前存在对应局部章节切分/写artifact/只读查询与page关联机制；此行按设计约束审查，不推断生产运行/全格式覆盖。,保留原始历史版本；将局部实现、生产消费和退休设计分别追踪，具体缺口见review.md,docs/plans/core-section-extraction/task_plan.md:1-94
C:\Users\郑曾波\Projects\company-wiki\docs\plans\core-section-extraction\task_plan.md,docs/plans/core-section-extraction/task_plan.md,23,23,- `business_overview` ← 业务概要 / 主要业务,ef39ffa4bc291132279f53f8ea7f628cf9ff4e5ff917da6a1ac8a9c7500b1e19,WIKI-LEGACY-SPECIAL-0341,history_filing,supported_scoped,- `business_overview` ← 业务概要 / 主要业务,原文及所属阶段时间/配置/样本范围；不继承已PASS结论,"section_extractor.py:30–56,135–164,242–448；section_query.py:73–134（本轮全文）",当前存在对应局部章节切分/写artifact/只读查询与page关联机制；此行按设计约束审查，不推断生产运行/全格式覆盖。,保留原始历史版本；将局部实现、生产消费和退休设计分别追踪，具体缺口见review.md,docs/plans/core-section-extraction/task_plan.md:1-94
C:\Users\郑曾波\Projects\company-wiki\docs\plans\core-section-extraction\task_plan.md,docs/plans/core-section-extraction/task_plan.md,24,24,- `business_and_technology` ← 业务与技术（招股书）,ef39ffa4bc291132279f53f8ea7f628cf9ff4e5ff917da6a1ac8a9c7500b1e19,WIKI-LEGACY-SPECIAL-0342,history_filing,supported_scoped,- `business_and_technology` ← 业务与技术（招股书）,原文及所属阶段时间/配置/样本范围；不继承已PASS结论,"section_extractor.py:30–56,135–164,242–448；section_query.py:73–134（本轮全文）",当前存在对应局部章节切分/写artifact/只读查询与page关联机制；此行按设计约束审查，不推断生产运行/全格式覆盖。,保留原始历史版本；将局部实现、生产消费和退休设计分别追踪，具体缺口见review.md,docs/plans/core-section-extraction/task_plan.md:1-94
C:\Users\郑曾波\Projects\company-wiki\docs\plans\core-section-extraction\task_plan.md,docs/plans/core-section-extraction/task_plan.md,25,25,- 其他命中（财务报告/风险因素等）识别但标 low,ef39ffa4bc291132279f53f8ea7f628cf9ff4e5ff917da6a1ac8a9c7500b1e19,WIKI-LEGACY-SPECIAL-0343,history_filing,supported_scoped,- 其他命中（财务报告/风险因素等）识别但标 low,原文及所属阶段时间/配置/样本范围；不继承已PASS结论,"section_extractor.py:30–56,135–164,242–448；section_query.py:73–134（本轮全文）",当前存在对应局部章节切分/写artifact/只读查询与page关联机制；此行按设计约束审查，不推断生产运行/全格式覆盖。,保留原始历史版本；将局部实现、生产消费和退休设计分别追踪，具体缺口见review.md,docs/plans/core-section-extraction/task_plan.md:1-94
C:\Users\郑曾波\Projects\company-wiki\docs\plans\core-section-extraction\task_plan.md,docs/plans/core-section-extraction/task_plan.md,28,32,"```
{catalog_dir}/derived/{sha[:2]}/{sha}/sections/
  index.json   # [{role, title, ordinal, char_start, char_end, page_start, page_end}]
  mda.md / business_overview.md / business_and_technology.md
```",ef39ffa4bc291132279f53f8ea7f628cf9ff4e5ff917da6a1ac8a9c7500b1e19,WIKI-LEGACY-SPECIAL-0344,history_filing,supported_scoped,"```
{catalog_dir}/derived/{sha[:2]}/{sha}/sections/
  index.json   # [{role, title, ordinal, char_start, char_end, page_start, page_end}]
  mda.md / business_overview.md / business_and_technology.md
```",原文及所属阶段时间/配置/样本范围；不继承已PASS结论,"section_extractor.py:30–56,135–164,242–448；section_query.py:73–134（本轮全文）",当前存在对应局部章节切分/写artifact/只读查询与page关联机制；此行按设计约束审查，不推断生产运行/全格式覆盖。,保留原始历史版本；将局部实现、生产消费和退休设计分别追踪，具体缺口见review.md,docs/plans/core-section-extraction/task_plan.md:1-94
C:\Users\郑曾波\Projects\company-wiki\docs\plans\core-section-extraction\task_plan.md,docs/plans/core-section-extraction/task_plan.md,33,33,"+ artifacts 表一行 `artifact_role=""sections""`，metadata_json 存 index 摘要。",ef39ffa4bc291132279f53f8ea7f628cf9ff4e5ff917da6a1ac8a9c7500b1e19,WIKI-LEGACY-SPECIAL-0345,history_filing,supported_scoped,"+ artifacts 表一行 `artifact_role=""sections""`，metadata_json 存 index 摘要。",原文及所属阶段时间/配置/样本范围；不继承已PASS结论,"section_extractor.py:30–56,135–164,242–448；section_query.py:73–134（本轮全文）",当前存在对应局部章节切分/写artifact/只读查询与page关联机制；此行按设计约束审查，不推断生产运行/全格式覆盖。,保留原始历史版本；将局部实现、生产消费和退休设计分别追踪，具体缺口见review.md,docs/plans/core-section-extraction/task_plan.md:1-94
C:\Users\郑曾波\Projects\company-wiki\docs\plans\core-section-extraction\task_plan.md,docs/plans/core-section-extraction/task_plan.md,35,35,## Phase 1：正则切分模块 — 状态：completed ✅（8 单元测试全绿）,ef39ffa4bc291132279f53f8ea7f628cf9ff4e5ff917da6a1ac8a9c7500b1e19,WIKI-LEGACY-SPECIAL-0346,history_filing,supported_scoped,## Phase 1：正则切分模块 — 状态：completed ✅（8 单元测试全绿）,原文及所属阶段时间/配置/样本范围；不继承已PASS结论,"section_extractor.py:30–56,135–164,242–448；section_query.py:73–134（本轮全文）",当前存在对应局部章节切分/写artifact/只读查询与page关联机制；此行按设计约束审查，不推断生产运行/全格式覆盖。,保留原始历史版本；将局部实现、生产消费和退休设计分别追踪，具体缺口见review.md,docs/plans/core-section-extraction/task_plan.md:1-94
C:\Users\郑曾波\Projects\company-wiki\docs\plans\core-section-extraction\task_plan.md,docs/plans/core-section-extraction/task_plan.md,37,37,**目标**：纯函数切片，零写盘，可独立单元测试。,ef39ffa4bc291132279f53f8ea7f628cf9ff4e5ff917da6a1ac8a9c7500b1e19,WIKI-LEGACY-SPECIAL-0347,history_filing,supported_scoped,**目标**：纯函数切片，零写盘，可独立单元测试。,原文及所属阶段时间/配置/样本范围；不继承已PASS结论,"section_extractor.py:30–56,135–164,242–448；section_query.py:73–134（本轮全文）",当前存在对应局部章节切分/写artifact/只读查询与page关联机制；此行按设计约束审查，不推断生产运行/全格式覆盖。,保留原始历史版本；将局部实现、生产消费和退休设计分别追踪，具体缺口见review.md,docs/plans/core-section-extraction/task_plan.md:1-94
C:\Users\郑曾波\Projects\company-wiki\docs\plans\core-section-extraction\task_plan.md,docs/plans/core-section-extraction/task_plan.md,39,39,- [x] 新建 `src/company_wiki/source_catalog/section_extractor.py`：,ef39ffa4bc291132279f53f8ea7f628cf9ff4e5ff917da6a1ac8a9c7500b1e19,WIKI-LEGACY-SPECIAL-0348,history_filing,supported_scoped,- [x] 新建 `src/company_wiki/source_catalog/section_extractor.py`：,原文及所属阶段时间/配置/样本范围；不继承已PASS结论,"section_extractor.py:30–56,135–164,242–448；section_query.py:73–134（本轮全文）",当前存在对应局部章节切分/写artifact/只读查询与page关联机制；此行按设计约束审查，不推断生产运行/全格式覆盖。,保留原始历史版本；将局部实现、生产消费和退休设计分别追踪，具体缺口见review.md,docs/plans/core-section-extraction/task_plan.md:1-94
C:\Users\郑曾波\Projects\company-wiki\docs\plans\core-section-extraction\task_plan.md,docs/plans/core-section-extraction/task_plan.md,40,40,"  - 常量 `SECTION_EXTRACTOR_NAME`/`SECTION_ARTIFACT_ROLE=""sections""`/`SECTION_RE`/`SECTION_KEYWORDS`",ef39ffa4bc291132279f53f8ea7f628cf9ff4e5ff917da6a1ac8a9c7500b1e19,WIKI-LEGACY-SPECIAL-0349,history_filing,supported_scoped,"  - 常量 `SECTION_EXTRACTOR_NAME`/`SECTION_ARTIFACT_ROLE=""sections""`/`SECTION_RE`/`SECTION_KEYWORDS`",原文及所属阶段时间/配置/样本范围；不继承已PASS结论,"section_extractor.py:30–56,135–164,242–448；section_query.py:73–134（本轮全文）",当前存在对应局部章节切分/写artifact/只读查询与page关联机制；此行按设计约束审查，不推断生产运行/全格式覆盖。,保留原始历史版本；将局部实现、生产消费和退休设计分别追踪，具体缺口见review.md,docs/plans/core-section-extraction/task_plan.md:1-94
C:\Users\郑曾波\Projects\company-wiki\docs\plans\core-section-extraction\task_plan.md,docs/plans/core-section-extraction/task_plan.md,41,41,  - `SectionSlice` dataclass（role/title/ordinal/char_start/char_end/page_start/page_end/body）,ef39ffa4bc291132279f53f8ea7f628cf9ff4e5ff917da6a1ac8a9c7500b1e19,WIKI-LEGACY-SPECIAL-0350,history_filing,superseded,  - `SectionSlice` dataclass（role/title/ordinal/char_start/char_end/page_start/page_end/body）,原文及所属阶段时间/配置/样本范围；不继承已PASS结论,"section_extractor.py:99–112,372–393；models版本",当前SectionSlice仅role/title/ordinal/chars/body，page_start/end由index阶段生成，旧dataclass字段说明已演化；version不恒为1.0.0。,保留原始历史版本；将局部实现、生产消费和退休设计分别追踪，具体缺口见review.md,docs/plans/core-section-extraction/task_plan.md:41-43
C:\Users\郑曾波\Projects\company-wiki\docs\plans\core-section-extraction\task_plan.md,docs/plans/core-section-extraction/task_plan.md,42,42,  - `extract_sections_from_text(text) -> list[SectionSlice]`（剥 frontmatter + 正则 + 关键词映射）,ef39ffa4bc291132279f53f8ea7f628cf9ff4e5ff917da6a1ac8a9c7500b1e19,WIKI-LEGACY-SPECIAL-0351,history_filing,superseded,  - `extract_sections_from_text(text) -> list[SectionSlice]`（剥 frontmatter + 正则 + 关键词映射）,原文及所属阶段时间/配置/样本范围；不继承已PASS结论,"section_extractor.py:99–112,372–393；models版本",当前SectionSlice仅role/title/ordinal/chars/body，page_start/end由index阶段生成，旧dataclass字段说明已演化；version不恒为1.0.0。,保留原始历史版本；将局部实现、生产消费和退休设计分别追踪，具体缺口见review.md,docs/plans/core-section-extraction/task_plan.md:41-43
C:\Users\郑曾波\Projects\company-wiki\docs\plans\core-section-extraction\task_plan.md,docs/plans/core-section-extraction/task_plan.md,43,43,"- [x] `models.py` 加 `SECTION_EXTRACTOR_VERSION = ""1.0.0""`",ef39ffa4bc291132279f53f8ea7f628cf9ff4e5ff917da6a1ac8a9c7500b1e19,WIKI-LEGACY-SPECIAL-0352,history_filing,superseded,"- [x] `models.py` 加 `SECTION_EXTRACTOR_VERSION = ""1.0.0""`",原文及所属阶段时间/配置/样本范围；不继承已PASS结论,"section_extractor.py:99–112,372–393；models版本",当前SectionSlice仅role/title/ordinal/chars/body，page_start/end由index阶段生成，旧dataclass字段说明已演化；version不恒为1.0.0。,保留原始历史版本；将局部实现、生产消费和退休设计分别追踪，具体缺口见review.md,docs/plans/core-section-extraction/task_plan.md:41-43
C:\Users\郑曾波\Projects\company-wiki\docs\plans\core-section-extraction\task_plan.md,docs/plans/core-section-extraction/task_plan.md,44,44,"- [x] 单元测试：合成文本断言（MD&A 两变体、招股书""第X章""、子节""一、""、噪音过滤）",ef39ffa4bc291132279f53f8ea7f628cf9ff4e5ff917da6a1ac8a9c7500b1e19,WIKI-LEGACY-SPECIAL-0353,history_filing,insufficient_evidence,"- [x] 单元测试：合成文本断言（MD&A 两变体、招股书""第X章""、子节""一、""、噪音过滤）",原文及所属阶段时间/配置/样本范围；不继承已PASS结论,section_extractor.py:30中文限定；本轮未跑真实broker/HK/US,合成中文标题测试是规则可用性，不能支持主流文档100%召回/英文10-K表格正文质量。,保留原始历史版本；将局部实现、生产消费和退休设计分别追踪，具体缺口见review.md,docs/plans/core-section-extraction/task_plan.md:44-45
C:\Users\郑曾波\Projects\company-wiki\docs\plans\core-section-extraction\task_plan.md,docs/plans/core-section-extraction/task_plan.md,45,45,- **验证**：`pytest tests/contract/test_source_catalog_section_extractor.py -k regex`,ef39ffa4bc291132279f53f8ea7f628cf9ff4e5ff917da6a1ac8a9c7500b1e19,WIKI-LEGACY-SPECIAL-0354,history_filing,insufficient_evidence,- **验证**：`pytest tests/contract/test_source_catalog_section_extractor.py -k regex`,原文及所属阶段时间/配置/样本范围；不继承已PASS结论,section_extractor.py:30中文限定；本轮未跑真实broker/HK/US,合成中文标题测试是规则可用性，不能支持主流文档100%召回/英文10-K表格正文质量。,保留原始历史版本；将局部实现、生产消费和退休设计分别追踪，具体缺口见review.md,docs/plans/core-section-extraction/task_plan.md:44-45
C:\Users\郑曾波\Projects\company-wiki\docs\plans\core-section-extraction\task_plan.md,docs/plans/core-section-extraction/task_plan.md,47,47,## Phase 2：写入 + service + CLI + 集成测试 — 状态：completed ✅（集成测试 + 幂等 + force 全绿）,ef39ffa4bc291132279f53f8ea7f628cf9ff4e5ff917da6a1ac8a9c7500b1e19,WIKI-LEGACY-SPECIAL-0355,history_filing,supported_scoped,## Phase 2：写入 + service + CLI + 集成测试 — 状态：completed ✅（集成测试 + 幂等 + force 全绿）,原文及所属阶段时间/配置/样本范围；不继承已PASS结论,"section_extractor.py:30–56,135–164,242–448；section_query.py:73–134（本轮全文）",当前存在对应局部章节切分/写artifact/只读查询与page关联机制；此行按设计约束审查，不推断生产运行/全格式覆盖。,保留原始历史版本；将局部实现、生产消费和退休设计分别追踪，具体缺口见review.md,docs/plans/core-section-extraction/task_plan.md:1-94
C:\Users\郑曾波\Projects\company-wiki\docs\plans\core-section-extraction\task_plan.md,docs/plans/core-section-extraction/task_plan.md,49,49,"- [x] `extract_sections_catalog(config, store, *, limit, document_id, document_kind, force, progress, should_stop) -> ProcessingReport`",ef39ffa4bc291132279f53f8ea7f628cf9ff4e5ff917da6a1ac8a9c7500b1e19,WIKI-LEGACY-SPECIAL-0356,history_filing,supported_scoped,"- [x] `extract_sections_catalog(config, store, *, limit, document_id, document_kind, force, progress, should_stop) -> ProcessingReport`",原文及所属阶段时间/配置/样本范围；不继承已PASS结论,"section_extractor.py:30–56,135–164,242–448；section_query.py:73–134（本轮全文）",当前存在对应局部章节切分/写artifact/只读查询与page关联机制；此行按设计约束审查，不推断生产运行/全格式覆盖。,保留原始历史版本；将局部实现、生产消费和退休设计分别追踪，具体缺口见review.md,docs/plans/core-section-extraction/task_plan.md:1-94
C:\Users\郑曾波\Projects\company-wiki\docs\plans\core-section-extraction\task_plan.md,docs/plans/core-section-extraction/task_plan.md,50,50,  - 选文档 SQL（模仿 `normalizer.py:1412-1430`）：JOIN artifacts normalized（已有）LEFT JOIN artifacts sections（无）WHERE document_kind IN (...) AND sections.artifact_id IS NULL,ef39ffa4bc291132279f53f8ea7f628cf9ff4e5ff917da6a1ac8a9c7500b1e19,WIKI-LEGACY-SPECIAL-0357,history_filing,supported_scoped,  - 选文档 SQL（模仿 `normalizer.py:1412-1430`）：JOIN artifacts normalized（已有）LEFT JOIN artifacts sections（无）WHERE document_kind IN (...) AND sections.artifact_id IS NULL,原文及所属阶段时间/配置/样本范围；不继承已PASS结论,"section_extractor.py:30–56,135–164,242–448；section_query.py:73–134（本轮全文）",当前存在对应局部章节切分/写artifact/只读查询与page关联机制；此行按设计约束审查，不推断生产运行/全格式覆盖。,保留原始历史版本；将局部实现、生产消费和退休设计分别追踪，具体缺口见review.md,docs/plans/core-section-extraction/task_plan.md:1-94
C:\Users\郑曾波\Projects\company-wiki\docs\plans\core-section-extraction\task_plan.md,docs/plans/core-section-extraction/task_plan.md,51,51,  - 读 normalized.md → 切片 → `_atomic_write` 产物（模仿 `normalizer.py:1359-1366`）→ `store.transaction()` INSERT artifacts role='sections'（抄 `normalizer.py:1601-1631` SQL）,ef39ffa4bc291132279f53f8ea7f628cf9ff4e5ff917da6a1ac8a9c7500b1e19,WIKI-LEGACY-SPECIAL-0358,history_filing,supported_scoped,  - 读 normalized.md → 切片 → `_atomic_write` 产物（模仿 `normalizer.py:1359-1366`）→ `store.transaction()` INSERT artifacts role='sections'（抄 `normalizer.py:1601-1631` SQL）,原文及所属阶段时间/配置/样本范围；不继承已PASS结论,"section_extractor.py:30–56,135–164,242–448；section_query.py:73–134（本轮全文）",当前存在对应局部章节切分/写artifact/只读查询与page关联机制；此行按设计约束审查，不推断生产运行/全格式覆盖。,保留原始历史版本；将局部实现、生产消费和退休设计分别追踪，具体缺口见review.md,docs/plans/core-section-extraction/task_plan.md:1-94
C:\Users\郑曾波\Projects\company-wiki\docs\plans\core-section-extraction\task_plan.md,docs/plans/core-section-extraction/task_plan.md,52,52,"- [x] `service.py` 加 `extract_sections(...)`，`CatalogOperationLock(operation=""extract_sections"")` 包装（模仿 `service.py:108-123`）",ef39ffa4bc291132279f53f8ea7f628cf9ff4e5ff917da6a1ac8a9c7500b1e19,WIKI-LEGACY-SPECIAL-0359,history_filing,supported_scoped,"- [x] `service.py` 加 `extract_sections(...)`，`CatalogOperationLock(operation=""extract_sections"")` 包装（模仿 `service.py:108-123`）",原文及所属阶段时间/配置/样本范围；不继承已PASS结论,"section_extractor.py:30–56,135–164,242–448；section_query.py:73–134（本轮全文）",当前存在对应局部章节切分/写artifact/只读查询与page关联机制；此行按设计约束审查，不推断生产运行/全格式覆盖。,保留原始历史版本；将局部实现、生产消费和退休设计分别追踪，具体缺口见review.md,docs/plans/core-section-extraction/task_plan.md:1-94
C:\Users\郑曾波\Projects\company-wiki\docs\plans\core-section-extraction\task_plan.md,docs/plans/core-section-extraction/task_plan.md,53,53,- [x] `__init__.py` 导出 `SectionSlice`、`SECTION_EXTRACTOR_VERSION`,ef39ffa4bc291132279f53f8ea7f628cf9ff4e5ff917da6a1ac8a9c7500b1e19,WIKI-LEGACY-SPECIAL-0360,history_filing,supported_scoped,- [x] `__init__.py` 导出 `SectionSlice`、`SECTION_EXTRACTOR_VERSION`,原文及所属阶段时间/配置/样本范围；不继承已PASS结论,"section_extractor.py:30–56,135–164,242–448；section_query.py:73–134（本轮全文）",当前存在对应局部章节切分/写artifact/只读查询与page关联机制；此行按设计约束审查，不推断生产运行/全格式覆盖。,保留原始历史版本；将局部实现、生产消费和退休设计分别追踪，具体缺口见review.md,docs/plans/core-section-extraction/task_plan.md:1-94
C:\Users\郑曾波\Projects\company-wiki\docs\plans\core-section-extraction\task_plan.md,docs/plans/core-section-extraction/task_plan.md,54,54,- [x] `cli.py` 注册 `extract-sections --limit/--document-id/--document-kind/--force`（模仿 `fingerprint-backfill` :206-210/:649）,ef39ffa4bc291132279f53f8ea7f628cf9ff4e5ff917da6a1ac8a9c7500b1e19,WIKI-LEGACY-SPECIAL-0361,history_filing,supported_scoped,- [x] `cli.py` 注册 `extract-sections --limit/--document-id/--document-kind/--force`（模仿 `fingerprint-backfill` :206-210/:649）,原文及所属阶段时间/配置/样本范围；不继承已PASS结论,"section_extractor.py:30–56,135–164,242–448；section_query.py:73–134（本轮全文）",当前存在对应局部章节切分/写artifact/只读查询与page关联机制；此行按设计约束审查，不推断生产运行/全格式覆盖。,保留原始历史版本；将局部实现、生产消费和退休设计分别追踪，具体缺口见review.md,docs/plans/core-section-extraction/task_plan.md:1-94
C:\Users\郑曾波\Projects\company-wiki\docs\plans\core-section-extraction\task_plan.md,docs/plans/core-section-extraction/task_plan.md,55,55,- [x] 集成测试（tmp_path）：scan + normalize + extract_sections；断言 artifacts role='sections' 行 + index.json + **幂等**（重跑行数不变）,ef39ffa4bc291132279f53f8ea7f628cf9ff4e5ff917da6a1ac8a9c7500b1e19,WIKI-LEGACY-SPECIAL-0362,history_filing,insufficient_evidence,- [x] 集成测试（tmp_path）：scan + normalize + extract_sections；断言 artifacts role='sections' 行 + index.json + **幂等**（重跑行数不变）,原文及所属阶段时间/配置/样本范围；不继承已PASS结论,extractor:317–330；section_probe.json,行数幂等只检查已有sections即跳过，缺norm/source/parser/version变更、失效span、内容变更反例。,保留原始历史版本；将局部实现、生产消费和退休设计分别追踪，具体缺口见review.md,docs/plans/core-section-extraction/task_plan.md:55-56
C:\Users\郑曾波\Projects\company-wiki\docs\plans\core-section-extraction\task_plan.md,docs/plans/core-section-extraction/task_plan.md,56,56,- **验证**：`pytest tests/contract/test_source_catalog_section_extractor.py`,ef39ffa4bc291132279f53f8ea7f628cf9ff4e5ff917da6a1ac8a9c7500b1e19,WIKI-LEGACY-SPECIAL-0363,history_filing,insufficient_evidence,- **验证**：`pytest tests/contract/test_source_catalog_section_extractor.py`,原文及所属阶段时间/配置/样本范围；不继承已PASS结论,extractor:317–330；section_probe.json,行数幂等只检查已有sections即跳过，缺norm/source/parser/version变更、失效span、内容变更反例。,保留原始历史版本；将局部实现、生产消费和退休设计分别追踪，具体缺口见review.md,docs/plans/core-section-extraction/task_plan.md:55-56
C:\Users\郑曾波\Projects\company-wiki\docs\plans\core-section-extraction\task_plan.md,docs/plans/core-section-extraction/task_plan.md,58,58,## Phase 3：只读查询 + 回归 + 清理 — 状态：completed ✅（SectionQueryService + sections-list CLI + 414 全量回归 + 真实库三类文档端到端验证通过）,ef39ffa4bc291132279f53f8ea7f628cf9ff4e5ff917da6a1ac8a9c7500b1e19,WIKI-LEGACY-SPECIAL-0364,history_filing,supported_scoped,## Phase 3：只读查询 + 回归 + 清理 — 状态：completed ✅（SectionQueryService + sections-list CLI + 414 全量回归 + 真实库三类文档端到端验证通过）,原文及所属阶段时间/配置/样本范围；不继承已PASS结论,"section_extractor.py:30–56,135–164,242–448；section_query.py:73–134（本轮全文）",当前存在对应局部章节切分/写artifact/只读查询与page关联机制；此行按设计约束审查，不推断生产运行/全格式覆盖。,保留原始历史版本；将局部实现、生产消费和退休设计分别追踪，具体缺口见review.md,docs/plans/core-section-extraction/task_plan.md:1-94
C:\Users\郑曾波\Projects\company-wiki\docs\plans\core-section-extraction\task_plan.md,docs/plans/core-section-extraction/task_plan.md,60,60,- [x] `section_query.py` `SectionQueryService.list_sections(document_id)`（模仿 `EvidenceQueryService` 只读连接）,ef39ffa4bc291132279f53f8ea7f628cf9ff4e5ff917da6a1ac8a9c7500b1e19,WIKI-LEGACY-SPECIAL-0365,history_filing,supported_scoped,- [x] `section_query.py` `SectionQueryService.list_sections(document_id)`（模仿 `EvidenceQueryService` 只读连接）,原文及所属阶段时间/配置/样本范围；不继承已PASS结论,"section_extractor.py:30–56,135–164,242–448；section_query.py:73–134（本轮全文）",当前存在对应局部章节切分/写artifact/只读查询与page关联机制；此行按设计约束审查，不推断生产运行/全格式覆盖。,保留原始历史版本；将局部实现、生产消费和退休设计分别追踪，具体缺口见review.md,docs/plans/core-section-extraction/task_plan.md:1-94
C:\Users\郑曾波\Projects\company-wiki\docs\plans\core-section-extraction\task_plan.md,docs/plans/core-section-extraction/task_plan.md,61,61,- [x] `cli.py` 注册 `sections-list --document-id`（模仿 `evidence-list` :312-319/:792-798）,ef39ffa4bc291132279f53f8ea7f628cf9ff4e5ff917da6a1ac8a9c7500b1e19,WIKI-LEGACY-SPECIAL-0366,history_filing,supported_scoped,- [x] `cli.py` 注册 `sections-list --document-id`（模仿 `evidence-list` :312-319/:792-798）,原文及所属阶段时间/配置/样本范围；不继承已PASS结论,"section_extractor.py:30–56,135–164,242–448；section_query.py:73–134（本轮全文）",当前存在对应局部章节切分/写artifact/只读查询与page关联机制；此行按设计约束审查，不推断生产运行/全格式覆盖。,保留原始历史版本；将局部实现、生产消费和退休设计分别追踪，具体缺口见review.md,docs/plans/core-section-extraction/task_plan.md:1-94
C:\Users\郑曾波\Projects\company-wiki\docs\plans\core-section-extraction\task_plan.md,docs/plans/core-section-extraction/task_plan.md,62,62,- [x] 真实文档验证：七一二年报 / 万华半年报 / 七一二招股书 `extract-sections --document-id` + `sections-list`,ef39ffa4bc291132279f53f8ea7f628cf9ff4e5ff917da6a1ac8a9c7500b1e19,WIKI-LEGACY-SPECIAL-0367,history_filing,historical_only,- [x] 真实文档验证：七一二年报 / 万华半年报 / 七一二招股书 `extract-sections --document-id` + `sections-list`,原文及所属阶段时间/配置/样本范围；不继承已PASS结论,progress:58–65；CURRENT_STATUS:9,三真实财报样本、414合同和临时文件清理是旧操作收据叙述，本轮未复跑；不证明研报或现生产。,保留原始历史版本；将局部实现、生产消费和退休设计分别追踪，具体缺口见review.md,docs/plans/core-section-extraction/task_plan.md:62-64
C:\Users\郑曾波\Projects\company-wiki\docs\plans\core-section-extraction\task_plan.md,docs/plans/core-section-extraction/task_plan.md,63,63,- [x] 全量回归：`pytest tests/contract/test_source_catalog_*.py` + Ruff + `compileall`,ef39ffa4bc291132279f53f8ea7f628cf9ff4e5ff917da6a1ac8a9c7500b1e19,WIKI-LEGACY-SPECIAL-0368,history_filing,historical_only,- [x] 全量回归：`pytest tests/contract/test_source_catalog_*.py` + Ruff + `compileall`,原文及所属阶段时间/配置/样本范围；不继承已PASS结论,progress:58–65；CURRENT_STATUS:9,三真实财报样本、414合同和临时文件清理是旧操作收据叙述，本轮未复跑；不证明研报或现生产。,保留原始历史版本；将局部实现、生产消费和退休设计分别追踪，具体缺口见review.md,docs/plans/core-section-extraction/task_plan.md:62-64
C:\Users\郑曾波\Projects\company-wiki\docs\plans\core-section-extraction\task_plan.md,docs/plans/core-section-extraction/task_plan.md,64,64,- [x] 清理临时脚本 `_spike_sections.py`（`_observe_backfill.py` 待后台观测结束删）,ef39ffa4bc291132279f53f8ea7f628cf9ff4e5ff917da6a1ac8a9c7500b1e19,WIKI-LEGACY-SPECIAL-0369,history_filing,historical_only,- [x] 清理临时脚本 `_spike_sections.py`（`_observe_backfill.py` 待后台观测结束删）,原文及所属阶段时间/配置/样本范围；不继承已PASS结论,progress:58–65；CURRENT_STATUS:9,三真实财报样本、414合同和临时文件清理是旧操作收据叙述，本轮未复跑；不证明研报或现生产。,保留原始历史版本；将局部实现、生产消费和退休设计分别追踪，具体缺口见review.md,docs/plans/core-section-extraction/task_plan.md:62-64
C:\Users\郑曾波\Projects\company-wiki\docs\plans\core-section-extraction\task_plan.md,docs/plans/core-section-extraction/task_plan.md,68,68,| 用途 | 来源 |,ef39ffa4bc291132279f53f8ea7f628cf9ff4e5ff917da6a1ac8a9c7500b1e19,WIKI-LEGACY-SPECIAL-0370,history_filing,supported_scoped,| 用途 | 来源 |,原文及所属阶段时间/配置/样本范围；不继承已PASS结论,"section_extractor.py:30–56,135–164,242–448；section_query.py:73–134（本轮全文）",当前存在对应局部章节切分/写artifact/只读查询与page关联机制；此行按设计约束审查，不推断生产运行/全格式覆盖。,保留原始历史版本；将局部实现、生产消费和退休设计分别追踪，具体缺口见review.md,docs/plans/core-section-extraction/task_plan.md:1-94
C:\Users\郑曾波\Projects\company-wiki\docs\plans\core-section-extraction\task_plan.md,docs/plans/core-section-extraction/task_plan.md,70,70,| artifact 写入 SQL（ON CONFLICT 四元组） | `normalizer.py:1601-1631` |,ef39ffa4bc291132279f53f8ea7f628cf9ff4e5ff917da6a1ac8a9c7500b1e19,WIKI-LEGACY-SPECIAL-0371,history_filing,supported_scoped,| artifact 写入 SQL（ON CONFLICT 四元组） | `normalizer.py:1601-1631` |,原文及所属阶段时间/配置/样本范围；不继承已PASS结论,"section_extractor.py:30–56,135–164,242–448；section_query.py:73–134（本轮全文）",当前存在对应局部章节切分/写artifact/只读查询与page关联机制；此行按设计约束审查，不推断生产运行/全格式覆盖。,保留原始历史版本；将局部实现、生产消费和退休设计分别追踪，具体缺口见review.md,docs/plans/core-section-extraction/task_plan.md:1-94
C:\Users\郑曾波\Projects\company-wiki\docs\plans\core-section-extraction\task_plan.md,docs/plans/core-section-extraction/task_plan.md,71,71,| 选文档 SQL（JOIN artifacts existing） | `normalizer.py:1412-1430` |,ef39ffa4bc291132279f53f8ea7f628cf9ff4e5ff917da6a1ac8a9c7500b1e19,WIKI-LEGACY-SPECIAL-0372,history_filing,supported_scoped,| 选文档 SQL（JOIN artifacts existing） | `normalizer.py:1412-1430` |,原文及所属阶段时间/配置/样本范围；不继承已PASS结论,"section_extractor.py:30–56,135–164,242–448；section_query.py:73–134（本轮全文）",当前存在对应局部章节切分/写artifact/只读查询与page关联机制；此行按设计约束审查，不推断生产运行/全格式覆盖。,保留原始历史版本；将局部实现、生产消费和退休设计分别追踪，具体缺口见review.md,docs/plans/core-section-extraction/task_plan.md:1-94
C:\Users\郑曾波\Projects\company-wiki\docs\plans\core-section-extraction\task_plan.md,docs/plans/core-section-extraction/task_plan.md,72,72,| `_atomic_write`（.tmp+os.replace） | `normalizer.py:1359-1366` |,ef39ffa4bc291132279f53f8ea7f628cf9ff4e5ff917da6a1ac8a9c7500b1e19,WIKI-LEGACY-SPECIAL-0373,history_filing,supported_scoped,| `_atomic_write`（.tmp+os.replace） | `normalizer.py:1359-1366` |,原文及所属阶段时间/配置/样本范围；不继承已PASS结论,"section_extractor.py:30–56,135–164,242–448；section_query.py:73–134（本轮全文）",当前存在对应局部章节切分/写artifact/只读查询与page关联机制；此行按设计约束审查，不推断生产运行/全格式覆盖。,保留原始历史版本；将局部实现、生产消费和退休设计分别追踪，具体缺口见review.md,docs/plans/core-section-extraction/task_plan.md:1-94
C:\Users\郑曾波\Projects\company-wiki\docs\plans\core-section-extraction\task_plan.md,docs/plans/core-section-extraction/task_plan.md,73,73,| service lock 包装 | `service.py:108-123`（backfill_text_fingerprints） |,ef39ffa4bc291132279f53f8ea7f628cf9ff4e5ff917da6a1ac8a9c7500b1e19,WIKI-LEGACY-SPECIAL-0374,history_filing,supported_scoped,| service lock 包装 | `service.py:108-123`（backfill_text_fingerprints） |,原文及所属阶段时间/配置/样本范围；不继承已PASS结论,"section_extractor.py:30–56,135–164,242–448；section_query.py:73–134（本轮全文）",当前存在对应局部章节切分/写artifact/只读查询与page关联机制；此行按设计约束审查，不推断生产运行/全格式覆盖。,保留原始历史版本；将局部实现、生产消费和退休设计分别追踪，具体缺口见review.md,docs/plans/core-section-extraction/task_plan.md:1-94
C:\Users\郑曾波\Projects\company-wiki\docs\plans\core-section-extraction\task_plan.md,docs/plans/core-section-extraction/task_plan.md,74,74,| 只读查询服务 | `EvidenceQueryService`（`evidence_query.py`） |,ef39ffa4bc291132279f53f8ea7f628cf9ff4e5ff917da6a1ac8a9c7500b1e19,WIKI-LEGACY-SPECIAL-0375,history_filing,supported_scoped,| 只读查询服务 | `EvidenceQueryService`（`evidence_query.py`） |,原文及所属阶段时间/配置/样本范围；不继承已PASS结论,"section_extractor.py:30–56,135–164,242–448；section_query.py:73–134（本轮全文）",当前存在对应局部章节切分/写artifact/只读查询与page关联机制；此行按设计约束审查，不推断生产运行/全格式覆盖。,保留原始历史版本；将局部实现、生产消费和退休设计分别追踪，具体缺口见review.md,docs/plans/core-section-extraction/task_plan.md:1-94
C:\Users\郑曾波\Projects\company-wiki\docs\plans\core-section-extraction\task_plan.md,docs/plans/core-section-extraction/task_plan.md,75,75,"| `ProcessingReport` / 版本常量风格 | `models.py:13,149` |",ef39ffa4bc291132279f53f8ea7f628cf9ff4e5ff917da6a1ac8a9c7500b1e19,WIKI-LEGACY-SPECIAL-0376,history_filing,supported_scoped,"| `ProcessingReport` / 版本常量风格 | `models.py:13,149` |",原文及所属阶段时间/配置/样本范围；不继承已PASS结论,"section_extractor.py:30–56,135–164,242–448；section_query.py:73–134（本轮全文）",当前存在对应局部章节切分/写artifact/只读查询与page关联机制；此行按设计约束审查，不推断生产运行/全格式覆盖。,保留原始历史版本；将局部实现、生产消费和退休设计分别追踪，具体缺口见review.md,docs/plans/core-section-extraction/task_plan.md:1-94
C:\Users\郑曾波\Projects\company-wiki\docs\plans\core-section-extraction\task_plan.md,docs/plans/core-section-extraction/task_plan.md,79,79,- 写 artifacts：`CatalogOperationLock` + `store.transaction()`（BEGIN IMMEDIATE）—— 复用 normalizer 已验证三件套，**不引入新并发面**,ef39ffa4bc291132279f53f8ea7f628cf9ff4e5ff917da6a1ac8a9c7500b1e19,WIKI-LEGACY-SPECIAL-0377,history_filing,supported_scoped,- 写 artifacts：`CatalogOperationLock` + `store.transaction()`（BEGIN IMMEDIATE）—— 复用 normalizer 已验证三件套，**不引入新并发面**,原文及所属阶段时间/配置/样本范围；不继承已PASS结论,section_extractor.py:373–438文件先写后DB；section_query.py:80,service锁+transaction与只读连接构成有限写互斥；不保证磁盘文件和DB复合原子性/跨进程并发恢复。,保留原始历史版本；将局部实现、生产消费和退休设计分别追踪，具体缺口见review.md,docs/plans/core-section-extraction/task_plan.md:79-82
C:\Users\郑曾波\Projects\company-wiki\docs\plans\core-section-extraction\task_plan.md,docs/plans/core-section-extraction/task_plan.md,80,80,- **绝不 DELETE evidence_spans**（只 UPSERT artifacts；首版不写 evidence_spans）,ef39ffa4bc291132279f53f8ea7f628cf9ff4e5ff917da6a1ac8a9c7500b1e19,WIKI-LEGACY-SPECIAL-0378,history_filing,supported_scoped,- **绝不 DELETE evidence_spans**（只 UPSERT artifacts；首版不写 evidence_spans）,原文及所属阶段时间/配置/样本范围；不继承已PASS结论,section_extractor.py:373–438文件先写后DB；section_query.py:80,service锁+transaction与只读连接构成有限写互斥；不保证磁盘文件和DB复合原子性/跨进程并发恢复。,保留原始历史版本；将局部实现、生产消费和退休设计分别追踪，具体缺口见review.md,docs/plans/core-section-extraction/task_plan.md:79-82
C:\Users\郑曾波\Projects\company-wiki\docs\plans\core-section-extraction\task_plan.md,docs/plans/core-section-extraction/task_plan.md,81,81,- 只读查询走独立只读连接（不经 transaction）,ef39ffa4bc291132279f53f8ea7f628cf9ff4e5ff917da6a1ac8a9c7500b1e19,WIKI-LEGACY-SPECIAL-0379,history_filing,supported_scoped,- 只读查询走独立只读连接（不经 transaction）,原文及所属阶段时间/配置/样本范围；不继承已PASS结论,section_extractor.py:373–438文件先写后DB；section_query.py:80,service锁+transaction与只读连接构成有限写互斥；不保证磁盘文件和DB复合原子性/跨进程并发恢复。,保留原始历史版本；将局部实现、生产消费和退休设计分别追踪，具体缺口见review.md,docs/plans/core-section-extraction/task_plan.md:79-82
C:\Users\郑曾波\Projects\company-wiki\docs\plans\core-section-extraction\task_plan.md,docs/plans/core-section-extraction/task_plan.md,82,82,- `extract-sections` CLI 与 worker 互斥；worker 在跑时 `CatalogOperationLockedError`（选空闲窗口）,ef39ffa4bc291132279f53f8ea7f628cf9ff4e5ff917da6a1ac8a9c7500b1e19,WIKI-LEGACY-SPECIAL-0380,history_filing,supported_scoped,- `extract-sections` CLI 与 worker 互斥；worker 在跑时 `CatalogOperationLockedError`（选空闲窗口）,原文及所属阶段时间/配置/样本范围；不继承已PASS结论,section_extractor.py:373–438文件先写后DB；section_query.py:80,service锁+transaction与只读连接构成有限写互斥；不保证磁盘文件和DB复合原子性/跨进程并发恢复。,保留原始历史版本；将局部实现、生产消费和退休设计分别追踪，具体缺口见review.md,docs/plans/core-section-extraction/task_plan.md:79-82
C:\Users\郑曾波\Projects\company-wiki\docs\plans\core-section-extraction\task_plan.md,docs/plans/core-section-extraction/task_plan.md,86,86,- worker 在跑时 extract-sections 秒败 → 手动触发，选空闲窗口,ef39ffa4bc291132279f53f8ea7f628cf9ff4e5ff917da6a1ac8a9c7500b1e19,WIKI-LEGACY-SPECIAL-0381,history_filing,supported_scoped,- worker 在跑时 extract-sections 秒败 → 手动触发，选空闲窗口,原文及所属阶段时间/配置/样本范围；不继承已PASS结论,"section_extractor.py:30–56,135–164,242–448；section_query.py:73–134（本轮全文）",当前存在对应局部章节切分/写artifact/只读查询与page关联机制；此行按设计约束审查，不推断生产运行/全格式覆盖。,保留原始历史版本；将局部实现、生产消费和退休设计分别追踪，具体缺口见review.md,docs/plans/core-section-extraction/task_plan.md:1-94
C:\Users\郑曾波\Projects\company-wiki\docs\plans\core-section-extraction\task_plan.md,docs/plans/core-section-extraction/task_plan.md,87,87,- 未 normalize 的文档无 normalized.md → 随 worker normalize 自然解锁,ef39ffa4bc291132279f53f8ea7f628cf9ff4e5ff917da6a1ac8a9c7500b1e19,WIKI-LEGACY-SPECIAL-0382,history_filing,insufficient_evidence,- 未 normalize 的文档无 normalized.md → 随 worker normalize 自然解锁,原文及所属阶段时间/配置/样本范围；不继承已PASS结论,progress少量中文样本；worker当前暂停/未实施v5,normalize后可选不等于worker生产已及时处理；“主流已验证”没有预先定义文档类型总体/抽样分母。,保留原始历史版本；将局部实现、生产消费和退休设计分别追踪，具体缺口见review.md,docs/plans/core-section-extraction/task_plan.md:87-88
C:\Users\郑曾波\Projects\company-wiki\docs\plans\core-section-extraction\task_plan.md,docs/plans/core-section-extraction/task_plan.md,88,88,- 标题变体召回 → spike 已验证主流；上线后监控未命中，扩关键词,ef39ffa4bc291132279f53f8ea7f628cf9ff4e5ff917da6a1ac8a9c7500b1e19,WIKI-LEGACY-SPECIAL-0383,history_filing,insufficient_evidence,- 标题变体召回 → spike 已验证主流；上线后监控未命中，扩关键词,原文及所属阶段时间/配置/样本范围；不继承已PASS结论,progress少量中文样本；worker当前暂停/未实施v5,normalize后可选不等于worker生产已及时处理；“主流已验证”没有预先定义文档类型总体/抽样分母。,保留原始历史版本；将局部实现、生产消费和退休设计分别追踪，具体缺口见review.md,docs/plans/core-section-extraction/task_plan.md:87-88
C:\Users\郑曾波\Projects\company-wiki\docs\plans\core-section-extraction\task_plan.md,docs/plans/core-section-extraction/task_plan.md,92,92,- ~~Phase 4：worker 集成~~ — **completed ✅（2026-08-06：`scheduler_policy.py` + `worker.py` + `config/source_catalog_worker.yaml` + 测试；923 contract + 673 unit 绿；worker reload `code_match=True`）**,ef39ffa4bc291132279f53f8ea7f628cf9ff4e5ff917da6a1ac8a9c7500b1e19,WIKI-LEGACY-SPECIAL-0384,history_filing,historical_only,- ~~Phase 4：worker 集成~~ — **completed ✅（2026-08-06：`scheduler_policy.py` + `worker.py` + `config/source_catalog_worker.yaml` + 测试；923 contract + 673 unit 绿；worker reload `code_match=True`）**,原文及所属阶段时间/配置/样本范围；不继承已PASS结论,progress:74–86；section_probe.json,旧worker reload/计数以及PyMuPDF页关联成立范围只当时该样本；docling留空是显式降级，不是完整可消费链证明。,保留原始历史版本；将局部实现、生产消费和退休设计分别追踪，具体缺口见review.md,docs/plans/core-section-extraction/task_plan.md:92-94
C:\Users\郑曾波\Projects\company-wiki\docs\plans\core-section-extraction\task_plan.md,docs/plans/core-section-extraction/task_plan.md,93,93,- ~~Phase 5：章节→evidence_spans 映射~~ — **completed ✅（2026-08-06：章节→page→span_ids 关联（char 基准不对齐，改用 ## Page N 页级）；七一二年报 mda 781 spans / financial_statements 8888 spans 真实验证；docling 退化留空）**,ef39ffa4bc291132279f53f8ea7f628cf9ff4e5ff917da6a1ac8a9c7500b1e19,WIKI-LEGACY-SPECIAL-0385,history_filing,historical_only,- ~~Phase 5：章节→evidence_spans 映射~~ — **completed ✅（2026-08-06：章节→page→span_ids 关联（char 基准不对齐，改用 ## Page N 页级）；七一二年报 mda 781 spans / financial_statements 8888 spans 真实验证；docling 退化留空）**,原文及所属阶段时间/配置/样本范围；不继承已PASS结论,progress:74–86；section_probe.json,旧worker reload/计数以及PyMuPDF页关联成立范围只当时该样本；docling留空是显式降级，不是完整可消费链证明。,保留原始历史版本；将局部实现、生产消费和退休设计分别追踪，具体缺口见review.md,docs/plans/core-section-extraction/task_plan.md:92-94
C:\Users\郑曾波\Projects\company-wiki\docs\plans\core-section-extraction\task_plan.md,docs/plans/core-section-extraction/task_plan.md,94,94,"- ""主营业务分析""子节级精度（首版产 MD&A 整节，已含主营业务分析子节）",ef39ffa4bc291132279f53f8ea7f628cf9ff4e5ff917da6a1ac8a9c7500b1e19,WIKI-LEGACY-SPECIAL-0386,history_filing,historical_only,"- ""主营业务分析""子节级精度（首版产 MD&A 整节，已含主营业务分析子节）",原文及所属阶段时间/配置/样本范围；不继承已PASS结论,progress:74–86；section_probe.json,旧worker reload/计数以及PyMuPDF页关联成立范围只当时该样本；docling留空是显式降级，不是完整可消费链证明。,保留原始历史版本；将局部实现、生产消费和退休设计分别追踪，具体缺口见review.md,docs/plans/core-section-extraction/task_plan.md:92-94
C:\Users\郑曾波\Projects\company-wiki\docs\plans\portfolio-reuse-automatic\CURRENT_STATUS.md,docs/plans/portfolio-reuse-automatic/CURRENT_STATUS.md,3,3,> 2026-09-06状态补充：历史Strategy B局部成果保留，但新审计发现请求policy传递/eligible副本选择/全部root消费仍有反例；117 accepted不证明原完整目标解决。后续统一走[WP02/03/04/13](../painpoint-outcome-audit-2026-09-05/remediation-plan.md)。Strategy A仍取消，不通过复制/提升/默认下载修复复用。,1a9523abeea7ae56a7e7e27fc07529e3f09b1783bc66d86689b59c9186701ce2,WIKI-LEGACY-SPECIAL-0387,history_filing,supported_scoped,> 2026-09-06状态补充：历史Strategy B局部成果保留，但新审计发现请求policy传递/eligible副本选择/全部root消费仍有反例；117 accepted不证明原完整目标解决。后续统一走[WP02/03/04/13](../painpoint-outcome-audit-2026-09-05/remediation-plan.md)。Strategy A仍取消，不通过复制/提升/默认下载修复复用。,原文及所属阶段时间/配置/样本范围；不继承已PASS结论,两portfolio三件套完整阅读；wiki GP002与filing独立证据,收窄历史B、明确A取消与未泛化目标、禁止旧pending触发写操作均与三件套时序及当前缺口一致。,保留原始历史版本；将局部实现、生产消费和退休设计分别追踪，具体缺口见review.md,docs/plans/portfolio-reuse-automatic/CURRENT_STATUS.md:1-10
C:\Users\郑曾波\Projects\company-wiki\docs\plans\portfolio-reuse-automatic\CURRENT_STATUS.md,docs/plans/portfolio-reuse-automatic/CURRENT_STATUS.md,5,5,核对日期：2026-09-04。覆盖本目录三件套；均已全文阅读，原始记录保留。,1a9523abeea7ae56a7e7e27fc07529e3f09b1783bc66d86689b59c9186701ce2,WIKI-LEGACY-SPECIAL-0388,history_filing,supported_scoped,核对日期：2026-09-04。覆盖本目录三件套；均已全文阅读，原始记录保留。,原文及所属阶段时间/配置/样本范围；不继承已PASS结论,两portfolio三件套完整阅读；wiki GP002与filing独立证据,收窄历史B、明确A取消与未泛化目标、禁止旧pending触发写操作均与三件套时序及当前缺口一致。,保留原始历史版本；将局部实现、生产消费和退休设计分别追踪，具体缺口见review.md,docs/plans/portfolio-reuse-automatic/CURRENT_STATUS.md:1-10
C:\Users\郑曾波\Projects\company-wiki\docs\plans\portfolio-reuse-automatic\CURRENT_STATUS.md,docs/plans/portfolio-reuse-automatic/CURRENT_STATUS.md,7,7,- Strategy B（配置驱动只读复用）窄范围历史完成；Strategy A自动提升已取消并回滚。findings中的推荐A、task_plan正文的默认auto_promote开关/失败转下载/Phase 0–6不是活动要求，禁止据其开工。,1a9523abeea7ae56a7e7e27fc07529e3f09b1783bc66d86689b59c9186701ce2,WIKI-LEGACY-SPECIAL-0389,history_filing,supported_scoped,- Strategy B（配置驱动只读复用）窄范围历史完成；Strategy A自动提升已取消并回滚。findings中的推荐A、task_plan正文的默认auto_promote开关/失败转下载/Phase 0–6不是活动要求，禁止据其开工。,原文及所属阶段时间/配置/样本范围；不继承已PASS结论,两portfolio三件套完整阅读；wiki GP002与filing独立证据,收窄历史B、明确A取消与未泛化目标、禁止旧pending触发写操作均与三件套时序及当前缺口一致。,保留原始历史版本；将局部实现、生产消费和退休设计分别追踪，具体缺口见review.md,docs/plans/portfolio-reuse-automatic/CURRENT_STATUS.md:1-10
C:\Users\郑曾波\Projects\company-wiki\docs\plans\portfolio-reuse-automatic\CURRENT_STATUS.md,docs/plans/portfolio-reuse-automatic/CURRENT_STATUS.md,8,8,- 普通rescan的re-enrich和30秒读busy_timeout已在8/6日志收尾，旧候选“删location再扫”不再适用，不应删除生产行。,1a9523abeea7ae56a7e7e27fc07529e3f09b1783bc66d86689b59c9186701ce2,WIKI-LEGACY-SPECIAL-0390,history_filing,supported_scoped,- 普通rescan的re-enrich和30秒读busy_timeout已在8/6日志收尾，旧候选“删location再扫”不再适用，不应删除生产行。,原文及所属阶段时间/配置/样本范围；不继承已PASS结论,两portfolio三件套完整阅读；wiki GP002与filing独立证据,收窄历史B、明确A取消与未泛化目标、禁止旧pending触发写操作均与三件套时序及当前缺口一致。,保留原始历史版本；将局部实现、生产消费和退休设计分别追踪，具体缺口见review.md,docs/plans/portfolio-reuse-automatic/CURRENT_STATUS.md:1-10
C:\Users\郑曾波\Projects\company-wiki\docs\plans\portfolio-reuse-automatic\CURRENT_STATUS.md,docs/plans/portfolio-reuse-automatic/CURRENT_STATUS.md,9,9,- 历史真实2020.HK验证、406/75测试和worker运行记录不是本次重新验收结果。任意future root/Dropbox等泛化后来由统一DAG接管，不仍停在旧FCAP r2 pending。,1a9523abeea7ae56a7e7e27fc07529e3f09b1783bc66d86689b59c9186701ce2,WIKI-LEGACY-SPECIAL-0391,history_filing,supported_scoped,- 历史真实2020.HK验证、406/75测试和worker运行记录不是本次重新验收结果。任意future root/Dropbox等泛化后来由统一DAG接管，不仍停在旧FCAP r2 pending。,原文及所属阶段时间/配置/样本范围；不继承已PASS结论,两portfolio三件套完整阅读；wiki GP002与filing独立证据,收窄历史B、明确A取消与未泛化目标、禁止旧pending触发写操作均与三件套时序及当前缺口一致。,保留原始历史版本；将局部实现、生产消费和退休设计分别追踪，具体缺口见review.md,docs/plans/portfolio-reuse-automatic/CURRENT_STATUS.md:1-10
C:\Users\郑曾波\Projects\company-wiki\docs\plans\portfolio-reuse-automatic\CURRENT_STATUS.md,docs/plans/portfolio-reuse-automatic/CURRENT_STATUS.md,10,10,- 当前权威路由见 [PLANNING_STATUS](../../../PLANNING_STATUS.md)；后续GP生产验收余项与旧账本117 accepted分开。worker暂停边界不因本目录历史命令改变。,1a9523abeea7ae56a7e7e27fc07529e3f09b1783bc66d86689b59c9186701ce2,WIKI-LEGACY-SPECIAL-0392,history_filing,supported_scoped,- 当前权威路由见 [PLANNING_STATUS](../../../PLANNING_STATUS.md)；后续GP生产验收余项与旧账本117 accepted分开。worker暂停边界不因本目录历史命令改变。,原文及所属阶段时间/配置/样本范围；不继承已PASS结论,两portfolio三件套完整阅读；wiki GP002与filing独立证据,收窄历史B、明确A取消与未泛化目标、禁止旧pending触发写操作均与三件套时序及当前缺口一致。,保留原始历史版本；将局部实现、生产消费和退休设计分别追踪，具体缺口见review.md,docs/plans/portfolio-reuse-automatic/CURRENT_STATUS.md:1-10
C:\Users\郑曾波\Projects\company-wiki\docs\plans\portfolio-reuse-automatic\findings.md,docs/plans/portfolio-reuse-automatic/findings.md,1,1,"# 研究发现 — portfolio 复用""已提交但不生效""的根因（深入调查）",ca39586613990b556a43cdb35dca61aaf555b4a8d7dc99460b4bdda6c0de63ac,WIKI-LEGACY-SPECIAL-0393,history_filing,historical_only,"# 研究发现 — portfolio 复用""已提交但不生效""的根因（深入调查）",原文及所属阶段时间/配置/样本范围；不继承已PASS结论,同文件17–44；progress:38–68；CodeGraph当前promoter→cli,该项是8/4旧接线与锁现场诊断；手动能力提交≠获取流程接线，且当天暂停才成功，旧根因须保留但不冒充当前同一调用图。,保留原始历史版本；将局部实现、生产消费和退休设计分别追踪，具体缺口见review.md,docs/plans/portfolio-reuse-automatic/findings.md:1-70
C:\Users\郑曾波\Projects\company-wiki\docs\plans\portfolio-reuse-automatic\findings.md,docs/plans/portfolio-reuse-automatic/findings.md,3,5,"调查日期：2026-08-04
关联：`../portfolio-reuse-fix/`（手动桥接方案，commit 7ce2774 已提交）；本文件记录
""为什么已提交的功能不生效""的完整证据链，以及系统化改进的落点。",ca39586613990b556a43cdb35dca61aaf555b4a8d7dc99460b4bdda6c0de63ac,WIKI-LEGACY-SPECIAL-0394,history_filing,historical_only,"调查日期：2026-08-04
关联：`../portfolio-reuse-fix/`（手动桥接方案，commit 7ce2774 已提交）；本文件记录
""为什么已提交的功能不生效""的完整证据链，以及系统化改进的落点。",原文及所属阶段时间/配置/样本范围；不继承已PASS结论,同文件17–44；progress:38–68；CodeGraph当前promoter→cli,该项是8/4旧接线与锁现场诊断；手动能力提交≠获取流程接线，且当天暂停才成功，旧根因须保留但不冒充当前同一调用图。,保留原始历史版本；将局部实现、生产消费和退休设计分别追踪，具体缺口见review.md,docs/plans/portfolio-reuse-automatic/findings.md:1-70
C:\Users\郑曾波\Projects\company-wiki\docs\plans\portfolio-reuse-automatic\findings.md,docs/plans/portfolio-reuse-automatic/findings.md,9,9,## 发现 1：功能已实现并已提交，机制本身有效,ca39586613990b556a43cdb35dca61aaf555b4a8d7dc99460b4bdda6c0de63ac,WIKI-LEGACY-SPECIAL-0395,history_filing,historical_only,## 发现 1：功能已实现并已提交，机制本身有效,原文及所属阶段时间/配置/样本范围；不继承已PASS结论,同文件17–44；progress:38–68；CodeGraph当前promoter→cli,该项是8/4旧接线与锁现场诊断；手动能力提交≠获取流程接线，且当天暂停才成功，旧根因须保留但不冒充当前同一调用图。,保留原始历史版本；将局部实现、生产消费和退休设计分别追踪，具体缺口见review.md,docs/plans/portfolio-reuse-automatic/findings.md:1-70
C:\Users\郑曾波\Projects\company-wiki\docs\plans\portfolio-reuse-automatic\findings.md,docs/plans/portfolio-reuse-automatic/findings.md,11,13,"- commit `7ce2774`（2026-08-03）`feat(source-catalog): promote dayu-portfolio filings to company_raw for reuse`：
  `portfolio_promoter.py`、`cli.py import-portfolio`、`canonical_writer._write_provenance`（G1 修复）、
  8 项测试、ADR-007、OPERATIONS.md §一点五。",ca39586613990b556a43cdb35dca61aaf555b4a8d7dc99460b4bdda6c0de63ac,WIKI-LEGACY-SPECIAL-0396,history_filing,historical_only,"- commit `7ce2774`（2026-08-03）`feat(source-catalog): promote dayu-portfolio filings to company_raw for reuse`：
  `portfolio_promoter.py`、`cli.py import-portfolio`、`canonical_writer._write_provenance`（G1 修复）、
  8 项测试、ADR-007、OPERATIONS.md §一点五。",原文及所属阶段时间/配置/样本范围；不继承已PASS结论,同文件17–44；progress:38–68；CodeGraph当前promoter→cli,该项是8/4旧接线与锁现场诊断；手动能力提交≠获取流程接线，且当天暂停才成功，旧根因须保留但不冒充当前同一调用图。,保留原始历史版本；将局部实现、生产消费和退休设计分别追踪，具体缺口见review.md,docs/plans/portfolio-reuse-automatic/findings.md:1-70
C:\Users\郑曾波\Projects\company-wiki\docs\plans\portfolio-reuse-automatic\findings.md,docs/plans/portfolio-reuse-automatic/findings.md,14,14,- 金山云 7 份财报提升成功；提升后 filing-fetch 只读复用零下载（8-03 验证）。,ca39586613990b556a43cdb35dca61aaf555b4a8d7dc99460b4bdda6c0de63ac,WIKI-LEGACY-SPECIAL-0397,history_filing,historical_only,- 金山云 7 份财报提升成功；提升后 filing-fetch 只读复用零下载（8-03 验证）。,原文及所属阶段时间/配置/样本范围；不继承已PASS结论,同文件17–44；progress:38–68；CodeGraph当前promoter→cli,该项是8/4旧接线与锁现场诊断；手动能力提交≠获取流程接线，且当天暂停才成功，旧根因须保留但不冒充当前同一调用图。,保留原始历史版本；将局部实现、生产消费和退休设计分别追踪，具体缺口见review.md,docs/plans/portfolio-reuse-automatic/findings.md:1-70
C:\Users\郑曾波\Projects\company-wiki\docs\plans\portfolio-reuse-automatic\findings.md,docs/plans/portfolio-reuse-automatic/findings.md,15,15,- 本机实测：`import-portfolio --dry-run` 对 6082 能找到文档并返回 dry_run —— 发现/映射逻辑正常。,ca39586613990b556a43cdb35dca61aaf555b4a8d7dc99460b4bdda6c0de63ac,WIKI-LEGACY-SPECIAL-0398,history_filing,historical_only,- 本机实测：`import-portfolio --dry-run` 对 6082 能找到文档并返回 dry_run —— 发现/映射逻辑正常。,原文及所属阶段时间/配置/样本范围；不继承已PASS结论,同文件17–44；progress:38–68；CodeGraph当前promoter→cli,该项是8/4旧接线与锁现场诊断；手动能力提交≠获取流程接线，且当天暂停才成功，旧根因须保留但不冒充当前同一调用图。,保留原始历史版本；将局部实现、生产消费和退休设计分别追踪，具体缺口见review.md,docs/plans/portfolio-reuse-automatic/findings.md:1-70
C:\Users\郑曾波\Projects\company-wiki\docs\plans\portfolio-reuse-automatic\findings.md,docs/plans/portfolio-reuse-automatic/findings.md,17,17,"## 发现 2：全系统无任何自动调用点 —— ""孤儿""手动命令（第一层根因）",ca39586613990b556a43cdb35dca61aaf555b4a8d7dc99460b4bdda6c0de63ac,WIKI-LEGACY-SPECIAL-0399,history_filing,historical_only,"## 发现 2：全系统无任何自动调用点 —— ""孤儿""手动命令（第一层根因）",原文及所属阶段时间/配置/样本范围；不继承已PASS结论,同文件17–44；progress:38–68；CodeGraph当前promoter→cli,该项是8/4旧接线与锁现场诊断；手动能力提交≠获取流程接线，且当天暂停才成功，旧根因须保留但不冒充当前同一调用图。,保留原始历史版本；将局部实现、生产消费和退休设计分别追踪，具体缺口见review.md,docs/plans/portfolio-reuse-automatic/findings.md:1-70
C:\Users\郑曾波\Projects\company-wiki\docs\plans\portfolio-reuse-automatic\findings.md,docs/plans/portfolio-reuse-automatic/findings.md,19,19,穷尽搜索（src/ 全部 .py + filing-fetch/scripts/）：,ca39586613990b556a43cdb35dca61aaf555b4a8d7dc99460b4bdda6c0de63ac,WIKI-LEGACY-SPECIAL-0400,history_filing,historical_only,穷尽搜索（src/ 全部 .py + filing-fetch/scripts/）：,原文及所属阶段时间/配置/样本范围；不继承已PASS结论,同文件17–44；progress:38–68；CodeGraph当前promoter→cli,该项是8/4旧接线与锁现场诊断；手动能力提交≠获取流程接线，且当天暂停才成功，旧根因须保留但不冒充当前同一调用图。,保留原始历史版本；将局部实现、生产消费和退休设计分别追踪，具体缺口见review.md,docs/plans/portfolio-reuse-automatic/findings.md:1-70
C:\Users\郑曾波\Projects\company-wiki\docs\plans\portfolio-reuse-automatic\findings.md,docs/plans/portfolio-reuse-automatic/findings.md,20,20,- `promote_from_portfolio` / `promote_all_for_entity` **只被 `cli.py` 的 import-portfolio 命令处理器调用**。,ca39586613990b556a43cdb35dca61aaf555b4a8d7dc99460b4bdda6c0de63ac,WIKI-LEGACY-SPECIAL-0401,history_filing,historical_only,- `promote_from_portfolio` / `promote_all_for_entity` **只被 `cli.py` 的 import-portfolio 命令处理器调用**。,原文及所属阶段时间/配置/样本范围；不继承已PASS结论,同文件17–44；progress:38–68；CodeGraph当前promoter→cli,该项是8/4旧接线与锁现场诊断；手动能力提交≠获取流程接线，且当天暂停才成功，旧根因须保留但不冒充当前同一调用图。,保留原始历史版本；将局部实现、生产消费和退休设计分别追踪，具体缺口见review.md,docs/plans/portfolio-reuse-automatic/findings.md:1-70
C:\Users\郑曾波\Projects\company-wiki\docs\plans\portfolio-reuse-automatic\findings.md,docs/plans/portfolio-reuse-automatic/findings.md,21,21,- worker 管线阶段：SCANNING → NORMALIZING → FINGERPRINTING → LLM → EXPORT，**无提升阶段**。,ca39586613990b556a43cdb35dca61aaf555b4a8d7dc99460b4bdda6c0de63ac,WIKI-LEGACY-SPECIAL-0402,history_filing,historical_only,- worker 管线阶段：SCANNING → NORMALIZING → FINGERPRINTING → LLM → EXPORT，**无提升阶段**。,原文及所属阶段时间/配置/样本范围；不继承已PASS结论,同文件17–44；progress:38–68；CodeGraph当前promoter→cli,该项是8/4旧接线与锁现场诊断；手动能力提交≠获取流程接线，且当天暂停才成功，旧根因须保留但不冒充当前同一调用图。,保留原始历史版本；将局部实现、生产消费和退休设计分别追踪，具体缺口见review.md,docs/plans/portfolio-reuse-automatic/findings.md:1-70
C:\Users\郑曾波\Projects\company-wiki\docs\plans\portfolio-reuse-automatic\findings.md,docs/plans/portfolio-reuse-automatic/findings.md,22,22,- `acquisition_service.ensure()` / `acquisition.py`：**零 portfolio/promotion 引用**。,ca39586613990b556a43cdb35dca61aaf555b4a8d7dc99460b4bdda6c0de63ac,WIKI-LEGACY-SPECIAL-0403,history_filing,historical_only,- `acquisition_service.ensure()` / `acquisition.py`：**零 portfolio/promotion 引用**。,原文及所属阶段时间/配置/样本范围；不继承已PASS结论,同文件17–44；progress:38–68；CodeGraph当前promoter→cli,该项是8/4旧接线与锁现场诊断；手动能力提交≠获取流程接线，且当天暂停才成功，旧根因须保留但不冒充当前同一调用图。,保留原始历史版本；将局部实现、生产消费和退休设计分别追踪，具体缺口见review.md,docs/plans/portfolio-reuse-automatic/findings.md:1-70
C:\Users\郑曾波\Projects\company-wiki\docs\plans\portfolio-reuse-automatic\findings.md,docs/plans/portfolio-reuse-automatic/findings.md,23,23,- `filing-fetch` 脚本（fetch_filing.py / filing_fetch_client.py）：**零 import-portfolio 引用**。,ca39586613990b556a43cdb35dca61aaf555b4a8d7dc99460b4bdda6c0de63ac,WIKI-LEGACY-SPECIAL-0404,history_filing,historical_only,- `filing-fetch` 脚本（fetch_filing.py / filing_fetch_client.py）：**零 import-portfolio 引用**。,原文及所属阶段时间/配置/样本范围；不继承已PASS结论,同文件17–44；progress:38–68；CodeGraph当前promoter→cli,该项是8/4旧接线与锁现场诊断；手动能力提交≠获取流程接线，且当天暂停才成功，旧根因须保留但不冒充当前同一调用图。,保留原始历史版本；将局部实现、生产消费和退休设计分别追踪，具体缺口见review.md,docs/plans/portfolio-reuse-automatic/findings.md:1-70
C:\Users\郑曾波\Projects\company-wiki\docs\plans\portfolio-reuse-automatic\findings.md,docs/plans/portfolio-reuse-automatic/findings.md,24,24,- resolver：`company_raw_root_ids` 过滤保持原样（fail-closed 未削弱）。,ca39586613990b556a43cdb35dca61aaf555b4a8d7dc99460b4bdda6c0de63ac,WIKI-LEGACY-SPECIAL-0405,history_filing,historical_only,- resolver：`company_raw_root_ids` 过滤保持原样（fail-closed 未削弱）。,原文及所属阶段时间/配置/样本范围；不继承已PASS结论,同文件17–44；progress:38–68；CodeGraph当前promoter→cli,该项是8/4旧接线与锁现场诊断；手动能力提交≠获取流程接线，且当天暂停才成功，旧根因须保留但不冒充当前同一调用图。,保留原始历史版本；将局部实现、生产消费和退休设计分别追踪，具体缺口见review.md,docs/plans/portfolio-reuse-automatic/findings.md:1-70
C:\Users\郑曾波\Projects\company-wiki\docs\plans\portfolio-reuse-automatic\findings.md,docs/plans/portfolio-reuse-automatic/findings.md,26,28,"⇒ 已提交的修复是一个**只有人类（或按 OPERATIONS.md 手工操作）才会触发的 CLI 命令**。
任何自动流程（revenue-forecast → filing-fetch → ensure → dayu）都永远不会经过它。
""已提交""≠""已生效""：提交交付的是**能力**，不是**流程**。",ca39586613990b556a43cdb35dca61aaf555b4a8d7dc99460b4bdda6c0de63ac,WIKI-LEGACY-SPECIAL-0406,history_filing,historical_only,"⇒ 已提交的修复是一个**只有人类（或按 OPERATIONS.md 手工操作）才会触发的 CLI 命令**。
任何自动流程（revenue-forecast → filing-fetch → ensure → dayu）都永远不会经过它。
""已提交""≠""已生效""：提交交付的是**能力**，不是**流程**。",原文及所属阶段时间/配置/样本范围；不继承已PASS结论,同文件17–44；progress:38–68；CodeGraph当前promoter→cli,该项是8/4旧接线与锁现场诊断；手动能力提交≠获取流程接线，且当天暂停才成功，旧根因须保留但不冒充当前同一调用图。,保留原始历史版本；将局部实现、生产消费和退休设计分别追踪，具体缺口见review.md,docs/plans/portfolio-reuse-automatic/findings.md:1-70
C:\Users\郑曾波\Projects\company-wiki\docs\plans\portfolio-reuse-automatic\findings.md,docs/plans/portfolio-reuse-automatic/findings.md,30,30,## 发现 3：手动调用也会被 worker 的 catalog 锁挡住（第二层根因）,ca39586613990b556a43cdb35dca61aaf555b4a8d7dc99460b4bdda6c0de63ac,WIKI-LEGACY-SPECIAL-0407,history_filing,historical_only,## 发现 3：手动调用也会被 worker 的 catalog 锁挡住（第二层根因）,原文及所属阶段时间/配置/样本范围；不继承已PASS结论,同文件17–44；progress:38–68；CodeGraph当前promoter→cli,该项是8/4旧接线与锁现场诊断；手动能力提交≠获取流程接线，且当天暂停才成功，旧根因须保留但不冒充当前同一调用图。,保留原始历史版本；将局部实现、生产消费和退休设计分别追踪，具体缺口见review.md,docs/plans/portfolio-reuse-automatic/findings.md:1-70
C:\Users\郑曾波\Projects\company-wiki\docs\plans\portfolio-reuse-automatic\findings.md,docs/plans/portfolio-reuse-automatic/findings.md,32,33,"- `import-portfolio`（非 dry-run）→ `import_staged` → `CatalogOperationLock(operation=""canonical_import"")`，
  要取全局 `operation.lock`。",ca39586613990b556a43cdb35dca61aaf555b4a8d7dc99460b4bdda6c0de63ac,WIKI-LEGACY-SPECIAL-0408,history_filing,historical_only,"- `import-portfolio`（非 dry-run）→ `import_staged` → `CatalogOperationLock(operation=""canonical_import"")`，
  要取全局 `operation.lock`。",原文及所属阶段时间/配置/样本范围；不继承已PASS结论,同文件17–44；progress:38–68；CodeGraph当前promoter→cli,该项是8/4旧接线与锁现场诊断；手动能力提交≠获取流程接线，且当天暂停才成功，旧根因须保留但不冒充当前同一调用图。,保留原始历史版本；将局部实现、生产消费和退休设计分别追踪，具体缺口见review.md,docs/plans/portfolio-reuse-automatic/findings.md:1-70
C:\Users\郑曾波\Projects\company-wiki\docs\plans\portfolio-reuse-automatic\findings.md,docs/plans/portfolio-reuse-automatic/findings.md,34,34,- 实测（三次）：`CatalogOperationLockedError pid=1980`、`pid=23160`、暂停恢复后再跑仍失败。,ca39586613990b556a43cdb35dca61aaf555b4a8d7dc99460b4bdda6c0de63ac,WIKI-LEGACY-SPECIAL-0409,history_filing,historical_only,- 实测（三次）：`CatalogOperationLockedError pid=1980`、`pid=23160`、暂停恢复后再跑仍失败。,原文及所属阶段时间/配置/样本范围；不继承已PASS结论,同文件17–44；progress:38–68；CodeGraph当前promoter→cli,该项是8/4旧接线与锁现场诊断；手动能力提交≠获取流程接线，且当天暂停才成功，旧根因须保留但不冒充当前同一调用图。,保留原始历史版本；将局部实现、生产消费和退休设计分别追踪，具体缺口见review.md,docs/plans/portfolio-reuse-automatic/findings.md:1-70
C:\Users\郑曾波\Projects\company-wiki\docs\plans\portfolio-reuse-automatic\findings.md,docs/plans/portfolio-reuse-automatic/findings.md,35,35,- **无 pause-around、无锁重试**——与 filing-fetch v1.4.0 的 `PausedWorkerScope` 形成对比。,ca39586613990b556a43cdb35dca61aaf555b4a8d7dc99460b4bdda6c0de63ac,WIKI-LEGACY-SPECIAL-0410,history_filing,historical_only,- **无 pause-around、无锁重试**——与 filing-fetch v1.4.0 的 `PausedWorkerScope` 形成对比。,原文及所属阶段时间/配置/样本范围；不继承已PASS结论,同文件17–44；progress:38–68；CodeGraph当前promoter→cli,该项是8/4旧接线与锁现场诊断；手动能力提交≠获取流程接线，且当天暂停才成功，旧根因须保留但不冒充当前同一调用图。,保留原始历史版本；将局部实现、生产消费和退休设计分别追踪，具体缺口见review.md,docs/plans/portfolio-reuse-automatic/findings.md:1-70
C:\Users\郑曾波\Projects\company-wiki\docs\plans\portfolio-reuse-automatic\findings.md,docs/plans/portfolio-reuse-automatic/findings.md,36,36,- 8-03 金山云验证之所以通过，是因为 spike 期间**手动 `worker-pause`**（progress.md 有记录）。,ca39586613990b556a43cdb35dca61aaf555b4a8d7dc99460b4bdda6c0de63ac,WIKI-LEGACY-SPECIAL-0411,history_filing,historical_only,- 8-03 金山云验证之所以通过，是因为 spike 期间**手动 `worker-pause`**（progress.md 有记录）。,原文及所属阶段时间/配置/样本范围；不继承已PASS结论,同文件17–44；progress:38–68；CodeGraph当前promoter→cli,该项是8/4旧接线与锁现场诊断；手动能力提交≠获取流程接线，且当天暂停才成功，旧根因须保留但不冒充当前同一调用图。,保留原始历史版本；将局部实现、生产消费和退休设计分别追踪，具体缺口见review.md,docs/plans/portfolio-reuse-automatic/findings.md:1-70
C:\Users\郑曾波\Projects\company-wiki\docs\plans\portfolio-reuse-automatic\findings.md,docs/plans/portfolio-reuse-automatic/findings.md,37,37,- `--dry-run` 能过是因为不写盘、不取锁。,ca39586613990b556a43cdb35dca61aaf555b4a8d7dc99460b4bdda6c0de63ac,WIKI-LEGACY-SPECIAL-0412,history_filing,historical_only,- `--dry-run` 能过是因为不写盘、不取锁。,原文及所属阶段时间/配置/样本范围；不继承已PASS结论,同文件17–44；progress:38–68；CodeGraph当前promoter→cli,该项是8/4旧接线与锁现场诊断；手动能力提交≠获取流程接线，且当天暂停才成功，旧根因须保留但不冒充当前同一调用图。,保留原始历史版本；将局部实现、生产消费和退休设计分别追踪，具体缺口见review.md,docs/plans/portfolio-reuse-automatic/findings.md:1-70
C:\Users\郑曾波\Projects\company-wiki\docs\plans\portfolio-reuse-automatic\findings.md,docs/plans/portfolio-reuse-automatic/findings.md,39,39,⇒ 在本机（worker 几乎永远在跑 ~2 万文档回填批）上，import-portfolio 的**真实执行在常见场景下必然失败**。,ca39586613990b556a43cdb35dca61aaf555b4a8d7dc99460b4bdda6c0de63ac,WIKI-LEGACY-SPECIAL-0413,history_filing,historical_only,⇒ 在本机（worker 几乎永远在跑 ~2 万文档回填批）上，import-portfolio 的**真实执行在常见场景下必然失败**。,原文及所属阶段时间/配置/样本范围；不继承已PASS结论,同文件17–44；progress:38–68；CodeGraph当前promoter→cli,该项是8/4旧接线与锁现场诊断；手动能力提交≠获取流程接线，且当天暂停才成功，旧根因须保留但不冒充当前同一调用图。,保留原始历史版本；将局部实现、生产消费和退休设计分别追踪，具体缺口见review.md,docs/plans/portfolio-reuse-automatic/findings.md:1-70
C:\Users\郑曾波\Projects\company-wiki\docs\plans\portfolio-reuse-automatic\findings.md,docs/plans/portfolio-reuse-automatic/findings.md,41,41,## 发现 4：端到端期望在架构上从未成立（第三层根因）,ca39586613990b556a43cdb35dca61aaf555b4a8d7dc99460b4bdda6c0de63ac,WIKI-LEGACY-SPECIAL-0414,history_filing,historical_only,## 发现 4：端到端期望在架构上从未成立（第三层根因）,原文及所属阶段时间/配置/样本范围；不继承已PASS结论,同文件17–44；progress:38–68；CodeGraph当前promoter→cli,该项是8/4旧接线与锁现场诊断；手动能力提交≠获取流程接线，且当天暂停才成功，旧根因须保留但不冒充当前同一调用图。,保留原始历史版本；将局部实现、生产消费和退休设计分别追踪，具体缺口见review.md,docs/plans/portfolio-reuse-automatic/findings.md:1-70
C:\Users\郑曾波\Projects\company-wiki\docs\plans\portfolio-reuse-automatic\findings.md,docs/plans/portfolio-reuse-automatic/findings.md,43,43,"- 原计划（Strategy A）刻意""filing-fetch 零改动""，把 import-portfolio 定义为**手动、每公司一次性**桥接。",ca39586613990b556a43cdb35dca61aaf555b4a8d7dc99460b4bdda6c0de63ac,WIKI-LEGACY-SPECIAL-0415,history_filing,historical_only,"- 原计划（Strategy A）刻意""filing-fetch 零改动""，把 import-portfolio 定义为**手动、每公司一次性**桥接。",原文及所属阶段时间/配置/样本范围；不继承已PASS结论,同文件17–44；progress:38–68；CodeGraph当前promoter→cli,该项是8/4旧接线与锁现场诊断；手动能力提交≠获取流程接线，且当天暂停才成功，旧根因须保留但不冒充当前同一调用图。,保留原始历史版本；将局部实现、生产消费和退休设计分别追踪，具体缺口见review.md,docs/plans/portfolio-reuse-automatic/findings.md:1-70
C:\Users\郑曾波\Projects\company-wiki\docs\plans\portfolio-reuse-automatic\findings.md,docs/plans/portfolio-reuse-automatic/findings.md,44,45,"- 因此""filing-fetch 自动跳过 dayu 已下载文档""这一用户期望的端到端行为**从未被接线**：
  获取路径（resolve 只认 company_raw）对 portfolio 的存在一无所知，也没有任何环节会触发提升。",ca39586613990b556a43cdb35dca61aaf555b4a8d7dc99460b4bdda6c0de63ac,WIKI-LEGACY-SPECIAL-0416,history_filing,historical_only,"- 因此""filing-fetch 自动跳过 dayu 已下载文档""这一用户期望的端到端行为**从未被接线**：
  获取路径（resolve 只认 company_raw）对 portfolio 的存在一无所知，也没有任何环节会触发提升。",原文及所属阶段时间/配置/样本范围；不继承已PASS结论,同文件17–44；progress:38–68；CodeGraph当前promoter→cli,该项是8/4旧接线与锁现场诊断；手动能力提交≠获取流程接线，且当天暂停才成功，旧根因须保留但不冒充当前同一调用图。,保留原始历史版本；将局部实现、生产消费和退休设计分别追踪，具体缺口见review.md,docs/plans/portfolio-reuse-automatic/findings.md:1-70
C:\Users\郑曾波\Projects\company-wiki\docs\plans\portfolio-reuse-automatic\findings.md,docs/plans/portfolio-reuse-automatic/findings.md,47,47,## 发现 5：系统化修复的正确落点,ca39586613990b556a43cdb35dca61aaf555b4a8d7dc99460b4bdda6c0de63ac,WIKI-LEGACY-SPECIAL-0417,history_filing,historical_only,## 发现 5：系统化修复的正确落点,原文及所属阶段时间/配置/样本范围；不继承已PASS结论,同文件17–44；progress:38–68；CodeGraph当前promoter→cli,该项是8/4旧接线与锁现场诊断；手动能力提交≠获取流程接线，且当天暂停才成功，旧根因须保留但不冒充当前同一调用图。,保留原始历史版本；将局部实现、生产消费和退休设计分别追踪，具体缺口见review.md,docs/plans/portfolio-reuse-automatic/findings.md:1-70
C:\Users\郑曾波\Projects\company-wiki\docs\plans\portfolio-reuse-automatic\findings.md,docs/plans/portfolio-reuse-automatic/findings.md,49,52,"- **自动提升应发生在 company-wiki 的 `ensure`（acquisition service）内**：resolve 返回 MISSING
  且显式 `--allow-download` 时，在路由到 adapter（dayu/cninfo）**之前**，先查 dayu_portfolio 是否有
  匹配文档（identity + document_kind + fiscal_year + as_of_date），有则经 `import_staged` 提升并返回
  canonical source（零下载）；无则维持现状走 adapter。",ca39586613990b556a43cdb35dca61aaf555b4a8d7dc99460b4bdda6c0de63ac,WIKI-LEGACY-SPECIAL-0418,history_filing,superseded,"- **自动提升应发生在 company-wiki 的 `ensure`（acquisition service）内**：resolve 返回 MISSING
  且显式 `--allow-download` 时，在路由到 adapter（dayu/cninfo）**之前**，先查 dayu_portfolio 是否有
  匹配文档（identity + document_kind + fiscal_year + as_of_date），有则经 `import_staged` 提升并返回
  canonical source（零下载）；无则维持现状走 adapter。",原文及所属阶段时间/配置/样本范围；不继承已PASS结论,automatic/task_plan:3–28；reviews/filing/tests/pure_probes.json,推荐A/公司raw-only以及免费锁保护已被Strategy B替代；本轮refcount/deadline反例还表明“免费保护”不能扩大为所有并发成立。,保留原始历史版本；将局部实现、生产消费和退休设计分别追踪，具体缺口见review.md,docs/plans/portfolio-reuse-automatic/findings.md:49-59
C:\Users\郑曾波\Projects\company-wiki\docs\plans\portfolio-reuse-automatic\findings.md,docs/plans/portfolio-reuse-automatic/findings.md,53,54,"- **单一集成点**：所有走 ensure 的消费者（filing-fetch 及下游 skill）自动获益；filing-fetch 保持零改动
  （延续 Strategy A 的""主仓库=company-wiki""原则，但行为从手动变自动）。",ca39586613990b556a43cdb35dca61aaf555b4a8d7dc99460b4bdda6c0de63ac,WIKI-LEGACY-SPECIAL-0419,history_filing,superseded,"- **单一集成点**：所有走 ensure 的消费者（filing-fetch 及下游 skill）自动获益；filing-fetch 保持零改动
  （延续 Strategy A 的""主仓库=company-wiki""原则，但行为从手动变自动）。",原文及所属阶段时间/配置/样本范围；不继承已PASS结论,automatic/task_plan:3–28；reviews/filing/tests/pure_probes.json,推荐A/公司raw-only以及免费锁保护已被Strategy B替代；本轮refcount/deadline反例还表明“免费保护”不能扩大为所有并发成立。,保留原始历史版本；将局部实现、生产消费和退休设计分别追踪，具体缺口见review.md,docs/plans/portfolio-reuse-automatic/findings.md:49-59
C:\Users\郑曾波\Projects\company-wiki\docs\plans\portfolio-reuse-automatic\findings.md,docs/plans/portfolio-reuse-automatic/findings.md,55,56,"- **锁健壮性**：filing-fetch v1.4.0 的 `PausedWorkerScope` 已包裹 ensure → 自动提升在 filing-fetch 路径下
  免费获得锁保护；直接 ensure CLI 调用者与手动 import-portfolio 仍需处理锁（见 task_plan Phase 2）。",ca39586613990b556a43cdb35dca61aaf555b4a8d7dc99460b4bdda6c0de63ac,WIKI-LEGACY-SPECIAL-0420,history_filing,superseded,"- **锁健壮性**：filing-fetch v1.4.0 的 `PausedWorkerScope` 已包裹 ensure → 自动提升在 filing-fetch 路径下
  免费获得锁保护；直接 ensure CLI 调用者与手动 import-portfolio 仍需处理锁（见 task_plan Phase 2）。",原文及所属阶段时间/配置/样本范围；不继承已PASS结论,automatic/task_plan:3–28；reviews/filing/tests/pure_probes.json,推荐A/公司raw-only以及免费锁保护已被Strategy B替代；本轮refcount/deadline反例还表明“免费保护”不能扩大为所有并发成立。,保留原始历史版本；将局部实现、生产消费和退休设计分别追踪，具体缺口见review.md,docs/plans/portfolio-reuse-automatic/findings.md:49-59
C:\Users\郑曾波\Projects\company-wiki\docs\plans\portfolio-reuse-automatic\findings.md,docs/plans/portfolio-reuse-automatic/findings.md,57,58,"- **不变量全部保留**：companies/ 子树、不可变 sidecar、单一写者（import_staged）、
  ""仅 company_raw 可复用""的 fail-closed 语义（只读 resolve 永不提升）。",ca39586613990b556a43cdb35dca61aaf555b4a8d7dc99460b4bdda6c0de63ac,WIKI-LEGACY-SPECIAL-0421,history_filing,superseded,"- **不变量全部保留**：companies/ 子树、不可变 sidecar、单一写者（import_staged）、
  ""仅 company_raw 可复用""的 fail-closed 语义（只读 resolve 永不提升）。",原文及所属阶段时间/配置/样本范围；不继承已PASS结论,automatic/task_plan:3–28；reviews/filing/tests/pure_probes.json,推荐A/公司raw-only以及免费锁保护已被Strategy B替代；本轮refcount/deadline反例还表明“免费保护”不能扩大为所有并发成立。,保留原始历史版本；将局部实现、生产消费和退休设计分别追踪，具体缺口见review.md,docs/plans/portfolio-reuse-automatic/findings.md:49-59
C:\Users\郑曾波\Projects\company-wiki\docs\plans\portfolio-reuse-automatic\findings.md,docs/plans/portfolio-reuse-automatic/findings.md,62,62,| 事实 | 证据 |,ca39586613990b556a43cdb35dca61aaf555b4a8d7dc99460b4bdda6c0de63ac,WIKI-LEGACY-SPECIAL-0422,history_filing,historical_only,| 事实 | 证据 |,原文及所属阶段时间/配置/样本范围；不继承已PASS结论,同文件17–44；progress:38–68；CodeGraph当前promoter→cli,该项是8/4旧接线与锁现场诊断；手动能力提交≠获取流程接线，且当天暂停才成功，旧根因须保留但不冒充当前同一调用图。,保留原始历史版本；将局部实现、生产消费和退休设计分别追踪，具体缺口见review.md,docs/plans/portfolio-reuse-automatic/findings.md:1-70
C:\Users\郑曾波\Projects\company-wiki\docs\plans\portfolio-reuse-automatic\findings.md,docs/plans/portfolio-reuse-automatic/findings.md,64,64,| 功能已提交 | `git show 7ce2774`（portfolio_promoter.py / cli.py / tests / ADR-007 / OPERATIONS.md） |,ca39586613990b556a43cdb35dca61aaf555b4a8d7dc99460b4bdda6c0de63ac,WIKI-LEGACY-SPECIAL-0423,history_filing,historical_only,| 功能已提交 | `git show 7ce2774`（portfolio_promoter.py / cli.py / tests / ADR-007 / OPERATIONS.md） |,原文及所属阶段时间/配置/样本范围；不继承已PASS结论,同文件17–44；progress:38–68；CodeGraph当前promoter→cli,该项是8/4旧接线与锁现场诊断；手动能力提交≠获取流程接线，且当天暂停才成功，旧根因须保留但不冒充当前同一调用图。,保留原始历史版本；将局部实现、生产消费和退休设计分别追踪，具体缺口见review.md,docs/plans/portfolio-reuse-automatic/findings.md:1-70
C:\Users\郑曾波\Projects\company-wiki\docs\plans\portfolio-reuse-automatic\findings.md,docs/plans/portfolio-reuse-automatic/findings.md,65,65,"| 无自动调用者 | `grep -rn ""promote_from_portfolio\|promote_all_for_entity"" src/` → 仅 cli.py |",ca39586613990b556a43cdb35dca61aaf555b4a8d7dc99460b4bdda6c0de63ac,WIKI-LEGACY-SPECIAL-0424,history_filing,historical_only,"| 无自动调用者 | `grep -rn ""promote_from_portfolio\|promote_all_for_entity"" src/` → 仅 cli.py |",原文及所属阶段时间/配置/样本范围；不继承已PASS结论,同文件17–44；progress:38–68；CodeGraph当前promoter→cli,该项是8/4旧接线与锁现场诊断；手动能力提交≠获取流程接线，且当天暂停才成功，旧根因须保留但不冒充当前同一调用图。,保留原始历史版本；将局部实现、生产消费和退休设计分别追踪，具体缺口见review.md,docs/plans/portfolio-reuse-automatic/findings.md:1-70
C:\Users\郑曾波\Projects\company-wiki\docs\plans\portfolio-reuse-automatic\findings.md,docs/plans/portfolio-reuse-automatic/findings.md,66,66,| worker 无提升阶段 | worker.py 阶段序列 SCANNING/NORMALIZING/FINGERPRINTING/... |,ca39586613990b556a43cdb35dca61aaf555b4a8d7dc99460b4bdda6c0de63ac,WIKI-LEGACY-SPECIAL-0425,history_filing,historical_only,| worker 无提升阶段 | worker.py 阶段序列 SCANNING/NORMALIZING/FINGERPRINTING/... |,原文及所属阶段时间/配置/样本范围；不继承已PASS结论,同文件17–44；progress:38–68；CodeGraph当前promoter→cli,该项是8/4旧接线与锁现场诊断；手动能力提交≠获取流程接线，且当天暂停才成功，旧根因须保留但不冒充当前同一调用图。,保留原始历史版本；将局部实现、生产消费和退休设计分别追踪，具体缺口见review.md,docs/plans/portfolio-reuse-automatic/findings.md:1-70
C:\Users\郑曾波\Projects\company-wiki\docs\plans\portfolio-reuse-automatic\findings.md,docs/plans/portfolio-reuse-automatic/findings.md,67,67,| ensure 无 portfolio 钩子 | acquisition_service.py / acquisition.py grep portfolio = 0 |,ca39586613990b556a43cdb35dca61aaf555b4a8d7dc99460b4bdda6c0de63ac,WIKI-LEGACY-SPECIAL-0426,history_filing,historical_only,| ensure 无 portfolio 钩子 | acquisition_service.py / acquisition.py grep portfolio = 0 |,原文及所属阶段时间/配置/样本范围；不继承已PASS结论,同文件17–44；progress:38–68；CodeGraph当前promoter→cli,该项是8/4旧接线与锁现场诊断；手动能力提交≠获取流程接线，且当天暂停才成功，旧根因须保留但不冒充当前同一调用图。,保留原始历史版本；将局部实现、生产消费和退休设计分别追踪，具体缺口见review.md,docs/plans/portfolio-reuse-automatic/findings.md:1-70
C:\Users\郑曾波\Projects\company-wiki\docs\plans\portfolio-reuse-automatic\findings.md,docs/plans/portfolio-reuse-automatic/findings.md,68,68,| import-portfolio 撞锁 | 实测 `CatalogOperationLockedError pid=1980/23160` |,ca39586613990b556a43cdb35dca61aaf555b4a8d7dc99460b4bdda6c0de63ac,WIKI-LEGACY-SPECIAL-0427,history_filing,historical_only,| import-portfolio 撞锁 | 实测 `CatalogOperationLockedError pid=1980/23160` |,原文及所属阶段时间/配置/样本范围；不继承已PASS结论,同文件17–44；progress:38–68；CodeGraph当前promoter→cli,该项是8/4旧接线与锁现场诊断；手动能力提交≠获取流程接线，且当天暂停才成功，旧根因须保留但不冒充当前同一调用图。,保留原始历史版本；将局部实现、生产消费和退休设计分别追踪，具体缺口见review.md,docs/plans/portfolio-reuse-automatic/findings.md:1-70
C:\Users\郑曾波\Projects\company-wiki\docs\plans\portfolio-reuse-automatic\findings.md,docs/plans/portfolio-reuse-automatic/findings.md,69,69,| 提升机制有效（金山云） | portfolio-reuse-fix/progress.md Phase 1-3 验证记录 |,ca39586613990b556a43cdb35dca61aaf555b4a8d7dc99460b4bdda6c0de63ac,WIKI-LEGACY-SPECIAL-0428,history_filing,historical_only,| 提升机制有效（金山云） | portfolio-reuse-fix/progress.md Phase 1-3 验证记录 |,原文及所属阶段时间/配置/样本范围；不继承已PASS结论,同文件17–44；progress:38–68；CodeGraph当前promoter→cli,该项是8/4旧接线与锁现场诊断；手动能力提交≠获取流程接线，且当天暂停才成功，旧根因须保留但不冒充当前同一调用图。,保留原始历史版本；将局部实现、生产消费和退休设计分别追踪，具体缺口见review.md,docs/plans/portfolio-reuse-automatic/findings.md:1-70
C:\Users\郑曾波\Projects\company-wiki\docs\plans\portfolio-reuse-automatic\findings.md,docs/plans/portfolio-reuse-automatic/findings.md,70,70,| 6082 dry-run 正常 | 实测 import-portfolio --dry-run → dry_run 状态 |,ca39586613990b556a43cdb35dca61aaf555b4a8d7dc99460b4bdda6c0de63ac,WIKI-LEGACY-SPECIAL-0429,history_filing,historical_only,| 6082 dry-run 正常 | 实测 import-portfolio --dry-run → dry_run 状态 |,原文及所属阶段时间/配置/样本范围；不继承已PASS结论,同文件17–44；progress:38–68；CodeGraph当前promoter→cli,该项是8/4旧接线与锁现场诊断；手动能力提交≠获取流程接线，且当天暂停才成功，旧根因须保留但不冒充当前同一调用图。,保留原始历史版本；将局部实现、生产消费和退休设计分别追踪，具体缺口见review.md,docs/plans/portfolio-reuse-automatic/findings.md:1-70
C:\Users\郑曾波\Projects\company-wiki\docs\plans\portfolio-reuse-automatic\progress.md,docs/plans/portfolio-reuse-automatic/progress.md,3,3,> **2026-08-09 状态：`completed_historical_scope + superseded_for_generalization`。** dayu Strategy B 窄范围历史完成；未来 root/Dropbox/统一 resolver 只在 FCAP r2 更新。,3d484428e75fcb523b4004126b5356c9bd28b047af23fab23a8f0334f6974b67,WIKI-LEGACY-SPECIAL-0430,history_filing,historical_only,> **2026-08-09 状态：`completed_historical_scope + superseded_for_generalization`。** dayu Strategy B 窄范围历史完成；未来 root/Dropbox/统一 resolver 只在 FCAP r2 更新。,原文及所属阶段时间/配置/样本范围；不继承已PASS结论,原文有日期的历史叙述；本轮不重跑生产、不以本轮测试反向证明当日计数/耗时/完整范围,本项是日期明确的诊断、实现或测试结果，保留当时范围；未重新运行生产2020.HK/406旧集。,保留原始历史版本；将局部实现、生产消费和退休设计分别追踪，具体缺口见review.md,docs/plans/portfolio-reuse-automatic/progress.md:1-100
C:\Users\郑曾波\Projects\company-wiki\docs\plans\portfolio-reuse-automatic\progress.md,docs/plans/portfolio-reuse-automatic/progress.md,7,7,### 完成,3d484428e75fcb523b4004126b5356c9bd28b047af23fab23a8f0334f6974b67,WIKI-LEGACY-SPECIAL-0431,history_filing,historical_only,### 完成,原文及所属阶段时间/配置/样本范围；不继承已PASS结论,原文有日期的历史叙述；本轮不重跑生产、不以本轮测试反向证明当日计数/耗时/完整范围,本项是日期明确的诊断、实现或测试结果，保留当时范围；未重新运行生产2020.HK/406旧集。,保留原始历史版本；将局部实现、生产消费和退休设计分别追踪，具体缺口见review.md,docs/plans/portfolio-reuse-automatic/progress.md:1-100
C:\Users\郑曾波\Projects\company-wiki\docs\plans\portfolio-reuse-automatic\progress.md,docs/plans/portfolio-reuse-automatic/progress.md,8,8,- 用 planning-with-files 技能建立本规划目录（`docs/plans/portfolio-reuse-automatic/`）。,3d484428e75fcb523b4004126b5356c9bd28b047af23fab23a8f0334f6974b67,WIKI-LEGACY-SPECIAL-0432,history_filing,historical_only,- 用 planning-with-files 技能建立本规划目录（`docs/plans/portfolio-reuse-automatic/`）。,原文及所属阶段时间/配置/样本范围；不继承已PASS结论,原文有日期的历史叙述；本轮不重跑生产、不以本轮测试反向证明当日计数/耗时/完整范围,本项是日期明确的诊断、实现或测试结果，保留当时范围；未重新运行生产2020.HK/406旧集。,保留原始历史版本；将局部实现、生产消费和退休设计分别追踪，具体缺口见review.md,docs/plans/portfolio-reuse-automatic/progress.md:1-100
C:\Users\郑曾波\Projects\company-wiki\docs\plans\portfolio-reuse-automatic\progress.md,docs/plans/portfolio-reuse-automatic/progress.md,9,9,- 完成 `findings.md`：三层根因（孤儿手动命令 / 锁阻塞 / 端到端未接线），含穷尽搜索与实测证据。,3d484428e75fcb523b4004126b5356c9bd28b047af23fab23a8f0334f6974b67,WIKI-LEGACY-SPECIAL-0433,history_filing,historical_only,- 完成 `findings.md`：三层根因（孤儿手动命令 / 锁阻塞 / 端到端未接线），含穷尽搜索与实测证据。,原文及所属阶段时间/配置/样本范围；不继承已PASS结论,原文有日期的历史叙述；本轮不重跑生产、不以本轮测试反向证明当日计数/耗时/完整范围,本项是日期明确的诊断、实现或测试结果，保留当时范围；未重新运行生产2020.HK/406旧集。,保留原始历史版本；将局部实现、生产消费和退休设计分别追踪，具体缺口见review.md,docs/plans/portfolio-reuse-automatic/progress.md:1-100
C:\Users\郑曾波\Projects\company-wiki\docs\plans\portfolio-reuse-automatic\progress.md,docs/plans/portfolio-reuse-automatic/progress.md,10,11,"- 完成 `task_plan.md`：7 个 Phase（0 前置核查 → 1 自动提升集成 → 2 锁健壮性 → 3 语义护栏 →
  4 测试 → 5 文档 → 6 E2E），设计决策、验收标准、风险、文件清单。",3d484428e75fcb523b4004126b5356c9bd28b047af23fab23a8f0334f6974b67,WIKI-LEGACY-SPECIAL-0434,history_filing,historical_only,"- 完成 `task_plan.md`：7 个 Phase（0 前置核查 → 1 自动提升集成 → 2 锁健壮性 → 3 语义护栏 →
  4 测试 → 5 文档 → 6 E2E），设计决策、验收标准、风险、文件清单。",原文及所属阶段时间/配置/样本范围；不继承已PASS结论,原文有日期的历史叙述；本轮不重跑生产、不以本轮测试反向证明当日计数/耗时/完整范围,本项是日期明确的诊断、实现或测试结果，保留当时范围；未重新运行生产2020.HK/406旧集。,保留原始历史版本；将局部实现、生产消费和退休设计分别追踪，具体缺口见review.md,docs/plans/portfolio-reuse-automatic/progress.md:1-100
C:\Users\郑曾波\Projects\company-wiki\docs\plans\portfolio-reuse-automatic\progress.md,docs/plans/portfolio-reuse-automatic/progress.md,13,13,### 根因结论（详见 findings.md）,3d484428e75fcb523b4004126b5356c9bd28b047af23fab23a8f0334f6974b67,WIKI-LEGACY-SPECIAL-0435,history_filing,historical_only,### 根因结论（详见 findings.md）,原文及所属阶段时间/配置/样本范围；不继承已PASS结论,原文有日期的历史叙述；本轮不重跑生产、不以本轮测试反向证明当日计数/耗时/完整范围,本项是日期明确的诊断、实现或测试结果，保留当时范围；未重新运行生产2020.HK/406旧集。,保留原始历史版本；将局部实现、生产消费和退休设计分别追踪，具体缺口见review.md,docs/plans/portfolio-reuse-automatic/progress.md:1-100
C:\Users\郑曾波\Projects\company-wiki\docs\plans\portfolio-reuse-automatic\progress.md,docs/plans/portfolio-reuse-automatic/progress.md,14,15,"1. **R1（架构）**：`promote_from_portfolio`/`promote_all_for_entity` 仅被 `import-portfolio` CLI 调用；
   worker 管线、acquisition service、filing-fetch 全零调用 → 已提交功能是""孤儿""手动命令。",3d484428e75fcb523b4004126b5356c9bd28b047af23fab23a8f0334f6974b67,WIKI-LEGACY-SPECIAL-0436,history_filing,historical_only,"1. **R1（架构）**：`promote_from_portfolio`/`promote_all_for_entity` 仅被 `import-portfolio` CLI 调用；
   worker 管线、acquisition service、filing-fetch 全零调用 → 已提交功能是""孤儿""手动命令。",原文及所属阶段时间/配置/样本范围；不继承已PASS结论,原文有日期的历史叙述；本轮不重跑生产、不以本轮测试反向证明当日计数/耗时/完整范围,本项是日期明确的诊断、实现或测试结果，保留当时范围；未重新运行生产2020.HK/406旧集。,保留原始历史版本；将局部实现、生产消费和退休设计分别追踪，具体缺口见review.md,docs/plans/portfolio-reuse-automatic/progress.md:1-100
C:\Users\郑曾波\Projects\company-wiki\docs\plans\portfolio-reuse-automatic\progress.md,docs/plans/portfolio-reuse-automatic/progress.md,16,17,"2. **R2（运维）**：import-portfolio 走 `import_staged` 要取全局 `operation.lock`；worker 回填批
   几乎永远占锁 → 实测三次 `CatalogOperationLockedError`（pid 1980/23160）→ 无 pause-around/重试。",3d484428e75fcb523b4004126b5356c9bd28b047af23fab23a8f0334f6974b67,WIKI-LEGACY-SPECIAL-0437,history_filing,historical_only,"2. **R2（运维）**：import-portfolio 走 `import_staged` 要取全局 `operation.lock`；worker 回填批
   几乎永远占锁 → 实测三次 `CatalogOperationLockedError`（pid 1980/23160）→ 无 pause-around/重试。",原文及所属阶段时间/配置/样本范围；不继承已PASS结论,原文有日期的历史叙述；本轮不重跑生产、不以本轮测试反向证明当日计数/耗时/完整范围,本项是日期明确的诊断、实现或测试结果，保留当时范围；未重新运行生产2020.HK/406旧集。,保留原始历史版本；将局部实现、生产消费和退休设计分别追踪，具体缺口见review.md,docs/plans/portfolio-reuse-automatic/progress.md:1-100
C:\Users\郑曾波\Projects\company-wiki\docs\plans\portfolio-reuse-automatic\progress.md,docs/plans/portfolio-reuse-automatic/progress.md,18,18,3. **R3（期望）**：原计划刻意 filing-fetch 零改动，获取路径对 portfolio 从未接线。,3d484428e75fcb523b4004126b5356c9bd28b047af23fab23a8f0334f6974b67,WIKI-LEGACY-SPECIAL-0438,history_filing,historical_only,3. **R3（期望）**：原计划刻意 filing-fetch 零改动，获取路径对 portfolio 从未接线。,原文及所属阶段时间/配置/样本范围；不继承已PASS结论,原文有日期的历史叙述；本轮不重跑生产、不以本轮测试反向证明当日计数/耗时/完整范围,本项是日期明确的诊断、实现或测试结果，保留当时范围；未重新运行生产2020.HK/406旧集。,保留原始历史版本；将局部实现、生产消费和退休设计分别追踪，具体缺口见review.md,docs/plans/portfolio-reuse-automatic/progress.md:1-100
C:\Users\郑曾波\Projects\company-wiki\docs\plans\portfolio-reuse-automatic\progress.md,docs/plans/portfolio-reuse-automatic/progress.md,21,21,- `git show 7ce2774`：功能已提交（2026-08-03，金山云验证）。,3d484428e75fcb523b4004126b5356c9bd28b047af23fab23a8f0334f6974b67,WIKI-LEGACY-SPECIAL-0439,history_filing,historical_only,- `git show 7ce2774`：功能已提交（2026-08-03，金山云验证）。,原文及所属阶段时间/配置/样本范围；不继承已PASS结论,原文有日期的历史叙述；本轮不重跑生产、不以本轮测试反向证明当日计数/耗时/完整范围,本项是日期明确的诊断、实现或测试结果，保留当时范围；未重新运行生产2020.HK/406旧集。,保留原始历史版本；将局部实现、生产消费和退休设计分别追踪，具体缺口见review.md,docs/plans/portfolio-reuse-automatic/progress.md:1-100
C:\Users\郑曾波\Projects\company-wiki\docs\plans\portfolio-reuse-automatic\progress.md,docs/plans/portfolio-reuse-automatic/progress.md,22,22,- `grep -rn` src/ + filing-fetch/scripts/：promotion 唯一调用者 = cli.py。,3d484428e75fcb523b4004126b5356c9bd28b047af23fab23a8f0334f6974b67,WIKI-LEGACY-SPECIAL-0440,history_filing,historical_only,- `grep -rn` src/ + filing-fetch/scripts/：promotion 唯一调用者 = cli.py。,原文及所属阶段时间/配置/样本范围；不继承已PASS结论,原文有日期的历史叙述；本轮不重跑生产、不以本轮测试反向证明当日计数/耗时/完整范围,本项是日期明确的诊断、实现或测试结果，保留当时范围；未重新运行生产2020.HK/406旧集。,保留原始历史版本；将局部实现、生产消费和退休设计分别追踪，具体缺口见review.md,docs/plans/portfolio-reuse-automatic/progress.md:1-100
C:\Users\郑曾波\Projects\company-wiki\docs\plans\portfolio-reuse-automatic\progress.md,docs/plans/portfolio-reuse-automatic/progress.md,23,23,- worker.py 阶段序列：SCANNING→NORMALIZING→FINGERPRINTING→LLM→EXPORT，无提升阶段。,3d484428e75fcb523b4004126b5356c9bd28b047af23fab23a8f0334f6974b67,WIKI-LEGACY-SPECIAL-0441,history_filing,historical_only,- worker.py 阶段序列：SCANNING→NORMALIZING→FINGERPRINTING→LLM→EXPORT，无提升阶段。,原文及所属阶段时间/配置/样本范围；不继承已PASS结论,原文有日期的历史叙述；本轮不重跑生产、不以本轮测试反向证明当日计数/耗时/完整范围,本项是日期明确的诊断、实现或测试结果，保留当时范围；未重新运行生产2020.HK/406旧集。,保留原始历史版本；将局部实现、生产消费和退休设计分别追踪，具体缺口见review.md,docs/plans/portfolio-reuse-automatic/progress.md:1-100
C:\Users\郑曾波\Projects\company-wiki\docs\plans\portfolio-reuse-automatic\progress.md,docs/plans/portfolio-reuse-automatic/progress.md,24,24,- acquisition_service.py / acquisition.py：grep portfolio = 0。,3d484428e75fcb523b4004126b5356c9bd28b047af23fab23a8f0334f6974b67,WIKI-LEGACY-SPECIAL-0442,history_filing,historical_only,- acquisition_service.py / acquisition.py：grep portfolio = 0。,原文及所属阶段时间/配置/样本范围；不继承已PASS结论,原文有日期的历史叙述；本轮不重跑生产、不以本轮测试反向证明当日计数/耗时/完整范围,本项是日期明确的诊断、实现或测试结果，保留当时范围；未重新运行生产2020.HK/406旧集。,保留原始历史版本；将局部实现、生产消费和退休设计分别追踪，具体缺口见review.md,docs/plans/portfolio-reuse-automatic/progress.md:1-100
C:\Users\郑曾波\Projects\company-wiki\docs\plans\portfolio-reuse-automatic\progress.md,docs/plans/portfolio-reuse-automatic/progress.md,25,25,- import-portfolio（无 dry-run）对 6082：三次 `CatalogOperationLockedError`。,3d484428e75fcb523b4004126b5356c9bd28b047af23fab23a8f0334f6974b67,WIKI-LEGACY-SPECIAL-0443,history_filing,historical_only,- import-portfolio（无 dry-run）对 6082：三次 `CatalogOperationLockedError`。,原文及所属阶段时间/配置/样本范围；不继承已PASS结论,原文有日期的历史叙述；本轮不重跑生产、不以本轮测试反向证明当日计数/耗时/完整范围,本项是日期明确的诊断、实现或测试结果，保留当时范围；未重新运行生产2020.HK/406旧集。,保留原始历史版本；将局部实现、生产消费和退休设计分别追踪，具体缺口见review.md,docs/plans/portfolio-reuse-automatic/progress.md:1-100
C:\Users\郑曾波\Projects\company-wiki\docs\plans\portfolio-reuse-automatic\progress.md,docs/plans/portfolio-reuse-automatic/progress.md,26,26,- import-portfolio --dry-run 对 6082：正常返回 dry_run（发现/映射逻辑有效）。,3d484428e75fcb523b4004126b5356c9bd28b047af23fab23a8f0334f6974b67,WIKI-LEGACY-SPECIAL-0444,history_filing,historical_only,- import-portfolio --dry-run 对 6082：正常返回 dry_run（发现/映射逻辑有效）。,原文及所属阶段时间/配置/样本范围；不继承已PASS结论,原文有日期的历史叙述；本轮不重跑生产、不以本轮测试反向证明当日计数/耗时/完整范围,本项是日期明确的诊断、实现或测试结果，保留当时范围；未重新运行生产2020.HK/406旧集。,保留原始历史版本；将局部实现、生产消费和退休设计分别追踪，具体缺口见review.md,docs/plans/portfolio-reuse-automatic/progress.md:1-100
C:\Users\郑曾波\Projects\company-wiki\docs\plans\portfolio-reuse-automatic\progress.md,docs/plans/portfolio-reuse-automatic/progress.md,27,28,"- worker 干预记录：本调查中执行过 1 次 pause → 真实提升尝试（输出被截断，未能确认结果）→ resume
  （新 pid 23160，enabled+running）；批次幂等续跑，无残留。",3d484428e75fcb523b4004126b5356c9bd28b047af23fab23a8f0334f6974b67,WIKI-LEGACY-SPECIAL-0445,history_filing,historical_only,"- worker 干预记录：本调查中执行过 1 次 pause → 真实提升尝试（输出被截断，未能确认结果）→ resume
  （新 pid 23160，enabled+running）；批次幂等续跑，无残留。",原文及所属阶段时间/配置/样本范围；不继承已PASS结论,原文有日期的历史叙述；本轮不重跑生产、不以本轮测试反向证明当日计数/耗时/完整范围,本项是日期明确的诊断、实现或测试结果，保留当时范围；未重新运行生产2020.HK/406旧集。,保留原始历史版本；将局部实现、生产消费和退休设计分别追踪，具体缺口见review.md,docs/plans/portfolio-reuse-automatic/progress.md:1-100
C:\Users\郑曾波\Projects\company-wiki\docs\plans\portfolio-reuse-automatic\progress.md,docs/plans/portfolio-reuse-automatic/progress.md,31,31,- 全部实施阶段（Phase 0-6）均为 pending。,3d484428e75fcb523b4004126b5356c9bd28b047af23fab23a8f0334f6974b67,WIKI-LEGACY-SPECIAL-0446,history_filing,superseded,- 全部实施阶段（Phase 0-6）均为 pending。,原文及所属阶段时间/配置/样本范围；不继承已PASS结论,同文件38–68,8/4等待实施状态被后续Strategy B决策和完成覆盖；不应恢复A待办。,保留原始历史版本；将局部实现、生产消费和退休设计分别追踪，具体缺口见review.md,docs/plans/portfolio-reuse-automatic/progress.md:31-35
C:\Users\郑曾波\Projects\company-wiki\docs\plans\portfolio-reuse-automatic\progress.md,docs/plans/portfolio-reuse-automatic/progress.md,32,32,- Phase 0 前置核查是开工前提（ensure 全流程、MISSING 语义、meta 映射、锁行为基线）。,3d484428e75fcb523b4004126b5356c9bd28b047af23fab23a8f0334f6974b67,WIKI-LEGACY-SPECIAL-0447,history_filing,superseded,- Phase 0 前置核查是开工前提（ensure 全流程、MISSING 语义、meta 映射、锁行为基线）。,原文及所属阶段时间/配置/样本范围；不继承已PASS结论,同文件38–68,8/4等待实施状态被后续Strategy B决策和完成覆盖；不应恢复A待办。,保留原始历史版本；将局部实现、生产消费和退休设计分别追踪，具体缺口见review.md,docs/plans/portfolio-reuse-automatic/progress.md:31-35
C:\Users\郑曾波\Projects\company-wiki\docs\plans\portfolio-reuse-automatic\progress.md,docs/plans/portfolio-reuse-automatic/progress.md,35,35,- 等用户确认 task_plan.md（尤其：自动提升默认开启 vs 配置开关；是否本期顺带做锁重试）后进入 Phase 0。,3d484428e75fcb523b4004126b5356c9bd28b047af23fab23a8f0334f6974b67,WIKI-LEGACY-SPECIAL-0448,history_filing,superseded,- 等用户确认 task_plan.md（尤其：自动提升默认开启 vs 配置开关；是否本期顺带做锁重试）后进入 Phase 0。,原文及所属阶段时间/配置/样本范围；不继承已PASS结论,同文件38–68,8/4等待实施状态被后续Strategy B决策和完成覆盖；不应恢复A待办。,保留原始历史版本；将局部实现、生产消费和退休设计分别追踪，具体缺口见review.md,docs/plans/portfolio-reuse-automatic/progress.md:31-35
C:\Users\郑曾波\Projects\company-wiki\docs\plans\portfolio-reuse-automatic\progress.md,docs/plans/portfolio-reuse-automatic/progress.md,38,38,## 2026-08-04（Strategy B 实施完成——config-driven 只读复用）,3d484428e75fcb523b4004126b5356c9bd28b047af23fab23a8f0334f6974b67,WIKI-LEGACY-SPECIAL-0449,history_filing,historical_only,## 2026-08-04（Strategy B 实施完成——config-driven 只读复用）,原文及所属阶段时间/配置/样本范围；不继承已PASS结论,原文有日期的历史叙述；本轮不重跑生产、不以本轮测试反向证明当日计数/耗时/完整范围,本项是日期明确的诊断、实现或测试结果，保留当时范围；未重新运行生产2020.HK/406旧集。,保留原始历史版本；将局部实现、生产消费和退休设计分别追踪，具体缺口见review.md,docs/plans/portfolio-reuse-automatic/progress.md:1-100
C:\Users\郑曾波\Projects\company-wiki\docs\plans\portfolio-reuse-automatic\progress.md,docs/plans/portfolio-reuse-automatic/progress.md,41,42,"- 用户审查后决定：**弃用 Strategy A（ensure 自动提升）**，改行 **Strategy B（只读复用，config-driven）**：
  ""已索引即可复用""、加目录 = 配置加一行、无磁盘拷贝/提升状态机。",3d484428e75fcb523b4004126b5356c9bd28b047af23fab23a8f0334f6974b67,WIKI-LEGACY-SPECIAL-0450,history_filing,supported_scoped,"- 用户审查后决定：**弃用 Strategy A（ensure 自动提升）**，改行 **Strategy B（只读复用，config-driven）**：
  ""已索引即可复用""、加目录 = 配置加一行、无磁盘拷贝/提升状态机。",原文及所属阶段时间/配置/样本范围；不继承已PASS结论,当前filing_contracts RootPolicySnapshot；wiki resolver policy；CodeGraph显式promoter,B取代A、readerroot/身份/containment分别修改的设计事实成立，表明跨仓合同是多个接点而非一条索引配置；支持窄范围并保留后来的policy缺口。,保留原始历史版本；将局部实现、生产消费和退休设计分别追踪，具体缺口见review.md,docs/plans/portfolio-reuse-automatic/progress.md:41-56
C:\Users\郑曾波\Projects\company-wiki\docs\plans\portfolio-reuse-automatic\progress.md,docs/plans/portfolio-reuse-automatic/progress.md,45,46,"- **B1 配置化可复用 root**：`CatalogConfig.reusable_root_kinds`（默认 `[company_raw]`）+
  `source_catalog.yaml` 配置 + resolver 改用配置集合（trace 改为 `no_reusable_root_location`）。",3d484428e75fcb523b4004126b5356c9bd28b047af23fab23a8f0334f6974b67,WIKI-LEGACY-SPECIAL-0451,history_filing,supported_scoped,"- **B1 配置化可复用 root**：`CatalogConfig.reusable_root_kinds`（默认 `[company_raw]`）+
  `source_catalog.yaml` 配置 + resolver 改用配置集合（trace 改为 `no_reusable_root_location`）。",原文及所属阶段时间/配置/样本范围；不继承已PASS结论,当前filing_contracts RootPolicySnapshot；wiki resolver policy；CodeGraph显式promoter,B取代A、readerroot/身份/containment分别修改的设计事实成立，表明跨仓合同是多个接点而非一条索引配置；支持窄范围并保留后来的policy缺口。,保留原始历史版本；将局部实现、生产消费和退休设计分别追踪，具体缺口见review.md,docs/plans/portfolio-reuse-automatic/progress.md:41-56
C:\Users\郑曾波\Projects\company-wiki\docs\plans\portfolio-reuse-automatic\progress.md,docs/plans/portfolio-reuse-automatic/progress.md,47,50,"- **B2 元数据富化**（scanner dayu_portfolio 专用路径）：filing meta.json 身份/分类回填——
  form_type→document_kind（FY/H1/Q1-Q3，分类器 + admission 同步，繁体 年報/中期報告 token）；
  `security_id←ticker`、`market←实体级 meta.json`；prefer-new 合并增加
  provider_document_id 条件（修复提升 REUSED_EXACT 断言回归）。",3d484428e75fcb523b4004126b5356c9bd28b047af23fab23a8f0334f6974b67,WIKI-LEGACY-SPECIAL-0452,history_filing,supported_scoped,"- **B2 元数据富化**（scanner dayu_portfolio 专用路径）：filing meta.json 身份/分类回填——
  form_type→document_kind（FY/H1/Q1-Q3，分类器 + admission 同步，繁体 年報/中期報告 token）；
  `security_id←ticker`、`market←实体级 meta.json`；prefer-new 合并增加
  provider_document_id 条件（修复提升 REUSED_EXACT 断言回归）。",原文及所属阶段时间/配置/样本范围；不继承已PASS结论,当前filing_contracts RootPolicySnapshot；wiki resolver policy；CodeGraph显式promoter,B取代A、readerroot/身份/containment分别修改的设计事实成立，表明跨仓合同是多个接点而非一条索引配置；支持窄范围并保留后来的policy缺口。,保留原始历史版本；将局部实现、生产消费和退休设计分别追踪，具体缺口见review.md,docs/plans/portfolio-reuse-automatic/progress.md:41-56
C:\Users\郑曾波\Projects\company-wiki\docs\plans\portfolio-reuse-automatic\progress.md,docs/plans/portfolio-reuse-automatic/progress.md,51,51,- **身份归一化**：resolver `_identity_matches` security_id 去前导零 + 小写（HKEX 03896==3896）。,3d484428e75fcb523b4004126b5356c9bd28b047af23fab23a8f0334f6974b67,WIKI-LEGACY-SPECIAL-0453,history_filing,supported_scoped,- **身份归一化**：resolver `_identity_matches` security_id 去前导零 + 小写（HKEX 03896==3896）。,原文及所属阶段时间/配置/样本范围；不继承已PASS结论,当前filing_contracts RootPolicySnapshot；wiki resolver policy；CodeGraph显式promoter,B取代A、readerroot/身份/containment分别修改的设计事实成立，表明跨仓合同是多个接点而非一条索引配置；支持窄范围并保留后来的policy缺口。,保留原始历史版本；将局部实现、生产消费和退休设计分别追踪，具体缺口见review.md,docs/plans/portfolio-reuse-automatic/progress.md:41-56
C:\Users\郑曾波\Projects\company-wiki\docs\plans\portfolio-reuse-automatic\progress.md,docs/plans/portfolio-reuse-automatic/progress.md,52,53,"- **B3 filing-fetch 围栏配置化**：`allowed_handle_roots`（config/company_wiki.json，token 展开），
  `validate_handle(allowed_roots=...)`；修复 CLI 默认 `--config=None` 导致 allowance 回退的 bug。",3d484428e75fcb523b4004126b5356c9bd28b047af23fab23a8f0334f6974b67,WIKI-LEGACY-SPECIAL-0454,history_filing,supported_scoped,"- **B3 filing-fetch 围栏配置化**：`allowed_handle_roots`（config/company_wiki.json，token 展开），
  `validate_handle(allowed_roots=...)`；修复 CLI 默认 `--config=None` 导致 allowance 回退的 bug。",原文及所属阶段时间/配置/样本范围；不继承已PASS结论,当前filing_contracts RootPolicySnapshot；wiki resolver policy；CodeGraph显式promoter,B取代A、readerroot/身份/containment分别修改的设计事实成立，表明跨仓合同是多个接点而非一条索引配置；支持窄范围并保留后来的policy缺口。,保留原始历史版本；将局部实现、生产消费和退休设计分别追踪，具体缺口见review.md,docs/plans/portfolio-reuse-automatic/progress.md:41-56
C:\Users\郑曾波\Projects\company-wiki\docs\plans\portfolio-reuse-automatic\progress.md,docs/plans/portfolio-reuse-automatic/progress.md,54,56,"- **回滚 A**：移除 ensure 自动提升钩子/开关/测试（acquisition.py、acquisition_config.py、
  cli.py、yaml、test_source_catalog_auto_promote.py）；`_retry_on_catalog_lock` 保留
  （直接 ensure/import-portfolio 的锁退避）；`import-portfolio` CLI + promoter 保留为固化工具。",3d484428e75fcb523b4004126b5356c9bd28b047af23fab23a8f0334f6974b67,WIKI-LEGACY-SPECIAL-0455,history_filing,supported_scoped,"- **回滚 A**：移除 ensure 自动提升钩子/开关/测试（acquisition.py、acquisition_config.py、
  cli.py、yaml、test_source_catalog_auto_promote.py）；`_retry_on_catalog_lock` 保留
  （直接 ensure/import-portfolio 的锁退避）；`import-portfolio` CLI + promoter 保留为固化工具。",原文及所属阶段时间/配置/样本范围；不继承已PASS结论,当前filing_contracts RootPolicySnapshot；wiki resolver policy；CodeGraph显式promoter,B取代A、readerroot/身份/containment分别修改的设计事实成立，表明跨仓合同是多个接点而非一条索引配置；支持窄范围并保留后来的policy缺口。,保留原始历史版本；将局部实现、生产消费和退休设计分别追踪，具体缺口见review.md,docs/plans/portfolio-reuse-automatic/progress.md:41-56
C:\Users\郑曾波\Projects\company-wiki\docs\plans\portfolio-reuse-automatic\progress.md,docs/plans/portfolio-reuse-automatic/progress.md,57,57,- **陈旧防护**：`_handle` 文件存在性校验（已存在，覆盖所有 root）。,3d484428e75fcb523b4004126b5356c9bd28b047af23fab23a8f0334f6974b67,WIKI-LEGACY-SPECIAL-0456,history_filing,supported_scoped,- **陈旧防护**：`_handle` 文件存在性校验（已存在，覆盖所有 root）。,原文及所属阶段时间/配置/样本范围；不继承已PASS结论,reviews/filing隔离合同；wiki resolver/_handle,缺磁盘文件不复用属于必要局部条件；不涵盖文件变更hash、身份、policy授权或artifact有效性。,保留原始历史版本；将局部实现、生产消费和退休设计分别追踪，具体缺口见review.md,docs/plans/portfolio-reuse-automatic/progress.md:57-57
C:\Users\郑曾波\Projects\company-wiki\docs\plans\portfolio-reuse-automatic\progress.md,docs/plans/portfolio-reuse-automatic/progress.md,60,61,"- 契约测试：`test_source_catalog_reusable_roots.py`（3 项：配置化放行/默认排除/陈旧不复用）+
  filing-fetch 围栏 3 项（放行/拒绝/配置加载）；回归 32+ 项通过（promoter 4 项修复后全绿）。",3d484428e75fcb523b4004126b5356c9bd28b047af23fab23a8f0334f6974b67,WIKI-LEGACY-SPECIAL-0457,history_filing,historical_only,"- 契约测试：`test_source_catalog_reusable_roots.py`（3 项：配置化放行/默认排除/陈旧不复用）+
  filing-fetch 围栏 3 项（放行/拒绝/配置加载）；回归 32+ 项通过（promoter 4 项修复后全绿）。",原文及所属阶段时间/配置/样本范围；不继承已PASS结论,原文有日期的历史叙述；本轮不重跑生产、不以本轮测试反向证明当日计数/耗时/完整范围,本项是日期明确的诊断、实现或测试结果，保留当时范围；未重新运行生产2020.HK/406旧集。,保留原始历史版本；将局部实现、生产消费和退休设计分别追踪，具体缺口见review.md,docs/plans/portfolio-reuse-automatic/progress.md:1-100
C:\Users\郑曾波\Projects\company-wiki\docs\plans\portfolio-reuse-automatic\progress.md,docs/plans/portfolio-reuse-automatic/progress.md,62,63,"- **真实 E2E（2020.HK 安踏体育 FY2023 年报）**：filing-fetch 只读请求 → `capture_ready`，
  collector=`filesystem-catalog-dayu_portfolio`，**零下载、零提升**，https_url/日期/年份齐全。",3d484428e75fcb523b4004126b5356c9bd28b047af23fab23a8f0334f6974b67,WIKI-LEGACY-SPECIAL-0458,history_filing,historical_only,"- **真实 E2E（2020.HK 安踏体育 FY2023 年报）**：filing-fetch 只读请求 → `capture_ready`，
  collector=`filesystem-catalog-dayu_portfolio`，**零下载、零提升**，https_url/日期/年份齐全。",原文及所属阶段时间/配置/样本范围；不继承已PASS结论,原文64直接披露以暂停规避SQLite锁,真实dayu-only成功需要手工暂停writer，验收环境移除了日常并发风险；不能视为worker运行中的闭环。,保留原始历史版本；将局部实现、生产消费和退休设计分别追踪，具体缺口见review.md,docs/plans/portfolio-reuse-automatic/progress.md:62-65
C:\Users\郑曾波\Projects\company-wiki\docs\plans\portfolio-reuse-automatic\progress.md,docs/plans/portfolio-reuse-automatic/progress.md,64,65,"- 过程中发现的存量问题：worker 写突发导致 SQLite `database is locked`（读连接 5s busy_timeout
  偏短；主 store 读连接 30s 无碍）——E2E 以暂停 worker 规避；列为后续改进候选。",3d484428e75fcb523b4004126b5356c9bd28b047af23fab23a8f0334f6974b67,WIKI-LEGACY-SPECIAL-0459,history_filing,historical_only,"- 过程中发现的存量问题：worker 写突发导致 SQLite `database is locked`（读连接 5s busy_timeout
  偏短；主 store 读连接 30s 无碍）——E2E 以暂停 worker 规避；列为后续改进候选。",原文及所属阶段时间/配置/样本范围；不继承已PASS结论,原文64直接披露以暂停规避SQLite锁,真实dayu-only成功需要手工暂停writer，验收环境移除了日常并发风险；不能视为worker运行中的闭环。,保留原始历史版本；将局部实现、生产消费和退休设计分别追踪，具体缺口见review.md,docs/plans/portfolio-reuse-automatic/progress.md:62-65
C:\Users\郑曾波\Projects\company-wiki\docs\plans\portfolio-reuse-automatic\progress.md,docs/plans/portfolio-reuse-automatic/progress.md,68,69,"- ADR-008 重写为 B 方案；OPERATIONS.md §一点五 改为 config-driven 直接复用；filing-fetch SKILL.md
  Notes 补充；task_plan.md 状态更新。",3d484428e75fcb523b4004126b5356c9bd28b047af23fab23a8f0334f6974b67,WIKI-LEGACY-SPECIAL-0460,history_filing,historical_only,"- ADR-008 重写为 B 方案；OPERATIONS.md §一点五 改为 config-driven 直接复用；filing-fetch SKILL.md
  Notes 补充；task_plan.md 状态更新。",原文及所属阶段时间/配置/样本范围；不继承已PASS结论,原文有日期的历史叙述；本轮不重跑生产、不以本轮测试反向证明当日计数/耗时/完整范围,本项是日期明确的诊断、实现或测试结果，保留当时范围；未重新运行生产2020.HK/406旧集。,保留原始历史版本；将局部实现、生产消费和退休设计分别追踪，具体缺口见review.md,docs/plans/portfolio-reuse-automatic/progress.md:1-100
C:\Users\郑曾波\Projects\company-wiki\docs\plans\portfolio-reuse-automatic\progress.md,docs/plans/portfolio-reuse-automatic/progress.md,72,73,"- scanner 元数据富化对存量文档需重扫生效（scanner 复用未变更文件元数据）——可加 force/reprocess
  或文档化""删 location 行重扫""。",3d484428e75fcb523b4004126b5356c9bd28b047af23fab23a8f0334f6974b67,WIKI-LEGACY-SPECIAL-0461,history_filing,superseded,"- scanner 元数据富化对存量文档需重扫生效（scanner 复用未变更文件元数据）——可加 force/reprocess
  或文档化""删 location 行重扫""。",原文及所属阶段时间/配置/样本范围；不继承已PASS结论,同文件79–88,强制重扫/删location候选被8/6普通重扫实证取代；不得从旧候选实施生产删行。,保留原始历史版本；将局部实现、生产消费和退休设计分别追踪，具体缺口见review.md,docs/plans/portfolio-reuse-automatic/progress.md:72-74
C:\Users\郑曾波\Projects\company-wiki\docs\plans\portfolio-reuse-automatic\progress.md,docs/plans/portfolio-reuse-automatic/progress.md,74,74,- SQLite 读连接 busy_timeout 提升（5000→30000）与 worker 写突发共存性，列为后续。,3d484428e75fcb523b4004126b5356c9bd28b047af23fab23a8f0334f6974b67,WIKI-LEGACY-SPECIAL-0462,history_filing,superseded,- SQLite 读连接 busy_timeout 提升（5000→30000）与 worker 写突发共存性，列为后续。,原文及所属阶段时间/配置/样本范围；不继承已PASS结论,同文件79–88,强制重扫/删location候选被8/6普通重扫实证取代；不得从旧候选实施生产删行。,保留原始历史版本；将局部实现、生产消费和退休设计分别追踪，具体缺口见review.md,docs/plans/portfolio-reuse-automatic/progress.md:72-74
C:\Users\郑曾波\Projects\company-wiki\docs\plans\portfolio-reuse-automatic\progress.md,docs/plans/portfolio-reuse-automatic/progress.md,77,77,## 2026-08-06（两项候选收尾完成）,3d484428e75fcb523b4004126b5356c9bd28b047af23fab23a8f0334f6974b67,WIKI-LEGACY-SPECIAL-0463,history_filing,historical_only,## 2026-08-06（两项候选收尾完成）,原文及所属阶段时间/配置/样本范围；不继承已PASS结论,原文有日期的历史叙述；本轮不重跑生产、不以本轮测试反向证明当日计数/耗时/完整范围,本项是日期明确的诊断、实现或测试结果，保留当时范围；未重新运行生产2020.HK/406旧集。,保留原始历史版本；将局部实现、生产消费和退休设计分别追踪，具体缺口见review.md,docs/plans/portfolio-reuse-automatic/progress.md:1-100
C:\Users\郑曾波\Projects\company-wiki\docs\plans\portfolio-reuse-automatic\progress.md,docs/plans/portfolio-reuse-automatic/progress.md,80,83,"- **实证**：构造 dayu_portfolio 文档，把 DB 中 `metadata_json` 手工降级为 pre-ADR-008 最小标记
  （仅 source_title/filing_date），文件字节不动，普通 `catalog.scan()` 后 `dayu_meta` 恢复
  form_type/fiscal_year/security_id/market/source_url 全部字段，`document_kind` 也回填为
  annual_report。机制 = scanner 每轮重建文档元数据 + `prefer_new` 提升更完整富化副本。",3d484428e75fcb523b4004126b5356c9bd28b047af23fab23a8f0334f6974b67,WIKI-LEGACY-SPECIAL-0464,history_filing,supported_scoped,"- **实证**：构造 dayu_portfolio 文档，把 DB 中 `metadata_json` 手工降级为 pre-ADR-008 最小标记
  （仅 source_title/filing_date），文件字节不动，普通 `catalog.scan()` 后 `dayu_meta` 恢复
  form_type/fiscal_year/security_id/market/source_url 全部字段，`document_kind` 也回填为
  annual_report。机制 = scanner 每轮重建文档元数据 + `prefer_new` 提升更完整富化副本。",原文及所属阶段时间/配置/样本范围；不继承已PASS结论,tests/contract/test_source_catalog_url_enrichment.py历史指定案例；wiki/GP002当前配置差异,保留普通scan重新enrich的窄fixture能力；原试验只dayu旧标记，不能外推当前v2 shadow/无adapter roots。,保留原始历史版本；将局部实现、生产消费和退休设计分别追踪，具体缺口见review.md,docs/plans/portfolio-reuse-automatic/progress.md:80-88
C:\Users\郑曾波\Projects\company-wiki\docs\plans\portfolio-reuse-automatic\progress.md,docs/plans/portfolio-reuse-automatic/progress.md,84,85,"- **落地**：新增回归测试 `test_plain_rescan_re_enriches_existing_dayu_document`
  （test_source_catalog_url_enrichment.py，7 passed）。",3d484428e75fcb523b4004126b5356c9bd28b047af23fab23a8f0334f6974b67,WIKI-LEGACY-SPECIAL-0465,history_filing,supported_scoped,"- **落地**：新增回归测试 `test_plain_rescan_re_enriches_existing_dayu_document`
  （test_source_catalog_url_enrichment.py，7 passed）。",原文及所属阶段时间/配置/样本范围；不继承已PASS结论,tests/contract/test_source_catalog_url_enrichment.py历史指定案例；wiki/GP002当前配置差异,保留普通scan重新enrich的窄fixture能力；原试验只dayu旧标记，不能外推当前v2 shadow/无adapter roots。,保留原始历史版本；将局部实现、生产消费和退休设计分别追踪，具体缺口见review.md,docs/plans/portfolio-reuse-automatic/progress.md:80-88
C:\Users\郑曾波\Projects\company-wiki\docs\plans\portfolio-reuse-automatic\progress.md,docs/plans/portfolio-reuse-automatic/progress.md,86,87,"- **文档修正**：OPERATIONS.md §一点五 原先""可删除对应 location 行后重扫重建""的注记改为
  ""普通重扫即自动生效，无需删行；需立即生效时手动 scan 该 root""。",3d484428e75fcb523b4004126b5356c9bd28b047af23fab23a8f0334f6974b67,WIKI-LEGACY-SPECIAL-0466,history_filing,supported_scoped,"- **文档修正**：OPERATIONS.md §一点五 原先""可删除对应 location 行后重扫重建""的注记改为
  ""普通重扫即自动生效，无需删行；需立即生效时手动 scan 该 root""。",原文及所属阶段时间/配置/样本范围；不继承已PASS结论,tests/contract/test_source_catalog_url_enrichment.py历史指定案例；wiki/GP002当前配置差异,保留普通scan重新enrich的窄fixture能力；原试验只dayu旧标记，不能外推当前v2 shadow/无adapter roots。,保留原始历史版本；将局部实现、生产消费和退休设计分别追踪，具体缺口见review.md,docs/plans/portfolio-reuse-automatic/progress.md:80-88
C:\Users\郑曾波\Projects\company-wiki\docs\plans\portfolio-reuse-automatic\progress.md,docs/plans/portfolio-reuse-automatic/progress.md,88,88,- 结论：**不需要 force/reprocess 子命令**——普通重扫已覆盖存量，新增 force 属冗余表面。,3d484428e75fcb523b4004126b5356c9bd28b047af23fab23a8f0334f6974b67,WIKI-LEGACY-SPECIAL-0467,history_filing,supported_scoped,- 结论：**不需要 force/reprocess 子命令**——普通重扫已覆盖存量，新增 force 属冗余表面。,原文及所属阶段时间/配置/样本范围；不继承已PASS结论,tests/contract/test_source_catalog_url_enrichment.py历史指定案例；wiki/GP002当前配置差异,保留普通scan重新enrich的窄fixture能力；原试验只dayu旧标记，不能外推当前v2 shadow/无adapter roots。,保留原始历史版本；将局部实现、生产消费和退休设计分别追踪，具体缺口见review.md,docs/plans/portfolio-reuse-automatic/progress.md:80-88
C:\Users\郑曾波\Projects\company-wiki\docs\plans\portfolio-reuse-automatic\progress.md,docs/plans/portfolio-reuse-automatic/progress.md,90,90,### 候选 2：SQLite 读连接 busy_timeout 5000→30000 —— 完成,3d484428e75fcb523b4004126b5356c9bd28b047af23fab23a8f0334f6974b67,WIKI-LEGACY-SPECIAL-0468,history_filing,historical_only,### 候选 2：SQLite 读连接 busy_timeout 5000→30000 —— 完成,原文及所属阶段时间/配置/样本范围；不继承已PASS结论,原文有日期的历史叙述；本轮不重跑生产、不以本轮测试反向证明当日计数/耗时/完整范围,本项是日期明确的诊断、实现或测试结果，保留当时范围；未重新运行生产2020.HK/406旧集。,保留原始历史版本；将局部实现、生产消费和退休设计分别追踪，具体缺口见review.md,docs/plans/portfolio-reuse-automatic/progress.md:1-100
C:\Users\郑曾波\Projects\company-wiki\docs\plans\portfolio-reuse-automatic\progress.md,docs/plans/portfolio-reuse-automatic/progress.md,91,92,"- 读连接与主 store 读连接（已 30000）对齐，容忍 worker 写突发，不再产生 E2E 中偶发的
  `database is locked`（读连接 5s busy_timeout 偏短）。",3d484428e75fcb523b4004126b5356c9bd28b047af23fab23a8f0334f6974b67,WIKI-LEGACY-SPECIAL-0469,history_filing,insufficient_evidence,"- 读连接与主 store 读连接（已 30000）对齐，容忍 worker 写突发，不再产生 E2E 中偶发的
  `database is locked`（读连接 5s busy_timeout 偏短）。",原文及所属阶段时间/配置/样本范围；不继承已PASS结论,原文测试仅PRAGMA断言；reviews/filing deadline14s反例；SectionQueryService仍默认connect timeout,busy_timeout数值断言只证明参数30s，不证明负载下无database_locked、读取延迟或writer饥饿。,保留原始历史版本；将局部实现、生产消费和退休设计分别追踪，具体缺口见review.md,docs/plans/portfolio-reuse-automatic/progress.md:91-96
C:\Users\郑曾波\Projects\company-wiki\docs\plans\portfolio-reuse-automatic\progress.md,docs/plans/portfolio-reuse-automatic/progress.md,93,94,"- 改动：`store.py::read_pipeline_status`、`extraction_quality.py::_connection`、
  `evidence_query.py::_connection` 三处 `timeout=5.0`→`30.0`、`busy_timeout=5000`→`30000`。",3d484428e75fcb523b4004126b5356c9bd28b047af23fab23a8f0334f6974b67,WIKI-LEGACY-SPECIAL-0470,history_filing,insufficient_evidence,"- 改动：`store.py::read_pipeline_status`、`extraction_quality.py::_connection`、
  `evidence_query.py::_connection` 三处 `timeout=5.0`→`30.0`、`busy_timeout=5000`→`30000`。",原文及所属阶段时间/配置/样本范围；不继承已PASS结论,原文测试仅PRAGMA断言；reviews/filing deadline14s反例；SectionQueryService仍默认connect timeout,busy_timeout数值断言只证明参数30s，不证明负载下无database_locked、读取延迟或writer饥饿。,保留原始历史版本；将局部实现、生产消费和退休设计分别追踪，具体缺口见review.md,docs/plans/portfolio-reuse-automatic/progress.md:91-96
C:\Users\郑曾波\Projects\company-wiki\docs\plans\portfolio-reuse-automatic\progress.md,docs/plans/portfolio-reuse-automatic/progress.md,95,96,"- 回归测试：三个只读连接各新增 busy_timeout=30000 断言
  （test_source_catalog_extraction_quality.py / evidence_query.py / control.py）。",3d484428e75fcb523b4004126b5356c9bd28b047af23fab23a8f0334f6974b67,WIKI-LEGACY-SPECIAL-0471,history_filing,insufficient_evidence,"- 回归测试：三个只读连接各新增 busy_timeout=30000 断言
  （test_source_catalog_extraction_quality.py / evidence_query.py / control.py）。",原文及所属阶段时间/配置/样本范围；不继承已PASS结论,原文测试仅PRAGMA断言；reviews/filing deadline14s反例；SectionQueryService仍默认connect timeout,busy_timeout数值断言只证明参数30s，不证明负载下无database_locked、读取延迟或writer饥饿。,保留原始历史版本；将局部实现、生产消费和退休设计分别追踪，具体缺口见review.md,docs/plans/portfolio-reuse-automatic/progress.md:91-96
C:\Users\郑曾波\Projects\company-wiki\docs\plans\portfolio-reuse-automatic\progress.md,docs/plans/portfolio-reuse-automatic/progress.md,99,99,- source_catalog 全量 contract：**406 passed**（226s）；Ruff、compileall 全绿。,3d484428e75fcb523b4004126b5356c9bd28b047af23fab23a8f0334f6974b67,WIKI-LEGACY-SPECIAL-0472,history_filing,historical_only,- source_catalog 全量 contract：**406 passed**（226s）；Ruff、compileall 全绿。,原文及所属阶段时间/配置/样本范围；不继承已PASS结论,原文有日期的历史叙述；本轮不重跑生产、不以本轮测试反向证明当日计数/耗时/完整范围,本项是日期明确的诊断、实现或测试结果，保留当时范围；未重新运行生产2020.HK/406旧集。,保留原始历史版本；将局部实现、生产消费和退休设计分别追踪，具体缺口见review.md,docs/plans/portfolio-reuse-automatic/progress.md:1-100
C:\Users\郑曾波\Projects\company-wiki\docs\plans\portfolio-reuse-automatic\progress.md,docs/plans/portfolio-reuse-automatic/progress.md,100,101,"- 相关 focused：extraction_quality/evidence_query/control/url_enrichment/reusable_roots/
  placeholder_governance/portfolio_promoter = 75 passed。",3d484428e75fcb523b4004126b5356c9bd28b047af23fab23a8f0334f6974b67,WIKI-LEGACY-SPECIAL-0473,history_filing,historical_only,"- 相关 focused：extraction_quality/evidence_query/control/url_enrichment/reusable_roots/
  placeholder_governance/portfolio_promoter = 75 passed。",原文及所属阶段时间/配置/样本范围；不继承已PASS结论,原文有日期的历史叙述；本轮不重跑生产、不以本轮测试反向证明当日计数/耗时/完整范围,本项是日期明确的诊断、实现或测试结果，保留当时范围；未重新运行生产2020.HK/406旧集。,保留原始历史版本；将局部实现、生产消费和退休设计分别追踪，具体缺口见review.md,docs/plans/portfolio-reuse-automatic/progress.md:1-100
C:\Users\郑曾波\Projects\company-wiki\docs\plans\portfolio-reuse-automatic\task_plan.md,docs/plans/portfolio-reuse-automatic/task_plan.md,3,3,> **2026-08-09 状态覆盖：`completed_historical_scope + superseded_for_generalization`。** Strategy B 在 dayu portfolio 的窄范围保持历史完成；正文 Phase 1–6 属于后来被取消并回滚的 Strategy A，不再代表 pending，也不得视为已实现。任意未来 root、Dropbox-only 和统一生产 resolver 的泛化目标转入 FCAP r2 FC-301~705。,e2a7c4305a26393518b786b82c627afdbb9eac6a42273c97722fec1ee6efc456,WIKI-LEGACY-SPECIAL-0474,history_filing,superseded,> **2026-08-09 状态覆盖：`completed_historical_scope + superseded_for_generalization`。** Strategy B 在 dayu portfolio 的窄范围保持历史完成；正文 Phase 1–6 属于后来被取消并回滚的 Strategy A，不再代表 pending，也不得视为已实现。任意未来 root、Dropbox-only 和统一生产 resolver 的泛化目标转入 FCAP r2 FC-301~705。,原文及所属阶段时间/配置/样本范围；不继承已PASS结论,同文件3–28明确cancelled_by_Strategy_B；progress:41–56,本行属于被Strategy B取消/回滚的Strategy A原设计、流程或验收；不作为现行缺陷或已实现能力。,保留原始历史版本；将局部实现、生产消费和退休设计分别追踪，具体缺口见review.md,docs/plans/portfolio-reuse-automatic/task_plan.md:1-180
C:\Users\郑曾波\Projects\company-wiki\docs\plans\portfolio-reuse-automatic\task_plan.md,docs/plans/portfolio-reuse-automatic/task_plan.md,5,9,"> **状态：✅ 整体完成（2026-08-06）**。方案已按用户决策定为 Strategy B（config-driven 只读复用，commit cb2305c）；
> Strategy A（ensure 自动提升）实现后弃用并回滚：其原 Phase 0–6 实施队列均未按该计划启动，统一标记 `cancelled_by_Strategy_B`。
> 决策归档：`docs/adr/ADR-008-portfolio-auto-promotion.md` + `docs/OPERATIONS.md §一点五`；两项收尾候选
> （存量重扫 re-enrich、读连接 busy_timeout 5000→30000）已完成，见 `progress.md`。
> 本目录原地保留作历史参考，不再作为活动任务。",e2a7c4305a26393518b786b82c627afdbb9eac6a42273c97722fec1ee6efc456,WIKI-LEGACY-SPECIAL-0475,history_filing,superseded,"> **状态：✅ 整体完成（2026-08-06）**。方案已按用户决策定为 Strategy B（config-driven 只读复用，commit cb2305c）；
> Strategy A（ensure 自动提升）实现后弃用并回滚：其原 Phase 0–6 实施队列均未按该计划启动，统一标记 `cancelled_by_Strategy_B`。
> 决策归档：`docs/adr/ADR-008-portfolio-auto-promotion.md` + `docs/OPERATIONS.md §一点五`；两项收尾候选
> （存量重扫 re-enrich、读连接 busy_timeout 5000→30000）已完成，见 `progress.md`。
> 本目录原地保留作历史参考，不再作为活动任务。",原文及所属阶段时间/配置/样本范围；不继承已PASS结论,同文件3–28明确cancelled_by_Strategy_B；progress:41–56,本行属于被Strategy B取消/回滚的Strategy A原设计、流程或验收；不作为现行缺陷或已实现能力。,保留原始历史版本；将局部实现、生产消费和退休设计分别追踪，具体缺口见review.md,docs/plans/portfolio-reuse-automatic/task_plan.md:1-180
C:\Users\郑曾波\Projects\company-wiki\docs\plans\portfolio-reuse-automatic\task_plan.md,docs/plans/portfolio-reuse-automatic/task_plan.md,11,11,## 2026-08-09 Strategy B 实际完成清单,e2a7c4305a26393518b786b82c627afdbb9eac6a42273c97722fec1ee6efc456,WIKI-LEGACY-SPECIAL-0476,history_filing,superseded,## 2026-08-09 Strategy B 实际完成清单,原文及所属阶段时间/配置/样本范围；不继承已PASS结论,同文件3–28明确cancelled_by_Strategy_B；progress:41–56,本行属于被Strategy B取消/回滚的Strategy A原设计、流程或验收；不作为现行缺陷或已实现能力。,保留原始历史版本；将局部实现、生产消费和退休设计分别追踪，具体缺口见review.md,docs/plans/portfolio-reuse-automatic/task_plan.md:1-180
C:\Users\郑曾波\Projects\company-wiki\docs\plans\portfolio-reuse-automatic\task_plan.md,docs/plans/portfolio-reuse-automatic/task_plan.md,13,13,- [x] B1：以 `reusable_root_kinds` 配置开放 dayu portfolio 的只读复用。,e2a7c4305a26393518b786b82c627afdbb9eac6a42273c97722fec1ee6efc456,WIKI-LEGACY-SPECIAL-0477,history_filing,supported_scoped,- [x] B1：以 `reusable_root_kinds` 配置开放 dayu portfolio 的只读复用。,原文及所属阶段时间/配置/样本范围；不继承已PASS结论,CodeGraph portfolio_promoter调用仅cli；reviews/filing/280隔离合同；wiki/GP002代码证据,dayu配置复用/元数据富化、显式promoter、缺文件拒绝是局部实现；当前policy化已进化，不能据此推所有root+实时writer均可用。,保留原始历史版本；将局部实现、生产消费和退休设计分别追踪，具体缺口见review.md,docs/plans/portfolio-reuse-automatic/task_plan.md:13-17
C:\Users\郑曾波\Projects\company-wiki\docs\plans\portfolio-reuse-automatic\task_plan.md,docs/plans/portfolio-reuse-automatic/task_plan.md,14,14,- [x] B2：补齐 dayu metadata enrichment 与 identity normalization。,e2a7c4305a26393518b786b82c627afdbb9eac6a42273c97722fec1ee6efc456,WIKI-LEGACY-SPECIAL-0478,history_filing,supported_scoped,- [x] B2：补齐 dayu metadata enrichment 与 identity normalization。,原文及所属阶段时间/配置/样本范围；不继承已PASS结论,CodeGraph portfolio_promoter调用仅cli；reviews/filing/280隔离合同；wiki/GP002代码证据,dayu配置复用/元数据富化、显式promoter、缺文件拒绝是局部实现；当前policy化已进化，不能据此推所有root+实时writer均可用。,保留原始历史版本；将局部实现、生产消费和退休设计分别追踪，具体缺口见review.md,docs/plans/portfolio-reuse-automatic/task_plan.md:13-17
C:\Users\郑曾波\Projects\company-wiki\docs\plans\portfolio-reuse-automatic\task_plan.md,docs/plans/portfolio-reuse-automatic/task_plan.md,15,15,- [x] B3：filing-fetch 通过 `allowed_handle_roots` 接受合规的 dayu handle。,e2a7c4305a26393518b786b82c627afdbb9eac6a42273c97722fec1ee6efc456,WIKI-LEGACY-SPECIAL-0479,history_filing,supported_scoped,- [x] B3：filing-fetch 通过 `allowed_handle_roots` 接受合规的 dayu handle。,原文及所属阶段时间/配置/样本范围；不继承已PASS结论,CodeGraph portfolio_promoter调用仅cli；reviews/filing/280隔离合同；wiki/GP002代码证据,dayu配置复用/元数据富化、显式promoter、缺文件拒绝是局部实现；当前policy化已进化，不能据此推所有root+实时writer均可用。,保留原始历史版本；将局部实现、生产消费和退休设计分别追踪，具体缺口见review.md,docs/plans/portfolio-reuse-automatic/task_plan.md:13-17
C:\Users\郑曾波\Projects\company-wiki\docs\plans\portfolio-reuse-automatic\task_plan.md,docs/plans/portfolio-reuse-automatic/task_plan.md,16,16,- [x] 回滚 Strategy A 的自动提升 hook、flag 与相应测试；保留显式 promoter CLI 作为独立工具。,e2a7c4305a26393518b786b82c627afdbb9eac6a42273c97722fec1ee6efc456,WIKI-LEGACY-SPECIAL-0480,history_filing,supported_scoped,- [x] 回滚 Strategy A 的自动提升 hook、flag 与相应测试；保留显式 promoter CLI 作为独立工具。,原文及所属阶段时间/配置/样本范围；不继承已PASS结论,CodeGraph portfolio_promoter调用仅cli；reviews/filing/280隔离合同；wiki/GP002代码证据,dayu配置复用/元数据富化、显式promoter、缺文件拒绝是局部实现；当前policy化已进化，不能据此推所有root+实时writer均可用。,保留原始历史版本；将局部实现、生产消费和退休设计分别追踪，具体缺口见review.md,docs/plans/portfolio-reuse-automatic/task_plan.md:13-17
C:\Users\郑曾波\Projects\company-wiki\docs\plans\portfolio-reuse-automatic\task_plan.md,docs/plans/portfolio-reuse-automatic/task_plan.md,17,17,- [x] 增加陈旧索引中文件不存在时的 fail-closed 防护。,e2a7c4305a26393518b786b82c627afdbb9eac6a42273c97722fec1ee6efc456,WIKI-LEGACY-SPECIAL-0481,history_filing,supported_scoped,- [x] 增加陈旧索引中文件不存在时的 fail-closed 防护。,原文及所属阶段时间/配置/样本范围；不继承已PASS结论,CodeGraph portfolio_promoter调用仅cli；reviews/filing/280隔离合同；wiki/GP002代码证据,dayu配置复用/元数据富化、显式promoter、缺文件拒绝是局部实现；当前policy化已进化，不能据此推所有root+实时writer均可用。,保留原始历史版本；将局部实现、生产消费和退休设计分别追踪，具体缺口见review.md,docs/plans/portfolio-reuse-automatic/task_plan.md:13-17
C:\Users\郑曾波\Projects\company-wiki\docs\plans\portfolio-reuse-automatic\task_plan.md,docs/plans/portfolio-reuse-automatic/task_plan.md,18,18,- [x] 完成真实 2020.HK FY2023 dayu-only、零下载、零提升 E2E。,e2a7c4305a26393518b786b82c627afdbb9eac6a42273c97722fec1ee6efc456,WIKI-LEGACY-SPECIAL-0482,history_filing,historical_only,- [x] 完成真实 2020.HK FY2023 dayu-only、零下载、零提升 E2E。,原文及所属阶段时间/配置/样本范围；不继承已PASS结论,"progress:60–64,79–100",2020.HK和406/75数量、doc/timeout/rescan交付属于旧版本验收；真实E2E暂停worker，非并行读写SLO。,保留原始历史版本；将局部实现、生产消费和退休设计分别追踪，具体缺口见review.md,docs/plans/portfolio-reuse-automatic/task_plan.md:18-22
C:\Users\郑曾波\Projects\company-wiki\docs\plans\portfolio-reuse-automatic\task_plan.md,docs/plans/portfolio-reuse-automatic/task_plan.md,19,19,- [x] 完成 ADR-008、OPERATIONS 与 filing-fetch SKILL 文档收口。,e2a7c4305a26393518b786b82c627afdbb9eac6a42273c97722fec1ee6efc456,WIKI-LEGACY-SPECIAL-0483,history_filing,historical_only,- [x] 完成 ADR-008、OPERATIONS 与 filing-fetch SKILL 文档收口。,原文及所属阶段时间/配置/样本范围；不继承已PASS结论,"progress:60–64,79–100",2020.HK和406/75数量、doc/timeout/rescan交付属于旧版本验收；真实E2E暂停worker，非并行读写SLO。,保留原始历史版本；将局部实现、生产消费和退休设计分别追踪，具体缺口见review.md,docs/plans/portfolio-reuse-automatic/task_plan.md:18-22
C:\Users\郑曾波\Projects\company-wiki\docs\plans\portfolio-reuse-automatic\task_plan.md,docs/plans/portfolio-reuse-automatic/task_plan.md,20,20,- [x] 补齐普通 rescan 可重新 enrichment 的实现与回归测试。,e2a7c4305a26393518b786b82c627afdbb9eac6a42273c97722fec1ee6efc456,WIKI-LEGACY-SPECIAL-0484,history_filing,historical_only,- [x] 补齐普通 rescan 可重新 enrichment 的实现与回归测试。,原文及所属阶段时间/配置/样本范围；不继承已PASS结论,"progress:60–64,79–100",2020.HK和406/75数量、doc/timeout/rescan交付属于旧版本验收；真实E2E暂停worker，非并行读写SLO。,保留原始历史版本；将局部实现、生产消费和退休设计分别追踪，具体缺口见review.md,docs/plans/portfolio-reuse-automatic/task_plan.md:18-22
C:\Users\郑曾波\Projects\company-wiki\docs\plans\portfolio-reuse-automatic\task_plan.md,docs/plans/portfolio-reuse-automatic/task_plan.md,21,21,- [x] 将只读连接 `busy_timeout` 从 5 秒收敛到 30 秒并补齐测试。,e2a7c4305a26393518b786b82c627afdbb9eac6a42273c97722fec1ee6efc456,WIKI-LEGACY-SPECIAL-0485,history_filing,historical_only,- [x] 将只读连接 `busy_timeout` 从 5 秒收敛到 30 秒并补齐测试。,原文及所属阶段时间/配置/样本范围；不继承已PASS结论,"progress:60–64,79–100",2020.HK和406/75数量、doc/timeout/rescan交付属于旧版本验收；真实E2E暂停worker，非并行读写SLO。,保留原始历史版本；将局部实现、生产消费和退休设计分别追踪，具体缺口见review.md,docs/plans/portfolio-reuse-automatic/task_plan.md:18-22
C:\Users\郑曾波\Projects\company-wiki\docs\plans\portfolio-reuse-automatic\task_plan.md,docs/plans/portfolio-reuse-automatic/task_plan.md,22,22,- [x] 完成 406 项契约测试与 75 项聚焦验证；未来 root/Dropbox 泛化转入 FCAP r2，未宣称完成。,e2a7c4305a26393518b786b82c627afdbb9eac6a42273c97722fec1ee6efc456,WIKI-LEGACY-SPECIAL-0486,history_filing,historical_only,- [x] 完成 406 项契约测试与 75 项聚焦验证；未来 root/Dropbox 泛化转入 FCAP r2，未宣称完成。,原文及所属阶段时间/配置/样本范围；不继承已PASS结论,"progress:60–64,79–100",2020.HK和406/75数量、doc/timeout/rescan交付属于旧版本验收；真实E2E暂停worker，非并行读写SLO。,保留原始历史版本；将局部实现、生产消费和退休设计分别追踪，具体缺口见review.md,docs/plans/portfolio-reuse-automatic/task_plan.md:18-22
C:\Users\郑曾波\Projects\company-wiki\docs\plans\portfolio-reuse-automatic\task_plan.md,docs/plans/portfolio-reuse-automatic/task_plan.md,24,26,"创建：2026-08-04 · 关联：`findings.md`（三层根因）、`progress.md`（进度）
前置：`../portfolio-reuse-fix/`（手动桥接，commit 7ce2774）——本计划将其**从手动升级为自动**，
并补齐锁健壮性。",e2a7c4305a26393518b786b82c627afdbb9eac6a42273c97722fec1ee6efc456,WIKI-LEGACY-SPECIAL-0487,history_filing,superseded,"创建：2026-08-04 · 关联：`findings.md`（三层根因）、`progress.md`（进度）
前置：`../portfolio-reuse-fix/`（手动桥接，commit 7ce2774）——本计划将其**从手动升级为自动**，
并补齐锁健壮性。",原文及所属阶段时间/配置/样本范围；不继承已PASS结论,同文件3–28明确cancelled_by_Strategy_B；progress:41–56,本行属于被Strategy B取消/回滚的Strategy A原设计、流程或验收；不作为现行缺陷或已实现能力。,保留原始历史版本；将局部实现、生产消费和退休设计分别追踪，具体缺口见review.md,docs/plans/portfolio-reuse-automatic/task_plan.md:1-180
C:\Users\郑曾波\Projects\company-wiki\docs\plans\portfolio-reuse-automatic\task_plan.md,docs/plans/portfolio-reuse-automatic/task_plan.md,28,28,> **历史正文警告：** 下方“目标、设计决策、Phase 0–6”保留的是被取消的 Strategy A 原始设计，只用于追溯，不得继续实施；当前有效成果只以上方 Strategy B 完成清单为准，未来泛化只从 FCAP r2 启动。,e2a7c4305a26393518b786b82c627afdbb9eac6a42273c97722fec1ee6efc456,WIKI-LEGACY-SPECIAL-0488,history_filing,superseded,> **历史正文警告：** 下方“目标、设计决策、Phase 0–6”保留的是被取消的 Strategy A 原始设计，只用于追溯，不得继续实施；当前有效成果只以上方 Strategy B 完成清单为准，未来泛化只从 FCAP r2 启动。,原文及所属阶段时间/配置/样本范围；不继承已PASS结论,同文件3–28明确cancelled_by_Strategy_B；progress:41–56,本行属于被Strategy B取消/回滚的Strategy A原设计、流程或验收；不作为现行缺陷或已实现能力。,保留原始历史版本；将局部实现、生产消费和退休设计分别追踪，具体缺口见review.md,docs/plans/portfolio-reuse-automatic/task_plan.md:1-180
C:\Users\郑曾波\Projects\company-wiki\docs\plans\portfolio-reuse-automatic\task_plan.md,docs/plans/portfolio-reuse-automatic/task_plan.md,30,30,## 目标,e2a7c4305a26393518b786b82c627afdbb9eac6a42273c97722fec1ee6efc456,WIKI-LEGACY-SPECIAL-0489,history_filing,superseded,## 目标,原文及所属阶段时间/配置/样本范围；不继承已PASS结论,同文件3–28明确cancelled_by_Strategy_B；progress:41–56,本行属于被Strategy B取消/回滚的Strategy A原设计、流程或验收；不作为现行缺陷或已实现能力。,保留原始历史版本；将局部实现、生产消费和退休设计分别追踪，具体缺口见review.md,docs/plans/portfolio-reuse-automatic/task_plan.md:1-180
C:\Users\郑曾波\Projects\company-wiki\docs\plans\portfolio-reuse-automatic\task_plan.md,docs/plans/portfolio-reuse-automatic/task_plan.md,32,36,"让 `filing-fetch`（及所有走 `ensure --allow-download` 的消费者：revenue-forecast / invest-* /
industry-research）在**触发下载前自动复用** `dayu-agent/workspace/portfolio` 中已索引的财报：
resolve 未命中 → **自动**查 portfolio → 命中则提升（`import_staged`）并返回 canonical source
（零下载）；未命中才走 adapter 下载。**无需任何手动步骤**，对 CN/HK/US 全部市场、全部
document_kind 一般性生效，且锁健壮、不变量全保留。",e2a7c4305a26393518b786b82c627afdbb9eac6a42273c97722fec1ee6efc456,WIKI-LEGACY-SPECIAL-0490,history_filing,superseded,"让 `filing-fetch`（及所有走 `ensure --allow-download` 的消费者：revenue-forecast / invest-* /
industry-research）在**触发下载前自动复用** `dayu-agent/workspace/portfolio` 中已索引的财报：
resolve 未命中 → **自动**查 portfolio → 命中则提升（`import_staged`）并返回 canonical source
（零下载）；未命中才走 adapter 下载。**无需任何手动步骤**，对 CN/HK/US 全部市场、全部
document_kind 一般性生效，且锁健壮、不变量全保留。",原文及所属阶段时间/配置/样本范围；不继承已PASS结论,同文件3–28明确cancelled_by_Strategy_B；progress:41–56,本行属于被Strategy B取消/回滚的Strategy A原设计、流程或验收；不作为现行缺陷或已实现能力。,保留原始历史版本；将局部实现、生产消费和退休设计分别追踪，具体缺口见review.md,docs/plans/portfolio-reuse-automatic/task_plan.md:1-180
C:\Users\郑曾波\Projects\company-wiki\docs\plans\portfolio-reuse-automatic\task_plan.md,docs/plans/portfolio-reuse-automatic/task_plan.md,40,40,| # | 根因 | 本计划对策 |,e2a7c4305a26393518b786b82c627afdbb9eac6a42273c97722fec1ee6efc456,WIKI-LEGACY-SPECIAL-0491,history_filing,superseded,| # | 根因 | 本计划对策 |,原文及所属阶段时间/配置/样本范围；不继承已PASS结论,同文件3–28明确cancelled_by_Strategy_B；progress:41–56,本行属于被Strategy B取消/回滚的Strategy A原设计、流程或验收；不作为现行缺陷或已实现能力。,保留原始历史版本；将局部实现、生产消费和退休设计分别追踪，具体缺口见review.md,docs/plans/portfolio-reuse-automatic/task_plan.md:1-180
C:\Users\郑曾波\Projects\company-wiki\docs\plans\portfolio-reuse-automatic\task_plan.md,docs/plans/portfolio-reuse-automatic/task_plan.md,42,42,"| R1 | 已提交功能是""孤儿""手动命令，全系统无自动调用点 | **Phase 1**：自动提升集成进 `ensure`（acquisition service），所有消费者自动获益 |",e2a7c4305a26393518b786b82c627afdbb9eac6a42273c97722fec1ee6efc456,WIKI-LEGACY-SPECIAL-0492,history_filing,superseded,"| R1 | 已提交功能是""孤儿""手动命令，全系统无自动调用点 | **Phase 1**：自动提升集成进 `ensure`（acquisition service），所有消费者自动获益 |",原文及所属阶段时间/配置/样本范围；不继承已PASS结论,同文件3–28明确cancelled_by_Strategy_B；progress:41–56,本行属于被Strategy B取消/回滚的Strategy A原设计、流程或验收；不作为现行缺陷或已实现能力。,保留原始历史版本；将局部实现、生产消费和退休设计分别追踪，具体缺口见review.md,docs/plans/portfolio-reuse-automatic/task_plan.md:1-180
C:\Users\郑曾波\Projects\company-wiki\docs\plans\portfolio-reuse-automatic\task_plan.md,docs/plans/portfolio-reuse-automatic/task_plan.md,43,43,| R2 | 手动调用被 worker 的 catalog 锁挡住（无 pause-around/重试） | **Phase 2**：锁健壮性——filing-fetch 路径免费受 `PausedWorkerScope` 保护；直接 ensure/import-portfolio 加 catalog_locked 重试（对齐 filing-fetch 退避模式） |,e2a7c4305a26393518b786b82c627afdbb9eac6a42273c97722fec1ee6efc456,WIKI-LEGACY-SPECIAL-0493,history_filing,superseded,| R2 | 手动调用被 worker 的 catalog 锁挡住（无 pause-around/重试） | **Phase 2**：锁健壮性——filing-fetch 路径免费受 `PausedWorkerScope` 保护；直接 ensure/import-portfolio 加 catalog_locked 重试（对齐 filing-fetch 退避模式） |,原文及所属阶段时间/配置/样本范围；不继承已PASS结论,同文件3–28明确cancelled_by_Strategy_B；progress:41–56,本行属于被Strategy B取消/回滚的Strategy A原设计、流程或验收；不作为现行缺陷或已实现能力。,保留原始历史版本；将局部实现、生产消费和退休设计分别追踪，具体缺口见review.md,docs/plans/portfolio-reuse-automatic/task_plan.md:1-180
C:\Users\郑曾波\Projects\company-wiki\docs\plans\portfolio-reuse-automatic\task_plan.md,docs/plans/portfolio-reuse-automatic/task_plan.md,44,44,"| R3 | ""自动跳过""的端到端行为在架构上从未接线 | **Phase 1 + 6**：获取路径内建自动提升 + E2E 验证 |",e2a7c4305a26393518b786b82c627afdbb9eac6a42273c97722fec1ee6efc456,WIKI-LEGACY-SPECIAL-0494,history_filing,superseded,"| R3 | ""自动跳过""的端到端行为在架构上从未接线 | **Phase 1 + 6**：获取路径内建自动提升 + E2E 验证 |",原文及所属阶段时间/配置/样本范围；不继承已PASS结论,同文件3–28明确cancelled_by_Strategy_B；progress:41–56,本行属于被Strategy B取消/回滚的Strategy A原设计、流程或验收；不作为现行缺陷或已实现能力。,保留原始历史版本；将局部实现、生产消费和退休设计分别追踪，具体缺口见review.md,docs/plans/portfolio-reuse-automatic/task_plan.md:1-180
C:\Users\郑曾波\Projects\company-wiki\docs\plans\portfolio-reuse-automatic\task_plan.md,docs/plans/portfolio-reuse-automatic/task_plan.md,48,48,1. **集成点 = company-wiki 的 `ensure`（acquisition service）**，不是 filing-fetch。,e2a7c4305a26393518b786b82c627afdbb9eac6a42273c97722fec1ee6efc456,WIKI-LEGACY-SPECIAL-0495,history_filing,superseded,1. **集成点 = company-wiki 的 `ensure`（acquisition service）**，不是 filing-fetch。,原文及所属阶段时间/配置/样本范围；不继承已PASS结论,同文件3–28明确cancelled_by_Strategy_B；progress:41–56,本行属于被Strategy B取消/回滚的Strategy A原设计、流程或验收；不作为现行缺陷或已实现能力。,保留原始历史版本；将局部实现、生产消费和退休设计分别追踪，具体缺口见review.md,docs/plans/portfolio-reuse-automatic/task_plan.md:1-180
C:\Users\郑曾波\Projects\company-wiki\docs\plans\portfolio-reuse-automatic\task_plan.md,docs/plans/portfolio-reuse-automatic/task_plan.md,49,50,"   - 理由：company-wiki 拥有身份解析、目录、写入（单一写者）；ensure 是所有下载流量的唯一汇聚点；
     filing-fetch 保持零改动（延续 Strategy A 主仓库原则），下游 skill 全部自动获益。",e2a7c4305a26393518b786b82c627afdbb9eac6a42273c97722fec1ee6efc456,WIKI-LEGACY-SPECIAL-0496,history_filing,superseded,"   - 理由：company-wiki 拥有身份解析、目录、写入（单一写者）；ensure 是所有下载流量的唯一汇聚点；
     filing-fetch 保持零改动（延续 Strategy A 主仓库原则），下游 skill 全部自动获益。",原文及所属阶段时间/配置/样本范围；不继承已PASS结论,同文件3–28明确cancelled_by_Strategy_B；progress:41–56,本行属于被Strategy B取消/回滚的Strategy A原设计、流程或验收；不作为现行缺陷或已实现能力。,保留原始历史版本；将局部实现、生产消费和退休设计分别追踪，具体缺口见review.md,docs/plans/portfolio-reuse-automatic/task_plan.md:1-180
C:\Users\郑曾波\Projects\company-wiki\docs\plans\portfolio-reuse-automatic\task_plan.md,docs/plans/portfolio-reuse-automatic/task_plan.md,51,52,"2. **触发条件（严格）**：`resolve 返回 MISSING` **且** 请求显式 `--allow-download`。
   只读 `resolve` 永不提升（既有 fail-closed 语义不变）。",e2a7c4305a26393518b786b82c627afdbb9eac6a42273c97722fec1ee6efc456,WIKI-LEGACY-SPECIAL-0497,history_filing,superseded,"2. **触发条件（严格）**：`resolve 返回 MISSING` **且** 请求显式 `--allow-download`。
   只读 `resolve` 永不提升（既有 fail-closed 语义不变）。",原文及所属阶段时间/配置/样本范围；不继承已PASS结论,同文件3–28明确cancelled_by_Strategy_B；progress:41–56,本行属于被Strategy B取消/回滚的Strategy A原设计、流程或验收；不作为现行缺陷或已实现能力。,保留原始历史版本；将局部实现、生产消费和退休设计分别追踪，具体缺口见review.md,docs/plans/portfolio-reuse-automatic/task_plan.md:1-180
C:\Users\郑曾波\Projects\company-wiki\docs\plans\portfolio-reuse-automatic\task_plan.md,docs/plans/portfolio-reuse-automatic/task_plan.md,53,54,"3. **匹配条件（一般性）**：身份 verified/active + `document_kind` + `fiscal_year`（如提供）+
   `published_date <= as_of_date`；从 portfolio `meta.json`（非 `.pdf.source.json`）读字段。",e2a7c4305a26393518b786b82c627afdbb9eac6a42273c97722fec1ee6efc456,WIKI-LEGACY-SPECIAL-0498,history_filing,superseded,"3. **匹配条件（一般性）**：身份 verified/active + `document_kind` + `fiscal_year`（如提供）+
   `published_date <= as_of_date`；从 portfolio `meta.json`（非 `.pdf.source.json`）读字段。",原文及所属阶段时间/配置/样本范围；不继承已PASS结论,同文件3–28明确cancelled_by_Strategy_B；progress:41–56,本行属于被Strategy B取消/回滚的Strategy A原设计、流程或验收；不作为现行缺陷或已实现能力。,保留原始历史版本；将局部实现、生产消费和退休设计分别追踪，具体缺口见review.md,docs/plans/portfolio-reuse-automatic/task_plan.md:1-180
C:\Users\郑曾波\Projects\company-wiki\docs\plans\portfolio-reuse-automatic\task_plan.md,docs/plans/portfolio-reuse-automatic/task_plan.md,55,56,"4. **提升复用 `import_staged`**：文件落 `companies/{entity}/raw/...` + 不可变 sidecar，
   保留 HKEX/SEC 原 URL；`_existing_original` 全局去重（幂等）。",e2a7c4305a26393518b786b82c627afdbb9eac6a42273c97722fec1ee6efc456,WIKI-LEGACY-SPECIAL-0499,history_filing,superseded,"4. **提升复用 `import_staged`**：文件落 `companies/{entity}/raw/...` + 不可变 sidecar，
   保留 HKEX/SEC 原 URL；`_existing_original` 全局去重（幂等）。",原文及所属阶段时间/配置/样本范围；不继承已PASS结论,同文件3–28明确cancelled_by_Strategy_B；progress:41–56,本行属于被Strategy B取消/回滚的Strategy A原设计、流程或验收；不作为现行缺陷或已实现能力。,保留原始历史版本；将局部实现、生产消费和退休设计分别追踪，具体缺口见review.md,docs/plans/portfolio-reuse-automatic/task_plan.md:1-180
C:\Users\郑曾波\Projects\company-wiki\docs\plans\portfolio-reuse-automatic\task_plan.md,docs/plans/portfolio-reuse-automatic/task_plan.md,57,58,"5. **失败降级**：任何提升失败（缺元数据/导入错误/锁竞争）→ 记日志并**降级走 adapter 下载**，
   绝不阻塞下载（与 today 行为一致）。",e2a7c4305a26393518b786b82c627afdbb9eac6a42273c97722fec1ee6efc456,WIKI-LEGACY-SPECIAL-0500,history_filing,superseded,"5. **失败降级**：任何提升失败（缺元数据/导入错误/锁竞争）→ 记日志并**降级走 adapter 下载**，
   绝不阻塞下载（与 today 行为一致）。",原文及所属阶段时间/配置/样本范围；不继承已PASS结论,同文件3–28明确cancelled_by_Strategy_B；progress:41–56,本行属于被Strategy B取消/回滚的Strategy A原设计、流程或验收；不作为现行缺陷或已实现能力。,保留原始历史版本；将局部实现、生产消费和退休设计分别追踪，具体缺口见review.md,docs/plans/portfolio-reuse-automatic/task_plan.md:1-180
C:\Users\郑曾波\Projects\company-wiki\docs\plans\portfolio-reuse-automatic\task_plan.md,docs/plans/portfolio-reuse-automatic/task_plan.md,59,60,"6. **锁**：filing-fetch v1.4.0 的 `PausedWorkerScope` 已包裹 ensure → 自动提升免费受保护；
   直接 ensure CLI 与手动 import-portfolio 用 Phase 2 的通用锁重试。",e2a7c4305a26393518b786b82c627afdbb9eac6a42273c97722fec1ee6efc456,WIKI-LEGACY-SPECIAL-0501,history_filing,superseded,"6. **锁**：filing-fetch v1.4.0 的 `PausedWorkerScope` 已包裹 ensure → 自动提升免费受保护；
   直接 ensure CLI 与手动 import-portfolio 用 Phase 2 的通用锁重试。",原文及所属阶段时间/配置/样本范围；不继承已PASS结论,同文件3–28明确cancelled_by_Strategy_B；progress:41–56,本行属于被Strategy B取消/回滚的Strategy A原设计、流程或验收；不作为现行缺陷或已实现能力。,保留原始历史版本；将局部实现、生产消费和退休设计分别追踪，具体缺口见review.md,docs/plans/portfolio-reuse-automatic/task_plan.md:1-180
C:\Users\郑曾波\Projects\company-wiki\docs\plans\portfolio-reuse-automatic\task_plan.md,docs/plans/portfolio-reuse-automatic/task_plan.md,61,61,7. **保留 import-portfolio CLI** 作为批处理/巡检工具（`--all`），但获取流程不再依赖它。,e2a7c4305a26393518b786b82c627afdbb9eac6a42273c97722fec1ee6efc456,WIKI-LEGACY-SPECIAL-0502,history_filing,superseded,7. **保留 import-portfolio CLI** 作为批处理/巡检工具（`--all`），但获取流程不再依赖它。,原文及所属阶段时间/配置/样本范围；不继承已PASS结论,同文件3–28明确cancelled_by_Strategy_B；progress:41–56,本行属于被Strategy B取消/回滚的Strategy A原设计、流程或验收；不作为现行缺陷或已实现能力。,保留原始历史版本；将局部实现、生产消费和退休设计分别追踪，具体缺口见review.md,docs/plans/portfolio-reuse-automatic/task_plan.md:1-180
C:\Users\郑曾波\Projects\company-wiki\docs\plans\portfolio-reuse-automatic\task_plan.md,docs/plans/portfolio-reuse-automatic/task_plan.md,63,63,## Phase 0 — 前置核查 — 状态：cancelled_by_Strategy_B,e2a7c4305a26393518b786b82c627afdbb9eac6a42273c97722fec1ee6efc456,WIKI-LEGACY-SPECIAL-0503,history_filing,superseded,## Phase 0 — 前置核查 — 状态：cancelled_by_Strategy_B,原文及所属阶段时间/配置/样本范围；不继承已PASS结论,同文件3–28明确cancelled_by_Strategy_B；progress:41–56,本行属于被Strategy B取消/回滚的Strategy A原设计、流程或验收；不作为现行缺陷或已实现能力。,保留原始历史版本；将局部实现、生产消费和退休设计分别追踪，具体缺口见review.md,docs/plans/portfolio-reuse-automatic/task_plan.md:1-180
C:\Users\郑曾波\Projects\company-wiki\docs\plans\portfolio-reuse-automatic\task_plan.md,docs/plans/portfolio-reuse-automatic/task_plan.md,65,66,"- [ ] 0.1 读 `acquisition_service.ensure()` 全流程：resolve MISSING 判定点、adapter 分发点、
      已有锁处理（是否已对 catalog_locked 重试）、`CanonicalImportResult` 各状态。",e2a7c4305a26393518b786b82c627afdbb9eac6a42273c97722fec1ee6efc456,WIKI-LEGACY-SPECIAL-0504,history_filing,superseded,"- [ ] 0.1 读 `acquisition_service.ensure()` 全流程：resolve MISSING 判定点、adapter 分发点、
      已有锁处理（是否已对 catalog_locked 重试）、`CanonicalImportResult` 各状态。",原文及所属阶段时间/配置/样本范围；不继承已PASS结论,同文件3–28明确cancelled_by_Strategy_B；progress:41–56,本行属于被Strategy B取消/回滚的Strategy A原设计、流程或验收；不作为现行缺陷或已实现能力。,保留原始历史版本；将局部实现、生产消费和退休设计分别追踪，具体缺口见review.md,docs/plans/portfolio-reuse-automatic/task_plan.md:1-180
C:\Users\郑曾波\Projects\company-wiki\docs\plans\portfolio-reuse-automatic\task_plan.md,docs/plans/portfolio-reuse-automatic/task_plan.md,67,67,- [ ] 0.2 确认 resolver MISSING 语义：无 company_raw 匹配 → MISSING（允许下载）的确切返回结构。,e2a7c4305a26393518b786b82c627afdbb9eac6a42273c97722fec1ee6efc456,WIKI-LEGACY-SPECIAL-0505,history_filing,superseded,- [ ] 0.2 确认 resolver MISSING 语义：无 company_raw 匹配 → MISSING（允许下载）的确切返回结构。,原文及所属阶段时间/配置/样本范围；不继承已PASS结论,同文件3–28明确cancelled_by_Strategy_B；progress:41–56,本行属于被Strategy B取消/回滚的Strategy A原设计、流程或验收；不作为现行缺陷或已实现能力。,保留原始历史版本；将局部实现、生产消费和退休设计分别追踪，具体缺口见review.md,docs/plans/portfolio-reuse-automatic/task_plan.md:1-180
C:\Users\郑曾波\Projects\company-wiki\docs\plans\portfolio-reuse-automatic\task_plan.md,docs/plans/portfolio-reuse-automatic/task_plan.md,68,70,"- [ ] 0.3 盘点 portfolio `meta.json` 字段 → `DownloadCandidate/DownloadReceipt` 映射（复用
      portfolio-reuse-fix findings.md 发现 8 词汇表），确认 document_kind/fiscal_year 解析覆盖
      annual/semi_annual/quarterly。",e2a7c4305a26393518b786b82c627afdbb9eac6a42273c97722fec1ee6efc456,WIKI-LEGACY-SPECIAL-0506,history_filing,superseded,"- [ ] 0.3 盘点 portfolio `meta.json` 字段 → `DownloadCandidate/DownloadReceipt` 映射（复用
      portfolio-reuse-fix findings.md 发现 8 词汇表），确认 document_kind/fiscal_year 解析覆盖
      annual/semi_annual/quarterly。",原文及所属阶段时间/配置/样本范围；不继承已PASS结论,同文件3–28明确cancelled_by_Strategy_B；progress:41–56,本行属于被Strategy B取消/回滚的Strategy A原设计、流程或验收；不作为现行缺陷或已实现能力。,保留原始历史版本；将局部实现、生产消费和退休设计分别追踪，具体缺口见review.md,docs/plans/portfolio-reuse-automatic/task_plan.md:1-180
C:\Users\郑曾波\Projects\company-wiki\docs\plans\portfolio-reuse-automatic\task_plan.md,docs/plans/portfolio-reuse-automatic/task_plan.md,71,72,"- [ ] 0.4 记录基线：当前 ensure 对 6082（portfolio 有、company_raw 已有同 sha）与一个
      portfolio 有、company_raw 无的实体（如金山云 FY2022）的行为。",e2a7c4305a26393518b786b82c627afdbb9eac6a42273c97722fec1ee6efc456,WIKI-LEGACY-SPECIAL-0507,history_filing,superseded,"- [ ] 0.4 记录基线：当前 ensure 对 6082（portfolio 有、company_raw 已有同 sha）与一个
      portfolio 有、company_raw 无的实体（如金山云 FY2022）的行为。",原文及所属阶段时间/配置/样本范围；不继承已PASS结论,同文件3–28明确cancelled_by_Strategy_B；progress:41–56,本行属于被Strategy B取消/回滚的Strategy A原设计、流程或验收；不作为现行缺陷或已实现能力。,保留原始历史版本；将局部实现、生产消费和退休设计分别追踪，具体缺口见review.md,docs/plans/portfolio-reuse-automatic/task_plan.md:1-180
C:\Users\郑曾波\Projects\company-wiki\docs\plans\portfolio-reuse-automatic\task_plan.md,docs/plans/portfolio-reuse-automatic/task_plan.md,73,74,"- [ ] 0.5 核查 acquisition config 是否已有开关机制（`source_acquisition.yaml`），规划
      `auto_promote_portfolio: true` 开关的落点。",e2a7c4305a26393518b786b82c627afdbb9eac6a42273c97722fec1ee6efc456,WIKI-LEGACY-SPECIAL-0508,history_filing,superseded,"- [ ] 0.5 核查 acquisition config 是否已有开关机制（`source_acquisition.yaml`），规划
      `auto_promote_portfolio: true` 开关的落点。",原文及所属阶段时间/配置/样本范围；不继承已PASS结论,同文件3–28明确cancelled_by_Strategy_B；progress:41–56,本行属于被Strategy B取消/回滚的Strategy A原设计、流程或验收；不作为现行缺陷或已实现能力。,保留原始历史版本；将局部实现、生产消费和退休设计分别追踪，具体缺口见review.md,docs/plans/portfolio-reuse-automatic/task_plan.md:1-180
C:\Users\郑曾波\Projects\company-wiki\docs\plans\portfolio-reuse-automatic\task_plan.md,docs/plans/portfolio-reuse-automatic/task_plan.md,76,76,## Phase 1 — 自动提升集成（核心） — 状态：cancelled_by_Strategy_B,e2a7c4305a26393518b786b82c627afdbb9eac6a42273c97722fec1ee6efc456,WIKI-LEGACY-SPECIAL-0509,history_filing,superseded,## Phase 1 — 自动提升集成（核心） — 状态：cancelled_by_Strategy_B,原文及所属阶段时间/配置/样本范围；不继承已PASS结论,同文件3–28明确cancelled_by_Strategy_B；progress:41–56,本行属于被Strategy B取消/回滚的Strategy A原设计、流程或验收；不作为现行缺陷或已实现能力。,保留原始历史版本；将局部实现、生产消费和退休设计分别追踪，具体缺口见review.md,docs/plans/portfolio-reuse-automatic/task_plan.md:1-180
C:\Users\郑曾波\Projects\company-wiki\docs\plans\portfolio-reuse-automatic\task_plan.md,docs/plans/portfolio-reuse-automatic/task_plan.md,78,79,"- [ ] 1.1 在 `acquisition_service.ensure()` 的 resolve-MISSING + allow_download 分支、
      adapter 分发**之前**插入 `_try_promote_portfolio(request, identity)`：",e2a7c4305a26393518b786b82c627afdbb9eac6a42273c97722fec1ee6efc456,WIKI-LEGACY-SPECIAL-0510,history_filing,superseded,"- [ ] 1.1 在 `acquisition_service.ensure()` 的 resolve-MISSING + allow_download 分支、
      adapter 分发**之前**插入 `_try_promote_portfolio(request, identity)`：",原文及所属阶段时间/配置/样本范围；不继承已PASS结论,同文件3–28明确cancelled_by_Strategy_B；progress:41–56,本行属于被Strategy B取消/回滚的Strategy A原设计、流程或验收；不作为现行缺陷或已实现能力。,保留原始历史版本；将局部实现、生产消费和退休设计分别追踪，具体缺口见review.md,docs/plans/portfolio-reuse-automatic/task_plan.md:1-180
C:\Users\郑曾波\Projects\company-wiki\docs\plans\portfolio-reuse-automatic\task_plan.md,docs/plans/portfolio-reuse-automatic/task_plan.md,80,80,      - 查 `dayu_portfolio` root 下该 entity 的 portfolio 文档（`find_entity_doc_dirs`）；,e2a7c4305a26393518b786b82c627afdbb9eac6a42273c97722fec1ee6efc456,WIKI-LEGACY-SPECIAL-0511,history_filing,superseded,      - 查 `dayu_portfolio` root 下该 entity 的 portfolio 文档（`find_entity_doc_dirs`）；,原文及所属阶段时间/配置/样本范围；不继承已PASS结论,同文件3–28明确cancelled_by_Strategy_B；progress:41–56,本行属于被Strategy B取消/回滚的Strategy A原设计、流程或验收；不作为现行缺陷或已实现能力。,保留原始历史版本；将局部实现、生产消费和退休设计分别追踪，具体缺口见review.md,docs/plans/portfolio-reuse-automatic/task_plan.md:1-180
C:\Users\郑曾波\Projects\company-wiki\docs\plans\portfolio-reuse-automatic\task_plan.md,docs/plans/portfolio-reuse-automatic/task_plan.md,81,81,      - 按 document_kind / fiscal_year / published_date≤as_of_date 过滤；,e2a7c4305a26393518b786b82c627afdbb9eac6a42273c97722fec1ee6efc456,WIKI-LEGACY-SPECIAL-0512,history_filing,superseded,      - 按 document_kind / fiscal_year / published_date≤as_of_date 过滤；,原文及所属阶段时间/配置/样本范围；不继承已PASS结论,同文件3–28明确cancelled_by_Strategy_B；progress:41–56,本行属于被Strategy B取消/回滚的Strategy A原设计、流程或验收；不作为现行缺陷或已实现能力。,保留原始历史版本；将局部实现、生产消费和退休设计分别追踪，具体缺口见review.md,docs/plans/portfolio-reuse-automatic/task_plan.md:1-180
C:\Users\郑曾波\Projects\company-wiki\docs\plans\portfolio-reuse-automatic\task_plan.md,docs/plans/portfolio-reuse-automatic/task_plan.md,82,83,"      - 精确匹配 ≥1 → 取第一个（按最新 filing_date）→ `promote_from_portfolio` → 返回
        `CanonicalImportResult`（imported_new / deduplicated_after_download）；",e2a7c4305a26393518b786b82c627afdbb9eac6a42273c97722fec1ee6efc456,WIKI-LEGACY-SPECIAL-0513,history_filing,superseded,"      - 精确匹配 ≥1 → 取第一个（按最新 filing_date）→ `promote_from_portfolio` → 返回
        `CanonicalImportResult`（imported_new / deduplicated_after_download）；",原文及所属阶段时间/配置/样本范围；不继承已PASS结论,"根task_plan:1888,1911；同文件cancelled标识",取消设计曾允许多匹配取第一个并失败转adapter，与原exactly-one/先复用纪律冲突；未作为当前bug，未来不得重启该设计。,保留原始历史版本；将局部实现、生产消费和退休设计分别追踪，具体缺口见review.md,docs/plans/portfolio-reuse-automatic/task_plan.md:82-85
C:\Users\郑曾波\Projects\company-wiki\docs\plans\portfolio-reuse-automatic\task_plan.md,docs/plans/portfolio-reuse-automatic/task_plan.md,84,84,      - 成功 → **跳过 adapter**，把结果作为 ensure 的 resolution 返回；,e2a7c4305a26393518b786b82c627afdbb9eac6a42273c97722fec1ee6efc456,WIKI-LEGACY-SPECIAL-0514,history_filing,superseded,      - 成功 → **跳过 adapter**，把结果作为 ensure 的 resolution 返回；,原文及所属阶段时间/配置/样本范围；不继承已PASS结论,"根task_plan:1888,1911；同文件cancelled标识",取消设计曾允许多匹配取第一个并失败转adapter，与原exactly-one/先复用纪律冲突；未作为当前bug，未来不得重启该设计。,保留原始历史版本；将局部实现、生产消费和退休设计分别追踪，具体缺口见review.md,docs/plans/portfolio-reuse-automatic/task_plan.md:82-85
C:\Users\郑曾波\Projects\company-wiki\docs\plans\portfolio-reuse-automatic\task_plan.md,docs/plans/portfolio-reuse-automatic/task_plan.md,85,85,      - 无匹配或失败 → 日志 + 降级走 adapter（today 行为）。,e2a7c4305a26393518b786b82c627afdbb9eac6a42273c97722fec1ee6efc456,WIKI-LEGACY-SPECIAL-0515,history_filing,superseded,      - 无匹配或失败 → 日志 + 降级走 adapter（today 行为）。,原文及所属阶段时间/配置/样本范围；不继承已PASS结论,"根task_plan:1888,1911；同文件cancelled标识",取消设计曾允许多匹配取第一个并失败转adapter，与原exactly-one/先复用纪律冲突；未作为当前bug，未来不得重启该设计。,保留原始历史版本；将局部实现、生产消费和退休设计分别追踪，具体缺口见review.md,docs/plans/portfolio-reuse-automatic/task_plan.md:82-85
C:\Users\郑曾波\Projects\company-wiki\docs\plans\portfolio-reuse-automatic\task_plan.md,docs/plans/portfolio-reuse-automatic/task_plan.md,86,86,- [ ] 1.2 开关：`source_acquisition.yaml` 增 `auto_promote_portfolio`（默认 true），CLI/配置可关。,e2a7c4305a26393518b786b82c627afdbb9eac6a42273c97722fec1ee6efc456,WIKI-LEGACY-SPECIAL-0516,history_filing,superseded,- [ ] 1.2 开关：`source_acquisition.yaml` 增 `auto_promote_portfolio`（默认 true），CLI/配置可关。,原文及所属阶段时间/配置/样本范围；不继承已PASS结论,同文件3–28明确cancelled_by_Strategy_B；progress:41–56,本行属于被Strategy B取消/回滚的Strategy A原设计、流程或验收；不作为现行缺陷或已实现能力。,保留原始历史版本；将局部实现、生产消费和退休设计分别追踪，具体缺口见review.md,docs/plans/portfolio-reuse-automatic/task_plan.md:1-180
C:\Users\郑曾波\Projects\company-wiki\docs\plans\portfolio-reuse-automatic\task_plan.md,docs/plans/portfolio-reuse-automatic/task_plan.md,87,88,"- [ ] 1.3 身份传递：复用 ensure 已解析的 identity（verified/active + 规范 security_id），
      不重复解析（G2 语义：portfolio ""3896"" → 规范 ""03896"" 已在 promoter 内处理）。",e2a7c4305a26393518b786b82c627afdbb9eac6a42273c97722fec1ee6efc456,WIKI-LEGACY-SPECIAL-0517,history_filing,superseded,"- [ ] 1.3 身份传递：复用 ensure 已解析的 identity（verified/active + 规范 security_id），
      不重复解析（G2 语义：portfolio ""3896"" → 规范 ""03896"" 已在 promoter 内处理）。",原文及所属阶段时间/配置/样本范围；不继承已PASS结论,同文件3–28明确cancelled_by_Strategy_B；progress:41–56,本行属于被Strategy B取消/回滚的Strategy A原设计、流程或验收；不作为现行缺陷或已实现能力。,保留原始历史版本；将局部实现、生产消费和退休设计分别追踪，具体缺口见review.md,docs/plans/portfolio-reuse-automatic/task_plan.md:1-180
C:\Users\郑曾波\Projects\company-wiki\docs\plans\portfolio-reuse-automatic\task_plan.md,docs/plans/portfolio-reuse-automatic/task_plan.md,89,90,"- [ ] 1.4 确认 ensure 返回契约不变：file-fetch 侧零改动即可消费自动提升结果
      （resolution schema / status 与下载路径一致）。",e2a7c4305a26393518b786b82c627afdbb9eac6a42273c97722fec1ee6efc456,WIKI-LEGACY-SPECIAL-0518,history_filing,superseded,"- [ ] 1.4 确认 ensure 返回契约不变：file-fetch 侧零改动即可消费自动提升结果
      （resolution schema / status 与下载路径一致）。",原文及所属阶段时间/配置/样本范围；不继承已PASS结论,同文件3–28明确cancelled_by_Strategy_B；progress:41–56,本行属于被Strategy B取消/回滚的Strategy A原设计、流程或验收；不作为现行缺陷或已实现能力。,保留原始历史版本；将局部实现、生产消费和退休设计分别追踪，具体缺口见review.md,docs/plans/portfolio-reuse-automatic/task_plan.md:1-180
C:\Users\郑曾波\Projects\company-wiki\docs\plans\portfolio-reuse-automatic\task_plan.md,docs/plans/portfolio-reuse-automatic/task_plan.md,92,93,"**验证**：`ensure --allow-download`（filing-fetch 调用）对""portfolio 有、company_raw 无""的实体
→ 自动提升 → capture_ready、**零 adapter 调用**（spy 桩验证）；对""两者都无""→ 走 adapter（today）。",e2a7c4305a26393518b786b82c627afdbb9eac6a42273c97722fec1ee6efc456,WIKI-LEGACY-SPECIAL-0519,history_filing,superseded,"**验证**：`ensure --allow-download`（filing-fetch 调用）对""portfolio 有、company_raw 无""的实体
→ 自动提升 → capture_ready、**零 adapter 调用**（spy 桩验证）；对""两者都无""→ 走 adapter（today）。",原文及所属阶段时间/配置/样本范围；不继承已PASS结论,同文件3–28明确cancelled_by_Strategy_B；progress:41–56,本行属于被Strategy B取消/回滚的Strategy A原设计、流程或验收；不作为现行缺陷或已实现能力。,保留原始历史版本；将局部实现、生产消费和退休设计分别追踪，具体缺口见review.md,docs/plans/portfolio-reuse-automatic/task_plan.md:1-180
C:\Users\郑曾波\Projects\company-wiki\docs\plans\portfolio-reuse-automatic\task_plan.md,docs/plans/portfolio-reuse-automatic/task_plan.md,95,95,## Phase 2 — 锁健壮性（一般性解决 R2） — 状态：cancelled_by_Strategy_B,e2a7c4305a26393518b786b82c627afdbb9eac6a42273c97722fec1ee6efc456,WIKI-LEGACY-SPECIAL-0520,history_filing,superseded,## Phase 2 — 锁健壮性（一般性解决 R2） — 状态：cancelled_by_Strategy_B,原文及所属阶段时间/配置/样本范围；不继承已PASS结论,同文件3–28明确cancelled_by_Strategy_B；progress:41–56,本行属于被Strategy B取消/回滚的Strategy A原设计、流程或验收；不作为现行缺陷或已实现能力。,保留原始历史版本；将局部实现、生产消费和退休设计分别追踪，具体缺口见review.md,docs/plans/portfolio-reuse-automatic/task_plan.md:1-180
C:\Users\郑曾波\Projects\company-wiki\docs\plans\portfolio-reuse-automatic\task_plan.md,docs/plans/portfolio-reuse-automatic/task_plan.md,97,99,"- [ ] 2.1 核查直接 ensure CLI 在锁竞争下的行为（是否已有 catalog_locked 重试）——
      若无，给 acquisition service 的 canonical_import 段加**指数退避重试**
      （对齐 filing-fetch `_run_company_wiki_json_retry`：5s、×2、deadline 内）。",e2a7c4305a26393518b786b82c627afdbb9eac6a42273c97722fec1ee6efc456,WIKI-LEGACY-SPECIAL-0521,history_filing,superseded,"- [ ] 2.1 核查直接 ensure CLI 在锁竞争下的行为（是否已有 catalog_locked 重试）——
      若无，给 acquisition service 的 canonical_import 段加**指数退避重试**
      （对齐 filing-fetch `_run_company_wiki_json_retry`：5s、×2、deadline 内）。",原文及所属阶段时间/配置/样本范围；不继承已PASS结论,同文件3–28明确cancelled_by_Strategy_B；progress:41–56,本行属于被Strategy B取消/回滚的Strategy A原设计、流程或验收；不作为现行缺陷或已实现能力。,保留原始历史版本；将局部实现、生产消费和退休设计分别追踪，具体缺口见review.md,docs/plans/portfolio-reuse-automatic/task_plan.md:1-180
C:\Users\郑曾波\Projects\company-wiki\docs\plans\portfolio-reuse-automatic\task_plan.md,docs/plans/portfolio-reuse-automatic/task_plan.md,100,100,- [ ] 2.2 `import-portfolio` CLI 同样获得锁重试（或包装成同一 helper）。,e2a7c4305a26393518b786b82c627afdbb9eac6a42273c97722fec1ee6efc456,WIKI-LEGACY-SPECIAL-0522,history_filing,superseded,- [ ] 2.2 `import-portfolio` CLI 同样获得锁重试（或包装成同一 helper）。,原文及所属阶段时间/配置/样本范围；不继承已PASS结论,同文件3–28明确cancelled_by_Strategy_B；progress:41–56,本行属于被Strategy B取消/回滚的Strategy A原设计、流程或验收；不作为现行缺陷或已实现能力。,保留原始历史版本；将局部实现、生产消费和退休设计分别追踪，具体缺口见review.md,docs/plans/portfolio-reuse-automatic/task_plan.md:1-180
C:\Users\郑曾波\Projects\company-wiki\docs\plans\portfolio-reuse-automatic\task_plan.md,docs/plans/portfolio-reuse-automatic/task_plan.md,101,102,"- [ ] 2.3 文档化：filing-fetch 路径由 `PausedWorkerScope` 保护，无需额外处理；
      直接 CLI 路径由 2.1/2.2 的退避保护。",e2a7c4305a26393518b786b82c627afdbb9eac6a42273c97722fec1ee6efc456,WIKI-LEGACY-SPECIAL-0523,history_filing,superseded,"- [ ] 2.3 文档化：filing-fetch 路径由 `PausedWorkerScope` 保护，无需额外处理；
      直接 CLI 路径由 2.1/2.2 的退避保护。",原文及所属阶段时间/配置/样本范围；不继承已PASS结论,同文件3–28明确cancelled_by_Strategy_B；progress:41–56,本行属于被Strategy B取消/回滚的Strategy A原设计、流程或验收；不作为现行缺陷或已实现能力。,保留原始历史版本；将局部实现、生产消费和退休设计分别追踪，具体缺口见review.md,docs/plans/portfolio-reuse-automatic/task_plan.md:1-180
C:\Users\郑曾波\Projects\company-wiki\docs\plans\portfolio-reuse-automatic\task_plan.md,docs/plans/portfolio-reuse-automatic/task_plan.md,103,104,"- [ ] 2.4 （可选远期，记入 ADR）worker 按文档粒度锁 / 协作 yield——本期不做，注明理由
      （改动大、跨周期）。",e2a7c4305a26393518b786b82c627afdbb9eac6a42273c97722fec1ee6efc456,WIKI-LEGACY-SPECIAL-0524,history_filing,superseded,"- [ ] 2.4 （可选远期，记入 ADR）worker 按文档粒度锁 / 协作 yield——本期不做，注明理由
      （改动大、跨周期）。",原文及所属阶段时间/配置/样本范围；不继承已PASS结论,同文件3–28明确cancelled_by_Strategy_B；progress:41–56,本行属于被Strategy B取消/回滚的Strategy A原设计、流程或验收；不作为现行缺陷或已实现能力。,保留原始历史版本；将局部实现、生产消费和退休设计分别追踪，具体缺口见review.md,docs/plans/portfolio-reuse-automatic/task_plan.md:1-180
C:\Users\郑曾波\Projects\company-wiki\docs\plans\portfolio-reuse-automatic\task_plan.md,docs/plans/portfolio-reuse-automatic/task_plan.md,106,107,"**验证**：worker 跑批时直接调 `ensure --allow-download` 与 `import-portfolio` → 退避后成功，
不再 `CatalogOperationLockedError` 秒败。",e2a7c4305a26393518b786b82c627afdbb9eac6a42273c97722fec1ee6efc456,WIKI-LEGACY-SPECIAL-0525,history_filing,superseded,"**验证**：worker 跑批时直接调 `ensure --allow-download` 与 `import-portfolio` → 退避后成功，
不再 `CatalogOperationLockedError` 秒败。",原文及所属阶段时间/配置/样本范围；不继承已PASS结论,同文件3–28明确cancelled_by_Strategy_B；progress:41–56,本行属于被Strategy B取消/回滚的Strategy A原设计、流程或验收；不作为现行缺陷或已实现能力。,保留原始历史版本；将局部实现、生产消费和退休设计分别追踪，具体缺口见review.md,docs/plans/portfolio-reuse-automatic/task_plan.md:1-180
C:\Users\郑曾波\Projects\company-wiki\docs\plans\portfolio-reuse-automatic\task_plan.md,docs/plans/portfolio-reuse-automatic/task_plan.md,109,109,## Phase 3 — 语义与护栏 — 状态：cancelled_by_Strategy_B,e2a7c4305a26393518b786b82c627afdbb9eac6a42273c97722fec1ee6efc456,WIKI-LEGACY-SPECIAL-0526,history_filing,superseded,## Phase 3 — 语义与护栏 — 状态：cancelled_by_Strategy_B,原文及所属阶段时间/配置/样本范围；不继承已PASS结论,同文件3–28明确cancelled_by_Strategy_B；progress:41–56,本行属于被Strategy B取消/回滚的Strategy A原设计、流程或验收；不作为现行缺陷或已实现能力。,保留原始历史版本；将局部实现、生产消费和退休设计分别追踪，具体缺口见review.md,docs/plans/portfolio-reuse-automatic/task_plan.md:1-180
C:\Users\郑曾波\Projects\company-wiki\docs\plans\portfolio-reuse-automatic\task_plan.md,docs/plans/portfolio-reuse-automatic/task_plan.md,111,111,- [ ] 3.1 只读 `resolve` 永不提升（resolver 过滤不动，fail-closed 语义不变）。,e2a7c4305a26393518b786b82c627afdbb9eac6a42273c97722fec1ee6efc456,WIKI-LEGACY-SPECIAL-0527,history_filing,superseded,- [ ] 3.1 只读 `resolve` 永不提升（resolver 过滤不动，fail-closed 语义不变）。,原文及所属阶段时间/配置/样本范围；不继承已PASS结论,同文件3–28明确cancelled_by_Strategy_B；progress:41–56,本行属于被Strategy B取消/回滚的Strategy A原设计、流程或验收；不作为现行缺陷或已实现能力。,保留原始历史版本；将局部实现、生产消费和退休设计分别追踪，具体缺口见review.md,docs/plans/portfolio-reuse-automatic/task_plan.md:1-180
C:\Users\郑曾波\Projects\company-wiki\docs\plans\portfolio-reuse-automatic\task_plan.md,docs/plans/portfolio-reuse-automatic/task_plan.md,112,112,- [ ] 3.2 仅显式 `--allow-download` 触发自动提升（未授权请求绝不写 companies/）。,e2a7c4305a26393518b786b82c627afdbb9eac6a42273c97722fec1ee6efc456,WIKI-LEGACY-SPECIAL-0528,history_filing,superseded,- [ ] 3.2 仅显式 `--allow-download` 触发自动提升（未授权请求绝不写 companies/）。,原文及所属阶段时间/配置/样本范围；不继承已PASS结论,同文件3–28明确cancelled_by_Strategy_B；progress:41–56,本行属于被Strategy B取消/回滚的Strategy A原设计、流程或验收；不作为现行缺陷或已实现能力。,保留原始历史版本；将局部实现、生产消费和退休设计分别追踪，具体缺口见review.md,docs/plans/portfolio-reuse-automatic/task_plan.md:1-180
C:\Users\郑曾波\Projects\company-wiki\docs\plans\portfolio-reuse-automatic\task_plan.md,docs/plans/portfolio-reuse-automatic/task_plan.md,113,113,- [ ] 3.3 `published_date > as_of_date` 的 portfolio 文档**不**提升（信息集纪律）。,e2a7c4305a26393518b786b82c627afdbb9eac6a42273c97722fec1ee6efc456,WIKI-LEGACY-SPECIAL-0529,history_filing,superseded,- [ ] 3.3 `published_date > as_of_date` 的 portfolio 文档**不**提升（信息集纪律）。,原文及所属阶段时间/配置/样本范围；不继承已PASS结论,同文件3–28明确cancelled_by_Strategy_B；progress:41–56,本行属于被Strategy B取消/回滚的Strategy A原设计、流程或验收；不作为现行缺陷或已实现能力。,保留原始历史版本；将局部实现、生产消费和退休设计分别追踪，具体缺口见review.md,docs/plans/portfolio-reuse-automatic/task_plan.md:1-180
C:\Users\郑曾波\Projects\company-wiki\docs\plans\portfolio-reuse-automatic\task_plan.md,docs/plans/portfolio-reuse-automatic/task_plan.md,114,114,- [ ] 3.4 身份未 verified/active → 不提升。,e2a7c4305a26393518b786b82c627afdbb9eac6a42273c97722fec1ee6efc456,WIKI-LEGACY-SPECIAL-0530,history_filing,superseded,- [ ] 3.4 身份未 verified/active → 不提升。,原文及所属阶段时间/配置/样本范围；不继承已PASS结论,同文件3–28明确cancelled_by_Strategy_B；progress:41–56,本行属于被Strategy B取消/回滚的Strategy A原设计、流程或验收；不作为现行缺陷或已实现能力。,保留原始历史版本；将局部实现、生产消费和退休设计分别追踪，具体缺口见review.md,docs/plans/portfolio-reuse-automatic/task_plan.md:1-180
C:\Users\郑曾波\Projects\company-wiki\docs\plans\portfolio-reuse-automatic\task_plan.md,docs/plans/portfolio-reuse-automatic/task_plan.md,115,116,"- [ ] 3.5 幂等/去重：`_existing_original` 全局 content-address 去重；重复提升 =
      `deduplicated_after_download`，不覆盖既有 canonical。",e2a7c4305a26393518b786b82c627afdbb9eac6a42273c97722fec1ee6efc456,WIKI-LEGACY-SPECIAL-0531,history_filing,superseded,"- [ ] 3.5 幂等/去重：`_existing_original` 全局 content-address 去重；重复提升 =
      `deduplicated_after_download`，不覆盖既有 canonical。",原文及所属阶段时间/配置/样本范围；不继承已PASS结论,同文件3–28明确cancelled_by_Strategy_B；progress:41–56,本行属于被Strategy B取消/回滚的Strategy A原设计、流程或验收；不作为现行缺陷或已实现能力。,保留原始历史版本；将局部实现、生产消费和退休设计分别追踪，具体缺口见review.md,docs/plans/portfolio-reuse-automatic/task_plan.md:1-180
C:\Users\郑曾波\Projects\company-wiki\docs\plans\portfolio-reuse-automatic\task_plan.md,docs/plans/portfolio-reuse-automatic/task_plan.md,117,117,- [ ] 3.6 审计：自动提升写一条日志（entity / doc / source_url / 结果），便于追溯。,e2a7c4305a26393518b786b82c627afdbb9eac6a42273c97722fec1ee6efc456,WIKI-LEGACY-SPECIAL-0532,history_filing,superseded,- [ ] 3.6 审计：自动提升写一条日志（entity / doc / source_url / 结果），便于追溯。,原文及所属阶段时间/配置/样本范围；不继承已PASS结论,同文件3–28明确cancelled_by_Strategy_B；progress:41–56,本行属于被Strategy B取消/回滚的Strategy A原设计、流程或验收；不作为现行缺陷或已实现能力。,保留原始历史版本；将局部实现、生产消费和退休设计分别追踪，具体缺口见review.md,docs/plans/portfolio-reuse-automatic/task_plan.md:1-180
C:\Users\郑曾波\Projects\company-wiki\docs\plans\portfolio-reuse-automatic\task_plan.md,docs/plans/portfolio-reuse-automatic/task_plan.md,119,119,"**验证**：上述每种情形一个用例通过；既有""仅 company_raw 可复用""护栏测试不被削弱。",e2a7c4305a26393518b786b82c627afdbb9eac6a42273c97722fec1ee6efc456,WIKI-LEGACY-SPECIAL-0533,history_filing,superseded,"**验证**：上述每种情形一个用例通过；既有""仅 company_raw 可复用""护栏测试不被削弱。",原文及所属阶段时间/配置/样本范围；不继承已PASS结论,同文件3–28明确cancelled_by_Strategy_B；progress:41–56,本行属于被Strategy B取消/回滚的Strategy A原设计、流程或验收；不作为现行缺陷或已实现能力。,保留原始历史版本；将局部实现、生产消费和退休设计分别追踪，具体缺口见review.md,docs/plans/portfolio-reuse-automatic/task_plan.md:1-180
C:\Users\郑曾波\Projects\company-wiki\docs\plans\portfolio-reuse-automatic\task_plan.md,docs/plans/portfolio-reuse-automatic/task_plan.md,121,121,## Phase 4 — 测试 — 状态：cancelled_by_Strategy_B,e2a7c4305a26393518b786b82c627afdbb9eac6a42273c97722fec1ee6efc456,WIKI-LEGACY-SPECIAL-0534,history_filing,superseded,## Phase 4 — 测试 — 状态：cancelled_by_Strategy_B,原文及所属阶段时间/配置/样本范围；不继承已PASS结论,同文件3–28明确cancelled_by_Strategy_B；progress:41–56,本行属于被Strategy B取消/回滚的Strategy A原设计、流程或验收；不作为现行缺陷或已实现能力。,保留原始历史版本；将局部实现、生产消费和退休设计分别追踪，具体缺口见review.md,docs/plans/portfolio-reuse-automatic/task_plan.md:1-180
C:\Users\郑曾波\Projects\company-wiki\docs\plans\portfolio-reuse-automatic\task_plan.md,docs/plans/portfolio-reuse-automatic/task_plan.md,123,123,- [ ] 4.1 `tests/contract/test_source_catalog_auto_promote.py`（新）：,e2a7c4305a26393518b786b82c627afdbb9eac6a42273c97722fec1ee6efc456,WIKI-LEGACY-SPECIAL-0535,history_filing,superseded,- [ ] 4.1 `tests/contract/test_source_catalog_auto_promote.py`（新）：,原文及所属阶段时间/配置/样本范围；不继承已PASS结论,同文件3–28明确cancelled_by_Strategy_B；progress:41–56,本行属于被Strategy B取消/回滚的Strategy A原设计、流程或验收；不作为现行缺陷或已实现能力。,保留原始历史版本；将局部实现、生产消费和退休设计分别追踪，具体缺口见review.md,docs/plans/portfolio-reuse-automatic/task_plan.md:1-180
C:\Users\郑曾波\Projects\company-wiki\docs\plans\portfolio-reuse-automatic\task_plan.md,docs/plans/portfolio-reuse-automatic/task_plan.md,124,124,      - 提升成功（spy adapter 零调用）；无匹配 → adapter 被调；匹配但提升失败 → 降级 adapter；,e2a7c4305a26393518b786b82c627afdbb9eac6a42273c97722fec1ee6efc456,WIKI-LEGACY-SPECIAL-0536,history_filing,superseded,      - 提升成功（spy adapter 零调用）；无匹配 → adapter 被调；匹配但提升失败 → 降级 adapter；,原文及所属阶段时间/配置/样本范围；不继承已PASS结论,同文件3–28明确cancelled_by_Strategy_B；progress:41–56,本行属于被Strategy B取消/回滚的Strategy A原设计、流程或验收；不作为现行缺陷或已实现能力。,保留原始历史版本；将局部实现、生产消费和退休设计分别追踪，具体缺口见review.md,docs/plans/portfolio-reuse-automatic/task_plan.md:1-180
C:\Users\郑曾波\Projects\company-wiki\docs\plans\portfolio-reuse-automatic\task_plan.md,docs/plans/portfolio-reuse-automatic/task_plan.md,125,125,      - 只读 resolve 不提升；未授权 ensure 不提升；as_of_date 过滤；幂等；,e2a7c4305a26393518b786b82c627afdbb9eac6a42273c97722fec1ee6efc456,WIKI-LEGACY-SPECIAL-0537,history_filing,superseded,      - 只读 resolve 不提升；未授权 ensure 不提升；as_of_date 过滤；幂等；,原文及所属阶段时间/配置/样本范围；不继承已PASS结论,同文件3–28明确cancelled_by_Strategy_B；progress:41–56,本行属于被Strategy B取消/回滚的Strategy A原设计、流程或验收；不作为现行缺陷或已实现能力。,保留原始历史版本；将局部实现、生产消费和退休设计分别追踪，具体缺口见review.md,docs/plans/portfolio-reuse-automatic/task_plan.md:1-180
C:\Users\郑曾波\Projects\company-wiki\docs\plans\portfolio-reuse-automatic\task_plan.md,docs/plans/portfolio-reuse-automatic/task_plan.md,126,126,      - 身份未验证不提升；`auto_promote_portfolio: false` 开关关闭行为。,e2a7c4305a26393518b786b82c627afdbb9eac6a42273c97722fec1ee6efc456,WIKI-LEGACY-SPECIAL-0538,history_filing,superseded,      - 身份未验证不提升；`auto_promote_portfolio: false` 开关关闭行为。,原文及所属阶段时间/配置/样本范围；不继承已PASS结论,同文件3–28明确cancelled_by_Strategy_B；progress:41–56,本行属于被Strategy B取消/回滚的Strategy A原设计、流程或验收；不作为现行缺陷或已实现能力。,保留原始历史版本；将局部实现、生产消费和退休设计分别追踪，具体缺口见review.md,docs/plans/portfolio-reuse-automatic/task_plan.md:1-180
C:\Users\郑曾波\Projects\company-wiki\docs\plans\portfolio-reuse-automatic\task_plan.md,docs/plans/portfolio-reuse-automatic/task_plan.md,127,127,- [ ] 4.2 锁竞争：worker 占锁时直接 ensure/import-portfolio → 退避重试成功（mock 锁）。,e2a7c4305a26393518b786b82c627afdbb9eac6a42273c97722fec1ee6efc456,WIKI-LEGACY-SPECIAL-0539,history_filing,superseded,- [ ] 4.2 锁竞争：worker 占锁时直接 ensure/import-portfolio → 退避重试成功（mock 锁）。,原文及所属阶段时间/配置/样本范围；不继承已PASS结论,同文件3–28明确cancelled_by_Strategy_B；progress:41–56,本行属于被Strategy B取消/回滚的Strategy A原设计、流程或验收；不作为现行缺陷或已实现能力。,保留原始历史版本；将局部实现、生产消费和退休设计分别追踪，具体缺口见review.md,docs/plans/portfolio-reuse-automatic/task_plan.md:1-180
C:\Users\郑曾波\Projects\company-wiki\docs\plans\portfolio-reuse-automatic\task_plan.md,docs/plans/portfolio-reuse-automatic/task_plan.md,128,129,"- [ ] 4.3 回归：portfolio-reuse-fix 的 8 项 promoter 测试、resolver/acquisition/canonical_writer
      既有测试全绿。",e2a7c4305a26393518b786b82c627afdbb9eac6a42273c97722fec1ee6efc456,WIKI-LEGACY-SPECIAL-0540,history_filing,superseded,"- [ ] 4.3 回归：portfolio-reuse-fix 的 8 项 promoter 测试、resolver/acquisition/canonical_writer
      既有测试全绿。",原文及所属阶段时间/配置/样本范围；不继承已PASS结论,同文件3–28明确cancelled_by_Strategy_B；progress:41–56,本行属于被Strategy B取消/回滚的Strategy A原设计、流程或验收；不作为现行缺陷或已实现能力。,保留原始历史版本；将局部实现、生产消费和退休设计分别追踪，具体缺口见review.md,docs/plans/portfolio-reuse-automatic/task_plan.md:1-180
C:\Users\郑曾波\Projects\company-wiki\docs\plans\portfolio-reuse-automatic\task_plan.md,docs/plans/portfolio-reuse-automatic/task_plan.md,130,130,- [ ] 4.4 filing-fetch 侧：契约测试零改动通过（filing-fetch 零改动原则）。,e2a7c4305a26393518b786b82c627afdbb9eac6a42273c97722fec1ee6efc456,WIKI-LEGACY-SPECIAL-0541,history_filing,superseded,- [ ] 4.4 filing-fetch 侧：契约测试零改动通过（filing-fetch 零改动原则）。,原文及所属阶段时间/配置/样本范围；不继承已PASS结论,同文件3–28明确cancelled_by_Strategy_B；progress:41–56,本行属于被Strategy B取消/回滚的Strategy A原设计、流程或验收；不作为现行缺陷或已实现能力。,保留原始历史版本；将局部实现、生产消费和退休设计分别追踪，具体缺口见review.md,docs/plans/portfolio-reuse-automatic/task_plan.md:1-180
C:\Users\郑曾波\Projects\company-wiki\docs\plans\portfolio-reuse-automatic\task_plan.md,docs/plans/portfolio-reuse-automatic/task_plan.md,132,132,## Phase 5 — 文档 — 状态：cancelled_by_Strategy_B,e2a7c4305a26393518b786b82c627afdbb9eac6a42273c97722fec1ee6efc456,WIKI-LEGACY-SPECIAL-0542,history_filing,superseded,## Phase 5 — 文档 — 状态：cancelled_by_Strategy_B,原文及所属阶段时间/配置/样本范围；不继承已PASS结论,同文件3–28明确cancelled_by_Strategy_B；progress:41–56,本行属于被Strategy B取消/回滚的Strategy A原设计、流程或验收；不作为现行缺陷或已实现能力。,保留原始历史版本；将局部实现、生产消费和退休设计分别追踪，具体缺口见review.md,docs/plans/portfolio-reuse-automatic/task_plan.md:1-180
C:\Users\郑曾波\Projects\company-wiki\docs\plans\portfolio-reuse-automatic\task_plan.md,docs/plans/portfolio-reuse-automatic/task_plan.md,134,135,"- [ ] 5.1 `docs/adr/ADR-008-portfolio-auto-promotion.md`（或更新 ADR-007）：记录自动提升决策、
      触发条件、降级语义、锁策略；注明 Strategy B（放宽 resolver）仍不采纳。",e2a7c4305a26393518b786b82c627afdbb9eac6a42273c97722fec1ee6efc456,WIKI-LEGACY-SPECIAL-0543,history_filing,superseded,"- [ ] 5.1 `docs/adr/ADR-008-portfolio-auto-promotion.md`（或更新 ADR-007）：记录自动提升决策、
      触发条件、降级语义、锁策略；注明 Strategy B（放宽 resolver）仍不采纳。",原文及所属阶段时间/配置/样本范围；不继承已PASS结论,同文件3–28明确cancelled_by_Strategy_B；progress:41–56,本行属于被Strategy B取消/回滚的Strategy A原设计、流程或验收；不作为现行缺陷或已实现能力。,保留原始历史版本；将局部实现、生产消费和退休设计分别追踪，具体缺口见review.md,docs/plans/portfolio-reuse-automatic/task_plan.md:1-180
C:\Users\郑曾波\Projects\company-wiki\docs\plans\portfolio-reuse-automatic\task_plan.md,docs/plans/portfolio-reuse-automatic/task_plan.md,136,137,"- [ ] 5.2 `docs/OPERATIONS.md` §一点五改写：从""手动 import-portfolio""升级为""自动复用（默认开启），
      手动命令仅用于批处理/巡检""。",e2a7c4305a26393518b786b82c627afdbb9eac6a42273c97722fec1ee6efc456,WIKI-LEGACY-SPECIAL-0544,history_filing,superseded,"- [ ] 5.2 `docs/OPERATIONS.md` §一点五改写：从""手动 import-portfolio""升级为""自动复用（默认开启），
      手动命令仅用于批处理/巡检""。",原文及所属阶段时间/配置/样本范围；不继承已PASS结论,同文件3–28明确cancelled_by_Strategy_B；progress:41–56,本行属于被Strategy B取消/回滚的Strategy A原设计、流程或验收；不作为现行缺陷或已实现能力。,保留原始历史版本；将局部实现、生产消费和退休设计分别追踪，具体缺口见review.md,docs/plans/portfolio-reuse-automatic/task_plan.md:1-180
C:\Users\郑曾波\Projects\company-wiki\docs\plans\portfolio-reuse-automatic\task_plan.md,docs/plans/portfolio-reuse-automatic/task_plan.md,138,138,- [ ] 5.3 `filing-fetch/SKILL.md` Notes：说明下载路径会自动复用 portfolio 已索引文件（零改动消费）。,e2a7c4305a26393518b786b82c627afdbb9eac6a42273c97722fec1ee6efc456,WIKI-LEGACY-SPECIAL-0545,history_filing,superseded,- [ ] 5.3 `filing-fetch/SKILL.md` Notes：说明下载路径会自动复用 portfolio 已索引文件（零改动消费）。,原文及所属阶段时间/配置/样本范围；不继承已PASS结论,同文件3–28明确cancelled_by_Strategy_B；progress:41–56,本行属于被Strategy B取消/回滚的Strategy A原设计、流程或验收；不作为现行缺陷或已实现能力。,保留原始历史版本；将局部实现、生产消费和退休设计分别追踪，具体缺口见review.md,docs/plans/portfolio-reuse-automatic/task_plan.md:1-180
C:\Users\郑曾波\Projects\company-wiki\docs\plans\portfolio-reuse-automatic\task_plan.md,docs/plans/portfolio-reuse-automatic/task_plan.md,139,139,- [ ] 5.4 本计划三件套更新（progress.md 记最终结果）。,e2a7c4305a26393518b786b82c627afdbb9eac6a42273c97722fec1ee6efc456,WIKI-LEGACY-SPECIAL-0546,history_filing,superseded,- [ ] 5.4 本计划三件套更新（progress.md 记最终结果）。,原文及所属阶段时间/配置/样本范围；不继承已PASS结论,同文件3–28明确cancelled_by_Strategy_B；progress:41–56,本行属于被Strategy B取消/回滚的Strategy A原设计、流程或验收；不作为现行缺陷或已实现能力。,保留原始历史版本；将局部实现、生产消费和退休设计分别追踪，具体缺口见review.md,docs/plans/portfolio-reuse-automatic/task_plan.md:1-180
C:\Users\郑曾波\Projects\company-wiki\docs\plans\portfolio-reuse-automatic\task_plan.md,docs/plans/portfolio-reuse-automatic/task_plan.md,140,140,- [ ] 5.5 若用户希望：把本计划与 portfolio-reuse-fix 的关键内容合并进主目录三份文档。,e2a7c4305a26393518b786b82c627afdbb9eac6a42273c97722fec1ee6efc456,WIKI-LEGACY-SPECIAL-0547,history_filing,superseded,- [ ] 5.5 若用户希望：把本计划与 portfolio-reuse-fix 的关键内容合并进主目录三份文档。,原文及所属阶段时间/配置/样本范围；不继承已PASS结论,同文件3–28明确cancelled_by_Strategy_B；progress:41–56,本行属于被Strategy B取消/回滚的Strategy A原设计、流程或验收；不作为现行缺陷或已实现能力。,保留原始历史版本；将局部实现、生产消费和退休设计分别追踪，具体缺口见review.md,docs/plans/portfolio-reuse-automatic/task_plan.md:1-180
C:\Users\郑曾波\Projects\company-wiki\docs\plans\portfolio-reuse-automatic\task_plan.md,docs/plans/portfolio-reuse-automatic/task_plan.md,142,142,## Phase 6 — 端到端验证 — 状态：cancelled_by_Strategy_B,e2a7c4305a26393518b786b82c627afdbb9eac6a42273c97722fec1ee6efc456,WIKI-LEGACY-SPECIAL-0548,history_filing,superseded,## Phase 6 — 端到端验证 — 状态：cancelled_by_Strategy_B,原文及所属阶段时间/配置/样本范围；不继承已PASS结论,同文件3–28明确cancelled_by_Strategy_B；progress:41–56,本行属于被Strategy B取消/回滚的Strategy A原设计、流程或验收；不作为现行缺陷或已实现能力。,保留原始历史版本；将局部实现、生产消费和退休设计分别追踪，具体缺口见review.md,docs/plans/portfolio-reuse-automatic/task_plan.md:1-180
C:\Users\郑曾波\Projects\company-wiki\docs\plans\portfolio-reuse-automatic\task_plan.md,docs/plans/portfolio-reuse-automatic/task_plan.md,144,146,"- [ ] 6.1 挑一个""portfolio 有、company_raw 无""的实体（如金山云 FY2022 或新实体）：
      删/确认无 company_raw 副本 → filing-fetch `--allow-download` → **自动提升 + capture_ready +
      零下载**（对照 today：dayu 重下）。",e2a7c4305a26393518b786b82c627afdbb9eac6a42273c97722fec1ee6efc456,WIKI-LEGACY-SPECIAL-0549,history_filing,superseded,"- [ ] 6.1 挑一个""portfolio 有、company_raw 无""的实体（如金山云 FY2022 或新实体）：
      删/确认无 company_raw 副本 → filing-fetch `--allow-download` → **自动提升 + capture_ready +
      零下载**（对照 today：dayu 重下）。",原文及所属阶段时间/配置/样本范围；不继承已PASS结论,同文件3–28明确cancelled_by_Strategy_B；progress:41–56,本行属于被Strategy B取消/回滚的Strategy A原设计、流程或验收；不作为现行缺陷或已实现能力。,保留原始历史版本；将局部实现、生产消费和退休设计分别追踪，具体缺口见review.md,docs/plans/portfolio-reuse-automatic/task_plan.md:1-180
C:\Users\郑曾波\Projects\company-wiki\docs\plans\portfolio-reuse-automatic\task_plan.md,docs/plans/portfolio-reuse-automatic/task_plan.md,147,147,- [ ] 6.2 6082：portfolio 与 company_raw 同 sha → 自动提升走 deduplicated，不写新文件。,e2a7c4305a26393518b786b82c627afdbb9eac6a42273c97722fec1ee6efc456,WIKI-LEGACY-SPECIAL-0550,history_filing,superseded,- [ ] 6.2 6082：portfolio 与 company_raw 同 sha → 自动提升走 deduplicated，不写新文件。,原文及所属阶段时间/配置/样本范围；不继承已PASS结论,同文件3–28明确cancelled_by_Strategy_B；progress:41–56,本行属于被Strategy B取消/回滚的Strategy A原设计、流程或验收；不作为现行缺陷或已实现能力。,保留原始历史版本；将局部实现、生产消费和退休设计分别追踪，具体缺口见review.md,docs/plans/portfolio-reuse-automatic/task_plan.md:1-180
C:\Users\郑曾波\Projects\company-wiki\docs\plans\portfolio-reuse-automatic\task_plan.md,docs/plans/portfolio-reuse-automatic/task_plan.md,148,148,- [ ] 6.3 直接 ensure CLI（不经 filing-fetch，worker 跑批中）→ 锁退避后成功。,e2a7c4305a26393518b786b82c627afdbb9eac6a42273c97722fec1ee6efc456,WIKI-LEGACY-SPECIAL-0551,history_filing,superseded,- [ ] 6.3 直接 ensure CLI（不经 filing-fetch，worker 跑批中）→ 锁退避后成功。,原文及所属阶段时间/配置/样本范围；不继承已PASS结论,同文件3–28明确cancelled_by_Strategy_B；progress:41–56,本行属于被Strategy B取消/回滚的Strategy A原设计、流程或验收；不作为现行缺陷或已实现能力。,保留原始历史版本；将局部实现、生产消费和退休设计分别追踪，具体缺口见review.md,docs/plans/portfolio-reuse-automatic/task_plan.md:1-180
C:\Users\郑曾波\Projects\company-wiki\docs\plans\portfolio-reuse-automatic\task_plan.md,docs/plans/portfolio-reuse-automatic/task_plan.md,149,149,- [ ] 6.4 回归：完整测试套件 + 既有 E2E（worker pause-around、并发、失败注入）全绿。,e2a7c4305a26393518b786b82c627afdbb9eac6a42273c97722fec1ee6efc456,WIKI-LEGACY-SPECIAL-0552,history_filing,superseded,- [ ] 6.4 回归：完整测试套件 + 既有 E2E（worker pause-around、并发、失败注入）全绿。,原文及所属阶段时间/配置/样本范围；不继承已PASS结论,同文件3–28明确cancelled_by_Strategy_B；progress:41–56,本行属于被Strategy B取消/回滚的Strategy A原设计、流程或验收；不作为现行缺陷或已实现能力。,保留原始历史版本；将局部实现、生产消费和退休设计分别追踪，具体缺口见review.md,docs/plans/portfolio-reuse-automatic/task_plan.md:1-180
C:\Users\郑曾波\Projects\company-wiki\docs\plans\portfolio-reuse-automatic\task_plan.md,docs/plans/portfolio-reuse-automatic/task_plan.md,151,151,## 验收标准（全部满足）,e2a7c4305a26393518b786b82c627afdbb9eac6a42273c97722fec1ee6efc456,WIKI-LEGACY-SPECIAL-0553,history_filing,superseded,## 验收标准（全部满足）,原文及所属阶段时间/配置/样本范围；不继承已PASS结论,同文件3–28明确cancelled_by_Strategy_B；progress:41–56,本行属于被Strategy B取消/回滚的Strategy A原设计、流程或验收；不作为现行缺陷或已实现能力。,保留原始历史版本；将局部实现、生产消费和退休设计分别追踪，具体缺口见review.md,docs/plans/portfolio-reuse-automatic/task_plan.md:1-180
C:\Users\郑曾波\Projects\company-wiki\docs\plans\portfolio-reuse-automatic\task_plan.md,docs/plans/portfolio-reuse-automatic/task_plan.md,153,153,- [ ] 无任何手动步骤：filing-fetch `--allow-download` 自动复用 portfolio 已索引文件，零下载。,e2a7c4305a26393518b786b82c627afdbb9eac6a42273c97722fec1ee6efc456,WIKI-LEGACY-SPECIAL-0554,history_filing,superseded,- [ ] 无任何手动步骤：filing-fetch `--allow-download` 自动复用 portfolio 已索引文件，零下载。,原文及所属阶段时间/配置/样本范围；不继承已PASS结论,同文件3–28明确cancelled_by_Strategy_B；progress:41–56,本行属于被Strategy B取消/回滚的Strategy A原设计、流程或验收；不作为现行缺陷或已实现能力。,保留原始历史版本；将局部实现、生产消费和退休设计分别追踪，具体缺口见review.md,docs/plans/portfolio-reuse-automatic/task_plan.md:1-180
C:\Users\郑曾波\Projects\company-wiki\docs\plans\portfolio-reuse-automatic\task_plan.md,docs/plans/portfolio-reuse-automatic/task_plan.md,154,154,- [ ] CN/HK/US 与全部 document_kind 一般性生效（同一代码路径，无 per-company 特判）。,e2a7c4305a26393518b786b82c627afdbb9eac6a42273c97722fec1ee6efc456,WIKI-LEGACY-SPECIAL-0555,history_filing,superseded,- [ ] CN/HK/US 与全部 document_kind 一般性生效（同一代码路径，无 per-company 特判）。,原文及所属阶段时间/配置/样本范围；不继承已PASS结论,同文件3–28明确cancelled_by_Strategy_B；progress:41–56,本行属于被Strategy B取消/回滚的Strategy A原设计、流程或验收；不作为现行缺陷或已实现能力。,保留原始历史版本；将局部实现、生产消费和退休设计分别追踪，具体缺口见review.md,docs/plans/portfolio-reuse-automatic/task_plan.md:1-180
C:\Users\郑曾波\Projects\company-wiki\docs\plans\portfolio-reuse-automatic\task_plan.md,docs/plans/portfolio-reuse-automatic/task_plan.md,155,155,- [ ] worker 跑批时直接 ensure/import-portfolio 不再秒败（退避重试）。,e2a7c4305a26393518b786b82c627afdbb9eac6a42273c97722fec1ee6efc456,WIKI-LEGACY-SPECIAL-0556,history_filing,superseded,- [ ] worker 跑批时直接 ensure/import-portfolio 不再秒败（退避重试）。,原文及所属阶段时间/配置/样本范围；不继承已PASS结论,同文件3–28明确cancelled_by_Strategy_B；progress:41–56,本行属于被Strategy B取消/回滚的Strategy A原设计、流程或验收；不作为现行缺陷或已实现能力。,保留原始历史版本；将局部实现、生产消费和退休设计分别追踪，具体缺口见review.md,docs/plans/portfolio-reuse-automatic/task_plan.md:1-180
C:\Users\郑曾波\Projects\company-wiki\docs\plans\portfolio-reuse-automatic\task_plan.md,docs/plans/portfolio-reuse-automatic/task_plan.md,156,156,- [ ] 只读 resolve / 未授权请求 / as_of 之后 / 身份未验证 → 一律不提升。,e2a7c4305a26393518b786b82c627afdbb9eac6a42273c97722fec1ee6efc456,WIKI-LEGACY-SPECIAL-0557,history_filing,superseded,- [ ] 只读 resolve / 未授权请求 / as_of 之后 / 身份未验证 → 一律不提升。,原文及所属阶段时间/配置/样本范围；不继承已PASS结论,同文件3–28明确cancelled_by_Strategy_B；progress:41–56,本行属于被Strategy B取消/回滚的Strategy A原设计、流程或验收；不作为现行缺陷或已实现能力。,保留原始历史版本；将局部实现、生产消费和退休设计分别追踪，具体缺口见review.md,docs/plans/portfolio-reuse-automatic/task_plan.md:1-180
C:\Users\郑曾波\Projects\company-wiki\docs\plans\portfolio-reuse-automatic\task_plan.md,docs/plans/portfolio-reuse-automatic/task_plan.md,157,157,- [ ] 提升失败降级 adapter，下载永不阻塞。,e2a7c4305a26393518b786b82c627afdbb9eac6a42273c97722fec1ee6efc456,WIKI-LEGACY-SPECIAL-0558,history_filing,superseded,- [ ] 提升失败降级 adapter，下载永不阻塞。,原文及所属阶段时间/配置/样本范围；不继承已PASS结论,同文件3–28明确cancelled_by_Strategy_B；progress:41–56,本行属于被Strategy B取消/回滚的Strategy A原设计、流程或验收；不作为现行缺陷或已实现能力。,保留原始历史版本；将局部实现、生产消费和退休设计分别追踪，具体缺口见review.md,docs/plans/portfolio-reuse-automatic/task_plan.md:1-180
C:\Users\郑曾波\Projects\company-wiki\docs\plans\portfolio-reuse-automatic\task_plan.md,docs/plans/portfolio-reuse-automatic/task_plan.md,158,158,- [ ] 既有 fail-closed 护栏与全部测试不回归；ADR + 文档完成。,e2a7c4305a26393518b786b82c627afdbb9eac6a42273c97722fec1ee6efc456,WIKI-LEGACY-SPECIAL-0559,history_filing,superseded,- [ ] 既有 fail-closed 护栏与全部测试不回归；ADR + 文档完成。,原文及所属阶段时间/配置/样本范围；不继承已PASS结论,同文件3–28明确cancelled_by_Strategy_B；progress:41–56,本行属于被Strategy B取消/回滚的Strategy A原设计、流程或验收；不作为现行缺陷或已实现能力。,保留原始历史版本；将局部实现、生产消费和退休设计分别追踪，具体缺口见review.md,docs/plans/portfolio-reuse-automatic/task_plan.md:1-180
C:\Users\郑曾波\Projects\company-wiki\docs\plans\portfolio-reuse-automatic\task_plan.md,docs/plans/portfolio-reuse-automatic/task_plan.md,162,162,| 风险 | 影响 | 对策 |,e2a7c4305a26393518b786b82c627afdbb9eac6a42273c97722fec1ee6efc456,WIKI-LEGACY-SPECIAL-0560,history_filing,superseded,| 风险 | 影响 | 对策 |,原文及所属阶段时间/配置/样本范围；不继承已PASS结论,同文件3–28明确cancelled_by_Strategy_B；progress:41–56,本行属于被Strategy B取消/回滚的Strategy A原设计、流程或验收；不作为现行缺陷或已实现能力。,保留原始历史版本；将局部实现、生产消费和退休设计分别追踪，具体缺口见review.md,docs/plans/portfolio-reuse-automatic/task_plan.md:1-180
C:\Users\郑曾波\Projects\company-wiki\docs\plans\portfolio-reuse-automatic\task_plan.md,docs/plans/portfolio-reuse-automatic/task_plan.md,164,164,| 自动提升误匹配（meta 字段不全） | 提升错误文档 | 匹配严格（kind+year+as_of+身份）；失败降级 adapter |,e2a7c4305a26393518b786b82c627afdbb9eac6a42273c97722fec1ee6efc456,WIKI-LEGACY-SPECIAL-0561,history_filing,superseded,| 自动提升误匹配（meta 字段不全） | 提升错误文档 | 匹配严格（kind+year+as_of+身份）；失败降级 adapter |,原文及所属阶段时间/配置/样本范围；不继承已PASS结论,同文件3–28明确cancelled_by_Strategy_B；progress:41–56,本行属于被Strategy B取消/回滚的Strategy A原设计、流程或验收；不作为现行缺陷或已实现能力。,保留原始历史版本；将局部实现、生产消费和退休设计分别追踪，具体缺口见review.md,docs/plans/portfolio-reuse-automatic/task_plan.md:1-180
C:\Users\郑曾波\Projects\company-wiki\docs\plans\portfolio-reuse-automatic\task_plan.md,docs/plans/portfolio-reuse-automatic/task_plan.md,165,165,| 自动提升成为隐藏下载替代 | 无（提升零网络） | 提升=本地拷贝+sidecar，无网络调用，天然比下载便宜 |,e2a7c4305a26393518b786b82c627afdbb9eac6a42273c97722fec1ee6efc456,WIKI-LEGACY-SPECIAL-0562,history_filing,superseded,| 自动提升成为隐藏下载替代 | 无（提升零网络） | 提升=本地拷贝+sidecar，无网络调用，天然比下载便宜 |,原文及所属阶段时间/配置/样本范围；不继承已PASS结论,同文件3–28明确cancelled_by_Strategy_B；progress:41–56,本行属于被Strategy B取消/回滚的Strategy A原设计、流程或验收；不作为现行缺陷或已实现能力。,保留原始历史版本；将局部实现、生产消费和退休设计分别追踪，具体缺口见review.md,docs/plans/portfolio-reuse-automatic/task_plan.md:1-180
C:\Users\郑曾波\Projects\company-wiki\docs\plans\portfolio-reuse-automatic\task_plan.md,docs/plans/portfolio-reuse-automatic/task_plan.md,166,166,| 锁竞争仍失败（退避不够） | 直接 CLI 卡顿 | deadline 内退避；filing-fetch 路径已由 PausedWorkerScope 保护 |,e2a7c4305a26393518b786b82c627afdbb9eac6a42273c97722fec1ee6efc456,WIKI-LEGACY-SPECIAL-0563,history_filing,superseded,| 锁竞争仍失败（退避不够） | 直接 CLI 卡顿 | deadline 内退避；filing-fetch 路径已由 PausedWorkerScope 保护 |,原文及所属阶段时间/配置/样本范围；不继承已PASS结论,同文件3–28明确cancelled_by_Strategy_B；progress:41–56,本行属于被Strategy B取消/回滚的Strategy A原设计、流程或验收；不作为现行缺陷或已实现能力。,保留原始历史版本；将局部实现、生产消费和退休设计分别追踪，具体缺口见review.md,docs/plans/portfolio-reuse-automatic/task_plan.md:1-180
C:\Users\郑曾波\Projects\company-wiki\docs\plans\portfolio-reuse-automatic\task_plan.md,docs/plans/portfolio-reuse-automatic/task_plan.md,167,167,| 提升的文档被 dayu 后续增删改 | canonical 副本独立 | 提升=拷贝+独立 sidecar（ADR-007 已文档化） |,e2a7c4305a26393518b786b82c627afdbb9eac6a42273c97722fec1ee6efc456,WIKI-LEGACY-SPECIAL-0564,history_filing,superseded,| 提升的文档被 dayu 后续增删改 | canonical 副本独立 | 提升=拷贝+独立 sidecar（ADR-007 已文档化） |,原文及所属阶段时间/配置/样本范围；不继承已PASS结论,同文件3–28明确cancelled_by_Strategy_B；progress:41–56,本行属于被Strategy B取消/回滚的Strategy A原设计、流程或验收；不作为现行缺陷或已实现能力。,保留原始历史版本；将局部实现、生产消费和退休设计分别追踪，具体缺口见review.md,docs/plans/portfolio-reuse-automatic/task_plan.md:1-180
C:\Users\郑曾波\Projects\company-wiki\docs\plans\portfolio-reuse-automatic\task_plan.md,docs/plans/portfolio-reuse-automatic/task_plan.md,168,168,| 用户不想自动提升 | 行为改变 | `auto_promote_portfolio: false` 开关 |,e2a7c4305a26393518b786b82c627afdbb9eac6a42273c97722fec1ee6efc456,WIKI-LEGACY-SPECIAL-0565,history_filing,superseded,| 用户不想自动提升 | 行为改变 | `auto_promote_portfolio: false` 开关 |,原文及所属阶段时间/配置/样本范围；不继承已PASS结论,同文件3–28明确cancelled_by_Strategy_B；progress:41–56,本行属于被Strategy B取消/回滚的Strategy A原设计、流程或验收；不作为现行缺陷或已实现能力。,保留原始历史版本；将局部实现、生产消费和退休设计分别追踪，具体缺口见review.md,docs/plans/portfolio-reuse-automatic/task_plan.md:1-180
C:\Users\郑曾波\Projects\company-wiki\docs\plans\portfolio-reuse-automatic\task_plan.md,docs/plans/portfolio-reuse-automatic/task_plan.md,172,172,| 仓库 | 文件 | 变更 |,e2a7c4305a26393518b786b82c627afdbb9eac6a42273c97722fec1ee6efc456,WIKI-LEGACY-SPECIAL-0566,history_filing,superseded,| 仓库 | 文件 | 变更 |,原文及所属阶段时间/配置/样本范围；不继承已PASS结论,同文件3–28明确cancelled_by_Strategy_B；progress:41–56,本行属于被Strategy B取消/回滚的Strategy A原设计、流程或验收；不作为现行缺陷或已实现能力。,保留原始历史版本；将局部实现、生产消费和退休设计分别追踪，具体缺口见review.md,docs/plans/portfolio-reuse-automatic/task_plan.md:1-180
C:\Users\郑曾波\Projects\company-wiki\docs\plans\portfolio-reuse-automatic\task_plan.md,docs/plans/portfolio-reuse-automatic/task_plan.md,174,174,| company-wiki | `src/company_wiki/source_catalog/acquisition_service.py` | `_try_promote_portfolio` 集成（核心） |,e2a7c4305a26393518b786b82c627afdbb9eac6a42273c97722fec1ee6efc456,WIKI-LEGACY-SPECIAL-0567,history_filing,superseded,| company-wiki | `src/company_wiki/source_catalog/acquisition_service.py` | `_try_promote_portfolio` 集成（核心） |,原文及所属阶段时间/配置/样本范围；不继承已PASS结论,同文件3–28明确cancelled_by_Strategy_B；progress:41–56,本行属于被Strategy B取消/回滚的Strategy A原设计、流程或验收；不作为现行缺陷或已实现能力。,保留原始历史版本；将局部实现、生产消费和退休设计分别追踪，具体缺口见review.md,docs/plans/portfolio-reuse-automatic/task_plan.md:1-180
C:\Users\郑曾波\Projects\company-wiki\docs\plans\portfolio-reuse-automatic\task_plan.md,docs/plans/portfolio-reuse-automatic/task_plan.md,175,175,| company-wiki | `src/company_wiki/source_catalog/acquisition_config.py` | `auto_promote_portfolio` 开关 |,e2a7c4305a26393518b786b82c627afdbb9eac6a42273c97722fec1ee6efc456,WIKI-LEGACY-SPECIAL-0568,history_filing,superseded,| company-wiki | `src/company_wiki/source_catalog/acquisition_config.py` | `auto_promote_portfolio` 开关 |,原文及所属阶段时间/配置/样本范围；不继承已PASS结论,同文件3–28明确cancelled_by_Strategy_B；progress:41–56,本行属于被Strategy B取消/回滚的Strategy A原设计、流程或验收；不作为现行缺陷或已实现能力。,保留原始历史版本；将局部实现、生产消费和退休设计分别追踪，具体缺口见review.md,docs/plans/portfolio-reuse-automatic/task_plan.md:1-180
C:\Users\郑曾波\Projects\company-wiki\docs\plans\portfolio-reuse-automatic\task_plan.md,docs/plans/portfolio-reuse-automatic/task_plan.md,176,176,| company-wiki | `src/company_wiki/source_catalog/portfolio_promoter.py` | （可能小改：返回 CanonicalImportResult 适配） |,e2a7c4305a26393518b786b82c627afdbb9eac6a42273c97722fec1ee6efc456,WIKI-LEGACY-SPECIAL-0569,history_filing,superseded,| company-wiki | `src/company_wiki/source_catalog/portfolio_promoter.py` | （可能小改：返回 CanonicalImportResult 适配） |,原文及所属阶段时间/配置/样本范围；不继承已PASS结论,同文件3–28明确cancelled_by_Strategy_B；progress:41–56,本行属于被Strategy B取消/回滚的Strategy A原设计、流程或验收；不作为现行缺陷或已实现能力。,保留原始历史版本；将局部实现、生产消费和退休设计分别追踪，具体缺口见review.md,docs/plans/portfolio-reuse-automatic/task_plan.md:1-180
C:\Users\郑曾波\Projects\company-wiki\docs\plans\portfolio-reuse-automatic\task_plan.md,docs/plans/portfolio-reuse-automatic/task_plan.md,177,177,| company-wiki | `src/company_wiki/source_catalog/cli.py` | import-portfolio 锁重试（Phase 2.2） |,e2a7c4305a26393518b786b82c627afdbb9eac6a42273c97722fec1ee6efc456,WIKI-LEGACY-SPECIAL-0570,history_filing,superseded,| company-wiki | `src/company_wiki/source_catalog/cli.py` | import-portfolio 锁重试（Phase 2.2） |,原文及所属阶段时间/配置/样本范围；不继承已PASS结论,同文件3–28明确cancelled_by_Strategy_B；progress:41–56,本行属于被Strategy B取消/回滚的Strategy A原设计、流程或验收；不作为现行缺陷或已实现能力。,保留原始历史版本；将局部实现、生产消费和退休设计分别追踪，具体缺口见review.md,docs/plans/portfolio-reuse-automatic/task_plan.md:1-180
C:\Users\郑曾波\Projects\company-wiki\docs\plans\portfolio-reuse-automatic\task_plan.md,docs/plans/portfolio-reuse-automatic/task_plan.md,178,178,| company-wiki | `tests/contract/test_source_catalog_auto_promote.py`（新） | Phase 4 |,e2a7c4305a26393518b786b82c627afdbb9eac6a42273c97722fec1ee6efc456,WIKI-LEGACY-SPECIAL-0571,history_filing,superseded,| company-wiki | `tests/contract/test_source_catalog_auto_promote.py`（新） | Phase 4 |,原文及所属阶段时间/配置/样本范围；不继承已PASS结论,同文件3–28明确cancelled_by_Strategy_B；progress:41–56,本行属于被Strategy B取消/回滚的Strategy A原设计、流程或验收；不作为现行缺陷或已实现能力。,保留原始历史版本；将局部实现、生产消费和退休设计分别追踪，具体缺口见review.md,docs/plans/portfolio-reuse-automatic/task_plan.md:1-180
C:\Users\郑曾波\Projects\company-wiki\docs\plans\portfolio-reuse-automatic\task_plan.md,docs/plans/portfolio-reuse-automatic/task_plan.md,179,179,| company-wiki | `docs/adr/ADR-008-*.md` / `docs/OPERATIONS.md` | Phase 5 |,e2a7c4305a26393518b786b82c627afdbb9eac6a42273c97722fec1ee6efc456,WIKI-LEGACY-SPECIAL-0572,history_filing,superseded,| company-wiki | `docs/adr/ADR-008-*.md` / `docs/OPERATIONS.md` | Phase 5 |,原文及所属阶段时间/配置/样本范围；不继承已PASS结论,同文件3–28明确cancelled_by_Strategy_B；progress:41–56,本行属于被Strategy B取消/回滚的Strategy A原设计、流程或验收；不作为现行缺陷或已实现能力。,保留原始历史版本；将局部实现、生产消费和退休设计分别追踪，具体缺口见review.md,docs/plans/portfolio-reuse-automatic/task_plan.md:1-180
C:\Users\郑曾波\Projects\company-wiki\docs\plans\portfolio-reuse-automatic\task_plan.md,docs/plans/portfolio-reuse-automatic/task_plan.md,180,180,| filing-fetch | （零改动） | 仅 SKILL.md Notes 说明 |,e2a7c4305a26393518b786b82c627afdbb9eac6a42273c97722fec1ee6efc456,WIKI-LEGACY-SPECIAL-0573,history_filing,superseded,| filing-fetch | （零改动） | 仅 SKILL.md Notes 说明 |,原文及所属阶段时间/配置/样本范围；不继承已PASS结论,同文件3–28明确cancelled_by_Strategy_B；progress:41–56,本行属于被Strategy B取消/回滚的Strategy A原设计、流程或验收；不作为现行缺陷或已实现能力。,保留原始历史版本；将局部实现、生产消费和退休设计分别追踪，具体缺口见review.md,docs/plans/portfolio-reuse-automatic/task_plan.md:1-180
C:\Users\郑曾波\Projects\company-wiki\docs\plans\portfolio-reuse-fix\CURRENT_STATUS.md,docs/plans/portfolio-reuse-fix/CURRENT_STATUS.md,3,3,> 2026-09-06状态补充：本历史方案继续superseded_closed；新[原痛点审计与整改](../painpoint-outcome-audit-2026-09-05/README.md)记录policy/eligible及跨root缺口。只领取新计划WP02/03/04/13的明确卡，不复活本目录Strategy A或历史删除回滚。,4932808ef52ef62fcc319ecf21f77a3d3a879727cda692f655ee965b7ac35043,WIKI-LEGACY-SPECIAL-0574,history_filing,supported_scoped,> 2026-09-06状态补充：本历史方案继续superseded_closed；新[原痛点审计与整改](../painpoint-outcome-audit-2026-09-05/README.md)记录policy/eligible及跨root缺口。只领取新计划WP02/03/04/13的明确卡，不复活本目录Strategy A或历史删除回滚。,原文及所属阶段时间/配置/样本范围；不继承已PASS结论,automatic/task_plan:3–28；reviews/filing/item_ledger政策校验；本轮仅静态,当前解释正确收窄为历史Strategy A关闭，失效的company_raw-only/原ROOT_CAUSE引用不能触发施工；已对照两套计划与现行策略。,保留原始历史版本；将局部实现、生产消费和退休设计分别追踪，具体缺口见review.md,docs/plans/portfolio-reuse-fix/CURRENT_STATUS.md:1-11
C:\Users\郑曾波\Projects\company-wiki\docs\plans\portfolio-reuse-fix\CURRENT_STATUS.md,docs/plans/portfolio-reuse-fix/CURRENT_STATUS.md,5,5,核对日期：2026-09-04。覆盖本目录三件套；均已全文阅读，保留原文。,4932808ef52ef62fcc319ecf21f77a3d3a879727cda692f655ee965b7ac35043,WIKI-LEGACY-SPECIAL-0575,history_filing,supported_scoped,核对日期：2026-09-04。覆盖本目录三件套；均已全文阅读，保留原文。,原文及所属阶段时间/配置/样本范围；不继承已PASS结论,automatic/task_plan:3–28；reviews/filing/item_ledger政策校验；本轮仅静态,当前解释正确收窄为历史Strategy A关闭，失效的company_raw-only/原ROOT_CAUSE引用不能触发施工；已对照两套计划与现行策略。,保留原始历史版本；将局部实现、生产消费和退休设计分别追踪，具体缺口见review.md,docs/plans/portfolio-reuse-fix/CURRENT_STATUS.md:1-11
C:\Users\郑曾波\Projects\company-wiki\docs\plans\portfolio-reuse-fix\CURRENT_STATUS.md,docs/plans/portfolio-reuse-fix/CURRENT_STATUS.md,7,7,- 状态仍为superseded_closed。历史Strategy A手动提升实现不等于当前必须提升后才能复用；后续Strategy B已采用配置驱动只读复用，不能重新执行Phase 7或把“默认不做B”当现行决策。,4932808ef52ef62fcc319ecf21f77a3d3a879727cda692f655ee965b7ac35043,WIKI-LEGACY-SPECIAL-0576,history_filing,supported_scoped,- 状态仍为superseded_closed。历史Strategy A手动提升实现不等于当前必须提升后才能复用；后续Strategy B已采用配置驱动只读复用，不能重新执行Phase 7或把“默认不做B”当现行决策。,原文及所属阶段时间/配置/样本范围；不继承已PASS结论,automatic/task_plan:3–28；reviews/filing/item_ledger政策校验；本轮仅静态,当前解释正确收窄为历史Strategy A关闭，失效的company_raw-only/原ROOT_CAUSE引用不能触发施工；已对照两套计划与现行策略。,保留原始历史版本；将局部实现、生产消费和退休设计分别追踪，具体缺口见review.md,docs/plans/portfolio-reuse-fix/CURRENT_STATUS.md:1-11
C:\Users\郑曾波\Projects\company-wiki\docs\plans\portfolio-reuse-fix\CURRENT_STATUS.md,docs/plans/portfolio-reuse-fix/CURRENT_STATUS.md,8,8,- findings的company_raw-only、无CLI、固定companies路径围栏及“filing零改”描述是8/3调查快照，后续代码已演进。progress有非时间顺序的重复章节，尾部“仅方案/未动代码”不能覆盖较早段落的实施完成记录。,4932808ef52ef62fcc319ecf21f77a3d3a879727cda692f655ee965b7ac35043,WIKI-LEGACY-SPECIAL-0577,history_filing,supported_scoped,- findings的company_raw-only、无CLI、固定companies路径围栏及“filing零改”描述是8/3调查快照，后续代码已演进。progress有非时间顺序的重复章节，尾部“仅方案/未动代码”不能覆盖较早段落的实施完成记录。,原文及所属阶段时间/配置/样本范围；不继承已PASS结论,automatic/task_plan:3–28；reviews/filing/item_ledger政策校验；本轮仅静态,当前解释正确收窄为历史Strategy A关闭，失效的company_raw-only/原ROOT_CAUSE引用不能触发施工；已对照两套计划与现行策略。,保留原始历史版本；将局部实现、生产消费和退休设计分别追踪，具体缺口见review.md,docs/plans/portfolio-reuse-fix/CURRENT_STATUS.md:1-11
C:\Users\郑曾波\Projects\company-wiki\docs\plans\portfolio-reuse-fix\CURRENT_STATUS.md,docs/plans/portfolio-reuse-fix/CURRENT_STATUS.md,9,9,- task_plan的同目录ROOT_CAUSE引用不是实际文件；历史来源在findings指向范围之外的Research目录，本轮未核验该外部来源。无需为修断链复制或生成原报告。,4932808ef52ef62fcc319ecf21f77a3d3a879727cda692f655ee965b7ac35043,WIKI-LEGACY-SPECIAL-0578,history_filing,supported_scoped,- task_plan的同目录ROOT_CAUSE引用不是实际文件；历史来源在findings指向范围之外的Research目录，本轮未核验该外部来源。无需为修断链复制或生成原报告。,原文及所属阶段时间/配置/样本范围；不继承已PASS结论,automatic/task_plan:3–28；reviews/filing/item_ledger政策校验；本轮仅静态,当前解释正确收窄为历史Strategy A关闭，失效的company_raw-only/原ROOT_CAUSE引用不能触发施工；已对照两套计划与现行策略。,保留原始历史版本；将局部实现、生产消费和退休设计分别追踪，具体缺口见review.md,docs/plans/portfolio-reuse-fix/CURRENT_STATUS.md:1-11
C:\Users\郑曾波\Projects\company-wiki\docs\plans\portfolio-reuse-fix\CURRENT_STATUS.md,docs/plans/portfolio-reuse-fix/CURRENT_STATUS.md,10,10,- 旧回滚“删除新增canonical文件+sidecar+重扫”不是通用安全授权；必须考虑当前来源引用和独立审查，不从历史方案自动执行删除/下载/worker恢复。,4932808ef52ef62fcc319ecf21f77a3d3a879727cda692f655ee965b7ac35043,WIKI-LEGACY-SPECIAL-0579,history_filing,supported_scoped,- 旧回滚“删除新增canonical文件+sidecar+重扫”不是通用安全授权；必须考虑当前来源引用和独立审查，不从历史方案自动执行删除/下载/worker恢复。,原文及所属阶段时间/配置/样本范围；不继承已PASS结论,automatic/task_plan:3–28；reviews/filing/item_ledger政策校验；本轮仅静态,当前解释正确收窄为历史Strategy A关闭，失效的company_raw-only/原ROOT_CAUSE引用不能触发施工；已对照两套计划与现行策略。,保留原始历史版本；将局部实现、生产消费和退休设计分别追踪，具体缺口见review.md,docs/plans/portfolio-reuse-fix/CURRENT_STATUS.md:1-11
C:\Users\郑曾波\Projects\company-wiki\docs\plans\portfolio-reuse-fix\CURRENT_STATUS.md,docs/plans/portfolio-reuse-fix/CURRENT_STATUS.md,11,11,- 后续入口见 [当前规划状态](../../../PLANNING_STATUS.md)，不从旧空框领取工作。,4932808ef52ef62fcc319ecf21f77a3d3a879727cda692f655ee965b7ac35043,WIKI-LEGACY-SPECIAL-0580,history_filing,supported_scoped,- 后续入口见 [当前规划状态](../../../PLANNING_STATUS.md)，不从旧空框领取工作。,原文及所属阶段时间/配置/样本范围；不继承已PASS结论,automatic/task_plan:3–28；reviews/filing/item_ledger政策校验；本轮仅静态,当前解释正确收窄为历史Strategy A关闭，失效的company_raw-only/原ROOT_CAUSE引用不能触发施工；已对照两套计划与现行策略。,保留原始历史版本；将局部实现、生产消费和退休设计分别追踪，具体缺口见review.md,docs/plans/portfolio-reuse-fix/CURRENT_STATUS.md:1-11
C:\Users\郑曾波\Projects\company-wiki\docs\plans\portfolio-reuse-fix\findings.md,docs/plans/portfolio-reuse-fix/findings.md,1,1,# 研究发现 — portfolio 复用根因与修复落点,fc87e6e90b840d2c65021cda25613e1571b62f9b16805863c4b8cfd4be294c02,WIKI-LEGACY-SPECIAL-0581,history_filing,historical_only,# 研究发现 — portfolio 复用根因与修复落点,原文及所属阶段时间/配置/样本范围；不继承已PASS结论,原文有日期的历史叙述；本轮不重跑生产、不以本轮测试反向证明当日计数/耗时/完整范围；当前多root policy已替代,该项是旧架构/数据库计数/金山云meta字段与spike诊断，已全文阅读；不将旧公司raw-only逻辑/旧计数当当前状态。,保留原始历史版本；将局部实现、生产消费和退休设计分别追踪，具体缺口见review.md,docs/plans/portfolio-reuse-fix/findings.md:1-114
C:\Users\郑曾波\Projects\company-wiki\docs\plans\portfolio-reuse-fix\findings.md,docs/plans/portfolio-reuse-fix/findings.md,3,4,"> 关联根因文档：`C:\Users\郑曾波\projects\Research\kingsoft-cloud-revenue\ROOT_CAUSE_portfolio_reuse.md`
> 本文件记录为制定修复方案而做的代码核查事实。**行号会随代码漂移，实施前务必以实际代码为准。**",fc87e6e90b840d2c65021cda25613e1571b62f9b16805863c4b8cfd4be294c02,WIKI-LEGACY-SPECIAL-0582,history_filing,historical_only,"> 关联根因文档：`C:\Users\郑曾波\projects\Research\kingsoft-cloud-revenue\ROOT_CAUSE_portfolio_reuse.md`
> 本文件记录为制定修复方案而做的代码核查事实。**行号会随代码漂移，实施前务必以实际代码为准。**",原文及所属阶段时间/配置/样本范围；不继承已PASS结论,原文有日期的历史叙述；本轮不重跑生产、不以本轮测试反向证明当日计数/耗时/完整范围；当前多root policy已替代,该项是旧架构/数据库计数/金山云meta字段与spike诊断，已全文阅读；不将旧公司raw-only逻辑/旧计数当当前状态。,保留原始历史版本；将局部实现、生产消费和退休设计分别追踪，具体缺口见review.md,docs/plans/portfolio-reuse-fix/findings.md:1-114
C:\Users\郑曾波\Projects\company-wiki\docs\plans\portfolio-reuse-fix\findings.md,docs/plans/portfolio-reuse-fix/findings.md,6,6,"## 发现 1：portfolio 确实已配置并已扫描入库（用户原始意图已实现""一半""）",fc87e6e90b840d2c65021cda25613e1571b62f9b16805863c4b8cfd4be294c02,WIKI-LEGACY-SPECIAL-0583,history_filing,historical_only,"## 发现 1：portfolio 确实已配置并已扫描入库（用户原始意图已实现""一半""）",原文及所属阶段时间/配置/样本范围；不继承已PASS结论,原文有日期的历史叙述；本轮不重跑生产、不以本轮测试反向证明当日计数/耗时/完整范围；当前多root policy已替代,该项是旧架构/数据库计数/金山云meta字段与spike诊断，已全文阅读；不将旧公司raw-only逻辑/旧计数当当前状态。,保留原始历史版本；将局部实现、生产消费和退休设计分别追踪，具体缺口见review.md,docs/plans/portfolio-reuse-fix/findings.md:1-114
C:\Users\郑曾波\Projects\company-wiki\docs\plans\portfolio-reuse-fix\findings.md,docs/plans/portfolio-reuse-fix/findings.md,8,8,- `config/source_catalog.yaml` 列了三个 root：`company_raw`(companies/)、`dayu_portfolio`(dayu-agent/workspace/portfolio)、`dropbox_stock`(Dropbox/Stock)。,fc87e6e90b840d2c65021cda25613e1571b62f9b16805863c4b8cfd4be294c02,WIKI-LEGACY-SPECIAL-0584,history_filing,historical_only,- `config/source_catalog.yaml` 列了三个 root：`company_raw`(companies/)、`dayu_portfolio`(dayu-agent/workspace/portfolio)、`dropbox_stock`(Dropbox/Stock)。,原文及所属阶段时间/配置/样本范围；不继承已PASS结论,原文有日期的历史叙述；本轮不重跑生产、不以本轮测试反向证明当日计数/耗时/完整范围；当前多root policy已替代,该项是旧架构/数据库计数/金山云meta字段与spike诊断，已全文阅读；不将旧公司raw-only逻辑/旧计数当当前状态。,保留原始历史版本；将局部实现、生产消费和退休设计分别追踪，具体缺口见review.md,docs/plans/portfolio-reuse-fix/findings.md:1-114
C:\Users\郑曾波\Projects\company-wiki\docs\plans\portfolio-reuse-fix\findings.md,docs/plans/portfolio-reuse-fix/findings.md,9,9,"- catalog DB 实测三者都已扫描：company_raw 33,074 locations、**dayu_portfolio 3,591 locations**、dropbox_stock 9,899。",fc87e6e90b840d2c65021cda25613e1571b62f9b16805863c4b8cfd4be294c02,WIKI-LEGACY-SPECIAL-0585,history_filing,historical_only,"- catalog DB 实测三者都已扫描：company_raw 33,074 locations、**dayu_portfolio 3,591 locations**、dropbox_stock 9,899。",原文及所属阶段时间/配置/样本范围；不继承已PASS结论,原文有日期的历史叙述；本轮不重跑生产、不以本轮测试反向证明当日计数/耗时/完整范围；当前多root policy已替代,该项是旧架构/数据库计数/金山云meta字段与spike诊断，已全文阅读；不将旧公司raw-only逻辑/旧计数当当前状态。,保留原始历史版本；将局部实现、生产消费和退休设计分别追踪，具体缺口见review.md,docs/plans/portfolio-reuse-fix/findings.md:1-114
C:\Users\郑曾波\Projects\company-wiki\docs\plans\portfolio-reuse-fix\findings.md,docs/plans/portfolio-reuse-fix/findings.md,10,10,- 金山云 3896 的全部 7 份财报（含 FY2025 年报 `fil_cn_48ec0d41…pdf`）均在 catalog，`location_status=active`、`role=original_primary`，挂在 `dayu_portfolio` 根下。,fc87e6e90b840d2c65021cda25613e1571b62f9b16805863c4b8cfd4be294c02,WIKI-LEGACY-SPECIAL-0586,history_filing,historical_only,- 金山云 3896 的全部 7 份财报（含 FY2025 年报 `fil_cn_48ec0d41…pdf`）均在 catalog，`location_status=active`、`role=original_primary`，挂在 `dayu_portfolio` 根下。,原文及所属阶段时间/配置/样本范围；不继承已PASS结论,原文有日期的历史叙述；本轮不重跑生产、不以本轮测试反向证明当日计数/耗时/完整范围；当前多root policy已替代,该项是旧架构/数据库计数/金山云meta字段与spike诊断，已全文阅读；不将旧公司raw-only逻辑/旧计数当当前状态。,保留原始历史版本；将局部实现、生产消费和退休设计分别追踪，具体缺口见review.md,docs/plans/portfolio-reuse-fix/findings.md:1-114
C:\Users\郑曾波\Projects\company-wiki\docs\plans\portfolio-reuse-fix\findings.md,docs/plans/portfolio-reuse-fix/findings.md,11,11,- 含 `_docling.json`（已解析）、`.pdf.source.json`（溯源，带 HKEX 原 URL `https://www1.hkexnews.hk/.../2026042301428_c.pdf`、`pdf_sha256`、`filing_date`）。,fc87e6e90b840d2c65021cda25613e1571b62f9b16805863c4b8cfd4be294c02,WIKI-LEGACY-SPECIAL-0587,history_filing,historical_only,- 含 `_docling.json`（已解析）、`.pdf.source.json`（溯源，带 HKEX 原 URL `https://www1.hkexnews.hk/.../2026042301428_c.pdf`、`pdf_sha256`、`filing_date`）。,原文及所属阶段时间/配置/样本范围；不继承已PASS结论,原文有日期的历史叙述；本轮不重跑生产、不以本轮测试反向证明当日计数/耗时/完整范围；当前多root policy已替代,该项是旧架构/数据库计数/金山云meta字段与spike诊断，已全文阅读；不将旧公司raw-only逻辑/旧计数当当前状态。,保留原始历史版本；将局部实现、生产消费和退休设计分别追踪，具体缺口见review.md,docs/plans/portfolio-reuse-fix/findings.md:1-114
C:\Users\郑曾波\Projects\company-wiki\docs\plans\portfolio-reuse-fix\findings.md,docs/plans/portfolio-reuse-fix/findings.md,12,12,"- 结论：**扫描/检索层**已纳入；**规范复用层**没有。先前""未注册""的说法已更正为错误。",fc87e6e90b840d2c65021cda25613e1571b62f9b16805863c4b8cfd4be294c02,WIKI-LEGACY-SPECIAL-0588,history_filing,historical_only,"- 结论：**扫描/检索层**已纳入；**规范复用层**没有。先前""未注册""的说法已更正为错误。",原文及所属阶段时间/配置/样本范围；不继承已PASS结论,原文有日期的历史叙述；本轮不重跑生产、不以本轮测试反向证明当日计数/耗时/完整范围；当前多root policy已替代,该项是旧架构/数据库计数/金山云meta字段与spike诊断，已全文阅读；不将旧公司raw-only逻辑/旧计数当当前状态。,保留原始历史版本；将局部实现、生产消费和退休设计分别追踪，具体缺口见review.md,docs/plans/portfolio-reuse-fix/findings.md:1-114
C:\Users\郑曾波\Projects\company-wiki\docs\plans\portfolio-reuse-fix\findings.md,docs/plans/portfolio-reuse-fix/findings.md,14,14,## 发现 2：复用断点在 resolver，且是有意设计,fc87e6e90b840d2c65021cda25613e1571b62f9b16805863c4b8cfd4be294c02,WIKI-LEGACY-SPECIAL-0589,history_filing,historical_only,## 发现 2：复用断点在 resolver，且是有意设计,原文及所属阶段时间/配置/样本范围；不继承已PASS结论,原文有日期的历史叙述；本轮不重跑生产、不以本轮测试反向证明当日计数/耗时/完整范围；当前多root policy已替代,该项是旧架构/数据库计数/金山云meta字段与spike诊断，已全文阅读；不将旧公司raw-only逻辑/旧计数当当前状态。,保留原始历史版本；将局部实现、生产消费和退休设计分别追踪，具体缺口见review.md,docs/plans/portfolio-reuse-fix/findings.md:1-114
C:\Users\郑曾波\Projects\company-wiki\docs\plans\portfolio-reuse-fix\findings.md,docs/plans/portfolio-reuse-fix/findings.md,16,16,`src/company_wiki/source_catalog/resolver.py` 的 `SourceResolver.resolve()`（约 393-545 行）：,fc87e6e90b840d2c65021cda25613e1571b62f9b16805863c4b8cfd4be294c02,WIKI-LEGACY-SPECIAL-0590,history_filing,historical_only,`src/company_wiki/source_catalog/resolver.py` 的 `SourceResolver.resolve()`（约 393-545 行）：,原文及所属阶段时间/配置/样本范围；不继承已PASS结论,原文有日期的历史叙述；本轮不重跑生产、不以本轮测试反向证明当日计数/耗时/完整范围；当前多root policy已替代,该项是旧架构/数据库计数/金山云meta字段与spike诊断，已全文阅读；不将旧公司raw-only逻辑/旧计数当当前状态。,保留原始历史版本；将局部实现、生产消费和退休设计分别追踪，具体缺口见review.md,docs/plans/portfolio-reuse-fix/findings.md:1-114
C:\Users\郑曾波\Projects\company-wiki\docs\plans\portfolio-reuse-fix\findings.md,docs/plans/portfolio-reuse-fix/findings.md,17,17,"- 405-412 行：`company_raw_root_ids = {r.root_id for r in roots if r.kind==""company_raw""}`。",fc87e6e90b840d2c65021cda25613e1571b62f9b16805863c4b8cfd4be294c02,WIKI-LEGACY-SPECIAL-0591,history_filing,historical_only,"- 405-412 行：`company_raw_root_ids = {r.root_id for r in roots if r.kind==""company_raw""}`。",原文及所属阶段时间/配置/样本范围；不继承已PASS结论,原文有日期的历史叙述；本轮不重跑生产、不以本轮测试反向证明当日计数/耗时/完整范围；当前多root policy已替代,该项是旧架构/数据库计数/金山云meta字段与spike诊断，已全文阅读；不将旧公司raw-only逻辑/旧计数当当前状态。,保留原始历史版本；将局部实现、生产消费和退休设计分别追踪，具体缺口见review.md,docs/plans/portfolio-reuse-fix/findings.md:1-114
C:\Users\郑曾波\Projects\company-wiki\docs\plans\portfolio-reuse-fix\findings.md,docs/plans/portfolio-reuse-fix/findings.md,18,18,"- 506-513 行：候选 document 的 canonical locations 必须有 ≥1 个 `root_id in company_raw_root_ids`，否则 `trace.append(""no_canonical_company_raw_location"")` 并 `continue`。",fc87e6e90b840d2c65021cda25613e1571b62f9b16805863c4b8cfd4be294c02,WIKI-LEGACY-SPECIAL-0592,history_filing,historical_only,"- 506-513 行：候选 document 的 canonical locations 必须有 ≥1 个 `root_id in company_raw_root_ids`，否则 `trace.append(""no_canonical_company_raw_location"")` 并 `continue`。",原文及所属阶段时间/配置/样本范围；不继承已PASS结论,原文有日期的历史叙述；本轮不重跑生产、不以本轮测试反向证明当日计数/耗时/完整范围；当前多root policy已替代,该项是旧架构/数据库计数/金山云meta字段与spike诊断，已全文阅读；不将旧公司raw-only逻辑/旧计数当当前状态。,保留原始历史版本；将局部实现、生产消费和退休设计分别追踪，具体缺口见review.md,docs/plans/portfolio-reuse-fix/findings.md:1-114
C:\Users\郑曾波\Projects\company-wiki\docs\plans\portfolio-reuse-fix\findings.md,docs/plans/portfolio-reuse-fix/findings.md,19,19,- 金山云 FY2025 唯一活动 location 在 dayu_portfolio → 命中该分支 → 不产出 handle → filing-fetch 报 `no_existing_source_satisfies_request` → 重下。,fc87e6e90b840d2c65021cda25613e1571b62f9b16805863c4b8cfd4be294c02,WIKI-LEGACY-SPECIAL-0593,history_filing,historical_only,- 金山云 FY2025 唯一活动 location 在 dayu_portfolio → 命中该分支 → 不产出 handle → filing-fetch 报 `no_existing_source_satisfies_request` → 重下。,原文及所属阶段时间/配置/样本范围；不继承已PASS结论,原文有日期的历史叙述；本轮不重跑生产、不以本轮测试反向证明当日计数/耗时/完整范围；当前多root policy已替代,该项是旧架构/数据库计数/金山云meta字段与spike诊断，已全文阅读；不将旧公司raw-only逻辑/旧计数当当前状态。,保留原始历史版本；将局部实现、生产消费和退休设计分别追踪，具体缺口见review.md,docs/plans/portfolio-reuse-fix/findings.md:1-114
C:\Users\郑曾波\Projects\company-wiki\docs\plans\portfolio-reuse-fix\findings.md,docs/plans/portfolio-reuse-fix/findings.md,20,20,"- 注释明说是有意为之（""filing-fetch rejects such handles""）。",fc87e6e90b840d2c65021cda25613e1571b62f9b16805863c4b8cfd4be294c02,WIKI-LEGACY-SPECIAL-0594,history_filing,historical_only,"- 注释明说是有意为之（""filing-fetch rejects such handles""）。",原文及所属阶段时间/配置/样本范围；不继承已PASS结论,原文有日期的历史叙述；本轮不重跑生产、不以本轮测试反向证明当日计数/耗时/完整范围；当前多root policy已替代,该项是旧架构/数据库计数/金山云meta字段与spike诊断，已全文阅读；不将旧公司raw-only逻辑/旧计数当当前状态。,保留原始历史版本；将局部实现、生产消费和退休设计分别追踪，具体缺口见review.md,docs/plans/portfolio-reuse-fix/findings.md:1-114
C:\Users\郑曾波\Projects\company-wiki\docs\plans\portfolio-reuse-fix\findings.md,docs/plans/portfolio-reuse-fix/findings.md,22,22,## 发现 3：另一道闸在 filing-fetch handle 契约（companies/ 路径围栏）,fc87e6e90b840d2c65021cda25613e1571b62f9b16805863c4b8cfd4be294c02,WIKI-LEGACY-SPECIAL-0595,history_filing,historical_only,## 发现 3：另一道闸在 filing-fetch handle 契约（companies/ 路径围栏）,原文及所属阶段时间/配置/样本范围；不继承已PASS结论,原文有日期的历史叙述；本轮不重跑生产、不以本轮测试反向证明当日计数/耗时/完整范围；当前多root policy已替代,该项是旧架构/数据库计数/金山云meta字段与spike诊断，已全文阅读；不将旧公司raw-only逻辑/旧计数当当前状态。,保留原始历史版本；将局部实现、生产消费和退休设计分别追踪，具体缺口见review.md,docs/plans/portfolio-reuse-fix/findings.md:1-114
C:\Users\郑曾波\Projects\company-wiki\docs\plans\portfolio-reuse-fix\findings.md,docs/plans/portfolio-reuse-fix/findings.md,24,24,- `filing-fetch/scripts/filing_contracts.py:131`、`SKILL.md:36`、`tests/test_fetch_filing.py:648`：handle 的 `canonical_path` 必须在 company-wiki `companies/` 子树内，否则拒绝。,fc87e6e90b840d2c65021cda25613e1571b62f9b16805863c4b8cfd4be294c02,WIKI-LEGACY-SPECIAL-0596,history_filing,historical_only,- `filing-fetch/scripts/filing_contracts.py:131`、`SKILL.md:36`、`tests/test_fetch_filing.py:648`：handle 的 `canonical_path` 必须在 company-wiki `companies/` 子树内，否则拒绝。,原文及所属阶段时间/配置/样本范围；不继承已PASS结论,原文有日期的历史叙述；本轮不重跑生产、不以本轮测试反向证明当日计数/耗时/完整范围；当前多root policy已替代,该项是旧架构/数据库计数/金山云meta字段与spike诊断，已全文阅读；不将旧公司raw-only逻辑/旧计数当当前状态。,保留原始历史版本；将局部实现、生产消费和退休设计分别追踪，具体缺口见review.md,docs/plans/portfolio-reuse-fix/findings.md:1-114
C:\Users\郑曾波\Projects\company-wiki\docs\plans\portfolio-reuse-fix\findings.md,docs/plans/portfolio-reuse-fix/findings.md,25,25,"- 即便 resolver 放行 portfolio 路径，filing-fetch 仍会拒收。两道闸共同锁死""不可复用""。",fc87e6e90b840d2c65021cda25613e1571b62f9b16805863c4b8cfd4be294c02,WIKI-LEGACY-SPECIAL-0597,history_filing,historical_only,"- 即便 resolver 放行 portfolio 路径，filing-fetch 仍会拒收。两道闸共同锁死""不可复用""。",原文及所属阶段时间/配置/样本范围；不继承已PASS结论,原文有日期的历史叙述；本轮不重跑生产、不以本轮测试反向证明当日计数/耗时/完整范围；当前多root policy已替代,该项是旧架构/数据库计数/金山云meta字段与spike诊断，已全文阅读；不将旧公司raw-only逻辑/旧计数当当前状态。,保留原始历史版本；将局部实现、生产消费和退休设计分别追踪，具体缺口见review.md,docs/plans/portfolio-reuse-fix/findings.md:1-114
C:\Users\郑曾波\Projects\company-wiki\docs\plans\portfolio-reuse-fix\findings.md,docs/plans/portfolio-reuse-fix/findings.md,27,27,## 发现 4：规范写入只有一条受验证的入口 — `CanonicalSourceWriter.import_staged()`,fc87e6e90b840d2c65021cda25613e1571b62f9b16805863c4b8cfd4be294c02,WIKI-LEGACY-SPECIAL-0598,history_filing,historical_only,## 发现 4：规范写入只有一条受验证的入口 — `CanonicalSourceWriter.import_staged()`,原文及所属阶段时间/配置/样本范围；不继承已PASS结论,原文有日期的历史叙述；本轮不重跑生产、不以本轮测试反向证明当日计数/耗时/完整范围；当前多root policy已替代,该项是旧架构/数据库计数/金山云meta字段与spike诊断，已全文阅读；不将旧公司raw-only逻辑/旧计数当当前状态。,保留原始历史版本；将局部实现、生产消费和退休设计分别追踪，具体缺口见review.md,docs/plans/portfolio-reuse-fix/findings.md:1-114
C:\Users\郑曾波\Projects\company-wiki\docs\plans\portfolio-reuse-fix\findings.md,docs/plans/portfolio-reuse-fix/findings.md,29,29,"`src/company_wiki/source_catalog/canonical_writer.py:136` `import_staged(request, candidate, receipt)`：",fc87e6e90b840d2c65021cda25613e1571b62f9b16805863c4b8cfd4be294c02,WIKI-LEGACY-SPECIAL-0599,history_filing,historical_only,"`src/company_wiki/source_catalog/canonical_writer.py:136` `import_staged(request, candidate, receipt)`：",原文及所属阶段时间/配置/样本范围；不继承已PASS结论,原文有日期的历史叙述；本轮不重跑生产、不以本轮测试反向证明当日计数/耗时/完整范围；当前多root policy已替代,该项是旧架构/数据库计数/金山云meta字段与spike诊断，已全文阅读；不将旧公司raw-only逻辑/旧计数当当前状态。,保留原始历史版本；将局部实现、生产消费和退休设计分别追踪，具体缺口见review.md,docs/plans/portfolio-reuse-fix/findings.md:1-114
C:\Users\郑曾波\Projects\company-wiki\docs\plans\portfolio-reuse-fix\findings.md,docs/plans/portfolio-reuse-fix/findings.md,30,30,1. `_validate_staged`：校验 staged 文件在 `staging_root` 内、字节大小/sha256 与 receipt 一致。,fc87e6e90b840d2c65021cda25613e1571b62f9b16805863c4b8cfd4be294c02,WIKI-LEGACY-SPECIAL-0600,history_filing,historical_only,1. `_validate_staged`：校验 staged 文件在 `staging_root` 内、字节大小/sha256 与 receipt 一致。,原文及所属阶段时间/配置/样本范围；不继承已PASS结论,原文有日期的历史叙述；本轮不重跑生产、不以本轮测试反向证明当日计数/耗时/完整范围；当前多root policy已替代,该项是旧架构/数据库计数/金山云meta字段与spike诊断，已全文阅读；不将旧公司raw-only逻辑/旧计数当当前状态。,保留原始历史版本；将局部实现、生产消费和退休设计分别追踪，具体缺口见review.md,docs/plans/portfolio-reuse-fix/findings.md:1-114
C:\Users\郑曾波\Projects\company-wiki\docs\plans\portfolio-reuse-fix\findings.md,docs/plans/portfolio-reuse-fix/findings.md,31,31,"2. `CatalogOperationLock(operation=""canonical_import"")` 加锁。",fc87e6e90b840d2c65021cda25613e1571b62f9b16805863c4b8cfd4be294c02,WIKI-LEGACY-SPECIAL-0601,history_filing,historical_only,"2. `CatalogOperationLock(operation=""canonical_import"")` 加锁。",原文及所属阶段时间/配置/样本范围；不继承已PASS结论,原文有日期的历史叙述；本轮不重跑生产、不以本轮测试反向证明当日计数/耗时/完整范围；当前多root policy已替代,该项是旧架构/数据库计数/金山云meta字段与spike诊断，已全文阅读；不将旧公司raw-only逻辑/旧计数当当前状态。,保留原始历史版本；将局部实现、生产消费和退休设计分别追踪，具体缺口见review.md,docs/plans/portfolio-reuse-fix/findings.md:1-114
C:\Users\郑曾波\Projects\company-wiki\docs\plans\portfolio-reuse-fix\findings.md,docs/plans/portfolio-reuse-fix/findings.md,32,32,3. `_reactivate_if_retired`：若同 sha256 的 document 被 retired，重新激活。,fc87e6e90b840d2c65021cda25613e1571b62f9b16805863c4b8cfd4be294c02,WIKI-LEGACY-SPECIAL-0602,history_filing,historical_only,3. `_reactivate_if_retired`：若同 sha256 的 document 被 retired，重新激活。,原文及所属阶段时间/配置/样本范围；不继承已PASS结论,原文有日期的历史叙述；本轮不重跑生产、不以本轮测试反向证明当日计数/耗时/完整范围；当前多root policy已替代,该项是旧架构/数据库计数/金山云meta字段与spike诊断，已全文阅读；不将旧公司raw-only逻辑/旧计数当当前状态。,保留原始历史版本；将局部实现、生产消费和退休设计分别追踪，具体缺口见review.md,docs/plans/portfolio-reuse-fix/findings.md:1-114
C:\Users\郑曾波\Projects\company-wiki\docs\plans\portfolio-reuse-fix\findings.md,docs/plans/portfolio-reuse-fix/findings.md,33,33,4. `_existing_original(content_sha256)`：去重查找，**只查 `kind='company_raw'`**（274-289 行，与 resolver 同源逻辑）。,fc87e6e90b840d2c65021cda25613e1571b62f9b16805863c4b8cfd4be294c02,WIKI-LEGACY-SPECIAL-0603,history_filing,historical_only,4. `_existing_original(content_sha256)`：去重查找，**只查 `kind='company_raw'`**（274-289 行，与 resolver 同源逻辑）。,原文及所属阶段时间/配置/样本范围；不继承已PASS结论,原文有日期的历史叙述；本轮不重跑生产、不以本轮测试反向证明当日计数/耗时/完整范围；当前多root policy已替代,该项是旧架构/数据库计数/金山云meta字段与spike诊断，已全文阅读；不将旧公司raw-only逻辑/旧计数当当前状态。,保留原始历史版本；将局部实现、生产消费和退休设计分别追踪，具体缺口见review.md,docs/plans/portfolio-reuse-fix/findings.md:1-114
C:\Users\郑曾波\Projects\company-wiki\docs\plans\portfolio-reuse-fix\findings.md,docs/plans/portfolio-reuse-fix/findings.md,34,34,5. `_destination()`：算出 `companies/{entity}/raw/{subdir}/{filename}`（`_destination_subdirectory` 把 annual_report→financial_reports/annual 等）。,fc87e6e90b840d2c65021cda25613e1571b62f9b16805863c4b8cfd4be294c02,WIKI-LEGACY-SPECIAL-0604,history_filing,historical_only,5. `_destination()`：算出 `companies/{entity}/raw/{subdir}/{filename}`（`_destination_subdirectory` 把 annual_report→financial_reports/annual 等）。,原文及所属阶段时间/配置/样本范围；不继承已PASS结论,原文有日期的历史叙述；本轮不重跑生产、不以本轮测试反向证明当日计数/耗时/完整范围；当前多root policy已替代,该项是旧架构/数据库计数/金山云meta字段与spike诊断，已全文阅读；不将旧公司raw-only逻辑/旧计数当当前状态。,保留原始历史版本；将局部实现、生产消费和退休设计分别追踪，具体缺口见review.md,docs/plans/portfolio-reuse-fix/findings.md:1-114
C:\Users\郑曾波\Projects\company-wiki\docs\plans\portfolio-reuse-fix\findings.md,docs/plans/portfolio-reuse-fix/findings.md,35,35,"6. `_atomic_copy(staged, destination, receipt)`：原子拷贝。",fc87e6e90b840d2c65021cda25613e1571b62f9b16805863c4b8cfd4be294c02,WIKI-LEGACY-SPECIAL-0605,history_filing,historical_only,"6. `_atomic_copy(staged, destination, receipt)`：原子拷贝。",原文及所属阶段时间/配置/样本范围；不继承已PASS结论,原文有日期的历史叙述；本轮不重跑生产、不以本轮测试反向证明当日计数/耗时/完整范围；当前多root policy已替代,该项是旧架构/数据库计数/金山云meta字段与spike诊断，已全文阅读；不将旧公司raw-only逻辑/旧计数当当前状态。,保留原始历史版本；将局部实现、生产消费和退休设计分别追踪，具体缺口见review.md,docs/plans/portfolio-reuse-fix/findings.md:1-114
C:\Users\郑曾波\Projects\company-wiki\docs\plans\portfolio-reuse-fix\findings.md,docs/plans/portfolio-reuse-fix/findings.md,36,36,"7. `_write_provenance(destination+"".source.json"", ...)`：写不可变溯源 sidecar（337 行起；374 行有冲突保护）。",fc87e6e90b840d2c65021cda25613e1571b62f9b16805863c4b8cfd4be294c02,WIKI-LEGACY-SPECIAL-0606,history_filing,historical_only,"7. `_write_provenance(destination+"".source.json"", ...)`：写不可变溯源 sidecar（337 行起；374 行有冲突保护）。",原文及所属阶段时间/配置/样本范围；不继承已PASS结论,原文有日期的历史叙述；本轮不重跑生产、不以本轮测试反向证明当日计数/耗时/完整范围；当前多root policy已替代,该项是旧架构/数据库计数/金山云meta字段与spike诊断，已全文阅读；不将旧公司raw-only逻辑/旧计数当当前状态。,保留原始历史版本；将局部实现、生产消费和退休设计分别追踪，具体缺口见review.md,docs/plans/portfolio-reuse-fix/findings.md:1-114
C:\Users\郑曾波\Projects\company-wiki\docs\plans\portfolio-reuse-fix\findings.md,docs/plans/portfolio-reuse-fix/findings.md,37,37,8. `scan_catalog(root_ids={company_root})`：重扫 company_raw。,fc87e6e90b840d2c65021cda25613e1571b62f9b16805863c4b8cfd4be294c02,WIKI-LEGACY-SPECIAL-0607,history_filing,historical_only,8. `scan_catalog(root_ids={company_root})`：重扫 company_raw。,原文及所属阶段时间/配置/样本范围；不继承已PASS结论,原文有日期的历史叙述；本轮不重跑生产、不以本轮测试反向证明当日计数/耗时/完整范围；当前多root policy已替代,该项是旧架构/数据库计数/金山云meta字段与spike诊断，已全文阅读；不将旧公司raw-only逻辑/旧计数当当前状态。,保留原始历史版本；将局部实现、生产消费和退休设计分别追踪，具体缺口见review.md,docs/plans/portfolio-reuse-fix/findings.md:1-114
C:\Users\郑曾波\Projects\company-wiki\docs\plans\portfolio-reuse-fix\findings.md,docs/plans/portfolio-reuse-fix/findings.md,38,38,9. 重新 `resolve` 并断言 `REUSED_EXACT`，否则报错。,fc87e6e90b840d2c65021cda25613e1571b62f9b16805863c4b8cfd4be294c02,WIKI-LEGACY-SPECIAL-0608,history_filing,historical_only,9. 重新 `resolve` 并断言 `REUSED_EXACT`，否则报错。,原文及所属阶段时间/配置/样本范围；不继承已PASS结论,原文有日期的历史叙述；本轮不重跑生产、不以本轮测试反向证明当日计数/耗时/完整范围；当前多root policy已替代,该项是旧架构/数据库计数/金山云meta字段与spike诊断，已全文阅读；不将旧公司raw-only逻辑/旧计数当当前状态。,保留原始历史版本；将局部实现、生产消费和退休设计分别追踪，具体缺口见review.md,docs/plans/portfolio-reuse-fix/findings.md:1-114
C:\Users\郑曾波\Projects\company-wiki\docs\plans\portfolio-reuse-fix\findings.md,docs/plans/portfolio-reuse-fix/findings.md,39,39,- 输入必须是 `DownloadCandidate` + `DownloadReceipt`（来自 adapter 下载流）。`acquisition_service.ensure()`(76) → `import_staged`(138) 是现有 ensure→下载→入库链路。,fc87e6e90b840d2c65021cda25613e1571b62f9b16805863c4b8cfd4be294c02,WIKI-LEGACY-SPECIAL-0609,history_filing,historical_only,- 输入必须是 `DownloadCandidate` + `DownloadReceipt`（来自 adapter 下载流）。`acquisition_service.ensure()`(76) → `import_staged`(138) 是现有 ensure→下载→入库链路。,原文及所属阶段时间/配置/样本范围；不继承已PASS结论,原文有日期的历史叙述；本轮不重跑生产、不以本轮测试反向证明当日计数/耗时/完整范围；当前多root policy已替代,该项是旧架构/数据库计数/金山云meta字段与spike诊断，已全文阅读；不将旧公司raw-only逻辑/旧计数当当前状态。,保留原始历史版本；将局部实现、生产消费和退休设计分别追踪，具体缺口见review.md,docs/plans/portfolio-reuse-fix/findings.md:1-114
C:\Users\郑曾波\Projects\company-wiki\docs\plans\portfolio-reuse-fix\findings.md,docs/plans/portfolio-reuse-fix/findings.md,40,40,"- **关键复用点**：只要能把 portfolio 的 PDF 先""放进 staging_root""并合成一对 candidate/receipt，就能直接复用 `import_staged` 全部受验证逻辑。",fc87e6e90b840d2c65021cda25613e1571b62f9b16805863c4b8cfd4be294c02,WIKI-LEGACY-SPECIAL-0610,history_filing,historical_only,"- **关键复用点**：只要能把 portfolio 的 PDF 先""放进 staging_root""并合成一对 candidate/receipt，就能直接复用 `import_staged` 全部受验证逻辑。",原文及所属阶段时间/配置/样本范围；不继承已PASS结论,原文有日期的历史叙述；本轮不重跑生产、不以本轮测试反向证明当日计数/耗时/完整范围；当前多root policy已替代,该项是旧架构/数据库计数/金山云meta字段与spike诊断，已全文阅读；不将旧公司raw-only逻辑/旧计数当当前状态。,保留原始历史版本；将局部实现、生产消费和退休设计分别追踪，具体缺口见review.md,docs/plans/portfolio-reuse-fix/findings.md:1-114
C:\Users\郑曾波\Projects\company-wiki\docs\plans\portfolio-reuse-fix\findings.md,docs/plans/portfolio-reuse-fix/findings.md,42,42,## 发现 5：SourceHandle 能从 portfolio location 正常构造（只差放行）,fc87e6e90b840d2c65021cda25613e1571b62f9b16805863c4b8cfd4be294c02,WIKI-LEGACY-SPECIAL-0611,history_filing,historical_only,## 发现 5：SourceHandle 能从 portfolio location 正常构造（只差放行）,原文及所属阶段时间/配置/样本范围；不继承已PASS结论,原文有日期的历史叙述；本轮不重跑生产、不以本轮测试反向证明当日计数/耗时/完整范围；当前多root policy已替代,该项是旧架构/数据库计数/金山云meta字段与spike诊断，已全文阅读；不将旧公司raw-only逻辑/旧计数当当前状态。,保留原始历史版本；将局部实现、生产消费和退休设计分别追踪，具体缺口见review.md,docs/plans/portfolio-reuse-fix/findings.md:1-114
C:\Users\郑曾波\Projects\company-wiki\docs\plans\portfolio-reuse-fix\findings.md,docs/plans/portfolio-reuse-fix/findings.md,44,46,"`resolver.py:208` `SourceHandle`：含 `canonical_path`、`snapshot_sha256`、`https_url`、`capture_ready` 等。
`_handle` 构造（约 700-753 行）：从 location 的 `absolute_path` + `content_sha256` + metadata 里的 `source_url`（须 https）拼 handle；`capture_ready = not missing`。
→ portfolio location 的 absolute_path、content_sha256、source_url(HKEX https) 都齐全，理论上能造出 `capture_ready=True` 的 handle。**唯一拦路是发现 2 的 root-kind 过滤 + 发现 3 的路径围栏。**",fc87e6e90b840d2c65021cda25613e1571b62f9b16805863c4b8cfd4be294c02,WIKI-LEGACY-SPECIAL-0612,history_filing,historical_only,"`resolver.py:208` `SourceHandle`：含 `canonical_path`、`snapshot_sha256`、`https_url`、`capture_ready` 等。
`_handle` 构造（约 700-753 行）：从 location 的 `absolute_path` + `content_sha256` + metadata 里的 `source_url`（须 https）拼 handle；`capture_ready = not missing`。
→ portfolio location 的 absolute_path、content_sha256、source_url(HKEX https) 都齐全，理论上能造出 `capture_ready=True` 的 handle。**唯一拦路是发现 2 的 root-kind 过滤 + 发现 3 的路径围栏。**",原文及所属阶段时间/配置/样本范围；不继承已PASS结论,原文有日期的历史叙述；本轮不重跑生产、不以本轮测试反向证明当日计数/耗时/完整范围；当前多root policy已替代,该项是旧架构/数据库计数/金山云meta字段与spike诊断，已全文阅读；不将旧公司raw-only逻辑/旧计数当当前状态。,保留原始历史版本；将局部实现、生产消费和退休设计分别追踪，具体缺口见review.md,docs/plans/portfolio-reuse-fix/findings.md:1-114
C:\Users\郑曾波\Projects\company-wiki\docs\plans\portfolio-reuse-fix\findings.md,docs/plans/portfolio-reuse-fix/findings.md,48,48,## 发现 6：CLI 没有任何 portfolio→company_raw 桥接命令,fc87e6e90b840d2c65021cda25613e1571b62f9b16805863c4b8cfd4be294c02,WIKI-LEGACY-SPECIAL-0613,history_filing,historical_only,## 发现 6：CLI 没有任何 portfolio→company_raw 桥接命令,原文及所属阶段时间/配置/样本范围；不继承已PASS结论,原文有日期的历史叙述；本轮不重跑生产、不以本轮测试反向证明当日计数/耗时/完整范围；当前多root policy已替代,该项是旧架构/数据库计数/金山云meta字段与spike诊断，已全文阅读；不将旧公司raw-only逻辑/旧计数当当前状态。,保留原始历史版本；将局部实现、生产消费和退休设计分别追踪，具体缺口见review.md,docs/plans/portfolio-reuse-fix/findings.md:1-114
C:\Users\郑曾波\Projects\company-wiki\docs\plans\portfolio-reuse-fix\findings.md,docs/plans/portfolio-reuse-fix/findings.md,50,50,"source_catalog CLI 子命令：scan / normalize / summarize / fingerprint_backfill / derived_audit / status / focus_cleanup / documents(retire/restore) / identity_enrich / identify / query / evidence / extraction_quality / duplicates / resolve / ensure / run / worker。代码里 `promote` 命中均为 wiki proposal/gold review，与来源无关。**缺失""导入/提升""特性。**",fc87e6e90b840d2c65021cda25613e1571b62f9b16805863c4b8cfd4be294c02,WIKI-LEGACY-SPECIAL-0614,history_filing,historical_only,"source_catalog CLI 子命令：scan / normalize / summarize / fingerprint_backfill / derived_audit / status / focus_cleanup / documents(retire/restore) / identity_enrich / identify / query / evidence / extraction_quality / duplicates / resolve / ensure / run / worker。代码里 `promote` 命中均为 wiki proposal/gold review，与来源无关。**缺失""导入/提升""特性。**",原文及所属阶段时间/配置/样本范围；不继承已PASS结论,原文有日期的历史叙述；本轮不重跑生产、不以本轮测试反向证明当日计数/耗时/完整范围；当前多root policy已替代,该项是旧架构/数据库计数/金山云meta字段与spike诊断，已全文阅读；不将旧公司raw-only逻辑/旧计数当当前状态。,保留原始历史版本；将局部实现、生产消费和退休设计分别追踪，具体缺口见review.md,docs/plans/portfolio-reuse-fix/findings.md:1-114
C:\Users\郑曾波\Projects\company-wiki\docs\plans\portfolio-reuse-fix\findings.md,docs/plans/portfolio-reuse-fix/findings.md,52,52,## 发现 7：设计不变量（修复必须尊重）,fc87e6e90b840d2c65021cda25613e1571b62f9b16805863c4b8cfd4be294c02,WIKI-LEGACY-SPECIAL-0615,history_filing,historical_only,## 发现 7：设计不变量（修复必须尊重）,原文及所属阶段时间/配置/样本范围；不继承已PASS结论,原文有日期的历史叙述；本轮不重跑生产、不以本轮测试反向证明当日计数/耗时/完整范围；当前多root policy已替代,该项是旧架构/数据库计数/金山云meta字段与spike诊断，已全文阅读；不将旧公司raw-only逻辑/旧计数当当前状态。,保留原始历史版本；将局部实现、生产消费和退休设计分别追踪，具体缺口见review.md,docs/plans/portfolio-reuse-fix/findings.md:1-114
C:\Users\郑曾波\Projects\company-wiki\docs\plans\portfolio-reuse-fix\findings.md,docs/plans/portfolio-reuse-fix/findings.md,54,54,- ADR-005 单一写者：company-wiki 只在 `companies/{entity}/raw/` 做规范、不可变写入。,fc87e6e90b840d2c65021cda25613e1571b62f9b16805863c4b8cfd4be294c02,WIKI-LEGACY-SPECIAL-0616,history_filing,historical_only,- ADR-005 单一写者：company-wiki 只在 `companies/{entity}/raw/` 做规范、不可变写入。,原文及所属阶段时间/配置/样本范围；不继承已PASS结论,原文有日期的历史叙述；本轮不重跑生产、不以本轮测试反向证明当日计数/耗时/完整范围；当前多root policy已替代,该项是旧架构/数据库计数/金山云meta字段与spike诊断，已全文阅读；不将旧公司raw-only逻辑/旧计数当当前状态。,保留原始历史版本；将局部实现、生产消费和退休设计分别追踪，具体缺口见review.md,docs/plans/portfolio-reuse-fix/findings.md:1-114
C:\Users\郑曾波\Projects\company-wiki\docs\plans\portfolio-reuse-fix\findings.md,docs/plans/portfolio-reuse-fix/findings.md,55,55,- 不可变溯源 sidecar（`.source.json`）+ 字节级 sha256 + 路径围栏 = 篡改证据。,fc87e6e90b840d2c65021cda25613e1571b62f9b16805863c4b8cfd4be294c02,WIKI-LEGACY-SPECIAL-0617,history_filing,historical_only,- 不可变溯源 sidecar（`.source.json`）+ 字节级 sha256 + 路径围栏 = 篡改证据。,原文及所属阶段时间/配置/样本范围；不继承已PASS结论,原文有日期的历史叙述；本轮不重跑生产、不以本轮测试反向证明当日计数/耗时/完整范围；当前多root policy已替代,该项是旧架构/数据库计数/金山云meta字段与spike诊断，已全文阅读；不将旧公司raw-only逻辑/旧计数当当前状态。,保留原始历史版本；将局部实现、生产消费和退休设计分别追踪，具体缺口见review.md,docs/plans/portfolio-reuse-fix/findings.md:1-114
C:\Users\郑曾波\Projects\company-wiki\docs\plans\portfolio-reuse-fix\findings.md,docs/plans/portfolio-reuse-fix/findings.md,56,56,- portfolio 由 dayu-agent 拥有、可随时增删改 → 不能直接当规范来源（破坏不可变性假设）。,fc87e6e90b840d2c65021cda25613e1571b62f9b16805863c4b8cfd4be294c02,WIKI-LEGACY-SPECIAL-0618,history_filing,historical_only,- portfolio 由 dayu-agent 拥有、可随时增删改 → 不能直接当规范来源（破坏不可变性假设）。,原文及所属阶段时间/配置/样本范围；不继承已PASS结论,原文有日期的历史叙述；本轮不重跑生产、不以本轮测试反向证明当日计数/耗时/完整范围；当前多root policy已替代,该项是旧架构/数据库计数/金山云meta字段与spike诊断，已全文阅读；不将旧公司raw-only逻辑/旧计数当当前状态。,保留原始历史版本；将局部实现、生产消费和退休设计分别追踪，具体缺口见review.md,docs/plans/portfolio-reuse-fix/findings.md:1-114
C:\Users\郑曾波\Projects\company-wiki\docs\plans\portfolio-reuse-fix\findings.md,docs/plans/portfolio-reuse-fix/findings.md,60,60,| | Strategy A：导入/提升（拷贝入 companies/） | Strategy B：只读复用（放宽两道闸） |,fc87e6e90b840d2c65021cda25613e1571b62f9b16805863c4b8cfd4be294c02,WIKI-LEGACY-SPECIAL-0619,history_filing,historical_only,| | Strategy A：导入/提升（拷贝入 companies/） | Strategy B：只读复用（放宽两道闸） |,原文及所属阶段时间/配置/样本范围；不继承已PASS结论,原文有日期的历史叙述；本轮不重跑生产、不以本轮测试反向证明当日计数/耗时/完整范围；当前多root policy已替代,该项是旧架构/数据库计数/金山云meta字段与spike诊断，已全文阅读；不将旧公司raw-only逻辑/旧计数当当前状态。,保留原始历史版本；将局部实现、生产消费和退休设计分别追踪，具体缺口见review.md,docs/plans/portfolio-reuse-fix/findings.md:1-114
C:\Users\郑曾波\Projects\company-wiki\docs\plans\portfolio-reuse-fix\findings.md,docs/plans/portfolio-reuse-fix/findings.md,62,62,| 改动仓库 | **仅 company-wiki** | company-wiki(resolver) + filing-fetch(契约) |,fc87e6e90b840d2c65021cda25613e1571b62f9b16805863c4b8cfd4be294c02,WIKI-LEGACY-SPECIAL-0620,history_filing,historical_only,| 改动仓库 | **仅 company-wiki** | company-wiki(resolver) + filing-fetch(契约) |,原文及所属阶段时间/配置/样本范围；不继承已PASS结论,原文有日期的历史叙述；本轮不重跑生产、不以本轮测试反向证明当日计数/耗时/完整范围；当前多root policy已替代,该项是旧架构/数据库计数/金山云meta字段与spike诊断，已全文阅读；不将旧公司raw-only逻辑/旧计数当当前状态。,保留原始历史版本；将局部实现、生产消费和退休设计分别追踪，具体缺口见review.md,docs/plans/portfolio-reuse-fix/findings.md:1-114
C:\Users\郑曾波\Projects\company-wiki\docs\plans\portfolio-reuse-fix\findings.md,docs/plans/portfolio-reuse-fix/findings.md,63,63,| 磁盘 | 拷贝一份（可接受，财报 PDF 量级 MB） | 0 拷贝 |,fc87e6e90b840d2c65021cda25613e1571b62f9b16805863c4b8cfd4be294c02,WIKI-LEGACY-SPECIAL-0621,history_filing,historical_only,| 磁盘 | 拷贝一份（可接受，财报 PDF 量级 MB） | 0 拷贝 |,原文及所属阶段时间/配置/样本范围；不继承已PASS结论,原文有日期的历史叙述；本轮不重跑生产、不以本轮测试反向证明当日计数/耗时/完整范围；当前多root policy已替代,该项是旧架构/数据库计数/金山云meta字段与spike诊断，已全文阅读；不将旧公司raw-only逻辑/旧计数当当前状态。,保留原始历史版本；将局部实现、生产消费和退休设计分别追踪，具体缺口见review.md,docs/plans/portfolio-reuse-fix/findings.md:1-114
C:\Users\郑曾波\Projects\company-wiki\docs\plans\portfolio-reuse-fix\findings.md,docs/plans/portfolio-reuse-fix/findings.md,64,64,| 不变量 | **全部保留**（文件落入 companies/，单一写者/路径围栏/不可变 sidecar 自然满足） | 需放宽路径围栏 + 处理 portfolio 增删改导致的陈旧 handle，**风险高** |,fc87e6e90b840d2c65021cda25613e1571b62f9b16805863c4b8cfd4be294c02,WIKI-LEGACY-SPECIAL-0622,history_filing,historical_only,| 不变量 | **全部保留**（文件落入 companies/，单一写者/路径围栏/不可变 sidecar 自然满足） | 需放宽路径围栏 + 处理 portfolio 增删改导致的陈旧 handle，**风险高** |,原文及所属阶段时间/配置/样本范围；不继承已PASS结论,原文有日期的历史叙述；本轮不重跑生产、不以本轮测试反向证明当日计数/耗时/完整范围；当前多root policy已替代,该项是旧架构/数据库计数/金山云meta字段与spike诊断，已全文阅读；不将旧公司raw-only逻辑/旧计数当当前状态。,保留原始历史版本；将局部实现、生产消费和退休设计分别追踪，具体缺口见review.md,docs/plans/portfolio-reuse-fix/findings.md:1-114
C:\Users\郑曾波\Projects\company-wiki\docs\plans\portfolio-reuse-fix\findings.md,docs/plans/portfolio-reuse-fix/findings.md,65,65,| 复用现有代码 | 直接复用 `import_staged` | 要改 resolver 过滤 + filing-fetch 契约 + 加陈旧检测 |,fc87e6e90b840d2c65021cda25613e1571b62f9b16805863c4b8cfd4be294c02,WIKI-LEGACY-SPECIAL-0623,history_filing,historical_only,| 复用现有代码 | 直接复用 `import_staged` | 要改 resolver 过滤 + filing-fetch 契约 + 加陈旧检测 |,原文及所属阶段时间/配置/样本范围；不继承已PASS结论,原文有日期的历史叙述；本轮不重跑生产、不以本轮测试反向证明当日计数/耗时/完整范围；当前多root policy已替代,该项是旧架构/数据库计数/金山云meta字段与spike诊断，已全文阅读；不将旧公司raw-only逻辑/旧计数当当前状态。,保留原始历史版本；将局部实现、生产消费和退休设计分别追踪，具体缺口见review.md,docs/plans/portfolio-reuse-fix/findings.md:1-114
C:\Users\郑曾波\Projects\company-wiki\docs\plans\portfolio-reuse-fix\findings.md,docs/plans/portfolio-reuse-fix/findings.md,66,66,| 推荐 | ✅ 主方案 | ⏸ 仅当磁盘拷贝不可接受时再考虑 |,fc87e6e90b840d2c65021cda25613e1571b62f9b16805863c4b8cfd4be294c02,WIKI-LEGACY-SPECIAL-0624,history_filing,historical_only,| 推荐 | ✅ 主方案 | ⏸ 仅当磁盘拷贝不可接受时再考虑 |,原文及所属阶段时间/配置/样本范围；不继承已PASS结论,原文有日期的历史叙述；本轮不重跑生产、不以本轮测试反向证明当日计数/耗时/完整范围；当前多root policy已替代,该项是旧架构/数据库计数/金山云meta字段与spike诊断，已全文阅读；不将旧公司raw-only逻辑/旧计数当当前状态。,保留原始历史版本；将局部实现、生产消费和退休设计分别追踪，具体缺口见review.md,docs/plans/portfolio-reuse-fix/findings.md:1-114
C:\Users\郑曾波\Projects\company-wiki\docs\plans\portfolio-reuse-fix\findings.md,docs/plans/portfolio-reuse-fix/findings.md,68,68,**推荐 Strategy A**：把 portfolio 的 PDF 经 staging_root 喂给 `import_staged`，文件最终落在 `companies/{entity}/raw/...` 并带不可变 `.source.json`（保留 HKEX 原 URL），resolver 自然返回 capture_ready handle，filing-fetch 复用——**filing-fetch 零改动**。,fc87e6e90b840d2c65021cda25613e1571b62f9b16805863c4b8cfd4be294c02,WIKI-LEGACY-SPECIAL-0625,history_filing,historical_only,**推荐 Strategy A**：把 portfolio 的 PDF 经 staging_root 喂给 `import_staged`，文件最终落在 `companies/{entity}/raw/...` 并带不可变 `.source.json`（保留 HKEX 原 URL），resolver 自然返回 capture_ready handle，filing-fetch 复用——**filing-fetch 零改动**。,原文及所属阶段时间/配置/样本范围；不继承已PASS结论,原文有日期的历史叙述；本轮不重跑生产、不以本轮测试反向证明当日计数/耗时/完整范围；当前多root policy已替代,该项是旧架构/数据库计数/金山云meta字段与spike诊断，已全文阅读；不将旧公司raw-only逻辑/旧计数当当前状态。,保留原始历史版本；将局部实现、生产消费和退休设计分别追踪，具体缺口见review.md,docs/plans/portfolio-reuse-fix/findings.md:1-114
C:\Users\郑曾波\Projects\company-wiki\docs\plans\portfolio-reuse-fix\findings.md,docs/plans/portfolio-reuse-fix/findings.md,70,70,## 发现 8：Phase 1 spike 实测结果（2026-08-03，全部验证通过）,fc87e6e90b840d2c65021cda25613e1571b62f9b16805863c4b8cfd4be294c02,WIKI-LEGACY-SPECIAL-0626,history_filing,historical_only,## 发现 8：Phase 1 spike 实测结果（2026-08-03，全部验证通过）,原文及所属阶段时间/配置/样本范围；不继承已PASS结论,原文有日期的历史叙述；本轮不重跑生产、不以本轮测试反向证明当日计数/耗时/完整范围；当前多root policy已替代,该项是旧架构/数据库计数/金山云meta字段与spike诊断，已全文阅读；不将旧公司raw-only逻辑/旧计数当当前状态。,保留原始历史版本；将局部实现、生产消费和退休设计分别追踪，具体缺口见review.md,docs/plans/portfolio-reuse-fix/findings.md:1-114
C:\Users\郑曾波\Projects\company-wiki\docs\plans\portfolio-reuse-fix\findings.md,docs/plans/portfolio-reuse-fix/findings.md,72,72,**验证链路**：portfolio PDF → staging → `import_staged()` → canonical 文件落 `companies/金山雲/raw/...` + 溯源 sidecar → resolve `REUSED_EXACT` → filing-fetch 只读复用 `capture_ready`（**零下载**）。,fc87e6e90b840d2c65021cda25613e1571b62f9b16805863c4b8cfd4be294c02,WIKI-LEGACY-SPECIAL-0627,history_filing,historical_only,**验证链路**：portfolio PDF → staging → `import_staged()` → canonical 文件落 `companies/金山雲/raw/...` + 溯源 sidecar → resolve `REUSED_EXACT` → filing-fetch 只读复用 `capture_ready`（**零下载**）。,原文及所属阶段时间/配置/样本范围；不继承已PASS结论,原文有日期的历史叙述；本轮不重跑生产、不以本轮测试反向证明当日计数/耗时/完整范围；当前多root policy已替代,该项是旧架构/数据库计数/金山云meta字段与spike诊断，已全文阅读；不将旧公司raw-only逻辑/旧计数当当前状态。,保留原始历史版本；将局部实现、生产消费和退休设计分别追踪，具体缺口见review.md,docs/plans/portfolio-reuse-fix/findings.md:1-114
C:\Users\郑曾波\Projects\company-wiki\docs\plans\portfolio-reuse-fix\findings.md,docs/plans/portfolio-reuse-fix/findings.md,74,74,| 验证项 | 结果 |,fc87e6e90b840d2c65021cda25613e1571b62f9b16805863c4b8cfd4be294c02,WIKI-LEGACY-SPECIAL-0628,history_filing,historical_only,| 验证项 | 结果 |,原文及所属阶段时间/配置/样本范围；不继承已PASS结论,原文有日期的历史叙述；本轮不重跑生产、不以本轮测试反向证明当日计数/耗时/完整范围；当前多root policy已替代,该项是旧架构/数据库计数/金山云meta字段与spike诊断，已全文阅读；不将旧公司raw-only逻辑/旧计数当当前状态。,保留原始历史版本；将局部实现、生产消费和退休设计分别追踪，具体缺口见review.md,docs/plans/portfolio-reuse-fix/findings.md:1-114
C:\Users\郑曾波\Projects\company-wiki\docs\plans\portfolio-reuse-fix\findings.md,docs/plans/portfolio-reuse-fix/findings.md,76,76,"| FY2025 提升 → resolve | ✅ `reused_exact`, capture_ready=True, canonical_path 在 companies/ 内 |",fc87e6e90b840d2c65021cda25613e1571b62f9b16805863c4b8cfd4be294c02,WIKI-LEGACY-SPECIAL-0629,history_filing,historical_only,"| FY2025 提升 → resolve | ✅ `reused_exact`, capture_ready=True, canonical_path 在 companies/ 内 |",原文及所属阶段时间/配置/样本范围；不继承已PASS结论,原文有日期的历史叙述；本轮不重跑生产、不以本轮测试反向证明当日计数/耗时/完整范围；当前多root policy已替代,该项是旧架构/数据库计数/金山云meta字段与spike诊断，已全文阅读；不将旧公司raw-only逻辑/旧计数当当前状态。,保留原始历史版本；将局部实现、生产消费和退休设计分别追踪，具体缺口见review.md,docs/plans/portfolio-reuse-fix/findings.md:1-114
C:\Users\郑曾波\Projects\company-wiki\docs\plans\portfolio-reuse-fix\findings.md,docs/plans/portfolio-reuse-fix/findings.md,77,77,"| FY2024 全新提升（走身份解析） | ✅ `imported_new` → `reused_exact`, capture_ready=True |",fc87e6e90b840d2c65021cda25613e1571b62f9b16805863c4b8cfd4be294c02,WIKI-LEGACY-SPECIAL-0630,history_filing,historical_only,"| FY2024 全新提升（走身份解析） | ✅ `imported_new` → `reused_exact`, capture_ready=True |",原文及所属阶段时间/配置/样本范围；不继承已PASS结论,原文有日期的历史叙述；本轮不重跑生产、不以本轮测试反向证明当日计数/耗时/完整范围；当前多root policy已替代,该项是旧架构/数据库计数/金山云meta字段与spike诊断，已全文阅读；不将旧公司raw-only逻辑/旧计数当当前状态。,保留原始历史版本；将局部实现、生产消费和退休设计分别追踪，具体缺口见review.md,docs/plans/portfolio-reuse-fix/findings.md:1-114
C:\Users\郑曾波\Projects\company-wiki\docs\plans\portfolio-reuse-fix\findings.md,docs/plans/portfolio-reuse-fix/findings.md,78,78,"| filing-fetch 只读复用 FY2025 | ✅ capture_ready, missing_capture_fields=[] |",fc87e6e90b840d2c65021cda25613e1571b62f9b16805863c4b8cfd4be294c02,WIKI-LEGACY-SPECIAL-0631,history_filing,historical_only,"| filing-fetch 只读复用 FY2025 | ✅ capture_ready, missing_capture_fields=[] |",原文及所属阶段时间/配置/样本范围；不继承已PASS结论,原文有日期的历史叙述；本轮不重跑生产、不以本轮测试反向证明当日计数/耗时/完整范围；当前多root policy已替代,该项是旧架构/数据库计数/金山云meta字段与spike诊断，已全文阅读；不将旧公司raw-only逻辑/旧计数当当前状态。,保留原始历史版本；将局部实现、生产消费和退休设计分别追踪，具体缺口见review.md,docs/plans/portfolio-reuse-fix/findings.md:1-114
C:\Users\郑曾波\Projects\company-wiki\docs\plans\portfolio-reuse-fix\findings.md,docs/plans/portfolio-reuse-fix/findings.md,79,79,"| filing-fetch 只读复用 FY2024 | ✅ capture_ready, missing_capture_fields=[] |",fc87e6e90b840d2c65021cda25613e1571b62f9b16805863c4b8cfd4be294c02,WIKI-LEGACY-SPECIAL-0632,history_filing,historical_only,"| filing-fetch 只读复用 FY2024 | ✅ capture_ready, missing_capture_fields=[] |",原文及所属阶段时间/配置/样本范围；不继承已PASS结论,原文有日期的历史叙述；本轮不重跑生产、不以本轮测试反向证明当日计数/耗时/完整范围；当前多root policy已替代,该项是旧架构/数据库计数/金山云meta字段与spike诊断，已全文阅读；不将旧公司raw-only逻辑/旧计数当当前状态。,保留原始历史版本；将局部实现、生产消费和退休设计分别追踪，具体缺口见review.md,docs/plans/portfolio-reuse-fix/findings.md:1-114
C:\Users\郑曾波\Projects\company-wiki\docs\plans\portfolio-reuse-fix\findings.md,docs/plans/portfolio-reuse-fix/findings.md,80,80,| 幂等（重复提升） | ✅ `deduplicated_after_download`，resolve 仍 PASS |,fc87e6e90b840d2c65021cda25613e1571b62f9b16805863c4b8cfd4be294c02,WIKI-LEGACY-SPECIAL-0633,history_filing,historical_only,| 幂等（重复提升） | ✅ `deduplicated_after_download`，resolve 仍 PASS |,原文及所属阶段时间/配置/样本范围；不继承已PASS结论,原文有日期的历史叙述；本轮不重跑生产、不以本轮测试反向证明当日计数/耗时/完整范围；当前多root policy已替代,该项是旧架构/数据库计数/金山云meta字段与spike诊断，已全文阅读；不将旧公司raw-only逻辑/旧计数当当前状态。,保留原始历史版本；将局部实现、生产消费和退休设计分别追踪，具体缺口见review.md,docs/plans/portfolio-reuse-fix/findings.md:1-114
C:\Users\郑曾波\Projects\company-wiki\docs\plans\portfolio-reuse-fix\findings.md,docs/plans/portfolio-reuse-fix/findings.md,82,82,**Spike 暴露的三个 gap 与修复**（Phase 2 必须包含）：,fc87e6e90b840d2c65021cda25613e1571b62f9b16805863c4b8cfd4be294c02,WIKI-LEGACY-SPECIAL-0634,history_filing,historical_only,**Spike 暴露的三个 gap 与修复**（Phase 2 必须包含）：,原文及所属阶段时间/配置/样本范围；不继承已PASS结论,原文有日期的历史叙述；本轮不重跑生产、不以本轮测试反向证明当日计数/耗时/完整范围；当前多root policy已替代,该项是旧架构/数据库计数/金山云meta字段与spike诊断，已全文阅读；不将旧公司raw-only逻辑/旧计数当当前状态。,保留原始历史版本；将局部实现、生产消费和退休设计分别追踪，具体缺口见review.md,docs/plans/portfolio-reuse-fix/findings.md:1-114
C:\Users\郑曾波\Projects\company-wiki\docs\plans\portfolio-reuse-fix\findings.md,docs/plans/portfolio-reuse-fix/findings.md,84,86,"1. **portfolio 丰富溯源在 `meta.json`，不在 `.pdf.source.json`**：`.pdf.source.json` 只是 88 字节的
   `{market, security_id, source_title}` 最小标记；`source_url`/`pdf_sha256`/`source_provider`/`source_id`/
   `filing_date`/`fiscal_year`/`form_type`/`source_language` 全在 `meta.json`。合成 candidate/receipt 必须读 `meta.json`。",fc87e6e90b840d2c65021cda25613e1571b62f9b16805863c4b8cfd4be294c02,WIKI-LEGACY-SPECIAL-0635,history_filing,historical_only,"1. **portfolio 丰富溯源在 `meta.json`，不在 `.pdf.source.json`**：`.pdf.source.json` 只是 88 字节的
   `{market, security_id, source_title}` 最小标记；`source_url`/`pdf_sha256`/`source_provider`/`source_id`/
   `filing_date`/`fiscal_year`/`form_type`/`source_language` 全在 `meta.json`。合成 candidate/receipt 必须读 `meta.json`。",原文及所属阶段时间/配置/样本范围；不继承已PASS结论,原文有日期的历史叙述；本轮不重跑生产、不以本轮测试反向证明当日计数/耗时/完整范围；当前多root policy已替代,该项是旧架构/数据库计数/金山云meta字段与spike诊断，已全文阅读；不将旧公司raw-only逻辑/旧计数当当前状态。,保留原始历史版本；将局部实现、生产消费和退休设计分别追踪，具体缺口见review.md,docs/plans/portfolio-reuse-fix/findings.md:1-114
C:\Users\郑曾波\Projects\company-wiki\docs\plans\portfolio-reuse-fix\findings.md,docs/plans/portfolio-reuse-fix/findings.md,87,91,"2. **合并是""全有或全无""，且要求 sidecar 顶层带 `market`+`security_id` 才 prefer-new**（scanner.py:1045-1054）：
   dayu_meta 已含 source_url，故条件(a)不触发；`_write_provenance` 原本只写顶层 `security_id`、`market` 嵌在
   request/candidate 里 → 条件(b)不触发 → 新 acquisition 被丢弃。**修复（已改生产代码）**：
   `canonical_writer.py::_write_provenance` 增顶层 `""market"": request.market`。改后 prefer_new 触发，
   acquisition 替换文档元数据，resolver 拿到 language/provider/pdid/source_url/security_id。",fc87e6e90b840d2c65021cda25613e1571b62f9b16805863c4b8cfd4be294c02,WIKI-LEGACY-SPECIAL-0636,history_filing,historical_only,"2. **合并是""全有或全无""，且要求 sidecar 顶层带 `market`+`security_id` 才 prefer-new**（scanner.py:1045-1054）：
   dayu_meta 已含 source_url，故条件(a)不触发；`_write_provenance` 原本只写顶层 `security_id`、`market` 嵌在
   request/candidate 里 → 条件(b)不触发 → 新 acquisition 被丢弃。**修复（已改生产代码）**：
   `canonical_writer.py::_write_provenance` 增顶层 `""market"": request.market`。改后 prefer_new 触发，
   acquisition 替换文档元数据，resolver 拿到 language/provider/pdid/source_url/security_id。",原文及所属阶段时间/配置/样本范围；不继承已PASS结论,原文有日期的历史叙述；本轮不重跑生产、不以本轮测试反向证明当日计数/耗时/完整范围；当前多root policy已替代,该项是旧架构/数据库计数/金山云meta字段与spike诊断，已全文阅读；不将旧公司raw-only逻辑/旧计数当当前状态。,保留原始历史版本；将局部实现、生产消费和退休设计分别追踪，具体缺口见review.md,docs/plans/portfolio-reuse-fix/findings.md:1-114
C:\Users\郑曾波\Projects\company-wiki\docs\plans\portfolio-reuse-fix\findings.md,docs/plans/portfolio-reuse-fix/findings.md,92,95,"3. **security_id 词汇表归一化**：portfolio ticker=`""3896""`，身份解析规范形式=`""03896""`（带前导零），
   resolver 字符串比较 → conflict。**修复（原型已实现）**：提升路径先走 `SecurityIdentityResolver`
   （与 filing-fetch 同源），用规范 security_id 构建 request/sidecar。附带：security master 无
   `HKEX:1000180012`（03896 的 org 是 `6949`），Phase 15.4 丰富对该 doc 失效 → 提升自带身份即可，不依赖它。",fc87e6e90b840d2c65021cda25613e1571b62f9b16805863c4b8cfd4be294c02,WIKI-LEGACY-SPECIAL-0637,history_filing,historical_only,"3. **security_id 词汇表归一化**：portfolio ticker=`""3896""`，身份解析规范形式=`""03896""`（带前导零），
   resolver 字符串比较 → conflict。**修复（原型已实现）**：提升路径先走 `SecurityIdentityResolver`
   （与 filing-fetch 同源），用规范 security_id 构建 request/sidecar。附带：security master 无
   `HKEX:1000180012`（03896 的 org 是 `6949`），Phase 15.4 丰富对该 doc 失效 → 提升自带身份即可，不依赖它。",原文及所属阶段时间/配置/样本范围；不继承已PASS结论,原文有日期的历史叙述；本轮不重跑生产、不以本轮测试反向证明当日计数/耗时/完整范围；当前多root policy已替代,该项是旧架构/数据库计数/金山云meta字段与spike诊断，已全文阅读；不将旧公司raw-only逻辑/旧计数当当前状态。,保留原始历史版本；将局部实现、生产消费和退休设计分别追踪，具体缺口见review.md,docs/plans/portfolio-reuse-fix/findings.md:1-114
C:\Users\郑曾波\Projects\company-wiki\docs\plans\portfolio-reuse-fix\findings.md,docs/plans/portfolio-reuse-fix/findings.md,97,97,**词汇表映射（dayu meta.json → resolver 期望键）**：,fc87e6e90b840d2c65021cda25613e1571b62f9b16805863c4b8cfd4be294c02,WIKI-LEGACY-SPECIAL-0638,history_filing,historical_only,**词汇表映射（dayu meta.json → resolver 期望键）**：,原文及所属阶段时间/配置/样本范围；不继承已PASS结论,原文有日期的历史叙述；本轮不重跑生产、不以本轮测试反向证明当日计数/耗时/完整范围；当前多root policy已替代,该项是旧架构/数据库计数/金山云meta字段与spike诊断，已全文阅读；不将旧公司raw-only逻辑/旧计数当当前状态。,保留原始历史版本；将局部实现、生产消费和退休设计分别追踪，具体缺口见review.md,docs/plans/portfolio-reuse-fix/findings.md:1-114
C:\Users\郑曾波\Projects\company-wiki\docs\plans\portfolio-reuse-fix\findings.md,docs/plans/portfolio-reuse-fix/findings.md,98,98,| dayu meta.json | resolver 期望 | 说明 |,fc87e6e90b840d2c65021cda25613e1571b62f9b16805863c4b8cfd4be294c02,WIKI-LEGACY-SPECIAL-0639,history_filing,historical_only,| dayu meta.json | resolver 期望 | 说明 |,原文及所属阶段时间/配置/样本范围；不继承已PASS结论,原文有日期的历史叙述；本轮不重跑生产、不以本轮测试反向证明当日计数/耗时/完整范围；当前多root policy已替代,该项是旧架构/数据库计数/金山云meta字段与spike诊断，已全文阅读；不将旧公司raw-only逻辑/旧计数当当前状态。,保留原始历史版本；将局部实现、生产消费和退休设计分别追踪，具体缺口见review.md,docs/plans/portfolio-reuse-fix/findings.md:1-114
C:\Users\郑曾波\Projects\company-wiki\docs\plans\portfolio-reuse-fix\findings.md,docs/plans/portfolio-reuse-fix/findings.md,100,100,| `source_language` | `language` | candidate.language 传递（已做） |,fc87e6e90b840d2c65021cda25613e1571b62f9b16805863c4b8cfd4be294c02,WIKI-LEGACY-SPECIAL-0640,history_filing,historical_only,| `source_language` | `language` | candidate.language 传递（已做） |,原文及所属阶段时间/配置/样本范围；不继承已PASS结论,原文有日期的历史叙述；本轮不重跑生产、不以本轮测试反向证明当日计数/耗时/完整范围；当前多root policy已替代,该项是旧架构/数据库计数/金山云meta字段与spike诊断，已全文阅读；不将旧公司raw-only逻辑/旧计数当当前状态。,保留原始历史版本；将局部实现、生产消费和退休设计分别追踪，具体缺口见review.md,docs/plans/portfolio-reuse-fix/findings.md:1-114
C:\Users\郑曾波\Projects\company-wiki\docs\plans\portfolio-reuse-fix\findings.md,docs/plans/portfolio-reuse-fix/findings.md,101,101,"| `ticker`（""3896""） | `security_id`（""03896""） | 必须经身份解析归一化 |",fc87e6e90b840d2c65021cda25613e1571b62f9b16805863c4b8cfd4be294c02,WIKI-LEGACY-SPECIAL-0641,history_filing,historical_only,"| `ticker`（""3896""） | `security_id`（""03896""） | 必须经身份解析归一化 |",原文及所属阶段时间/配置/样本范围；不继承已PASS结论,原文有日期的历史叙述；本轮不重跑生产、不以本轮测试反向证明当日计数/耗时/完整范围；当前多root policy已替代,该项是旧架构/数据库计数/金山云meta字段与spike诊断，已全文阅读；不将旧公司raw-only逻辑/旧计数当当前状态。,保留原始历史版本；将局部实现、生产消费和退休设计分别追踪，具体缺口见review.md,docs/plans/portfolio-reuse-fix/findings.md:1-114
C:\Users\郑曾波\Projects\company-wiki\docs\plans\portfolio-reuse-fix\findings.md,docs/plans/portfolio-reuse-fix/findings.md,102,102,"| `company_id`（""3896_HKEX""） | `market` | 经身份解析得 `HK` |",fc87e6e90b840d2c65021cda25613e1571b62f9b16805863c4b8cfd4be294c02,WIKI-LEGACY-SPECIAL-0642,history_filing,historical_only,"| `company_id`（""3896_HKEX""） | `market` | 经身份解析得 `HK` |",原文及所属阶段时间/配置/样本范围；不继承已PASS结论,原文有日期的历史叙述；本轮不重跑生产、不以本轮测试反向证明当日计数/耗时/完整范围；当前多root policy已替代,该项是旧架构/数据库计数/金山云meta字段与spike诊断，已全文阅读；不将旧公司raw-only逻辑/旧计数当当前状态。,保留原始历史版本；将局部实现、生产消费和退休设计分别追踪，具体缺口见review.md,docs/plans/portfolio-reuse-fix/findings.md:1-114
C:\Users\郑曾波\Projects\company-wiki\docs\plans\portfolio-reuse-fix\findings.md,docs/plans/portfolio-reuse-fix/findings.md,103,103,| `source_provider`（hkexnews） | `provider` | 直接映射 |,fc87e6e90b840d2c65021cda25613e1571b62f9b16805863c4b8cfd4be294c02,WIKI-LEGACY-SPECIAL-0643,history_filing,historical_only,| `source_provider`（hkexnews） | `provider` | 直接映射 |,原文及所属阶段时间/配置/样本范围；不继承已PASS结论,原文有日期的历史叙述；本轮不重跑生产、不以本轮测试反向证明当日计数/耗时/完整范围；当前多root policy已替代,该项是旧架构/数据库计数/金山云meta字段与spike诊断，已全文阅读；不将旧公司raw-only逻辑/旧计数当当前状态。,保留原始历史版本；将局部实现、生产消费和退休设计分别追踪，具体缺口见review.md,docs/plans/portfolio-reuse-fix/findings.md:1-114
C:\Users\郑曾波\Projects\company-wiki\docs\plans\portfolio-reuse-fix\findings.md,docs/plans/portfolio-reuse-fix/findings.md,104,104,"| `source_id`（""12118317""） | `provider_document_id` | 直接映射 |",fc87e6e90b840d2c65021cda25613e1571b62f9b16805863c4b8cfd4be294c02,WIKI-LEGACY-SPECIAL-0644,history_filing,historical_only,"| `source_id`（""12118317""） | `provider_document_id` | 直接映射 |",原文及所属阶段时间/配置/样本范围；不继承已PASS结论,原文有日期的历史叙述；本轮不重跑生产、不以本轮测试反向证明当日计数/耗时/完整范围；当前多root policy已替代,该项是旧架构/数据库计数/金山云meta字段与spike诊断，已全文阅读；不将旧公司raw-only逻辑/旧计数当当前状态。,保留原始历史版本；将局部实现、生产消费和退休设计分别追踪，具体缺口见review.md,docs/plans/portfolio-reuse-fix/findings.md:1-114
C:\Users\郑曾波\Projects\company-wiki\docs\plans\portfolio-reuse-fix\findings.md,docs/plans/portfolio-reuse-fix/findings.md,105,105,| `source_url` | `https_url` | 直接映射 |,fc87e6e90b840d2c65021cda25613e1571b62f9b16805863c4b8cfd4be294c02,WIKI-LEGACY-SPECIAL-0645,history_filing,historical_only,| `source_url` | `https_url` | 直接映射 |,原文及所属阶段时间/配置/样本范围；不继承已PASS结论,原文有日期的历史叙述；本轮不重跑生产、不以本轮测试反向证明当日计数/耗时/完整范围；当前多root policy已替代,该项是旧架构/数据库计数/金山云meta字段与spike诊断，已全文阅读；不将旧公司raw-only逻辑/旧计数当当前状态。,保留原始历史版本；将局部实现、生产消费和退休设计分别追踪，具体缺口见review.md,docs/plans/portfolio-reuse-fix/findings.md:1-114
C:\Users\郑曾波\Projects\company-wiki\docs\plans\portfolio-reuse-fix\findings.md,docs/plans/portfolio-reuse-fix/findings.md,107,108,"**已落盘的原型**：`promote_prototype.py`（参数化 + 身份解析 + dry-run），即 Phase 2 正式 CLI 的实现内核。
**已改生产代码**：`canonical_writer.py::_write_provenance` 增顶层 `market`（最小、正确、向后兼容）。",fc87e6e90b840d2c65021cda25613e1571b62f9b16805863c4b8cfd4be294c02,WIKI-LEGACY-SPECIAL-0646,history_filing,historical_only,"**已落盘的原型**：`promote_prototype.py`（参数化 + 身份解析 + dry-run），即 Phase 2 正式 CLI 的实现内核。
**已改生产代码**：`canonical_writer.py::_write_provenance` 增顶层 `market`（最小、正确、向后兼容）。",原文及所属阶段时间/配置/样本范围；不继承已PASS结论,原文有日期的历史叙述；本轮不重跑生产、不以本轮测试反向证明当日计数/耗时/完整范围；当前多root policy已替代,该项是旧架构/数据库计数/金山云meta字段与spike诊断，已全文阅读；不将旧公司raw-only逻辑/旧计数当当前状态。,保留原始历史版本；将局部实现、生产消费和退休设计分别追踪，具体缺口见review.md,docs/plans/portfolio-reuse-fix/findings.md:1-114
C:\Users\郑曾波\Projects\company-wiki\docs\plans\portfolio-reuse-fix\findings.md,docs/plans/portfolio-reuse-fix/findings.md,110,110,## 待实施前需复核的假设（Phase 1 spike 已基本完成，剩余项）,fc87e6e90b840d2c65021cda25613e1571b62f9b16805863c4b8cfd4be294c02,WIKI-LEGACY-SPECIAL-0647,history_filing,historical_only,## 待实施前需复核的假设（Phase 1 spike 已基本完成，剩余项）,原文及所属阶段时间/配置/样本范围；不继承已PASS结论,原文有日期的历史叙述；本轮不重跑生产、不以本轮测试反向证明当日计数/耗时/完整范围；当前多root policy已替代,该项是旧架构/数据库计数/金山云meta字段与spike诊断，已全文阅读；不将旧公司raw-only逻辑/旧计数当当前状态。,保留原始历史版本；将局部实现、生产消费和退休设计分别追踪，具体缺口见review.md,docs/plans/portfolio-reuse-fix/findings.md:1-114
C:\Users\郑曾波\Projects\company-wiki\docs\plans\portfolio-reuse-fix\findings.md,docs/plans/portfolio-reuse-fix/findings.md,111,111,"- [ ] 手动把金山云 FY2025 PDF 拷进 `companies/金山云/raw/financial_reports/annual/` + 造 `.source.json` 后，`resolve` 是否返回 REUSED_EXACT？（验证""拷贝即生效""）",fc87e6e90b840d2c65021cda25613e1571b62f9b16805863c4b8cfd4be294c02,WIKI-LEGACY-SPECIAL-0648,history_filing,historical_only,"- [ ] 手动把金山云 FY2025 PDF 拷进 `companies/金山云/raw/financial_reports/annual/` + 造 `.source.json` 后，`resolve` 是否返回 REUSED_EXACT？（验证""拷贝即生效""）",原文及所属阶段时间/配置/样本范围；不继承已PASS结论,原文有日期的历史叙述；本轮不重跑生产、不以本轮测试反向证明当日计数/耗时/完整范围；当前多root policy已替代,该项是旧架构/数据库计数/金山云meta字段与spike诊断，已全文阅读；不将旧公司raw-only逻辑/旧计数当当前状态。,保留原始历史版本；将局部实现、生产消费和退休设计分别追踪，具体缺口见review.md,docs/plans/portfolio-reuse-fix/findings.md:1-114
C:\Users\郑曾波\Projects\company-wiki\docs\plans\portfolio-reuse-fix\findings.md,docs/plans/portfolio-reuse-fix/findings.md,112,112,- [ ] SourceHandle 从 portfolio location 构造时 `https_url`/`snapshot_sha256` 是否齐全？（验证发现 5）,fc87e6e90b840d2c65021cda25613e1571b62f9b16805863c4b8cfd4be294c02,WIKI-LEGACY-SPECIAL-0649,history_filing,historical_only,- [ ] SourceHandle 从 portfolio location 构造时 `https_url`/`snapshot_sha256` 是否齐全？（验证发现 5）,原文及所属阶段时间/配置/样本范围；不继承已PASS结论,原文有日期的历史叙述；本轮不重跑生产、不以本轮测试反向证明当日计数/耗时/完整范围；当前多root policy已替代,该项是旧架构/数据库计数/金山云meta字段与spike诊断，已全文阅读；不将旧公司raw-only逻辑/旧计数当当前状态。,保留原始历史版本；将局部实现、生产消费和退休设计分别追踪，具体缺口见review.md,docs/plans/portfolio-reuse-fix/findings.md:1-114
C:\Users\郑曾波\Projects\company-wiki\docs\plans\portfolio-reuse-fix\findings.md,docs/plans/portfolio-reuse-fix/findings.md,113,113,"- [ ] 哪些测试硬断言""仅 company_raw 可复用""？需在 Phase 5 同步更新而非误删。",fc87e6e90b840d2c65021cda25613e1571b62f9b16805863c4b8cfd4be294c02,WIKI-LEGACY-SPECIAL-0650,history_filing,historical_only,"- [ ] 哪些测试硬断言""仅 company_raw 可复用""？需在 Phase 5 同步更新而非误删。",原文及所属阶段时间/配置/样本范围；不继承已PASS结论,原文有日期的历史叙述；本轮不重跑生产、不以本轮测试反向证明当日计数/耗时/完整范围；当前多root policy已替代,该项是旧架构/数据库计数/金山云meta字段与spike诊断，已全文阅读；不将旧公司raw-only逻辑/旧计数当当前状态。,保留原始历史版本；将局部实现、生产消费和退休设计分别追踪，具体缺口见review.md,docs/plans/portfolio-reuse-fix/findings.md:1-114
C:\Users\郑曾波\Projects\company-wiki\docs\plans\portfolio-reuse-fix\findings.md,docs/plans/portfolio-reuse-fix/findings.md,114,114,- [ ] `.source.json` 规范字段集（company_raw 版）vs portfolio `.source.json` 字段差异，决定合成 receipt 的字段映射。,fc87e6e90b840d2c65021cda25613e1571b62f9b16805863c4b8cfd4be294c02,WIKI-LEGACY-SPECIAL-0651,history_filing,historical_only,- [ ] `.source.json` 规范字段集（company_raw 版）vs portfolio `.source.json` 字段差异，决定合成 receipt 的字段映射。,原文及所属阶段时间/配置/样本范围；不继承已PASS结论,原文有日期的历史叙述；本轮不重跑生产、不以本轮测试反向证明当日计数/耗时/完整范围；当前多root policy已替代,该项是旧架构/数据库计数/金山云meta字段与spike诊断，已全文阅读；不将旧公司raw-only逻辑/旧计数当当前状态。,保留原始历史版本；将局部实现、生产消费和退休设计分别追踪，具体缺口见review.md,docs/plans/portfolio-reuse-fix/findings.md:1-114
C:\Users\郑曾波\Projects\company-wiki\docs\plans\portfolio-reuse-fix\progress.md,docs/plans/portfolio-reuse-fix/progress.md,3,3,> **2026-08-09 状态：`superseded_closed`。** 历史 Strategy A 记录保留；未完成/可选项不再继续，已由 Strategy B 与 FCAP r2 接管。,7241861894c251bad314909d7efce5fdb9d512a90a2c0b7bd22df6fdf0ace446,WIKI-LEGACY-SPECIAL-0652,history_filing,historical_only,> **2026-08-09 状态：`superseded_closed`。** 历史 Strategy A 记录保留；未完成/可选项不再继续，已由 Strategy B 与 FCAP r2 接管。,原文及所属阶段时间/配置/样本范围；不继承已PASS结论,原文有日期的历史叙述；本轮不重跑生产、不以本轮测试反向证明当日计数/耗时/完整范围；同文件后置初始规划段不覆盖前方已实施,该项为当日操作/测试/状态记录；spike用worker暂停后的companies副本，且尾部重复早先规划状态，必须按时间读，不能取最后段落决定当前完成。,保留原始历史版本；将局部实现、生产消费和退休设计分别追踪，具体缺口见review.md,docs/plans/portfolio-reuse-fix/progress.md:1-89
C:\Users\郑曾波\Projects\company-wiki\docs\plans\portfolio-reuse-fix\progress.md,docs/plans/portfolio-reuse-fix/progress.md,7,7,- **Phase 1 状态**：completed ✅（见 task_plan.md / findings.md 发现 8）。,7241861894c251bad314909d7efce5fdb9d512a90a2c0b7bd22df6fdf0ace446,WIKI-LEGACY-SPECIAL-0653,history_filing,historical_only,- **Phase 1 状态**：completed ✅（见 task_plan.md / findings.md 发现 8）。,原文及所属阶段时间/配置/样本范围；不继承已PASS结论,原文有日期的历史叙述；本轮不重跑生产、不以本轮测试反向证明当日计数/耗时/完整范围；同文件后置初始规划段不覆盖前方已实施,该项为当日操作/测试/状态记录；spike用worker暂停后的companies副本，且尾部重复早先规划状态，必须按时间读，不能取最后段落决定当前完成。,保留原始历史版本；将局部实现、生产消费和退休设计分别追踪，具体缺口见review.md,docs/plans/portfolio-reuse-fix/progress.md:1-89
C:\Users\郑曾波\Projects\company-wiki\docs\plans\portfolio-reuse-fix\progress.md,docs/plans/portfolio-reuse-fix/progress.md,8,9,"- **验证结果**：金山云 FY2025（首版 spike）+ FY2024（身份解析版原型）提升均 `reused_exact`、
  `capture_ready=True`；filing-fetch 只读复用两份均成功、`missing_capture_fields=[]`、零下载；幂等 `deduplicated`。",7241861894c251bad314909d7efce5fdb9d512a90a2c0b7bd22df6fdf0ace446,WIKI-LEGACY-SPECIAL-0654,history_filing,historical_only,"- **验证结果**：金山云 FY2025（首版 spike）+ FY2024（身份解析版原型）提升均 `reused_exact`、
  `capture_ready=True`；filing-fetch 只读复用两份均成功、`missing_capture_fields=[]`、零下载；幂等 `deduplicated`。",原文及所属阶段时间/配置/样本范围；不继承已PASS结论,原文有日期的历史叙述；本轮不重跑生产、不以本轮测试反向证明当日计数/耗时/完整范围；同文件后置初始规划段不覆盖前方已实施,该项为当日操作/测试/状态记录；spike用worker暂停后的companies副本，且尾部重复早先规划状态，必须按时间读，不能取最后段落决定当前完成。,保留原始历史版本；将局部实现、生产消费和退休设计分别追踪，具体缺口见review.md,docs/plans/portfolio-reuse-fix/progress.md:1-89
C:\Users\郑曾波\Projects\company-wiki\docs\plans\portfolio-reuse-fix\progress.md,docs/plans/portfolio-reuse-fix/progress.md,10,11,"- **生产代码改动（1 处，最小）**：`canonical_writer.py::_write_provenance` 增顶层 `""market"": request.market`
  —— 使 scanner 的 prefer-new 元数据合并在提升场景触发（G1）。",7241861894c251bad314909d7efce5fdb9d512a90a2c0b7bd22df6fdf0ace446,WIKI-LEGACY-SPECIAL-0655,history_filing,historical_only,"- **生产代码改动（1 处，最小）**：`canonical_writer.py::_write_provenance` 增顶层 `""market"": request.market`
  —— 使 scanner 的 prefer-new 元数据合并在提升场景触发（G1）。",原文及所属阶段时间/配置/样本范围；不继承已PASS结论,原文有日期的历史叙述；本轮不重跑生产、不以本轮测试反向证明当日计数/耗时/完整范围；同文件后置初始规划段不覆盖前方已实施,该项为当日操作/测试/状态记录；spike用worker暂停后的companies副本，且尾部重复早先规划状态，必须按时间读，不能取最后段落决定当前完成。,保留原始历史版本；将局部实现、生产消费和退休设计分别追踪，具体缺口见review.md,docs/plans/portfolio-reuse-fix/progress.md:1-89
C:\Users\郑曾波\Projects\company-wiki\docs\plans\portfolio-reuse-fix\progress.md,docs/plans/portfolio-reuse-fix/progress.md,12,12,- **原型产物**：`spike_promote.py`（FY2025）、`spike_diag.py`、`promote_prototype.py`（Phase 2 内核，身份解析 + dry-run）。,7241861894c251bad314909d7efce5fdb9d512a90a2c0b7bd22df6fdf0ace446,WIKI-LEGACY-SPECIAL-0656,history_filing,historical_only,- **原型产物**：`spike_promote.py`（FY2025）、`spike_diag.py`、`promote_prototype.py`（Phase 2 内核，身份解析 + dry-run）。,原文及所属阶段时间/配置/样本范围；不继承已PASS结论,原文有日期的历史叙述；本轮不重跑生产、不以本轮测试反向证明当日计数/耗时/完整范围；同文件后置初始规划段不覆盖前方已实施,该项为当日操作/测试/状态记录；spike用worker暂停后的companies副本，且尾部重复早先规划状态，必须按时间读，不能取最后段落决定当前完成。,保留原始历史版本；将局部实现、生产消费和退休设计分别追踪，具体缺口见review.md,docs/plans/portfolio-reuse-fix/progress.md:1-89
C:\Users\郑曾波\Projects\company-wiki\docs\plans\portfolio-reuse-fix\progress.md,docs/plans/portfolio-reuse-fix/progress.md,15,15,| 错误 | 处理 |,7241861894c251bad314909d7efce5fdb9d512a90a2c0b7bd22df6fdf0ace446,WIKI-LEGACY-SPECIAL-0657,history_filing,historical_only,| 错误 | 处理 |,原文及所属阶段时间/配置/样本范围；不继承已PASS结论,原文有日期的历史叙述；本轮不重跑生产、不以本轮测试反向证明当日计数/耗时/完整范围；同文件后置初始规划段不覆盖前方已实施,该项为当日操作/测试/状态记录；spike用worker暂停后的companies副本，且尾部重复早先规划状态，必须按时间读，不能取最后段落决定当前完成。,保留原始历史版本；将局部实现、生产消费和退休设计分别追踪，具体缺口见review.md,docs/plans/portfolio-reuse-fix/progress.md:1-89
C:\Users\郑曾波\Projects\company-wiki\docs\plans\portfolio-reuse-fix\progress.md,docs/plans/portfolio-reuse-fix/progress.md,17,17,| `KeyError: pdf_sha256` / `source_url=None` | 丰富溯源在 `meta.json`，不在 `.pdf.source.json`（88B 最小标记）→ 改读 meta.json（G3） |,7241861894c251bad314909d7efce5fdb9d512a90a2c0b7bd22df6fdf0ace446,WIKI-LEGACY-SPECIAL-0658,history_filing,historical_only,| `KeyError: pdf_sha256` / `source_url=None` | 丰富溯源在 `meta.json`，不在 `.pdf.source.json`（88B 最小标记）→ 改读 meta.json（G3） |,原文及所属阶段时间/配置/样本范围；不继承已PASS结论,原文有日期的历史叙述；本轮不重跑生产、不以本轮测试反向证明当日计数/耗时/完整范围；同文件后置初始规划段不覆盖前方已实施,该项为当日操作/测试/状态记录；spike用worker暂停后的companies副本，且尾部重复早先规划状态，必须按时间读，不能取最后段落决定当前完成。,保留原始历史版本；将局部实现、生产消费和退休设计分别追踪，具体缺口见review.md,docs/plans/portfolio-reuse-fix/progress.md:1-89
C:\Users\郑曾波\Projects\company-wiki\docs\plans\portfolio-reuse-fix\progress.md,docs/plans/portfolio-reuse-fix/progress.md,18,18,| `CatalogOperationLockedError pid=1676` | worker 持 normalize 锁 → `worker-pause`（设计机制）→ 锁过期为 `import_staged` 回收 → 测试后 `worker-resume` |,7241861894c251bad314909d7efce5fdb9d512a90a2c0b7bd22df6fdf0ace446,WIKI-LEGACY-SPECIAL-0659,history_filing,historical_only,| `CatalogOperationLockedError pid=1676` | worker 持 normalize 锁 → `worker-pause`（设计机制）→ 锁过期为 `import_staged` 回收 → 测试后 `worker-resume` |,原文及所属阶段时间/配置/样本范围；不继承已PASS结论,原文有日期的历史叙述；本轮不重跑生产、不以本轮测试反向证明当日计数/耗时/完整范围；同文件后置初始规划段不覆盖前方已实施,该项为当日操作/测试/状态记录；spike用worker暂停后的companies副本，且尾部重复早先规划状态，必须按时间读，不能取最后段落决定当前完成。,保留原始历史版本；将局部实现、生产消费和退休设计分别追踪，具体缺口见review.md,docs/plans/portfolio-reuse-fix/progress.md:1-89
C:\Users\郑曾波\Projects\company-wiki\docs\plans\portfolio-reuse-fix\progress.md,docs/plans/portfolio-reuse-fix/progress.md,19,19,| `CanonicalImportError: exact provider identity did not resolve` | G1（sidecar 缺顶层 market → prefer-new 不触发）→ 修 `_write_provenance` 后通过 |,7241861894c251bad314909d7efce5fdb9d512a90a2c0b7bd22df6fdf0ace446,WIKI-LEGACY-SPECIAL-0660,history_filing,historical_only,| `CanonicalImportError: exact provider identity did not resolve` | G1（sidecar 缺顶层 market → prefer-new 不触发）→ 修 `_write_provenance` 后通过 |,原文及所属阶段时间/配置/样本范围；不继承已PASS结论,原文有日期的历史叙述；本轮不重跑生产、不以本轮测试反向证明当日计数/耗时/完整范围；同文件后置初始规划段不覆盖前方已实施,该项为当日操作/测试/状态记录；spike用worker暂停后的companies副本，且尾部重复早先规划状态，必须按时间读，不能取最后段落决定当前完成。,保留原始历史版本；将局部实现、生产消费和退休设计分别追踪，具体缺口见review.md,docs/plans/portfolio-reuse-fix/progress.md:1-89
C:\Users\郑曾波\Projects\company-wiki\docs\plans\portfolio-reuse-fix\progress.md,docs/plans/portfolio-reuse-fix/progress.md,20,20,"| `identity_conflict / identity_mismatch_market_or_security_id` | G2（""3896"" vs 规范 ""03896""）→ 原型加 `SecurityIdentityResolver` 归一化后通过 |",7241861894c251bad314909d7efce5fdb9d512a90a2c0b7bd22df6fdf0ace446,WIKI-LEGACY-SPECIAL-0661,history_filing,historical_only,"| `identity_conflict / identity_mismatch_market_or_security_id` | G2（""3896"" vs 规范 ""03896""）→ 原型加 `SecurityIdentityResolver` 归一化后通过 |",原文及所属阶段时间/配置/样本范围；不继承已PASS结论,原文有日期的历史叙述；本轮不重跑生产、不以本轮测试反向证明当日计数/耗时/完整范围；同文件后置初始规划段不覆盖前方已实施,该项为当日操作/测试/状态记录；spike用worker暂停后的companies副本，且尾部重复早先规划状态，必须按时间读，不能取最后段落决定当前完成。,保留原始历史版本；将局部实现、生产消费和退休设计分别追踪，具体缺口见review.md,docs/plans/portfolio-reuse-fix/progress.md:1-89
C:\Users\郑曾波\Projects\company-wiki\docs\plans\portfolio-reuse-fix\progress.md,docs/plans/portfolio-reuse-fix/progress.md,21,21,| `UnicodeEncodeError: 'gbk'`（emoji 打印） | spike 打印改 ASCII，并给原型加 stdout utf-8 reconfigure |,7241861894c251bad314909d7efce5fdb9d512a90a2c0b7bd22df6fdf0ace446,WIKI-LEGACY-SPECIAL-0662,history_filing,historical_only,| `UnicodeEncodeError: 'gbk'`（emoji 打印） | spike 打印改 ASCII，并给原型加 stdout utf-8 reconfigure |,原文及所属阶段时间/配置/样本范围；不继承已PASS结论,原文有日期的历史叙述；本轮不重跑生产、不以本轮测试反向证明当日计数/耗时/完整范围；同文件后置初始规划段不覆盖前方已实施,该项为当日操作/测试/状态记录；spike用worker暂停后的companies副本，且尾部重复早先规划状态，必须按时间读，不能取最后段落决定当前完成。,保留原始历史版本；将局部实现、生产消费和退休设计分别追踪，具体缺口见review.md,docs/plans/portfolio-reuse-fix/progress.md:1-89
C:\Users\郑曾波\Projects\company-wiki\docs\plans\portfolio-reuse-fix\progress.md,docs/plans/portfolio-reuse-fix/progress.md,22,22,| 误读文件：把 `.pdf.source.json` 当丰富溯源 | 见上；已在 findings 词汇表标注 |,7241861894c251bad314909d7efce5fdb9d512a90a2c0b7bd22df6fdf0ace446,WIKI-LEGACY-SPECIAL-0663,history_filing,historical_only,| 误读文件：把 `.pdf.source.json` 当丰富溯源 | 见上；已在 findings 词汇表标注 |,原文及所属阶段时间/配置/样本范围；不继承已PASS结论,原文有日期的历史叙述；本轮不重跑生产、不以本轮测试反向证明当日计数/耗时/完整范围；同文件后置初始规划段不覆盖前方已实施,该项为当日操作/测试/状态记录；spike用worker暂停后的companies副本，且尾部重复早先规划状态，必须按时间读，不能取最后段落决定当前完成。,保留原始历史版本；将局部实现、生产消费和退休设计分别追踪，具体缺口见review.md,docs/plans/portfolio-reuse-fix/progress.md:1-89
C:\Users\郑曾波\Projects\company-wiki\docs\plans\portfolio-reuse-fix\progress.md,docs/plans/portfolio-reuse-fix/progress.md,25,25,- worker：`worker-pause`（2026-08-03 09:04 前后）→ spike/原型测试 → `worker-resume`（新 pid 18004，enabled+running）。,7241861894c251bad314909d7efce5fdb9d512a90a2c0b7bd22df6fdf0ace446,WIKI-LEGACY-SPECIAL-0664,history_filing,historical_only,- worker：`worker-pause`（2026-08-03 09:04 前后）→ spike/原型测试 → `worker-resume`（新 pid 18004，enabled+running）。,原文及所属阶段时间/配置/样本范围；不继承已PASS结论,原文有日期的历史叙述；本轮不重跑生产、不以本轮测试反向证明当日计数/耗时/完整范围；同文件后置初始规划段不覆盖前方已实施,该项为当日操作/测试/状态记录；spike用worker暂停后的companies副本，且尾部重复早先规划状态，必须按时间读，不能取最后段落决定当前完成。,保留原始历史版本；将局部实现、生产消费和退休设计分别追踪，具体缺口见review.md,docs/plans/portfolio-reuse-fix/progress.md:1-89
C:\Users\郑曾波\Projects\company-wiki\docs\plans\portfolio-reuse-fix\progress.md,docs/plans/portfolio-reuse-fix/progress.md,26,27,"- 测试期间从 `companies/金山雲/raw/` 删除过 1 条 FY2025 canonical 副本（重测 import 路径），
  FY2024 首次导入为 `imported_new`，均无残留。",7241861894c251bad314909d7efce5fdb9d512a90a2c0b7bd22df6fdf0ace446,WIKI-LEGACY-SPECIAL-0665,history_filing,historical_only,"- 测试期间从 `companies/金山雲/raw/` 删除过 1 条 FY2025 canonical 副本（重测 import 路径），
  FY2024 首次导入为 `imported_new`，均无残留。",原文及所属阶段时间/配置/样本范围；不继承已PASS结论,原文有日期的历史叙述；本轮不重跑生产、不以本轮测试反向证明当日计数/耗时/完整范围；同文件后置初始规划段不覆盖前方已实施,该项为当日操作/测试/状态记录；spike用worker暂停后的companies副本，且尾部重复早先规划状态，必须按时间读，不能取最后段落决定当前完成。,保留原始历史版本；将局部实现、生产消费和退休设计分别追踪，具体缺口见review.md,docs/plans/portfolio-reuse-fix/progress.md:1-89
C:\Users\郑曾波\Projects\company-wiki\docs\plans\portfolio-reuse-fix\progress.md,docs/plans/portfolio-reuse-fix/progress.md,29,29,### 当前状态,7241861894c251bad314909d7efce5fdb9d512a90a2c0b7bd22df6fdf0ace446,WIKI-LEGACY-SPECIAL-0666,history_filing,historical_only,### 当前状态,原文及所属阶段时间/配置/样本范围；不继承已PASS结论,原文有日期的历史叙述；本轮不重跑生产、不以本轮测试反向证明当日计数/耗时/完整范围；同文件后置初始规划段不覆盖前方已实施,该项为当日操作/测试/状态记录；spike用worker暂停后的companies副本，且尾部重复早先规划状态，必须按时间读，不能取最后段落决定当前完成。,保留原始历史版本；将局部实现、生产消费和退休设计分别追踪，具体缺口见review.md,docs/plans/portfolio-reuse-fix/progress.md:1-89
C:\Users\郑曾波\Projects\company-wiki\docs\plans\portfolio-reuse-fix\progress.md,docs/plans/portfolio-reuse-fix/progress.md,30,31,"- Phase 2：in_progress。剩余 = 把 `promote_prototype.py` 正式化为 `portfolio_promoter.py` 模块 +
  `import-portfolio` CLI（--all/--dry-run）+ 批量验证；随后 Phase 3（E2E）→ 4（去重/陈旧）→ 5（测试）→ 6（ADR/文档）。",7241861894c251bad314909d7efce5fdb9d512a90a2c0b7bd22df6fdf0ace446,WIKI-LEGACY-SPECIAL-0667,history_filing,historical_only,"- Phase 2：in_progress。剩余 = 把 `promote_prototype.py` 正式化为 `portfolio_promoter.py` 模块 +
  `import-portfolio` CLI（--all/--dry-run）+ 批量验证；随后 Phase 3（E2E）→ 4（去重/陈旧）→ 5（测试）→ 6（ADR/文档）。",原文及所属阶段时间/配置/样本范围；不继承已PASS结论,原文有日期的历史叙述；本轮不重跑生产、不以本轮测试反向证明当日计数/耗时/完整范围；同文件后置初始规划段不覆盖前方已实施,该项为当日操作/测试/状态记录；spike用worker暂停后的companies副本，且尾部重复早先规划状态，必须按时间读，不能取最后段落决定当前完成。,保留原始历史版本；将局部实现、生产消费和退休设计分别追踪，具体缺口见review.md,docs/plans/portfolio-reuse-fix/progress.md:1-89
C:\Users\郑曾波\Projects\company-wiki\docs\plans\portfolio-reuse-fix\progress.md,docs/plans/portfolio-reuse-fix/progress.md,33,33,## 2026-08-03（Phase 2-6 实施完成）,7241861894c251bad314909d7efce5fdb9d512a90a2c0b7bd22df6fdf0ace446,WIKI-LEGACY-SPECIAL-0668,history_filing,historical_only,## 2026-08-03（Phase 2-6 实施完成）,原文及所属阶段时间/配置/样本范围；不继承已PASS结论,原文有日期的历史叙述；本轮不重跑生产、不以本轮测试反向证明当日计数/耗时/完整范围；同文件后置初始规划段不覆盖前方已实施,该项为当日操作/测试/状态记录；spike用worker暂停后的companies副本，且尾部重复早先规划状态，必须按时间读，不能取最后段落决定当前完成。,保留原始历史版本；将局部实现、生产消费和退休设计分别追踪，具体缺口见review.md,docs/plans/portfolio-reuse-fix/progress.md:1-89
C:\Users\郑曾波\Projects\company-wiki\docs\plans\portfolio-reuse-fix\progress.md,docs/plans/portfolio-reuse-fix/progress.md,35,38,"- **Phase 2**：completed。新增 `src/company_wiki/source_catalog/portfolio_promoter.py`
  （`PromotionIdentity`/`promote_from_portfolio`/`promote_all_for_entity`/`find_entity_doc_dirs`）；
  `cli.py` 新增 `import-portfolio` 子命令（--entity/--company-query/--market/--document-id/--document-kind/
  --fiscal-year/--as-of-date/--all/--dry-run）。真实 `--all`：金山云 7 份全部提升成功。",7241861894c251bad314909d7efce5fdb9d512a90a2c0b7bd22df6fdf0ace446,WIKI-LEGACY-SPECIAL-0669,history_filing,historical_only,"- **Phase 2**：completed。新增 `src/company_wiki/source_catalog/portfolio_promoter.py`
  （`PromotionIdentity`/`promote_from_portfolio`/`promote_all_for_entity`/`find_entity_doc_dirs`）；
  `cli.py` 新增 `import-portfolio` 子命令（--entity/--company-query/--market/--document-id/--document-kind/
  --fiscal-year/--as-of-date/--all/--dry-run）。真实 `--all`：金山云 7 份全部提升成功。",原文及所属阶段时间/配置/样本范围；不继承已PASS结论,原文有日期的历史叙述；本轮不重跑生产、不以本轮测试反向证明当日计数/耗时/完整范围；同文件后置初始规划段不覆盖前方已实施,该项为当日操作/测试/状态记录；spike用worker暂停后的companies副本，且尾部重复早先规划状态，必须按时间读，不能取最后段落决定当前完成。,保留原始历史版本；将局部实现、生产消费和退休设计分别追踪，具体缺口见review.md,docs/plans/portfolio-reuse-fix/progress.md:1-89
C:\Users\郑曾波\Projects\company-wiki\docs\plans\portfolio-reuse-fix\progress.md,docs/plans/portfolio-reuse-fix/progress.md,39,39,- **Phase 3**：completed。filing-fetch 只读复用 FY2023/2024/2025 全部 `capture_ready`、零下载。,7241861894c251bad314909d7efce5fdb9d512a90a2c0b7bd22df6fdf0ace446,WIKI-LEGACY-SPECIAL-0670,history_filing,historical_only,- **Phase 3**：completed。filing-fetch 只读复用 FY2023/2024/2025 全部 `capture_ready`、零下载。,原文及所属阶段时间/配置/样本范围；不继承已PASS结论,原文有日期的历史叙述；本轮不重跑生产、不以本轮测试反向证明当日计数/耗时/完整范围；同文件后置初始规划段不覆盖前方已实施,该项为当日操作/测试/状态记录；spike用worker暂停后的companies副本，且尾部重复早先规划状态，必须按时间读，不能取最后段落决定当前完成。,保留原始历史版本；将局部实现、生产消费和退休设计分别追踪，具体缺口见review.md,docs/plans/portfolio-reuse-fix/progress.md:1-89
C:\Users\郑曾波\Projects\company-wiki\docs\plans\portfolio-reuse-fix\progress.md,docs/plans/portfolio-reuse-fix/progress.md,40,40,- **Phase 4**：completed。幂等/去重/陈旧语义验证+文档化。,7241861894c251bad314909d7efce5fdb9d512a90a2c0b7bd22df6fdf0ace446,WIKI-LEGACY-SPECIAL-0671,history_filing,historical_only,- **Phase 4**：completed。幂等/去重/陈旧语义验证+文档化。,原文及所属阶段时间/配置/样本范围；不继承已PASS结论,原文有日期的历史叙述；本轮不重跑生产、不以本轮测试反向证明当日计数/耗时/完整范围；同文件后置初始规划段不覆盖前方已实施,该项为当日操作/测试/状态记录；spike用worker暂停后的companies副本，且尾部重复早先规划状态，必须按时间读，不能取最后段落决定当前完成。,保留原始历史版本；将局部实现、生产消费和退休设计分别追踪，具体缺口见review.md,docs/plans/portfolio-reuse-fix/progress.md:1-89
C:\Users\郑曾波\Projects\company-wiki\docs\plans\portfolio-reuse-fix\progress.md,docs/plans/portfolio-reuse-fix/progress.md,41,42,"- **Phase 5**：completed。`tests/contract/test_portfolio_promoter.py` 8 项全绿；
  相关既有测试 53 项全绿（合计 61）。fail-closed 护栏未削弱。",7241861894c251bad314909d7efce5fdb9d512a90a2c0b7bd22df6fdf0ace446,WIKI-LEGACY-SPECIAL-0672,history_filing,historical_only,"- **Phase 5**：completed。`tests/contract/test_portfolio_promoter.py` 8 项全绿；
  相关既有测试 53 项全绿（合计 61）。fail-closed 护栏未削弱。",原文及所属阶段时间/配置/样本范围；不继承已PASS结论,原文有日期的历史叙述；本轮不重跑生产、不以本轮测试反向证明当日计数/耗时/完整范围；同文件后置初始规划段不覆盖前方已实施,该项为当日操作/测试/状态记录；spike用worker暂停后的companies副本，且尾部重复早先规划状态，必须按时间读，不能取最后段落决定当前完成。,保留原始历史版本；将局部实现、生产消费和退休设计分别追踪，具体缺口见review.md,docs/plans/portfolio-reuse-fix/progress.md:1-89
C:\Users\郑曾波\Projects\company-wiki\docs\plans\portfolio-reuse-fix\progress.md,docs/plans/portfolio-reuse-fix/progress.md,43,43,- **Phase 6**：completed。`docs/adr/ADR-007-portfolio-promotion.md` + `docs/OPERATIONS.md` 新增一节。,7241861894c251bad314909d7efce5fdb9d512a90a2c0b7bd22df6fdf0ace446,WIKI-LEGACY-SPECIAL-0673,history_filing,historical_only,- **Phase 6**：completed。`docs/adr/ADR-007-portfolio-promotion.md` + `docs/OPERATIONS.md` 新增一节。,原文及所属阶段时间/配置/样本范围；不继承已PASS结论,原文有日期的历史叙述；本轮不重跑生产、不以本轮测试反向证明当日计数/耗时/完整范围；同文件后置初始规划段不覆盖前方已实施,该项为当日操作/测试/状态记录；spike用worker暂停后的companies副本，且尾部重复早先规划状态，必须按时间读，不能取最后段落决定当前完成。,保留原始历史版本；将局部实现、生产消费和退休设计分别追踪，具体缺口见review.md,docs/plans/portfolio-reuse-fix/progress.md:1-89
C:\Users\郑曾波\Projects\company-wiki\docs\plans\portfolio-reuse-fix\progress.md,docs/plans/portfolio-reuse-fix/progress.md,44,44,- **Phase 7**（Strategy B 只读复用）：**跳过**（默认不做，ADR 记录理由）。,7241861894c251bad314909d7efce5fdb9d512a90a2c0b7bd22df6fdf0ace446,WIKI-LEGACY-SPECIAL-0674,history_filing,historical_only,- **Phase 7**（Strategy B 只读复用）：**跳过**（默认不做，ADR 记录理由）。,原文及所属阶段时间/配置/样本范围；不继承已PASS结论,原文有日期的历史叙述；本轮不重跑生产、不以本轮测试反向证明当日计数/耗时/完整范围；同文件后置初始规划段不覆盖前方已实施,该项为当日操作/测试/状态记录；spike用worker暂停后的companies副本，且尾部重复早先规划状态，必须按时间读，不能取最后段落决定当前完成。,保留原始历史版本；将局部实现、生产消费和退休设计分别追踪，具体缺口见review.md,docs/plans/portfolio-reuse-fix/progress.md:1-89
C:\Users\郑曾波\Projects\company-wiki\docs\plans\portfolio-reuse-fix\progress.md,docs/plans/portfolio-reuse-fix/progress.md,45,46,"- **测试过程中的小修复**：`portfolio_promoter.py` 需在 copyfile 前 `staged.parent.mkdir`（测试暴露）；
  测试 fixture 需实体级 `portfolio/<ticker>/meta.json` + 先 mkdir 再写。",7241861894c251bad314909d7efce5fdb9d512a90a2c0b7bd22df6fdf0ace446,WIKI-LEGACY-SPECIAL-0675,history_filing,historical_only,"- **测试过程中的小修复**：`portfolio_promoter.py` 需在 copyfile 前 `staged.parent.mkdir`（测试暴露）；
  测试 fixture 需实体级 `portfolio/<ticker>/meta.json` + 先 mkdir 再写。",原文及所属阶段时间/配置/样本范围；不继承已PASS结论,原文有日期的历史叙述；本轮不重跑生产、不以本轮测试反向证明当日计数/耗时/完整范围；同文件后置初始规划段不覆盖前方已实施,该项为当日操作/测试/状态记录；spike用worker暂停后的companies副本，且尾部重复早先规划状态，必须按时间读，不能取最后段落决定当前完成。,保留原始历史版本；将局部实现、生产消费和退休设计分别追踪，具体缺口见review.md,docs/plans/portfolio-reuse-fix/progress.md:1-89
C:\Users\郑曾波\Projects\company-wiki\docs\plans\portfolio-reuse-fix\progress.md,docs/plans/portfolio-reuse-fix/progress.md,47,48,"- **最终状态**：主方案实施完毕，计划内全部 Phase（0-6）completed。产出 4 个生产文件改动/新增 +
  1 个 ADR + 1 节运维文档 + 8 项新测试。",7241861894c251bad314909d7efce5fdb9d512a90a2c0b7bd22df6fdf0ace446,WIKI-LEGACY-SPECIAL-0676,history_filing,historical_only,"- **最终状态**：主方案实施完毕，计划内全部 Phase（0-6）completed。产出 4 个生产文件改动/新增 +
  1 个 ADR + 1 节运维文档 + 8 项新测试。",原文及所属阶段时间/配置/样本范围；不继承已PASS结论,原文有日期的历史叙述；本轮不重跑生产、不以本轮测试反向证明当日计数/耗时/完整范围；同文件后置初始规划段不覆盖前方已实施,该项为当日操作/测试/状态记录；spike用worker暂停后的companies副本，且尾部重复早先规划状态，必须按时间读，不能取最后段落决定当前完成。,保留原始历史版本；将局部实现、生产消费和退休设计分别追踪，具体缺口见review.md,docs/plans/portfolio-reuse-fix/progress.md:1-89
C:\Users\郑曾波\Projects\company-wiki\docs\plans\portfolio-reuse-fix\progress.md,docs/plans/portfolio-reuse-fix/progress.md,52,54,"- **背景**：用户本意是用 revenue-forecast 给金山云做营收预测；filing-fetch 触发了对已在
  `dayu-agent/workspace/portfolio` 中的金山云 FY2025 年报的重复下载。用户两次追问根因，随后决定
  **暂停营收预测**，转而用 planning-with-files 把""详细修复方案""落到 company-wiki 目录。",7241861894c251bad314909d7efce5fdb9d512a90a2c0b7bd22df6fdf0ace446,WIKI-LEGACY-SPECIAL-0677,history_filing,historical_only,"- **背景**：用户本意是用 revenue-forecast 给金山云做营收预测；filing-fetch 触发了对已在
  `dayu-agent/workspace/portfolio` 中的金山云 FY2025 年报的重复下载。用户两次追问根因，随后决定
  **暂停营收预测**，转而用 planning-with-files 把""详细修复方案""落到 company-wiki 目录。",原文及所属阶段时间/配置/样本范围；不继承已PASS结论,原文有日期的历史叙述；本轮不重跑生产、不以本轮测试反向证明当日计数/耗时/完整范围；同文件后置初始规划段不覆盖前方已实施,该项为当日操作/测试/状态记录；spike用worker暂停后的companies副本，且尾部重复早先规划状态，必须按时间读，不能取最后段落决定当前完成。,保留原始历史版本；将局部实现、生产消费和退休设计分别追踪，具体缺口见review.md,docs/plans/portfolio-reuse-fix/progress.md:1-89
C:\Users\郑曾波\Projects\company-wiki\docs\plans\portfolio-reuse-fix\progress.md,docs/plans/portfolio-reuse-fix/progress.md,56,56,- **根因调查（已完成）**：,7241861894c251bad314909d7efce5fdb9d512a90a2c0b7bd22df6fdf0ace446,WIKI-LEGACY-SPECIAL-0678,history_filing,historical_only,- **根因调查（已完成）**：,原文及所属阶段时间/配置/样本范围；不继承已PASS结论,原文有日期的历史叙述；本轮不重跑生产、不以本轮测试反向证明当日计数/耗时/完整范围；同文件后置初始规划段不覆盖前方已实施,该项为当日操作/测试/状态记录；spike用worker暂停后的companies副本，且尾部重复早先规划状态，必须按时间读，不能取最后段落决定当前完成。,保留原始历史版本；将局部实现、生产消费和退休设计分别追踪，具体缺口见review.md,docs/plans/portfolio-reuse-fix/progress.md:1-89
C:\Users\郑曾波\Projects\company-wiki\docs\plans\portfolio-reuse-fix\progress.md,docs/plans/portfolio-reuse-fix/progress.md,57,58,"  - 更正先前错误结论：portfolio **已**在 `config/source_catalog.yaml` 配置为 root（`kind: dayu_portfolio`），
    且**已扫描入库**（catalog DB：dayu_portfolio 3,591 locations，含金山云 3896 全部 7 份财报）。",7241861894c251bad314909d7efce5fdb9d512a90a2c0b7bd22df6fdf0ace446,WIKI-LEGACY-SPECIAL-0679,history_filing,historical_only,"  - 更正先前错误结论：portfolio **已**在 `config/source_catalog.yaml` 配置为 root（`kind: dayu_portfolio`），
    且**已扫描入库**（catalog DB：dayu_portfolio 3,591 locations，含金山云 3896 全部 7 份财报）。",原文及所属阶段时间/配置/样本范围；不继承已PASS结论,原文有日期的历史叙述；本轮不重跑生产、不以本轮测试反向证明当日计数/耗时/完整范围；同文件后置初始规划段不覆盖前方已实施,该项为当日操作/测试/状态记录；spike用worker暂停后的companies副本，且尾部重复早先规划状态，必须按时间读，不能取最后段落决定当前完成。,保留原始历史版本；将局部实现、生产消费和退休设计分别追踪，具体缺口见review.md,docs/plans/portfolio-reuse-fix/progress.md:1-89
C:\Users\郑曾波\Projects\company-wiki\docs\plans\portfolio-reuse-fix\progress.md,docs/plans/portfolio-reuse-fix/progress.md,59,60,"  - 真正断点：`resolver.py:405-513` 复用管线硬过滤 `kind=='company_raw'`；`filing-fetch` handle 契约
    要求 `canonical_path` 在 `companies/` 子树内。两道闸把""已索引""挡在""不可复用""外。无桥接命令。",7241861894c251bad314909d7efce5fdb9d512a90a2c0b7bd22df6fdf0ace446,WIKI-LEGACY-SPECIAL-0680,history_filing,historical_only,"  - 真正断点：`resolver.py:405-513` 复用管线硬过滤 `kind=='company_raw'`；`filing-fetch` handle 契约
    要求 `canonical_path` 在 `companies/` 子树内。两道闸把""已索引""挡在""不可复用""外。无桥接命令。",原文及所属阶段时间/配置/样本范围；不继承已PASS结论,原文有日期的历史叙述；本轮不重跑生产、不以本轮测试反向证明当日计数/耗时/完整范围；同文件后置初始规划段不覆盖前方已实施,该项为当日操作/测试/状态记录；spike用worker暂停后的companies副本，且尾部重复早先规划状态，必须按时间读，不能取最后段落决定当前完成。,保留原始历史版本；将局部实现、生产消费和退休设计分别追踪，具体缺口见review.md,docs/plans/portfolio-reuse-fix/progress.md:1-89
C:\Users\郑曾波\Projects\company-wiki\docs\plans\portfolio-reuse-fix\progress.md,docs/plans/portfolio-reuse-fix/progress.md,61,62,"  - 完整根因与代码证据：`findings.md`、以及
    `C:\Users\郑曾波\projects\Research\kingsoft-cloud-revenue\ROOT_CAUSE_portfolio_reuse.md`。",7241861894c251bad314909d7efce5fdb9d512a90a2c0b7bd22df6fdf0ace446,WIKI-LEGACY-SPECIAL-0681,history_filing,historical_only,"  - 完整根因与代码证据：`findings.md`、以及
    `C:\Users\郑曾波\projects\Research\kingsoft-cloud-revenue\ROOT_CAUSE_portfolio_reuse.md`。",原文及所属阶段时间/配置/样本范围；不继承已PASS结论,原文有日期的历史叙述；本轮不重跑生产、不以本轮测试反向证明当日计数/耗时/完整范围；同文件后置初始规划段不覆盖前方已实施,该项为当日操作/测试/状态记录；spike用worker暂停后的companies副本，且尾部重复早先规划状态，必须按时间读，不能取最后段落决定当前完成。,保留原始历史版本；将局部实现、生产消费和退休设计分别追踪，具体缺口见review.md,docs/plans/portfolio-reuse-fix/progress.md:1-89
C:\Users\郑曾波\Projects\company-wiki\docs\plans\portfolio-reuse-fix\progress.md,docs/plans/portfolio-reuse-fix/progress.md,64,64,- **代码核查要点（已落 findings.md）**：,7241861894c251bad314909d7efce5fdb9d512a90a2c0b7bd22df6fdf0ace446,WIKI-LEGACY-SPECIAL-0682,history_filing,historical_only,- **代码核查要点（已落 findings.md）**：,原文及所属阶段时间/配置/样本范围；不继承已PASS结论,原文有日期的历史叙述；本轮不重跑生产、不以本轮测试反向证明当日计数/耗时/完整范围；同文件后置初始规划段不覆盖前方已实施,该项为当日操作/测试/状态记录；spike用worker暂停后的companies副本，且尾部重复早先规划状态，必须按时间读，不能取最后段落决定当前完成。,保留原始历史版本；将局部实现、生产消费和退休设计分别追踪，具体缺口见review.md,docs/plans/portfolio-reuse-fix/progress.md:1-89
C:\Users\郑曾波\Projects\company-wiki\docs\plans\portfolio-reuse-fix\progress.md,docs/plans/portfolio-reuse-fix/progress.md,65,66,"  - 规范写入唯一受验证入口 = `CanonicalSourceWriter.import_staged()`（canonical_writer.py:136），
    走 staging_root → 原子拷贝 → `.source.json` 不可变 sidecar → 重扫 → 断言 REUSED_EXACT。",7241861894c251bad314909d7efce5fdb9d512a90a2c0b7bd22df6fdf0ace446,WIKI-LEGACY-SPECIAL-0683,history_filing,historical_only,"  - 规范写入唯一受验证入口 = `CanonicalSourceWriter.import_staged()`（canonical_writer.py:136），
    走 staging_root → 原子拷贝 → `.source.json` 不可变 sidecar → 重扫 → 断言 REUSED_EXACT。",原文及所属阶段时间/配置/样本范围；不继承已PASS结论,原文有日期的历史叙述；本轮不重跑生产、不以本轮测试反向证明当日计数/耗时/完整范围；同文件后置初始规划段不覆盖前方已实施,该项为当日操作/测试/状态记录；spike用worker暂停后的companies副本，且尾部重复早先规划状态，必须按时间读，不能取最后段落决定当前完成。,保留原始历史版本；将局部实现、生产消费和退休设计分别追踪，具体缺口见review.md,docs/plans/portfolio-reuse-fix/progress.md:1-89
C:\Users\郑曾波\Projects\company-wiki\docs\plans\portfolio-reuse-fix\progress.md,docs/plans/portfolio-reuse-fix/progress.md,67,68,"  - `SourceHandle`（resolver.py:208）从 location 的 absolute_path+content_sha256+source_url 构造，
    portfolio location 字段齐全，理论上能造 capture_ready handle，只差放行。",7241861894c251bad314909d7efce5fdb9d512a90a2c0b7bd22df6fdf0ace446,WIKI-LEGACY-SPECIAL-0684,history_filing,historical_only,"  - `SourceHandle`（resolver.py:208）从 location 的 absolute_path+content_sha256+source_url 构造，
    portfolio location 字段齐全，理论上能造 capture_ready handle，只差放行。",原文及所属阶段时间/配置/样本范围；不继承已PASS结论,原文有日期的历史叙述；本轮不重跑生产、不以本轮测试反向证明当日计数/耗时/完整范围；同文件后置初始规划段不覆盖前方已实施,该项为当日操作/测试/状态记录；spike用worker暂停后的companies副本，且尾部重复早先规划状态，必须按时间读，不能取最后段落决定当前完成。,保留原始历史版本；将局部实现、生产消费和退休设计分别追踪，具体缺口见review.md,docs/plans/portfolio-reuse-fix/progress.md:1-89
C:\Users\郑曾波\Projects\company-wiki\docs\plans\portfolio-reuse-fix\progress.md,docs/plans/portfolio-reuse-fix/progress.md,69,70,"  - 选型：**Strategy A（导入/提升）** 为主方案，全在 company-wiki、filing-fetch 零改、保留全部不变量；
    Strategy B（放宽两闸做只读复用）默认不做，记入 Phase 7。",7241861894c251bad314909d7efce5fdb9d512a90a2c0b7bd22df6fdf0ace446,WIKI-LEGACY-SPECIAL-0685,history_filing,historical_only,"  - 选型：**Strategy A（导入/提升）** 为主方案，全在 company-wiki、filing-fetch 零改、保留全部不变量；
    Strategy B（放宽两闸做只读复用）默认不做，记入 Phase 7。",原文及所属阶段时间/配置/样本范围；不继承已PASS结论,原文有日期的历史叙述；本轮不重跑生产、不以本轮测试反向证明当日计数/耗时/完整范围；同文件后置初始规划段不覆盖前方已实施,该项为当日操作/测试/状态记录；spike用worker暂停后的companies副本，且尾部重复早先规划状态，必须按时间读，不能取最后段落决定当前完成。,保留原始历史版本；将局部实现、生产消费和退休设计分别追踪，具体缺口见review.md,docs/plans/portfolio-reuse-fix/progress.md:1-89
C:\Users\郑曾波\Projects\company-wiki\docs\plans\portfolio-reuse-fix\progress.md,docs/plans/portfolio-reuse-fix/progress.md,72,72,- **产出（本会话）**：,7241861894c251bad314909d7efce5fdb9d512a90a2c0b7bd22df6fdf0ace446,WIKI-LEGACY-SPECIAL-0686,history_filing,historical_only,- **产出（本会话）**：,原文及所属阶段时间/配置/样本范围；不继承已PASS结论,原文有日期的历史叙述；本轮不重跑生产、不以本轮测试反向证明当日计数/耗时/完整范围；同文件后置初始规划段不覆盖前方已实施,该项为当日操作/测试/状态记录；spike用worker暂停后的companies副本，且尾部重复早先规划状态，必须按时间读，不能取最后段落决定当前完成。,保留原始历史版本；将局部实现、生产消费和退休设计分别追踪，具体缺口见review.md,docs/plans/portfolio-reuse-fix/progress.md:1-89
C:\Users\郑曾波\Projects\company-wiki\docs\plans\portfolio-reuse-fix\progress.md,docs/plans/portfolio-reuse-fix/progress.md,73,73,  - `findings.md` — 根因 + 代码落点 + 选型 + 待复核假设。,7241861894c251bad314909d7efce5fdb9d512a90a2c0b7bd22df6fdf0ace446,WIKI-LEGACY-SPECIAL-0687,history_filing,historical_only,  - `findings.md` — 根因 + 代码落点 + 选型 + 待复核假设。,原文及所属阶段时间/配置/样本范围；不继承已PASS结论,原文有日期的历史叙述；本轮不重跑生产、不以本轮测试反向证明当日计数/耗时/完整范围；同文件后置初始规划段不覆盖前方已实施,该项为当日操作/测试/状态记录；spike用worker暂停后的companies副本，且尾部重复早先规划状态，必须按时间读，不能取最后段落决定当前完成。,保留原始历史版本；将局部实现、生产消费和退休设计分别追踪，具体缺口见review.md,docs/plans/portfolio-reuse-fix/progress.md:1-89
C:\Users\郑曾波\Projects\company-wiki\docs\plans\portfolio-reuse-fix\progress.md,docs/plans/portfolio-reuse-fix/progress.md,74,75,"  - `task_plan.md` — 7 个 Phase（0 已完成；1 Spike；2 实现；3 端到端；4 去重/陈旧；5 测试；6 文档；
    7 可选 B）、文件变更清单、风险回滚、整体验收。",7241861894c251bad314909d7efce5fdb9d512a90a2c0b7bd22df6fdf0ace446,WIKI-LEGACY-SPECIAL-0688,history_filing,historical_only,"  - `task_plan.md` — 7 个 Phase（0 已完成；1 Spike；2 实现；3 端到端；4 去重/陈旧；5 测试；6 文档；
    7 可选 B）、文件变更清单、风险回滚、整体验收。",原文及所属阶段时间/配置/样本范围；不继承已PASS结论,原文有日期的历史叙述；本轮不重跑生产、不以本轮测试反向证明当日计数/耗时/完整范围；同文件后置初始规划段不覆盖前方已实施,该项为当日操作/测试/状态记录；spike用worker暂停后的companies副本，且尾部重复早先规划状态，必须按时间读，不能取最后段落决定当前完成。,保留原始历史版本；将局部实现、生产消费和退休设计分别追踪，具体缺口见review.md,docs/plans/portfolio-reuse-fix/progress.md:1-89
C:\Users\郑曾波\Projects\company-wiki\docs\plans\portfolio-reuse-fix\progress.md,docs/plans/portfolio-reuse-fix/progress.md,76,76,  - `progress.md` — 本文件。,7241861894c251bad314909d7efce5fdb9d512a90a2c0b7bd22df6fdf0ace446,WIKI-LEGACY-SPECIAL-0689,history_filing,historical_only,  - `progress.md` — 本文件。,原文及所属阶段时间/配置/样本范围；不继承已PASS结论,原文有日期的历史叙述；本轮不重跑生产、不以本轮测试反向证明当日计数/耗时/完整范围；同文件后置初始规划段不覆盖前方已实施,该项为当日操作/测试/状态记录；spike用worker暂停后的companies副本，且尾部重复早先规划状态，必须按时间读，不能取最后段落决定当前完成。,保留原始历史版本；将局部实现、生产消费和退休设计分别追踪，具体缺口见review.md,docs/plans/portfolio-reuse-fix/progress.md:1-89
C:\Users\郑曾波\Projects\company-wiki\docs\plans\portfolio-reuse-fix\progress.md,docs/plans/portfolio-reuse-fix/progress.md,78,78,- **当前状态**：**仅完成方案制定，未动任何代码**。Phase 1（Spike）为下一步起点。,7241861894c251bad314909d7efce5fdb9d512a90a2c0b7bd22df6fdf0ace446,WIKI-LEGACY-SPECIAL-0690,history_filing,historical_only,- **当前状态**：**仅完成方案制定，未动任何代码**。Phase 1（Spike）为下一步起点。,原文及所属阶段时间/配置/样本范围；不继承已PASS结论,原文有日期的历史叙述；本轮不重跑生产、不以本轮测试反向证明当日计数/耗时/完整范围；同文件后置初始规划段不覆盖前方已实施,该项为当日操作/测试/状态记录；spike用worker暂停后的companies副本，且尾部重复早先规划状态，必须按时间读，不能取最后段落决定当前完成。,保留原始历史版本；将局部实现、生产消费和退休设计分别追踪，具体缺口见review.md,docs/plans/portfolio-reuse-fix/progress.md:1-89
C:\Users\郑曾波\Projects\company-wiki\docs\plans\portfolio-reuse-fix\progress.md,docs/plans/portfolio-reuse-fix/progress.md,80,80,- **未完成 / 下一步**：,7241861894c251bad314909d7efce5fdb9d512a90a2c0b7bd22df6fdf0ace446,WIKI-LEGACY-SPECIAL-0691,history_filing,historical_only,- **未完成 / 下一步**：,原文及所属阶段时间/配置/样本范围；不继承已PASS结论,原文有日期的历史叙述；本轮不重跑生产、不以本轮测试反向证明当日计数/耗时/完整范围；同文件后置初始规划段不覆盖前方已实施,该项为当日操作/测试/状态记录；spike用worker暂停后的companies副本，且尾部重复早先规划状态，必须按时间读，不能取最后段落决定当前完成。,保留原始历史版本；将局部实现、生产消费和退休设计分别追踪，具体缺口见review.md,docs/plans/portfolio-reuse-fix/progress.md:1-89
C:\Users\郑曾波\Projects\company-wiki\docs\plans\portfolio-reuse-fix\progress.md,docs/plans/portfolio-reuse-fix/progress.md,81,81,"  - Phase 1 Spike：先手工提升金山云 FY2025 验证""拷贝即生效""，盘点字段映射与受影响测试。",7241861894c251bad314909d7efce5fdb9d512a90a2c0b7bd22df6fdf0ace446,WIKI-LEGACY-SPECIAL-0692,history_filing,historical_only,"  - Phase 1 Spike：先手工提升金山云 FY2025 验证""拷贝即生效""，盘点字段映射与受影响测试。",原文及所属阶段时间/配置/样本范围；不继承已PASS结论,原文有日期的历史叙述；本轮不重跑生产、不以本轮测试反向证明当日计数/耗时/完整范围；同文件后置初始规划段不覆盖前方已实施,该项为当日操作/测试/状态记录；spike用worker暂停后的companies副本，且尾部重复早先规划状态，必须按时间读，不能取最后段落决定当前完成。,保留原始历史版本；将局部实现、生产消费和退休设计分别追踪，具体缺口见review.md,docs/plans/portfolio-reuse-fix/progress.md:1-89
C:\Users\郑曾波\Projects\company-wiki\docs\plans\portfolio-reuse-fix\progress.md,docs/plans/portfolio-reuse-fix/progress.md,82,82,  - 其后按 Phase 2→6 实施。Phase 7 默认跳过。,7241861894c251bad314909d7efce5fdb9d512a90a2c0b7bd22df6fdf0ace446,WIKI-LEGACY-SPECIAL-0693,history_filing,historical_only,  - 其后按 Phase 2→6 实施。Phase 7 默认跳过。,原文及所属阶段时间/配置/样本范围；不继承已PASS结论,原文有日期的历史叙述；本轮不重跑生产、不以本轮测试反向证明当日计数/耗时/完整范围；同文件后置初始规划段不覆盖前方已实施,该项为当日操作/测试/状态记录；spike用worker暂停后的companies副本，且尾部重复早先规划状态，必须按时间读，不能取最后段落决定当前完成。,保留原始历史版本；将局部实现、生产消费和退休设计分别追踪，具体缺口见review.md,docs/plans/portfolio-reuse-fix/progress.md:1-89
C:\Users\郑曾波\Projects\company-wiki\docs\plans\portfolio-reuse-fix\progress.md,docs/plans/portfolio-reuse-fix/progress.md,84,84,- **已验证事实（便于后续会话恢复）**：,7241861894c251bad314909d7efce5fdb9d512a90a2c0b7bd22df6fdf0ace446,WIKI-LEGACY-SPECIAL-0694,history_filing,historical_only,- **已验证事实（便于后续会话恢复）**：,原文及所属阶段时间/配置/样本范围；不继承已PASS结论,原文有日期的历史叙述；本轮不重跑生产、不以本轮测试反向证明当日计数/耗时/完整范围；同文件后置初始规划段不覆盖前方已实施,该项为当日操作/测试/状态记录；spike用worker暂停后的companies副本，且尾部重复早先规划状态，必须按时间读，不能取最后段落决定当前完成。,保留原始历史版本；将局部实现、生产消费和退休设计分别追踪，具体缺口见review.md,docs/plans/portfolio-reuse-fix/progress.md:1-89
C:\Users\郑曾波\Projects\company-wiki\docs\plans\portfolio-reuse-fix\progress.md,docs/plans/portfolio-reuse-fix/progress.md,85,88,"  - 金山云 FY2025 年报：document 文件名 `fil_cn_48ec0d41eb244001f0f3795438c351495c196ada.pdf`；
    pdf_sha256 `efe2ccd923b744eb69166aebf5f9b32ab7560efe3f6c44f2c6bcf4672fec1fa8`；
    HKEX source_url `https://www1.hkexnews.hk/listedco/listconews/sehk/2026/0423/2026042301428_c.pdf`；
    filing_date 2026-04-23。",7241861894c251bad314909d7efce5fdb9d512a90a2c0b7bd22df6fdf0ace446,WIKI-LEGACY-SPECIAL-0695,history_filing,historical_only,"  - 金山云 FY2025 年报：document 文件名 `fil_cn_48ec0d41eb244001f0f3795438c351495c196ada.pdf`；
    pdf_sha256 `efe2ccd923b744eb69166aebf5f9b32ab7560efe3f6c44f2c6bcf4672fec1fa8`；
    HKEX source_url `https://www1.hkexnews.hk/listedco/listconews/sehk/2026/0423/2026042301428_c.pdf`；
    filing_date 2026-04-23。",原文及所属阶段时间/配置/样本范围；不继承已PASS结论,原文有日期的历史叙述；本轮不重跑生产、不以本轮测试反向证明当日计数/耗时/完整范围；同文件后置初始规划段不覆盖前方已实施,该项为当日操作/测试/状态记录；spike用worker暂停后的companies副本，且尾部重复早先规划状态，必须按时间读，不能取最后段落决定当前完成。,保留原始历史版本；将局部实现、生产消费和退休设计分别追踪，具体缺口见review.md,docs/plans/portfolio-reuse-fix/progress.md:1-89
C:\Users\郑曾波\Projects\company-wiki\docs\plans\portfolio-reuse-fix\progress.md,docs/plans/portfolio-reuse-fix/progress.md,89,89,"  - catalog 三 root location 计数：company_raw 33,074 / dayu_portfolio 3,591 / dropbox_stock 9,899。",7241861894c251bad314909d7efce5fdb9d512a90a2c0b7bd22df6fdf0ace446,WIKI-LEGACY-SPECIAL-0696,history_filing,historical_only,"  - catalog 三 root location 计数：company_raw 33,074 / dayu_portfolio 3,591 / dropbox_stock 9,899。",原文及所属阶段时间/配置/样本范围；不继承已PASS结论,原文有日期的历史叙述；本轮不重跑生产、不以本轮测试反向证明当日计数/耗时/完整范围；同文件后置初始规划段不覆盖前方已实施,该项为当日操作/测试/状态记录；spike用worker暂停后的companies副本，且尾部重复早先规划状态，必须按时间读，不能取最后段落决定当前完成。,保留原始历史版本；将局部实现、生产消费和退休设计分别追踪，具体缺口见review.md,docs/plans/portfolio-reuse-fix/progress.md:1-89
C:\Users\郑曾波\Projects\company-wiki\docs\plans\portfolio-reuse-fix\task_plan.md,docs/plans/portfolio-reuse-fix/task_plan.md,3,3,> **2026-08-09 状态覆盖：`superseded_closed`。** Strategy A 的 Phase 0–6 历史实现/实验保留，但后续已回滚或由 Strategy B 取代。本文件所有未回填空框均不再是活动待办；Phase 7 不再 pending，已由 `portfolio-reuse-automatic` 的窄范围 Strategy B 和 FCAP r2 的通用多根方案取代。,681978e3ac1ccc4f1f078ebc3d2d79baee7b2f6037af4ae939edfa777d1387c4,WIKI-LEGACY-SPECIAL-0697,history_filing,superseded,> **2026-08-09 状态覆盖：`superseded_closed`。** Strategy A 的 Phase 0–6 历史实现/实验保留，但后续已回滚或由 Strategy B 取代。本文件所有未回填空框均不再是活动待办；Phase 7 不再 pending，已由 `portfolio-reuse-automatic` 的窄范围 Strategy B 和 FCAP r2 的通用多根方案取代。,原文及所属阶段时间/配置/样本范围；不继承已PASS结论,同文件3–12；portfolio-reuse-automatic/task_plan:3–28；当前portfolio_promoter仅显式CLI,Strategy A被明示撤销/替代；逐项保留原设计与旧验收，不能据旧空框重启提升复制工作。,保留原始历史版本；将局部实现、生产消费和退休设计分别追踪，具体缺口见review.md,docs/plans/portfolio-reuse-fix/task_plan.md:1-225
C:\Users\郑曾波\Projects\company-wiki\docs\plans\portfolio-reuse-fix\task_plan.md,docs/plans/portfolio-reuse-fix/task_plan.md,5,7,"> **状态：✅ 整体完成（2026-08-03，commit 7ce2774）**。Phase 0–6 全部 completed，Phase 7（Strategy B）默认跳过。
> 决策归档：`docs/adr/ADR-007-portfolio-promotion.md` + `docs/OPERATIONS.md §一点五`；最终结果见同目录 `progress.md`。
> 本目录原地保留作历史参考，不再作为活动任务。",681978e3ac1ccc4f1f078ebc3d2d79baee7b2f6037af4ae939edfa777d1387c4,WIKI-LEGACY-SPECIAL-0698,history_filing,historical_only,"> **状态：✅ 整体完成（2026-08-03，commit 7ce2774）**。Phase 0–6 全部 completed，Phase 7（Strategy B）默认跳过。
> 决策归档：`docs/adr/ADR-007-portfolio-promotion.md` + `docs/OPERATIONS.md §一点五`；最终结果见同目录 `progress.md`。
> 本目录原地保留作历史参考，不再作为活动任务。",原文及所属阶段时间/配置/样本范围；不继承已PASS结论,原文有日期的历史叙述；本轮不重跑生产、不以本轮测试反向证明当日计数/耗时/完整范围,历史已执行/全绿声明只证明当时提升后的companies副本路径；不证明原portfolio唯一副本直接复用，也不证明当前生产。,保留原始历史版本；将局部实现、生产消费和退休设计分别追踪，具体缺口见review.md,docs/plans/portfolio-reuse-fix/task_plan.md:5-7
C:\Users\郑曾波\Projects\company-wiki\docs\plans\portfolio-reuse-fix\task_plan.md,docs/plans/portfolio-reuse-fix/task_plan.md,11,11,- [x] Phase 0–6 作为 Strategy A 的历史实现/实验记录关闭；其结果后来已回滚或被替代，不代表当前生产能力。,681978e3ac1ccc4f1f078ebc3d2d79baee7b2f6037af4ae939edfa777d1387c4,WIKI-LEGACY-SPECIAL-0699,history_filing,superseded,- [x] Phase 0–6 作为 Strategy A 的历史实现/实验记录关闭；其结果后来已回滚或被替代，不代表当前生产能力。,原文及所属阶段时间/配置/样本范围；不继承已PASS结论,同文件3–12；portfolio-reuse-automatic/task_plan:3–28；当前portfolio_promoter仅显式CLI,Strategy A被明示撤销/替代；逐项保留原设计与旧验收，不能据旧空框重启提升复制工作。,保留原始历史版本；将局部实现、生产消费和退休设计分别追踪，具体缺口见review.md,docs/plans/portfolio-reuse-fix/task_plan.md:1-225
C:\Users\郑曾波\Projects\company-wiki\docs\plans\portfolio-reuse-fix\task_plan.md,docs/plans/portfolio-reuse-fix/task_plan.md,12,12,- [x] Phase 7 不再等待执行，已由后续 Strategy B 的窄范围实现及 FCAP r2 的通用多根方案取代。,681978e3ac1ccc4f1f078ebc3d2d79baee7b2f6037af4ae939edfa777d1387c4,WIKI-LEGACY-SPECIAL-0700,history_filing,superseded,- [x] Phase 7 不再等待执行，已由后续 Strategy B 的窄范围实现及 FCAP r2 的通用多根方案取代。,原文及所属阶段时间/配置/样本范围；不继承已PASS结论,同文件3–12；portfolio-reuse-automatic/task_plan:3–28；当前portfolio_promoter仅显式CLI,Strategy A被明示撤销/替代；逐项保留原设计与旧验收，不能据旧空框重启提升复制工作。,保留原始历史版本；将局部实现、生产消费和退休设计分别追踪，具体缺口见review.md,docs/plans/portfolio-reuse-fix/task_plan.md:1-225
C:\Users\郑曾波\Projects\company-wiki\docs\plans\portfolio-reuse-fix\task_plan.md,docs/plans/portfolio-reuse-fix/task_plan.md,14,16,"- **目标**：让 `filing-fetch`（及 revenue-forecast / invest-* / industry-research）能复用已在
  `dayu-agent/workspace/portfolio` 中、且已被 catalog 索引的财报，**不再重复下载**；同时不破坏
  company-wiki 的单一写者 / 不可变溯源 / 路径围栏不变量。",681978e3ac1ccc4f1f078ebc3d2d79baee7b2f6037af4ae939edfa777d1387c4,WIKI-LEGACY-SPECIAL-0701,history_filing,insufficient_evidence,"- **目标**：让 `filing-fetch`（及 revenue-forecast / invest-* / industry-research）能复用已在
  `dayu-agent/workspace/portfolio` 中、且已被 catalog 索引的财报，**不再重复下载**；同时不破坏
  company-wiki 的单一写者 / 不可变溯源 / 路径围栏不变量。",原文及所属阶段时间/配置/样本范围；不继承已PASS结论,portfolio-reuse-automatic/findings:17–44；根task_plan:2520原地复用合同,目标为无需重复下载的下游复用，但选择手动复制桥接、且真实样本只金山云，不足以闭合一般性用户目标。,保留原始历史版本；将局部实现、生产消费和退休设计分别追踪，具体缺口见review.md,docs/plans/portfolio-reuse-fix/task_plan.md:14-18
C:\Users\郑曾波\Projects\company-wiki\docs\plans\portfolio-reuse-fix\task_plan.md,docs/plans/portfolio-reuse-fix/task_plan.md,17,19,"- **根因**：见同目录 `findings.md` 与 `ROOT_CAUSE_portfolio_reuse.md`。portfolio 作为只读检索 root 已入库，
  但规范复用管线（`resolver.py` 的 `company_raw` 过滤 + `filing-fetch` 的 companies/ 路径围栏）刻意排除它，
  且无 portfolio→company_raw 桥接命令。",681978e3ac1ccc4f1f078ebc3d2d79baee7b2f6037af4ae939edfa777d1387c4,WIKI-LEGACY-SPECIAL-0702,history_filing,insufficient_evidence,"- **根因**：见同目录 `findings.md` 与 `ROOT_CAUSE_portfolio_reuse.md`。portfolio 作为只读检索 root 已入库，
  但规范复用管线（`resolver.py` 的 `company_raw` 过滤 + `filing-fetch` 的 companies/ 路径围栏）刻意排除它，
  且无 portfolio→company_raw 桥接命令。",原文及所属阶段时间/配置/样本范围；不继承已PASS结论,portfolio-reuse-automatic/findings:17–44；根task_plan:2520原地复用合同,目标为无需重复下载的下游复用，但选择手动复制桥接、且真实样本只金山云，不足以闭合一般性用户目标。,保留原始历史版本；将局部实现、生产消费和退休设计分别追踪，具体缺口见review.md,docs/plans/portfolio-reuse-fix/task_plan.md:14-18
C:\Users\郑曾波\Projects\company-wiki\docs\plans\portfolio-reuse-fix\task_plan.md,docs/plans/portfolio-reuse-fix/task_plan.md,20,20,- **主仓库**：company-wiki（Strategy A 全部在此）。filing-fetch 在主方案下**零改动**。,681978e3ac1ccc4f1f078ebc3d2d79baee7b2f6037af4ae939edfa777d1387c4,WIKI-LEGACY-SPECIAL-0703,history_filing,superseded,- **主仓库**：company-wiki（Strategy A 全部在此）。filing-fetch 在主方案下**零改动**。,原文及所属阶段时间/配置/样本范围；不继承已PASS结论,同文件3–12；portfolio-reuse-automatic/task_plan:3–28；当前portfolio_promoter仅显式CLI,Strategy A被明示撤销/替代；逐项保留原设计与旧验收，不能据旧空框重启提升复制工作。,保留原始历史版本；将局部实现、生产消费和退休设计分别追踪，具体缺口见review.md,docs/plans/portfolio-reuse-fix/task_plan.md:1-225
C:\Users\郑曾波\Projects\company-wiki\docs\plans\portfolio-reuse-fix\task_plan.md,docs/plans/portfolio-reuse-fix/task_plan.md,21,21,- **状态图例**：`pending` → `in_progress` → `completed` / `blocked`。行号会漂移，动手前以实际代码为准。,681978e3ac1ccc4f1f078ebc3d2d79baee7b2f6037af4ae939edfa777d1387c4,WIKI-LEGACY-SPECIAL-0704,history_filing,superseded,- **状态图例**：`pending` → `in_progress` → `completed` / `blocked`。行号会漂移，动手前以实际代码为准。,原文及所属阶段时间/配置/样本范围；不继承已PASS结论,同文件3–12；portfolio-reuse-automatic/task_plan:3–28；当前portfolio_promoter仅显式CLI,Strategy A被明示撤销/替代；逐项保留原设计与旧验收，不能据旧空框重启提升复制工作。,保留原始历史版本；将局部实现、生产消费和退休设计分别追踪，具体缺口见review.md,docs/plans/portfolio-reuse-fix/task_plan.md:1-225
C:\Users\郑曾波\Projects\company-wiki\docs\plans\portfolio-reuse-fix\task_plan.md,docs/plans/portfolio-reuse-fix/task_plan.md,27,30,"**采用 Strategy A（导入/提升）**：新增""把 portfolio 文档提升为 company_raw 规范来源""的能力——
经 staging_root 复用现有 `CanonicalSourceWriter.import_staged()`，文件最终落入
`companies/{entity}/raw/{kind}/...` 并写不可变 `.source.json`（保留原始 HKEX/SEC URL），
resolver 自然返回 capture_ready handle，filing-fetch 复用。",681978e3ac1ccc4f1f078ebc3d2d79baee7b2f6037af4ae939edfa777d1387c4,WIKI-LEGACY-SPECIAL-0705,history_filing,superseded,"**采用 Strategy A（导入/提升）**：新增""把 portfolio 文档提升为 company_raw 规范来源""的能力——
经 staging_root 复用现有 `CanonicalSourceWriter.import_staged()`，文件最终落入
`companies/{entity}/raw/{kind}/...` 并写不可变 `.source.json`（保留原始 HKEX/SEC URL），
resolver 自然返回 capture_ready handle，filing-fetch 复用。",原文及所属阶段时间/配置/样本范围；不继承已PASS结论,同文件3–12；portfolio-reuse-automatic/task_plan:3–28；当前portfolio_promoter仅显式CLI,Strategy A被明示撤销/替代；逐项保留原设计与旧验收，不能据旧空框重启提升复制工作。,保留原始历史版本；将局部实现、生产消费和退休设计分别追踪，具体缺口见review.md,docs/plans/portfolio-reuse-fix/task_plan.md:1-225
C:\Users\郑曾波\Projects\company-wiki\docs\plans\portfolio-reuse-fix\task_plan.md,docs/plans/portfolio-reuse-fix/task_plan.md,32,33,"Strategy B（放宽 resolver + filing-fetch 契约做只读复用）记入 Phase 7，**默认不做**，仅在证明磁盘拷贝
不可接受时再评估。",681978e3ac1ccc4f1f078ebc3d2d79baee7b2f6037af4ae939edfa777d1387c4,WIKI-LEGACY-SPECIAL-0706,history_filing,superseded,"Strategy B（放宽 resolver + filing-fetch 契约做只读复用）记入 Phase 7，**默认不做**，仅在证明磁盘拷贝
不可接受时再评估。",原文及所属阶段时间/配置/样本范围；不继承已PASS结论,同文件3–12；portfolio-reuse-automatic/task_plan:3–28；当前portfolio_promoter仅显式CLI,Strategy A被明示撤销/替代；逐项保留原设计与旧验收，不能据旧空框重启提升复制工作。,保留原始历史版本；将局部实现、生产消费和退休设计分别追踪，具体缺口见review.md,docs/plans/portfolio-reuse-fix/task_plan.md:1-225
C:\Users\郑曾波\Projects\company-wiki\docs\plans\portfolio-reuse-fix\task_plan.md,docs/plans/portfolio-reuse-fix/task_plan.md,35,36,"理由：A 全部落在 company-wiki、完整保留不变量、最大化复用已验证代码、filing-fetch 不动；B 跨两仓、
要放宽路径围栏并处理 portfolio 增删改导致的陈旧 handle，风险显著更高。",681978e3ac1ccc4f1f078ebc3d2d79baee7b2f6037af4ae939edfa777d1387c4,WIKI-LEGACY-SPECIAL-0707,history_filing,superseded,"理由：A 全部落在 company-wiki、完整保留不变量、最大化复用已验证代码、filing-fetch 不动；B 跨两仓、
要放宽路径围栏并处理 portfolio 增删改导致的陈旧 handle，风险显著更高。",原文及所属阶段时间/配置/样本范围；不继承已PASS结论,同文件3–12；portfolio-reuse-automatic/task_plan:3–28；当前portfolio_promoter仅显式CLI,Strategy A被明示撤销/替代；逐项保留原设计与旧验收，不能据旧空框重启提升复制工作。,保留原始历史版本；将局部实现、生产消费和退休设计分别追踪，具体缺口见review.md,docs/plans/portfolio-reuse-fix/task_plan.md:1-225
C:\Users\郑曾波\Projects\company-wiki\docs\plans\portfolio-reuse-fix\task_plan.md,docs/plans/portfolio-reuse-fix/task_plan.md,40,40,## Phase 0 — 范围与不变量确认 — 状态：completed,681978e3ac1ccc4f1f078ebc3d2d79baee7b2f6037af4ae939edfa777d1387c4,WIKI-LEGACY-SPECIAL-0708,history_filing,superseded,## Phase 0 — 范围与不变量确认 — 状态：completed,原文及所属阶段时间/配置/样本范围；不继承已PASS结论,同文件3–12；portfolio-reuse-automatic/task_plan:3–28；当前portfolio_promoter仅显式CLI,Strategy A被明示撤销/替代；逐项保留原设计与旧验收，不能据旧空框重启提升复制工作。,保留原始历史版本；将局部实现、生产消费和退休设计分别追踪，具体缺口见review.md,docs/plans/portfolio-reuse-fix/task_plan.md:1-225
C:\Users\郑曾波\Projects\company-wiki\docs\plans\portfolio-reuse-fix\task_plan.md,docs/plans/portfolio-reuse-fix/task_plan.md,42,42,- [x] 确认根因（resolver.py company_raw 过滤 + filing-fetch 路径围栏 + 无桥接命令）。,681978e3ac1ccc4f1f078ebc3d2d79baee7b2f6037af4ae939edfa777d1387c4,WIKI-LEGACY-SPECIAL-0709,history_filing,superseded,- [x] 确认根因（resolver.py company_raw 过滤 + filing-fetch 路径围栏 + 无桥接命令）。,原文及所属阶段时间/配置/样本范围；不继承已PASS结论,同文件3–12；portfolio-reuse-automatic/task_plan:3–28；当前portfolio_promoter仅显式CLI,Strategy A被明示撤销/替代；逐项保留原设计与旧验收，不能据旧空框重启提升复制工作。,保留原始历史版本；将局部实现、生产消费和退休设计分别追踪，具体缺口见review.md,docs/plans/portfolio-reuse-fix/task_plan.md:1-225
C:\Users\郑曾波\Projects\company-wiki\docs\plans\portfolio-reuse-fix\task_plan.md,docs/plans/portfolio-reuse-fix/task_plan.md,43,43,- [x] 确认主仓库 = company-wiki；主方案下 filing-fetch 不改动。,681978e3ac1ccc4f1f078ebc3d2d79baee7b2f6037af4ae939edfa777d1387c4,WIKI-LEGACY-SPECIAL-0710,history_filing,superseded,- [x] 确认主仓库 = company-wiki；主方案下 filing-fetch 不改动。,原文及所属阶段时间/配置/样本范围；不继承已PASS结论,同文件3–12；portfolio-reuse-automatic/task_plan:3–28；当前portfolio_promoter仅显式CLI,Strategy A被明示撤销/替代；逐项保留原设计与旧验收，不能据旧空框重启提升复制工作。,保留原始历史版本；将局部实现、生产消费和退休设计分别追踪，具体缺口见review.md,docs/plans/portfolio-reuse-fix/task_plan.md:1-225
C:\Users\郑曾波\Projects\company-wiki\docs\plans\portfolio-reuse-fix\task_plan.md,docs/plans/portfolio-reuse-fix/task_plan.md,44,44,- [x] 确认必须尊重的不变量：ADR-005 单一写者、不可变 `.source.json` 溯源、字节 sha256、companies/ 路径围栏。,681978e3ac1ccc4f1f078ebc3d2d79baee7b2f6037af4ae939edfa777d1387c4,WIKI-LEGACY-SPECIAL-0711,history_filing,superseded,- [x] 确认必须尊重的不变量：ADR-005 单一写者、不可变 `.source.json` 溯源、字节 sha256、companies/ 路径围栏。,原文及所属阶段时间/配置/样本范围；不继承已PASS结论,同文件3–12；portfolio-reuse-automatic/task_plan:3–28；当前portfolio_promoter仅显式CLI,Strategy A被明示撤销/替代；逐项保留原设计与旧验收，不能据旧空框重启提升复制工作。,保留原始历史版本；将局部实现、生产消费和退休设计分别追踪，具体缺口见review.md,docs/plans/portfolio-reuse-fix/task_plan.md:1-225
C:\Users\郑曾波\Projects\company-wiki\docs\plans\portfolio-reuse-fix\task_plan.md,docs/plans/portfolio-reuse-fix/task_plan.md,48,48,## Phase 1 — 实施前 Spike（验证关键假设） — 状态：completed ✅,681978e3ac1ccc4f1f078ebc3d2d79baee7b2f6037af4ae939edfa777d1387c4,WIKI-LEGACY-SPECIAL-0712,history_filing,historical_only,## Phase 1 — 实施前 Spike（验证关键假设） — 状态：completed ✅,原文及所属阶段时间/配置/样本范围；不继承已PASS结论,原文有日期的历史叙述；本轮不重跑生产、不以本轮测试反向证明当日计数/耗时/完整范围,历史已执行/全绿声明只证明当时提升后的companies副本路径；不证明原portfolio唯一副本直接复用，也不证明当前生产。,保留原始历史版本；将局部实现、生产消费和退休设计分别追踪，具体缺口见review.md,docs/plans/portfolio-reuse-fix/task_plan.md:48-79
C:\Users\郑曾波\Projects\company-wiki\docs\plans\portfolio-reuse-fix\task_plan.md,docs/plans/portfolio-reuse-fix/task_plan.md,50,52,"> 结果：**全链路验证通过**——portfolio PDF → staging → `import_staged()` → canonical 文件落
> `companies/金山雲/raw/...` → resolve `REUSED_EXACT` → filing-fetch 只读复用 `capture_ready`（零下载）。
> 金山云 FY2025 + FY2024 两份 + 幂等性全部 PASS。详见 `findings.md` 发现 8。",681978e3ac1ccc4f1f078ebc3d2d79baee7b2f6037af4ae939edfa777d1387c4,WIKI-LEGACY-SPECIAL-0713,history_filing,historical_only,"> 结果：**全链路验证通过**——portfolio PDF → staging → `import_staged()` → canonical 文件落
> `companies/金山雲/raw/...` → resolve `REUSED_EXACT` → filing-fetch 只读复用 `capture_ready`（零下载）。
> 金山云 FY2025 + FY2024 两份 + 幂等性全部 PASS。详见 `findings.md` 发现 8。",原文及所属阶段时间/配置/样本范围；不继承已PASS结论,原文有日期的历史叙述；本轮不重跑生产、不以本轮测试反向证明当日计数/耗时/完整范围,历史已执行/全绿声明只证明当时提升后的companies副本路径；不证明原portfolio唯一副本直接复用，也不证明当前生产。,保留原始历史版本；将局部实现、生产消费和退休设计分别追踪，具体缺口见review.md,docs/plans/portfolio-reuse-fix/task_plan.md:48-79
C:\Users\郑曾波\Projects\company-wiki\docs\plans\portfolio-reuse-fix\task_plan.md,docs/plans/portfolio-reuse-fix/task_plan.md,54,54,### 1.1 任务（完成情况）,681978e3ac1ccc4f1f078ebc3d2d79baee7b2f6037af4ae939edfa777d1387c4,WIKI-LEGACY-SPECIAL-0714,history_filing,historical_only,### 1.1 任务（完成情况）,原文及所属阶段时间/配置/样本范围；不继承已PASS结论,原文有日期的历史叙述；本轮不重跑生产、不以本轮测试反向证明当日计数/耗时/完整范围,历史已执行/全绿声明只证明当时提升后的companies副本路径；不证明原portfolio唯一副本直接复用，也不证明当前生产。,保留原始历史版本；将局部实现、生产消费和退休设计分别追踪，具体缺口见review.md,docs/plans/portfolio-reuse-fix/task_plan.md:48-79
C:\Users\郑曾波\Projects\company-wiki\docs\plans\portfolio-reuse-fix\task_plan.md,docs/plans/portfolio-reuse-fix/task_plan.md,55,55,- [x] **S1 提升机制**：`spike_promote.py` 走真实 `import_staged`，文件落 `companies/金山雲/raw/financial_reports/annual/`。,681978e3ac1ccc4f1f078ebc3d2d79baee7b2f6037af4ae939edfa777d1387c4,WIKI-LEGACY-SPECIAL-0715,history_filing,historical_only,- [x] **S1 提升机制**：`spike_promote.py` 走真实 `import_staged`，文件落 `companies/金山雲/raw/financial_reports/annual/`。,原文及所属阶段时间/配置/样本范围；不继承已PASS结论,原文有日期的历史叙述；本轮不重跑生产、不以本轮测试反向证明当日计数/耗时/完整范围,历史已执行/全绿声明只证明当时提升后的companies副本路径；不证明原portfolio唯一副本直接复用，也不证明当前生产。,保留原始历史版本；将局部实现、生产消费和退休设计分别追踪，具体缺口见review.md,docs/plans/portfolio-reuse-fix/task_plan.md:48-79
C:\Users\郑曾波\Projects\company-wiki\docs\plans\portfolio-reuse-fix\task_plan.md,docs/plans/portfolio-reuse-fix/task_plan.md,56,56,- [x] **S2 resolve**：`reused_exact` + capture_ready=True + canonical_path 在 companies/ 内。,681978e3ac1ccc4f1f078ebc3d2d79baee7b2f6037af4ae939edfa777d1387c4,WIKI-LEGACY-SPECIAL-0716,history_filing,historical_only,- [x] **S2 resolve**：`reused_exact` + capture_ready=True + canonical_path 在 companies/ 内。,原文及所属阶段时间/配置/样本范围；不继承已PASS结论,原文有日期的历史叙述；本轮不重跑生产、不以本轮测试反向证明当日计数/耗时/完整范围,历史已执行/全绿声明只证明当时提升后的companies副本路径；不证明原portfolio唯一副本直接复用，也不证明当前生产。,保留原始历史版本；将局部实现、生产消费和退休设计分别追踪，具体缺口见review.md,docs/plans/portfolio-reuse-fix/task_plan.md:48-79
C:\Users\郑曾波\Projects\company-wiki\docs\plans\portfolio-reuse-fix\task_plan.md,docs/plans/portfolio-reuse-fix/task_plan.md,57,57,- [x] **S3 filing-fetch 端到端**：FY2025/FY2024 只读请求均返回 `capture_ready`、`missing_capture_fields=[]`、零下载。,681978e3ac1ccc4f1f078ebc3d2d79baee7b2f6037af4ae939edfa777d1387c4,WIKI-LEGACY-SPECIAL-0717,history_filing,historical_only,- [x] **S3 filing-fetch 端到端**：FY2025/FY2024 只读请求均返回 `capture_ready`、`missing_capture_fields=[]`、零下载。,原文及所属阶段时间/配置/样本范围；不继承已PASS结论,原文有日期的历史叙述；本轮不重跑生产、不以本轮测试反向证明当日计数/耗时/完整范围,历史已执行/全绿声明只证明当时提升后的companies副本路径；不证明原portfolio唯一副本直接复用，也不证明当前生产。,保留原始历史版本；将局部实现、生产消费和退休设计分别追踪，具体缺口见review.md,docs/plans/portfolio-reuse-fix/task_plan.md:48-79
C:\Users\郑曾波\Projects\company-wiki\docs\plans\portfolio-reuse-fix\task_plan.md,docs/plans/portfolio-reuse-fix/task_plan.md,58,59,"- [x] **S4 字段映射**：丰富溯源在 portfolio `meta.json`（`.pdf.source.json` 仅 3 字段最小标记）；
      映射表落盘 `findings.md`（source_language→language、ticker→经身份解析→security_id 等）。",681978e3ac1ccc4f1f078ebc3d2d79baee7b2f6037af4ae939edfa777d1387c4,WIKI-LEGACY-SPECIAL-0718,history_filing,historical_only,"- [x] **S4 字段映射**：丰富溯源在 portfolio `meta.json`（`.pdf.source.json` 仅 3 字段最小标记）；
      映射表落盘 `findings.md`（source_language→language、ticker→经身份解析→security_id 等）。",原文及所属阶段时间/配置/样本范围；不继承已PASS结论,原文有日期的历史叙述；本轮不重跑生产、不以本轮测试反向证明当日计数/耗时/完整范围,历史已执行/全绿声明只证明当时提升后的companies副本路径；不证明原portfolio唯一副本直接复用，也不证明当前生产。,保留原始历史版本；将局部实现、生产消费和退休设计分别追踪，具体缺口见review.md,docs/plans/portfolio-reuse-fix/task_plan.md:48-79
C:\Users\郑曾波\Projects\company-wiki\docs\plans\portfolio-reuse-fix\task_plan.md,docs/plans/portfolio-reuse-fix/task_plan.md,60,60,- [x] **S5 受影响测试盘点**：待 Phase 5 执行时补全清单（既有 company_raw 护栏测试保持不动）。,681978e3ac1ccc4f1f078ebc3d2d79baee7b2f6037af4ae939edfa777d1387c4,WIKI-LEGACY-SPECIAL-0719,history_filing,historical_only,- [x] **S5 受影响测试盘点**：待 Phase 5 执行时补全清单（既有 company_raw 护栏测试保持不动）。,原文及所属阶段时间/配置/样本范围；不继承已PASS结论,原文有日期的历史叙述；本轮不重跑生产、不以本轮测试反向证明当日计数/耗时/完整范围,历史已执行/全绿声明只证明当时提升后的companies副本路径；不证明原portfolio唯一副本直接复用，也不证明当前生产。,保留原始历史版本；将局部实现、生产消费和退休设计分别追踪，具体缺口见review.md,docs/plans/portfolio-reuse-fix/task_plan.md:48-79
C:\Users\郑曾波\Projects\company-wiki\docs\plans\portfolio-reuse-fix\task_plan.md,docs/plans/portfolio-reuse-fix/task_plan.md,63,64,"- [x] **G1**：sidecar 顶层缺 `market` → prefer-new 合并不触发 → **已改生产代码**
      `canonical_writer.py::_write_provenance` 增 `""market"": request.market`。",681978e3ac1ccc4f1f078ebc3d2d79baee7b2f6037af4ae939edfa777d1387c4,WIKI-LEGACY-SPECIAL-0720,history_filing,historical_only,"- [x] **G1**：sidecar 顶层缺 `market` → prefer-new 合并不触发 → **已改生产代码**
      `canonical_writer.py::_write_provenance` 增 `""market"": request.market`。",原文及所属阶段时间/配置/样本范围；不继承已PASS结论,原文有日期的历史叙述；本轮不重跑生产、不以本轮测试反向证明当日计数/耗时/完整范围,历史已执行/全绿声明只证明当时提升后的companies副本路径；不证明原portfolio唯一副本直接复用，也不证明当前生产。,保留原始历史版本；将局部实现、生产消费和退休设计分别追踪，具体缺口见review.md,docs/plans/portfolio-reuse-fix/task_plan.md:48-79
C:\Users\郑曾波\Projects\company-wiki\docs\plans\portfolio-reuse-fix\task_plan.md,docs/plans/portfolio-reuse-fix/task_plan.md,65,66,"- [x] **G2**：security_id 词汇表（portfolio ""3896"" vs 规范 ""03896""）→ **原型已解决**：先 `SecurityIdentityResolver`
      归一化（`promote_prototype.py` 实现）。",681978e3ac1ccc4f1f078ebc3d2d79baee7b2f6037af4ae939edfa777d1387c4,WIKI-LEGACY-SPECIAL-0721,history_filing,historical_only,"- [x] **G2**：security_id 词汇表（portfolio ""3896"" vs 规范 ""03896""）→ **原型已解决**：先 `SecurityIdentityResolver`
      归一化（`promote_prototype.py` 实现）。",原文及所属阶段时间/配置/样本范围；不继承已PASS结论,原文有日期的历史叙述；本轮不重跑生产、不以本轮测试反向证明当日计数/耗时/完整范围,历史已执行/全绿声明只证明当时提升后的companies副本路径；不证明原portfolio唯一副本直接复用，也不证明当前生产。,保留原始历史版本；将局部实现、生产消费和退休设计分别追踪，具体缺口见review.md,docs/plans/portfolio-reuse-fix/task_plan.md:48-79
C:\Users\郑曾波\Projects\company-wiki\docs\plans\portfolio-reuse-fix\task_plan.md,docs/plans/portfolio-reuse-fix/task_plan.md,67,67,- [x] **G3**：合成 candidate/receipt 必须读 `meta.json`（非 `.pdf.source.json`）。,681978e3ac1ccc4f1f078ebc3d2d79baee7b2f6037af4ae939edfa777d1387c4,WIKI-LEGACY-SPECIAL-0722,history_filing,historical_only,- [x] **G3**：合成 candidate/receipt 必须读 `meta.json`（非 `.pdf.source.json`）。,原文及所属阶段时间/配置/样本范围；不继承已PASS结论,原文有日期的历史叙述；本轮不重跑生产、不以本轮测试反向证明当日计数/耗时/完整范围,历史已执行/全绿声明只证明当时提升后的companies副本路径；不证明原portfolio唯一副本直接复用，也不证明当前生产。,保留原始历史版本；将局部实现、生产消费和退休设计分别追踪，具体缺口见review.md,docs/plans/portfolio-reuse-fix/task_plan.md:48-79
C:\Users\郑曾波\Projects\company-wiki\docs\plans\portfolio-reuse-fix\task_plan.md,docs/plans/portfolio-reuse-fix/task_plan.md,70,71,"- `spike_promote.py`（首版 spike，FY2025 单条）、`spike_diag.py`（诊断）、
  `promote_prototype.py`（**Phase 2 实现内核**：参数化 + 身份解析 + dry-run，FY2024 全新导入 PASS）。",681978e3ac1ccc4f1f078ebc3d2d79baee7b2f6037af4ae939edfa777d1387c4,WIKI-LEGACY-SPECIAL-0723,history_filing,historical_only,"- `spike_promote.py`（首版 spike，FY2025 单条）、`spike_diag.py`（诊断）、
  `promote_prototype.py`（**Phase 2 实现内核**：参数化 + 身份解析 + dry-run，FY2024 全新导入 PASS）。",原文及所属阶段时间/配置/样本范围；不继承已PASS结论,原文有日期的历史叙述；本轮不重跑生产、不以本轮测试反向证明当日计数/耗时/完整范围,历史已执行/全绿声明只证明当时提升后的companies副本路径；不证明原portfolio唯一副本直接复用，也不证明当前生产。,保留原始历史版本；将局部实现、生产消费和退休设计分别追踪，具体缺口见review.md,docs/plans/portfolio-reuse-fix/task_plan.md:48-79
C:\Users\郑曾波\Projects\company-wiki\docs\plans\portfolio-reuse-fix\task_plan.md,docs/plans/portfolio-reuse-fix/task_plan.md,75,75,## Phase 2 — 实现 portfolio 提升能力（Strategy A 核心） — 状态：completed ✅,681978e3ac1ccc4f1f078ebc3d2d79baee7b2f6037af4ae939edfa777d1387c4,WIKI-LEGACY-SPECIAL-0724,history_filing,historical_only,## Phase 2 — 实现 portfolio 提升能力（Strategy A 核心） — 状态：completed ✅,原文及所属阶段时间/配置/样本范围；不继承已PASS结论,原文有日期的历史叙述；本轮不重跑生产、不以本轮测试反向证明当日计数/耗时/完整范围,历史已执行/全绿声明只证明当时提升后的companies副本路径；不证明原portfolio唯一副本直接复用，也不证明当前生产。,保留原始历史版本；将局部实现、生产消费和退休设计分别追踪，具体缺口见review.md,docs/plans/portfolio-reuse-fix/task_plan.md:48-79
C:\Users\郑曾波\Projects\company-wiki\docs\plans\portfolio-reuse-fix\task_plan.md,docs/plans/portfolio-reuse-fix/task_plan.md,77,80,"> **完成**：`src/company_wiki/source_catalog/portfolio_promoter.py`（T1-T6 正式模块）+
> `cli.py import-portfolio` 子命令（T7-T9）。真实环境验证：金山云 7 份财报 `--all` 提升，
> FY2022/2023/H1/Q1×2 为 `imported_new`，FY2024/2025 为 `deduplicated`；filing-fetch 只读复用
> FY2023/2024/2025 全部 `capture_ready` 零下载。`_write_provenance` 的 `market` 修复已在 Phase 1 落地。",681978e3ac1ccc4f1f078ebc3d2d79baee7b2f6037af4ae939edfa777d1387c4,WIKI-LEGACY-SPECIAL-0725,history_filing,historical_only,"> **完成**：`src/company_wiki/source_catalog/portfolio_promoter.py`（T1-T6 正式模块）+
> `cli.py import-portfolio` 子命令（T7-T9）。真实环境验证：金山云 7 份财报 `--all` 提升，
> FY2022/2023/H1/Q1×2 为 `imported_new`，FY2024/2025 为 `deduplicated`；filing-fetch 只读复用
> FY2023/2024/2025 全部 `capture_ready` 零下载。`_write_provenance` 的 `market` 修复已在 Phase 1 落地。",原文及所属阶段时间/配置/样本范围；不继承已PASS结论,原文有日期的历史叙述；本轮不重跑生产、不以本轮测试反向证明当日计数/耗时/完整范围,历史已执行/全绿声明只证明当时提升后的companies副本路径；不证明原portfolio唯一副本直接复用，也不证明当前生产。,保留原始历史版本；将局部实现、生产消费和退休设计分别追踪，具体缺口见review.md,docs/plans/portfolio-reuse-fix/task_plan.md:48-79
C:\Users\郑曾波\Projects\company-wiki\docs\plans\portfolio-reuse-fix\task_plan.md,docs/plans/portfolio-reuse-fix/task_plan.md,83,85,"- [ ] **T1** 新建 `src/company_wiki/source_catalog/portfolio_promoter.py`：
      `promote_from_portfolio(catalog, identity, doc_id, ...)` —— 即 `promote_prototype.py` 主流程去 CLI 化；
      入参 = 已解析 identity（market/security_id/canonical_name）+ portfolio doc 定位。",681978e3ac1ccc4f1f078ebc3d2d79baee7b2f6037af4ae939edfa777d1387c4,WIKI-LEGACY-SPECIAL-0726,history_filing,superseded,"- [ ] **T1** 新建 `src/company_wiki/source_catalog/portfolio_promoter.py`：
      `promote_from_portfolio(catalog, identity, doc_id, ...)` —— 即 `promote_prototype.py` 主流程去 CLI 化；
      入参 = 已解析 identity（market/security_id/canonical_name）+ portfolio doc 定位。",原文及所属阶段时间/配置/样本范围；不继承已PASS结论,同文件3–12；portfolio-reuse-automatic/task_plan:3–28；当前portfolio_promoter仅显式CLI,Strategy A被明示撤销/替代；逐项保留原设计与旧验收，不能据旧空框重启提升复制工作。,保留原始历史版本；将局部实现、生产消费和退休设计分别追踪，具体缺口见review.md,docs/plans/portfolio-reuse-fix/task_plan.md:1-225
C:\Users\郑曾波\Projects\company-wiki\docs\plans\portfolio-reuse-fix\task_plan.md,docs/plans/portfolio-reuse-fix/task_plan.md,86,88,"- [ ] **T2** 解析 portfolio `meta.json`（注意：**非** `.pdf.source.json`）：absolute_path、content_sha256、
      byte_size、source_url(https)/source_provider/source_id/form_type/fiscal_year/fiscal_period/
      source_language/filing_date/first_ingested_at。",681978e3ac1ccc4f1f078ebc3d2d79baee7b2f6037af4ae939edfa777d1387c4,WIKI-LEGACY-SPECIAL-0727,history_filing,superseded,"- [ ] **T2** 解析 portfolio `meta.json`（注意：**非** `.pdf.source.json`）：absolute_path、content_sha256、
      byte_size、source_url(https)/source_provider/source_id/form_type/fiscal_year/fiscal_period/
      source_language/filing_date/first_ingested_at。",原文及所属阶段时间/配置/样本范围；不继承已PASS结论,同文件3–12；portfolio-reuse-automatic/task_plan:3–28；当前portfolio_promoter仅显式CLI,Strategy A被明示撤销/替代；逐项保留原设计与旧验收，不能据旧空框重启提升复制工作。,保留原始历史版本；将局部实现、生产消费和退休设计分别追踪，具体缺口见review.md,docs/plans/portfolio-reuse-fix/task_plan.md:1-225
C:\Users\郑曾波\Projects\company-wiki\docs\plans\portfolio-reuse-fix\task_plan.md,docs/plans/portfolio-reuse-fix/task_plan.md,89,89,- [ ] **T3** 原子拷贝 portfolio PDF → staging_root（唯一临时文件名）。,681978e3ac1ccc4f1f078ebc3d2d79baee7b2f6037af4ae939edfa777d1387c4,WIKI-LEGACY-SPECIAL-0728,history_filing,superseded,- [ ] **T3** 原子拷贝 portfolio PDF → staging_root（唯一临时文件名）。,原文及所属阶段时间/配置/样本范围；不继承已PASS结论,同文件3–12；portfolio-reuse-automatic/task_plan:3–28；当前portfolio_promoter仅显式CLI,Strategy A被明示撤销/替代；逐项保留原设计与旧验收，不能据旧空框重启提升复制工作。,保留原始历史版本；将局部实现、生产消费和退休设计分别追踪，具体缺口见review.md,docs/plans/portfolio-reuse-fix/task_plan.md:1-225
C:\Users\郑曾波\Projects\company-wiki\docs\plans\portfolio-reuse-fix\task_plan.md,docs/plans/portfolio-reuse-fix/task_plan.md,90,91,"- [ ] **T4** 合成 `DownloadCandidate` + `DownloadReceipt`（字段映射见 `findings.md` 发现 8 词汇表），
      通过 `_validate_staged` 全部校验。",681978e3ac1ccc4f1f078ebc3d2d79baee7b2f6037af4ae939edfa777d1387c4,WIKI-LEGACY-SPECIAL-0729,history_filing,superseded,"- [ ] **T4** 合成 `DownloadCandidate` + `DownloadReceipt`（字段映射见 `findings.md` 发现 8 词汇表），
      通过 `_validate_staged` 全部校验。",原文及所属阶段时间/配置/样本范围；不继承已PASS结论,同文件3–12；portfolio-reuse-automatic/task_plan:3–28；当前portfolio_promoter仅显式CLI,Strategy A被明示撤销/替代；逐项保留原设计与旧验收，不能据旧空框重启提升复制工作。,保留原始历史版本；将局部实现、生产消费和退休设计分别追踪，具体缺口见review.md,docs/plans/portfolio-reuse-fix/task_plan.md:1-225
C:\Users\郑曾波\Projects\company-wiki\docs\plans\portfolio-reuse-fix\task_plan.md,docs/plans/portfolio-reuse-fix/task_plan.md,92,93,"- [ ] **T5** 调用 `CanonicalSourceWriter.import_staged()`（复用去重/destination/atomic_copy/sidecar/重扫/
      REUSED_EXACT 断言）。",681978e3ac1ccc4f1f078ebc3d2d79baee7b2f6037af4ae939edfa777d1387c4,WIKI-LEGACY-SPECIAL-0730,history_filing,superseded,"- [ ] **T5** 调用 `CanonicalSourceWriter.import_staged()`（复用去重/destination/atomic_copy/sidecar/重扫/
      REUSED_EXACT 断言）。",原文及所属阶段时间/配置/样本范围；不继承已PASS结论,同文件3–12；portfolio-reuse-automatic/task_plan:3–28；当前portfolio_promoter仅显式CLI,Strategy A被明示撤销/替代；逐项保留原设计与旧验收，不能据旧空框重启提升复制工作。,保留原始历史版本；将局部实现、生产消费和退休设计分别追踪，具体缺口见review.md,docs/plans/portfolio-reuse-fix/task_plan.md:1-225
C:\Users\郑曾波\Projects\company-wiki\docs\plans\portfolio-reuse-fix\task_plan.md,docs/plans/portfolio-reuse-fix/task_plan.md,94,95,"- [ ] **T6** 身份解析：entity 定位走 `SecurityIdentityResolver`（与 filing-fetch 同源），
      用规范 security_id（如 `03896`）构建 request —— 这是 G2 的正式落地。",681978e3ac1ccc4f1f078ebc3d2d79baee7b2f6037af4ae939edfa777d1387c4,WIKI-LEGACY-SPECIAL-0731,history_filing,superseded,"- [ ] **T6** 身份解析：entity 定位走 `SecurityIdentityResolver`（与 filing-fetch 同源），
      用规范 security_id（如 `03896`）构建 request —— 这是 G2 的正式落地。",原文及所属阶段时间/配置/样本范围；不继承已PASS结论,同文件3–12；portfolio-reuse-automatic/task_plan:3–28；当前portfolio_promoter仅显式CLI,Strategy A被明示撤销/替代；逐项保留原设计与旧验收，不能据旧空框重启提升复制工作。,保留原始历史版本；将局部实现、生产消费和退休设计分别追踪，具体缺口见review.md,docs/plans/portfolio-reuse-fix/task_plan.md:1-225
C:\Users\郑曾波\Projects\company-wiki\docs\plans\portfolio-reuse-fix\task_plan.md,docs/plans/portfolio-reuse-fix/task_plan.md,98,100,"- [ ] **T7** `cli.py` 新增 `import-portfolio` 子命令：
      `--company-query`/`--market`/`--document-kind`/`--fiscal-year`（或 `--document-id`）、`--as-of-date`、
      `--dry-run`、`--all`。",681978e3ac1ccc4f1f078ebc3d2d79baee7b2f6037af4ae939edfa777d1387c4,WIKI-LEGACY-SPECIAL-0732,history_filing,superseded,"- [ ] **T7** `cli.py` 新增 `import-portfolio` 子命令：
      `--company-query`/`--market`/`--document-kind`/`--fiscal-year`（或 `--document-id`）、`--as-of-date`、
      `--dry-run`、`--all`。",原文及所属阶段时间/配置/样本范围；不继承已PASS结论,同文件3–12；portfolio-reuse-automatic/task_plan:3–28；当前portfolio_promoter仅显式CLI,Strategy A被明示撤销/替代；逐项保留原设计与旧验收，不能据旧空框重启提升复制工作。,保留原始历史版本；将局部实现、生产消费和退休设计分别追踪，具体缺口见review.md,docs/plans/portfolio-reuse-fix/task_plan.md:1-225
C:\Users\郑曾波\Projects\company-wiki\docs\plans\portfolio-reuse-fix\task_plan.md,docs/plans/portfolio-reuse-fix/task_plan.md,101,101,- [ ] **T8** `--dry-run`：只解析+打印将提升的文档与目标 canonical_path，不写盘（原型已支持）。,681978e3ac1ccc4f1f078ebc3d2d79baee7b2f6037af4ae939edfa777d1387c4,WIKI-LEGACY-SPECIAL-0733,history_filing,superseded,- [ ] **T8** `--dry-run`：只解析+打印将提升的文档与目标 canonical_path，不写盘（原型已支持）。,原文及所属阶段时间/配置/样本范围；不继承已PASS结论,同文件3–12；portfolio-reuse-automatic/task_plan:3–28；当前portfolio_promoter仅显式CLI,Strategy A被明示撤销/替代；逐项保留原设计与旧验收，不能据旧空框重启提升复制工作。,保留原始历史版本；将局部实现、生产消费和退休设计分别追踪，具体缺口见review.md,docs/plans/portfolio-reuse-fix/task_plan.md:1-225
C:\Users\郑曾波\Projects\company-wiki\docs\plans\portfolio-reuse-fix\task_plan.md,docs/plans/portfolio-reuse-fix/task_plan.md,102,102,- [ ] **T9** `--all`：遍历该 entity 在 dayu_portfolio 根下的全部 original_primary，逐个 promote（幂等）。,681978e3ac1ccc4f1f078ebc3d2d79baee7b2f6037af4ae939edfa777d1387c4,WIKI-LEGACY-SPECIAL-0734,history_filing,superseded,- [ ] **T9** `--all`：遍历该 entity 在 dayu_portfolio 根下的全部 original_primary，逐个 promote（幂等）。,原文及所属阶段时间/配置/样本范围；不继承已PASS结论,同文件3–12；portfolio-reuse-automatic/task_plan:3–28；当前portfolio_promoter仅显式CLI,Strategy A被明示撤销/替代；逐项保留原设计与旧验收，不能据旧空框重启提升复制工作。,保留原始历史版本；将局部实现、生产消费和退休设计分别追踪，具体缺口见review.md,docs/plans/portfolio-reuse-fix/task_plan.md:1-225
C:\Users\郑曾波\Projects\company-wiki\docs\plans\portfolio-reuse-fix\task_plan.md,docs/plans/portfolio-reuse-fix/task_plan.md,105,106,"- [ ] 单条：`import-portfolio --company-query 金山云 --market HK --document-kind annual_report --fiscal-year 2025`
      → `imported_new`（或 `deduplicated`），canonical_path 在 companies/ 内。",681978e3ac1ccc4f1f078ebc3d2d79baee7b2f6037af4ae939edfa777d1387c4,WIKI-LEGACY-SPECIAL-0735,history_filing,superseded,"- [ ] 单条：`import-portfolio --company-query 金山云 --market HK --document-kind annual_report --fiscal-year 2025`
      → `imported_new`（或 `deduplicated`），canonical_path 在 companies/ 内。",原文及所属阶段时间/配置/样本范围；不继承已PASS结论,同文件3–12；portfolio-reuse-automatic/task_plan:3–28；当前portfolio_promoter仅显式CLI,Strategy A被明示撤销/替代；逐项保留原设计与旧验收，不能据旧空框重启提升复制工作。,保留原始历史版本；将局部实现、生产消费和退休设计分别追踪，具体缺口见review.md,docs/plans/portfolio-reuse-fix/task_plan.md:1-225
C:\Users\郑曾波\Projects\company-wiki\docs\plans\portfolio-reuse-fix\task_plan.md,docs/plans/portfolio-reuse-fix/task_plan.md,107,107,- [ ] 幂等：再跑 → `deduplicated_after_download`。,681978e3ac1ccc4f1f078ebc3d2d79baee7b2f6037af4ae939edfa777d1387c4,WIKI-LEGACY-SPECIAL-0736,history_filing,superseded,- [ ] 幂等：再跑 → `deduplicated_after_download`。,原文及所属阶段时间/配置/样本范围；不继承已PASS结论,同文件3–12；portfolio-reuse-automatic/task_plan:3–28；当前portfolio_promoter仅显式CLI,Strategy A被明示撤销/替代；逐项保留原设计与旧验收，不能据旧空框重启提升复制工作。,保留原始历史版本；将局部实现、生产消费和退休设计分别追踪，具体缺口见review.md,docs/plans/portfolio-reuse-fix/task_plan.md:1-225
C:\Users\郑曾波\Projects\company-wiki\docs\plans\portfolio-reuse-fix\task_plan.md,docs/plans/portfolio-reuse-fix/task_plan.md,108,108,- [ ] `--all` 批量：金山云 portfolio 全部财报提升，resolve 全部 REUSED_EXACT。,681978e3ac1ccc4f1f078ebc3d2d79baee7b2f6037af4ae939edfa777d1387c4,WIKI-LEGACY-SPECIAL-0737,history_filing,superseded,- [ ] `--all` 批量：金山云 portfolio 全部财报提升，resolve 全部 REUSED_EXACT。,原文及所属阶段时间/配置/样本范围；不继承已PASS结论,同文件3–12；portfolio-reuse-automatic/task_plan:3–28；当前portfolio_promoter仅显式CLI,Strategy A被明示撤销/替代；逐项保留原设计与旧验收，不能据旧空框重启提升复制工作。,保留原始历史版本；将局部实现、生产消费和退休设计分别追踪，具体缺口见review.md,docs/plans/portfolio-reuse-fix/task_plan.md:1-225
C:\Users\郑曾波\Projects\company-wiki\docs\plans\portfolio-reuse-fix\task_plan.md,docs/plans/portfolio-reuse-fix/task_plan.md,112,112,## Phase 3 — 复用链路端到端验证 — 状态：completed ✅,681978e3ac1ccc4f1f078ebc3d2d79baee7b2f6037af4ae939edfa777d1387c4,WIKI-LEGACY-SPECIAL-0738,history_filing,historical_only,## Phase 3 — 复用链路端到端验证 — 状态：completed ✅,原文及所属阶段时间/配置/样本范围；不继承已PASS结论,原文有日期的历史叙述；本轮不重跑生产、不以本轮测试反向证明当日计数/耗时/完整范围,历史已执行/全绿声明只证明当时提升后的companies副本路径；不证明原portfolio唯一副本直接复用，也不证明当前生产。,保留原始历史版本；将局部实现、生产消费和退休设计分别追踪，具体缺口见review.md,docs/plans/portfolio-reuse-fix/task_plan.md:112-115
C:\Users\郑曾波\Projects\company-wiki\docs\plans\portfolio-reuse-fix\task_plan.md,docs/plans/portfolio-reuse-fix/task_plan.md,114,115,"> **完成**：金山云 FY2023/FY2024/FY2025 经 filing-fetch 只读请求全部返回 `capture_ready`、
> `missing_capture_fields=[]`、零下载（真实环境）。",681978e3ac1ccc4f1f078ebc3d2d79baee7b2f6037af4ae939edfa777d1387c4,WIKI-LEGACY-SPECIAL-0739,history_filing,historical_only,"> **完成**：金山云 FY2023/FY2024/FY2025 经 filing-fetch 只读请求全部返回 `capture_ready`、
> `missing_capture_fields=[]`、零下载（真实环境）。",原文及所属阶段时间/配置/样本范围；不继承已PASS结论,原文有日期的历史叙述；本轮不重跑生产、不以本轮测试反向证明当日计数/耗时/完整范围,历史已执行/全绿声明只证明当时提升后的companies副本路径；不证明原portfolio唯一副本直接复用，也不证明当前生产。,保留原始历史版本；将局部实现、生产消费和退休设计分别追踪，具体缺口见review.md,docs/plans/portfolio-reuse-fix/task_plan.md:112-115
C:\Users\郑曾波\Projects\company-wiki\docs\plans\portfolio-reuse-fix\task_plan.md,docs/plans/portfolio-reuse-fix/task_plan.md,118,118,- [ ] **T10** 提升后 `resolve`（company-wiki CLI）金山云 FY2025 → `REUSED_EXACT`，handle 在 companies/ 内。,681978e3ac1ccc4f1f078ebc3d2d79baee7b2f6037af4ae939edfa777d1387c4,WIKI-LEGACY-SPECIAL-0740,history_filing,superseded,- [ ] **T10** 提升后 `resolve`（company-wiki CLI）金山云 FY2025 → `REUSED_EXACT`，handle 在 companies/ 内。,原文及所属阶段时间/配置/样本范围；不继承已PASS结论,同文件3–12；portfolio-reuse-automatic/task_plan:3–28；当前portfolio_promoter仅显式CLI,Strategy A被明示撤销/替代；逐项保留原设计与旧验收，不能据旧空框重启提升复制工作。,保留原始历史版本；将局部实现、生产消费和退休设计分别追踪，具体缺口见review.md,docs/plans/portfolio-reuse-fix/task_plan.md:1-225
C:\Users\郑曾波\Projects\company-wiki\docs\plans\portfolio-reuse-fix\task_plan.md,docs/plans/portfolio-reuse-fix/task_plan.md,119,119,- [ ] **T11** filing-fetch 只读请求金山云 FY2025 → `capture_ready`，**零下载**。,681978e3ac1ccc4f1f078ebc3d2d79baee7b2f6037af4ae939edfa777d1387c4,WIKI-LEGACY-SPECIAL-0741,history_filing,superseded,- [ ] **T11** filing-fetch 只读请求金山云 FY2025 → `capture_ready`，**零下载**。,原文及所属阶段时间/配置/样本范围；不继承已PASS结论,同文件3–12；portfolio-reuse-automatic/task_plan:3–28；当前portfolio_promoter仅显式CLI,Strategy A被明示撤销/替代；逐项保留原设计与旧验收，不能据旧空框重启提升复制工作。,保留原始历史版本；将局部实现、生产消费和退休设计分别追踪，具体缺口见review.md,docs/plans/portfolio-reuse-fix/task_plan.md:1-225
C:\Users\郑曾波\Projects\company-wiki\docs\plans\portfolio-reuse-fix\task_plan.md,docs/plans/portfolio-reuse-fix/task_plan.md,120,120,- [ ] **T12** 用 revenue-forecast 据此 handle 构建 source/capture 记录（`company_wiki_source.py`），确认链路通。,681978e3ac1ccc4f1f078ebc3d2d79baee7b2f6037af4ae939edfa777d1387c4,WIKI-LEGACY-SPECIAL-0742,history_filing,insufficient_evidence,- [ ] **T12** 用 revenue-forecast 据此 handle 构建 source/capture 记录（`company_wiki_source.py`），确认链路通。,原文及所属阶段时间/配置/样本范围；不继承已PASS结论,"本目录progress:实施记录；task_plan:114,120,123,223",T12收入source/capture及第二HK/US实体是明确验收目标；已记录的金山云多个FY只到filing handle，没有对应第二实体/完整RF消费收据。,保留原始历史版本；将局部实现、生产消费和退休设计分别追踪，具体缺口见review.md,docs/plans/portfolio-reuse-fix/task_plan.md:120-124
C:\Users\郑曾波\Projects\company-wiki\docs\plans\portfolio-reuse-fix\task_plan.md,docs/plans/portfolio-reuse-fix/task_plan.md,123,124,"- [ ] 金山云、再挑一个 portfolio 已有的港股/美股 entity（如 neon-planet 提到的 MSFT）各跑一遍，
      均复用成功、零下载。",681978e3ac1ccc4f1f078ebc3d2d79baee7b2f6037af4ae939edfa777d1387c4,WIKI-LEGACY-SPECIAL-0743,history_filing,insufficient_evidence,"- [ ] 金山云、再挑一个 portfolio 已有的港股/美股 entity（如 neon-planet 提到的 MSFT）各跑一遍，
      均复用成功、零下载。",原文及所属阶段时间/配置/样本范围；不继承已PASS结论,"本目录progress:实施记录；task_plan:114,120,123,223",T12收入source/capture及第二HK/US实体是明确验收目标；已记录的金山云多个FY只到filing handle，没有对应第二实体/完整RF消费收据。,保留原始历史版本；将局部实现、生产消费和退休设计分别追踪，具体缺口见review.md,docs/plans/portfolio-reuse-fix/task_plan.md:120-124
C:\Users\郑曾波\Projects\company-wiki\docs\plans\portfolio-reuse-fix\task_plan.md,docs/plans/portfolio-reuse-fix/task_plan.md,128,128,## Phase 4 — 去重 / 一致性 / 陈旧处理 — 状态：completed ✅,681978e3ac1ccc4f1f078ebc3d2d79baee7b2f6037af4ae939edfa777d1387c4,WIKI-LEGACY-SPECIAL-0744,history_filing,historical_only,## Phase 4 — 去重 / 一致性 / 陈旧处理 — 状态：completed ✅,原文及所属阶段时间/配置/样本范围；不继承已PASS结论,原文有日期的历史叙述；本轮不重跑生产、不以本轮测试反向证明当日计数/耗时/完整范围,历史已执行/全绿声明只证明当时提升后的companies副本路径；不证明原portfolio唯一副本直接复用，也不证明当前生产。,保留原始历史版本；将局部实现、生产消费和退休设计分别追踪，具体缺口见review.md,docs/plans/portfolio-reuse-fix/task_plan.md:128-132
C:\Users\郑曾波\Projects\company-wiki\docs\plans\portfolio-reuse-fix\task_plan.md,docs/plans/portfolio-reuse-fix/task_plan.md,130,132,"> **完成**：T13/T15 由 `import_staged._existing_original`（content-address + company_raw-only）保证，
> 幂等测试验证二次提升 `deduplicated_after_download` 且 canonical 目录仅 1 份 PDF；T14 语义文档化
> （提升=拷贝+独立溯源，非软链接，portfolio 源变动不影响 canonical 副本）。",681978e3ac1ccc4f1f078ebc3d2d79baee7b2f6037af4ae939edfa777d1387c4,WIKI-LEGACY-SPECIAL-0745,history_filing,historical_only,"> **完成**：T13/T15 由 `import_staged._existing_original`（content-address + company_raw-only）保证，
> 幂等测试验证二次提升 `deduplicated_after_download` 且 canonical 目录仅 1 份 PDF；T14 语义文档化
> （提升=拷贝+独立溯源，非软链接，portfolio 源变动不影响 canonical 副本）。",原文及所属阶段时间/配置/样本范围；不继承已PASS结论,原文有日期的历史叙述；本轮不重跑生产、不以本轮测试反向证明当日计数/耗时/完整范围,历史已执行/全绿声明只证明当时提升后的companies副本路径；不证明原portfolio唯一副本直接复用，也不证明当前生产。,保留原始历史版本；将局部实现、生产消费和退休设计分别追踪，具体缺口见review.md,docs/plans/portfolio-reuse-fix/task_plan.md:128-132
C:\Users\郑曾波\Projects\company-wiki\docs\plans\portfolio-reuse-fix\task_plan.md,docs/plans/portfolio-reuse-fix/task_plan.md,135,135,- [ ] **T13** 跨 entity 字节相同文档：`_existing_original` 已按 content_sha256 全局去重 → 验证不重复落盘。,681978e3ac1ccc4f1f078ebc3d2d79baee7b2f6037af4ae939edfa777d1387c4,WIKI-LEGACY-SPECIAL-0746,history_filing,insufficient_evidence,- [ ] **T13** 跨 entity 字节相同文档：`_existing_original` 已按 content_sha256 全局去重 → 验证不重复落盘。,原文及所属阶段时间/配置/样本范围；不继承已PASS结论,当前canonical_writer/_existing_original；本目录8项测试声明,同公司重复提升幂等不能替代跨entity同byte的身份/溯源保真；引用_existing_original存在不是所列三反例都已运行的证据。,保留原始历史版本；将局部实现、生产消费和退休设计分别追踪，具体缺口见review.md,docs/plans/portfolio-reuse-fix/task_plan.md:135-142
C:\Users\郑曾波\Projects\company-wiki\docs\plans\portfolio-reuse-fix\task_plan.md,docs/plans/portfolio-reuse-fix/task_plan.md,136,137,"- [ ] **T14** portfolio 源文件被 dayu-agent 删除/改动后的行为：提升后的 company_raw 副本**独立**（已是规范来源），
      不受 portfolio 变动影响——文档化此语义（提升=拷贝+独立溯源，非软链接）。",681978e3ac1ccc4f1f078ebc3d2d79baee7b2f6037af4ae939edfa777d1387c4,WIKI-LEGACY-SPECIAL-0747,history_filing,insufficient_evidence,"- [ ] **T14** portfolio 源文件被 dayu-agent 删除/改动后的行为：提升后的 company_raw 副本**独立**（已是规范来源），
      不受 portfolio 变动影响——文档化此语义（提升=拷贝+独立溯源，非软链接）。",原文及所属阶段时间/配置/样本范围；不继承已PASS结论,当前canonical_writer/_existing_original；本目录8项测试声明,同公司重复提升幂等不能替代跨entity同byte的身份/溯源保真；引用_existing_original存在不是所列三反例都已运行的证据。,保留原始历史版本；将局部实现、生产消费和退休设计分别追踪，具体缺口见review.md,docs/plans/portfolio-reuse-fix/task_plan.md:135-142
C:\Users\郑曾波\Projects\company-wiki\docs\plans\portfolio-reuse-fix\task_plan.md,docs/plans/portfolio-reuse-fix/task_plan.md,138,139,"- [ ] **T15** 若已存在 company_raw 同 sha256（例如之前已下载）→ `import_staged` 走 `deduplicated_after_download`，
      不覆盖既有 canonical_path（验证不破坏既有来源）。",681978e3ac1ccc4f1f078ebc3d2d79baee7b2f6037af4ae939edfa777d1387c4,WIKI-LEGACY-SPECIAL-0748,history_filing,insufficient_evidence,"- [ ] **T15** 若已存在 company_raw 同 sha256（例如之前已下载）→ `import_staged` 走 `deduplicated_after_download`，
      不覆盖既有 canonical_path（验证不破坏既有来源）。",原文及所属阶段时间/配置/样本范围；不继承已PASS结论,当前canonical_writer/_existing_original；本目录8项测试声明,同公司重复提升幂等不能替代跨entity同byte的身份/溯源保真；引用_existing_original存在不是所列三反例都已运行的证据。,保留原始历史版本；将局部实现、生产消费和退休设计分别追踪，具体缺口见review.md,docs/plans/portfolio-reuse-fix/task_plan.md:135-142
C:\Users\郑曾波\Projects\company-wiki\docs\plans\portfolio-reuse-fix\task_plan.md,docs/plans/portfolio-reuse-fix/task_plan.md,142,142,- [ ] 上述三种情形各一个用例通过。,681978e3ac1ccc4f1f078ebc3d2d79baee7b2f6037af4ae939edfa777d1387c4,WIKI-LEGACY-SPECIAL-0749,history_filing,insufficient_evidence,- [ ] 上述三种情形各一个用例通过。,原文及所属阶段时间/配置/样本范围；不继承已PASS结论,当前canonical_writer/_existing_original；本目录8项测试声明,同公司重复提升幂等不能替代跨entity同byte的身份/溯源保真；引用_existing_original存在不是所列三反例都已运行的证据。,保留原始历史版本；将局部实现、生产消费和退休设计分别追踪，具体缺口见review.md,docs/plans/portfolio-reuse-fix/task_plan.md:135-142
C:\Users\郑曾波\Projects\company-wiki\docs\plans\portfolio-reuse-fix\task_plan.md,docs/plans/portfolio-reuse-fix/task_plan.md,146,146,## Phase 5 — 测试 — 状态：completed ✅,681978e3ac1ccc4f1f078ebc3d2d79baee7b2f6037af4ae939edfa777d1387c4,WIKI-LEGACY-SPECIAL-0750,history_filing,historical_only,## Phase 5 — 测试 — 状态：completed ✅,原文及所属阶段时间/配置/样本范围；不继承已PASS结论,原文有日期的历史叙述；本轮不重跑生产、不以本轮测试反向证明当日计数/耗时/完整范围,历史已执行/全绿声明只证明当时提升后的companies副本路径；不证明原portfolio唯一副本直接复用，也不证明当前生产。,保留原始历史版本；将局部实现、生产消费和退休设计分别追踪，具体缺口见review.md,docs/plans/portfolio-reuse-fix/task_plan.md:146-151
C:\Users\郑曾波\Projects\company-wiki\docs\plans\portfolio-reuse-fix\task_plan.md,docs/plans/portfolio-reuse-fix/task_plan.md,148,151,"> **完成**：`tests/contract/test_portfolio_promoter.py` 8 项（提升/幂等/dry-run/G1G2 元数据回归/
> 过滤/三个 fail-fast 全通过）；既有相关测试 53 项全绿（canonical_writer 6、resolver 13、acquisition 5、
> canonical_ingest 12、architecture_gate 3、dayu_adapter 4、identity_resolver 10）。
> 既有 `no_canonical_company_raw_location` fail-closed 语义未改动（resolver 过滤未动）。",681978e3ac1ccc4f1f078ebc3d2d79baee7b2f6037af4ae939edfa777d1387c4,WIKI-LEGACY-SPECIAL-0751,history_filing,historical_only,"> **完成**：`tests/contract/test_portfolio_promoter.py` 8 项（提升/幂等/dry-run/G1G2 元数据回归/
> 过滤/三个 fail-fast 全通过）；既有相关测试 53 项全绿（canonical_writer 6、resolver 13、acquisition 5、
> canonical_ingest 12、architecture_gate 3、dayu_adapter 4、identity_resolver 10）。
> 既有 `no_canonical_company_raw_location` fail-closed 语义未改动（resolver 过滤未动）。",原文及所属阶段时间/配置/样本范围；不继承已PASS结论,原文有日期的历史叙述；本轮不重跑生产、不以本轮测试反向证明当日计数/耗时/完整范围,历史已执行/全绿声明只证明当时提升后的companies副本路径；不证明原portfolio唯一副本直接复用，也不证明当前生产。,保留原始历史版本；将局部实现、生产消费和退休设计分别追踪，具体缺口见review.md,docs/plans/portfolio-reuse-fix/task_plan.md:146-151
C:\Users\郑曾波\Projects\company-wiki\docs\plans\portfolio-reuse-fix\task_plan.md,docs/plans/portfolio-reuse-fix/task_plan.md,154,154,- [ ] **T16** `tests/source_catalog/test_portfolio_promotion.py`：,681978e3ac1ccc4f1f078ebc3d2d79baee7b2f6037af4ae939edfa777d1387c4,WIKI-LEGACY-SPECIAL-0752,history_filing,superseded,- [ ] **T16** `tests/source_catalog/test_portfolio_promotion.py`：,原文及所属阶段时间/配置/样本范围；不继承已PASS结论,同文件3–12；portfolio-reuse-automatic/task_plan:3–28；当前portfolio_promoter仅显式CLI,Strategy A被明示撤销/替代；逐项保留原设计与旧验收，不能据旧空框重启提升复制工作。,保留原始历史版本；将局部实现、生产消费和退休设计分别追踪，具体缺口见review.md,docs/plans/portfolio-reuse-fix/task_plan.md:1-225
C:\Users\郑曾波\Projects\company-wiki\docs\plans\portfolio-reuse-fix\task_plan.md,docs/plans/portfolio-reuse-fix/task_plan.md,155,155,      - 合成 candidate/receipt 正确性（字段映射、sha256/size 一致）。,681978e3ac1ccc4f1f078ebc3d2d79baee7b2f6037af4ae939edfa777d1387c4,WIKI-LEGACY-SPECIAL-0753,history_filing,superseded,      - 合成 candidate/receipt 正确性（字段映射、sha256/size 一致）。,原文及所属阶段时间/配置/样本范围；不继承已PASS结论,同文件3–12；portfolio-reuse-automatic/task_plan:3–28；当前portfolio_promoter仅显式CLI,Strategy A被明示撤销/替代；逐项保留原设计与旧验收，不能据旧空框重启提升复制工作。,保留原始历史版本；将局部实现、生产消费和退休设计分别追踪，具体缺口见review.md,docs/plans/portfolio-reuse-fix/task_plan.md:1-225
C:\Users\郑曾波\Projects\company-wiki\docs\plans\portfolio-reuse-fix\task_plan.md,docs/plans/portfolio-reuse-fix/task_plan.md,156,156,      - `promote_from_portfolio` → `import_staged` → canonical_path 在 companies/ + sidecar 字段。,681978e3ac1ccc4f1f078ebc3d2d79baee7b2f6037af4ae939edfa777d1387c4,WIKI-LEGACY-SPECIAL-0754,history_filing,superseded,      - `promote_from_portfolio` → `import_staged` → canonical_path 在 companies/ + sidecar 字段。,原文及所属阶段时间/配置/样本范围；不继承已PASS结论,同文件3–12；portfolio-reuse-automatic/task_plan:3–28；当前portfolio_promoter仅显式CLI,Strategy A被明示撤销/替代；逐项保留原设计与旧验收，不能据旧空框重启提升复制工作。,保留原始历史版本；将局部实现、生产消费和退休设计分别追踪，具体缺口见review.md,docs/plans/portfolio-reuse-fix/task_plan.md:1-225
C:\Users\郑曾波\Projects\company-wiki\docs\plans\portfolio-reuse-fix\task_plan.md,docs/plans/portfolio-reuse-fix/task_plan.md,157,157,      - 幂等（二次 = dedup）；跨 entity 字节相同去重。,681978e3ac1ccc4f1f078ebc3d2d79baee7b2f6037af4ae939edfa777d1387c4,WIKI-LEGACY-SPECIAL-0755,history_filing,superseded,      - 幂等（二次 = dedup）；跨 entity 字节相同去重。,原文及所属阶段时间/配置/样本范围；不继承已PASS结论,同文件3–12；portfolio-reuse-automatic/task_plan:3–28；当前portfolio_promoter仅显式CLI,Strategy A被明示撤销/替代；逐项保留原设计与旧验收，不能据旧空框重启提升复制工作。,保留原始历史版本；将局部实现、生产消费和退休设计分别追踪，具体缺口见review.md,docs/plans/portfolio-reuse-fix/task_plan.md:1-225
C:\Users\郑曾波\Projects\company-wiki\docs\plans\portfolio-reuse-fix\task_plan.md,docs/plans/portfolio-reuse-fix/task_plan.md,158,158,      - `--dry-run` 不写盘；`--all` 批量。,681978e3ac1ccc4f1f078ebc3d2d79baee7b2f6037af4ae939edfa777d1387c4,WIKI-LEGACY-SPECIAL-0756,history_filing,superseded,      - `--dry-run` 不写盘；`--all` 批量。,原文及所属阶段时间/配置/样本范围；不继承已PASS结论,同文件3–12；portfolio-reuse-automatic/task_plan:3–28；当前portfolio_promoter仅显式CLI,Strategy A被明示撤销/替代；逐项保留原设计与旧验收，不能据旧空框重启提升复制工作。,保留原始历史版本；将局部实现、生产消费和退休设计分别追踪，具体缺口见review.md,docs/plans/portfolio-reuse-fix/task_plan.md:1-225
C:\Users\郑曾波\Projects\company-wiki\docs\plans\portfolio-reuse-fix\task_plan.md,docs/plans/portfolio-reuse-fix/task_plan.md,159,159,- [ ] **T17** `tests/source_catalog/test_resolver.py` 增：提升后 portfolio-only 文档变为 REUSED_EXACT。,681978e3ac1ccc4f1f078ebc3d2d79baee7b2f6037af4ae939edfa777d1387c4,WIKI-LEGACY-SPECIAL-0757,history_filing,superseded,- [ ] **T17** `tests/source_catalog/test_resolver.py` 增：提升后 portfolio-only 文档变为 REUSED_EXACT。,原文及所属阶段时间/配置/样本范围；不继承已PASS结论,同文件3–12；portfolio-reuse-automatic/task_plan:3–28；当前portfolio_promoter仅显式CLI,Strategy A被明示撤销/替代；逐项保留原设计与旧验收，不能据旧空框重启提升复制工作。,保留原始历史版本；将局部实现、生产消费和退休设计分别追踪，具体缺口见review.md,docs/plans/portfolio-reuse-fix/task_plan.md:1-225
C:\Users\郑曾波\Projects\company-wiki\docs\plans\portfolio-reuse-fix\task_plan.md,docs/plans/portfolio-reuse-fix/task_plan.md,160,160,- [ ] **T18** 集成测试：`ensure`/`resolve` 在提升后返回 capture_ready，且不调用 adapter 下载（可 spy/桩 adapter）。,681978e3ac1ccc4f1f078ebc3d2d79baee7b2f6037af4ae939edfa777d1387c4,WIKI-LEGACY-SPECIAL-0758,history_filing,superseded,- [ ] **T18** 集成测试：`ensure`/`resolve` 在提升后返回 capture_ready，且不调用 adapter 下载（可 spy/桩 adapter）。,原文及所属阶段时间/配置/样本范围；不继承已PASS结论,同文件3–12；portfolio-reuse-automatic/task_plan:3–28；当前portfolio_promoter仅显式CLI,Strategy A被明示撤销/替代；逐项保留原设计与旧验收，不能据旧空框重启提升复制工作。,保留原始历史版本；将局部实现、生产消费和退休设计分别追踪，具体缺口见review.md,docs/plans/portfolio-reuse-fix/task_plan.md:1-225
C:\Users\郑曾波\Projects\company-wiki\docs\plans\portfolio-reuse-fix\task_plan.md,docs/plans/portfolio-reuse-fix/task_plan.md,163,164,"- [ ] **T19** 复核 S5 盘点的""仅 company_raw 可复用""测试：这些断言**仍然正确**（portfolio 未经提升时依旧不可复用），
      只新增""提升后可复用""的正面用例，**不改既有 fail-closed 语义**。",681978e3ac1ccc4f1f078ebc3d2d79baee7b2f6037af4ae939edfa777d1387c4,WIKI-LEGACY-SPECIAL-0759,history_filing,superseded,"- [ ] **T19** 复核 S5 盘点的""仅 company_raw 可复用""测试：这些断言**仍然正确**（portfolio 未经提升时依旧不可复用），
      只新增""提升后可复用""的正面用例，**不改既有 fail-closed 语义**。",原文及所属阶段时间/配置/样本范围；不继承已PASS结论,同文件3–12；portfolio-reuse-automatic/task_plan:3–28；当前portfolio_promoter仅显式CLI,Strategy A被明示撤销/替代；逐项保留原设计与旧验收，不能据旧空框重启提升复制工作。,保留原始历史版本；将局部实现、生产消费和退休设计分别追踪，具体缺口见review.md,docs/plans/portfolio-reuse-fix/task_plan.md:1-225
C:\Users\郑曾波\Projects\company-wiki\docs\plans\portfolio-reuse-fix\task_plan.md,docs/plans/portfolio-reuse-fix/task_plan.md,165,165,- [ ] **T20** filing-fetch `test_fetch_filing.py`（含 :648 路径围栏用例）：主方案下**不动**；仅在 Phase 7 才改。,681978e3ac1ccc4f1f078ebc3d2d79baee7b2f6037af4ae939edfa777d1387c4,WIKI-LEGACY-SPECIAL-0760,history_filing,superseded,- [ ] **T20** filing-fetch `test_fetch_filing.py`（含 :648 路径围栏用例）：主方案下**不动**；仅在 Phase 7 才改。,原文及所属阶段时间/配置/样本范围；不继承已PASS结论,同文件3–12；portfolio-reuse-automatic/task_plan:3–28；当前portfolio_promoter仅显式CLI,Strategy A被明示撤销/替代；逐项保留原设计与旧验收，不能据旧空框重启提升复制工作。,保留原始历史版本；将局部实现、生产消费和退休设计分别追踪，具体缺口见review.md,docs/plans/portfolio-reuse-fix/task_plan.md:1-225
C:\Users\郑曾波\Projects\company-wiki\docs\plans\portfolio-reuse-fix\task_plan.md,docs/plans/portfolio-reuse-fix/task_plan.md,168,168,- [ ] `pytest tests/` 全绿；新增测试覆盖 T16-T18。,681978e3ac1ccc4f1f078ebc3d2d79baee7b2f6037af4ae939edfa777d1387c4,WIKI-LEGACY-SPECIAL-0761,history_filing,superseded,- [ ] `pytest tests/` 全绿；新增测试覆盖 T16-T18。,原文及所属阶段时间/配置/样本范围；不继承已PASS结论,同文件3–12；portfolio-reuse-automatic/task_plan:3–28；当前portfolio_promoter仅显式CLI,Strategy A被明示撤销/替代；逐项保留原设计与旧验收，不能据旧空框重启提升复制工作。,保留原始历史版本；将局部实现、生产消费和退休设计分别追踪，具体缺口见review.md,docs/plans/portfolio-reuse-fix/task_plan.md:1-225
C:\Users\郑曾波\Projects\company-wiki\docs\plans\portfolio-reuse-fix\task_plan.md,docs/plans/portfolio-reuse-fix/task_plan.md,172,172,## Phase 6 — 文档与变更记录 — 状态：completed ✅,681978e3ac1ccc4f1f078ebc3d2d79baee7b2f6037af4ae939edfa777d1387c4,WIKI-LEGACY-SPECIAL-0762,history_filing,historical_only,## Phase 6 — 文档与变更记录 — 状态：completed ✅,原文及所属阶段时间/配置/样本范围；不继承已PASS结论,原文有日期的历史叙述；本轮不重跑生产、不以本轮测试反向证明当日计数/耗时/完整范围,历史已执行/全绿声明只证明当时提升后的companies副本路径；不证明原portfolio唯一副本直接复用，也不证明当前生产。,保留原始历史版本；将局部实现、生产消费和退休设计分别追踪，具体缺口见review.md,docs/plans/portfolio-reuse-fix/task_plan.md:172-177
C:\Users\郑曾波\Projects\company-wiki\docs\plans\portfolio-reuse-fix\task_plan.md,docs/plans/portfolio-reuse-fix/task_plan.md,174,177,"> **完成**：`docs/adr/ADR-007-portfolio-promotion.md`（T21）、`docs/OPERATIONS.md` 新增
> 「一点五、portfolio 提升为可复用来源（import-portfolio）」+ `filing-fetch/SKILL.md` 工作流与 Notes
> 补充提升前置说明（T22）、本计划三件套已更新（T24）。
> 注：company-wiki 无根级 CHANGELOG（有 log.md/audit_worklog），未新建（T23 以 OPERATIONS+ADR 覆盖）。",681978e3ac1ccc4f1f078ebc3d2d79baee7b2f6037af4ae939edfa777d1387c4,WIKI-LEGACY-SPECIAL-0763,history_filing,historical_only,"> **完成**：`docs/adr/ADR-007-portfolio-promotion.md`（T21）、`docs/OPERATIONS.md` 新增
> 「一点五、portfolio 提升为可复用来源（import-portfolio）」+ `filing-fetch/SKILL.md` 工作流与 Notes
> 补充提升前置说明（T22）、本计划三件套已更新（T24）。
> 注：company-wiki 无根级 CHANGELOG（有 log.md/audit_worklog），未新建（T23 以 OPERATIONS+ADR 覆盖）。",原文及所属阶段时间/配置/样本范围；不继承已PASS结论,原文有日期的历史叙述；本轮不重跑生产、不以本轮测试反向证明当日计数/耗时/完整范围,历史已执行/全绿声明只证明当时提升后的companies副本路径；不证明原portfolio唯一副本直接复用，也不证明当前生产。,保留原始历史版本；将局部实现、生产消费和退休设计分别追踪，具体缺口见review.md,docs/plans/portfolio-reuse-fix/task_plan.md:172-177
C:\Users\郑曾波\Projects\company-wiki\docs\plans\portfolio-reuse-fix\task_plan.md,docs/plans/portfolio-reuse-fix/task_plan.md,179,180,"- [ ] **T21** 新增 ADR（如 `docs/adr/ADR-007-portfolio-promotion.md`）：记录决策——portfolio 为只读检索 root，
      提升是桥接；不放宽路径围栏/单一写者；Strategy B 不采纳的理由。",681978e3ac1ccc4f1f078ebc3d2d79baee7b2f6037af4ae939edfa777d1387c4,WIKI-LEGACY-SPECIAL-0764,history_filing,superseded,"- [ ] **T21** 新增 ADR（如 `docs/adr/ADR-007-portfolio-promotion.md`）：记录决策——portfolio 为只读检索 root，
      提升是桥接；不放宽路径围栏/单一写者；Strategy B 不采纳的理由。",原文及所属阶段时间/配置/样本范围；不继承已PASS结论,同文件3–12；portfolio-reuse-automatic/task_plan:3–28；当前portfolio_promoter仅显式CLI,Strategy A被明示撤销/替代；逐项保留原设计与旧验收，不能据旧空框重启提升复制工作。,保留原始历史版本；将局部实现、生产消费和退休设计分别追踪，具体缺口见review.md,docs/plans/portfolio-reuse-fix/task_plan.md:1-225
C:\Users\郑曾波\Projects\company-wiki\docs\plans\portfolio-reuse-fix\task_plan.md,docs/plans/portfolio-reuse-fix/task_plan.md,181,182,"- [ ] **T22** 更新 `filing-fetch/SKILL.md` 与 company-wiki README/OPERATIONS：说明 portfolio 已索引、
      需复用时用 `import-portfolio` 提升一次（或批量），之后自动复用。",681978e3ac1ccc4f1f078ebc3d2d79baee7b2f6037af4ae939edfa777d1387c4,WIKI-LEGACY-SPECIAL-0765,history_filing,superseded,"- [ ] **T22** 更新 `filing-fetch/SKILL.md` 与 company-wiki README/OPERATIONS：说明 portfolio 已索引、
      需复用时用 `import-portfolio` 提升一次（或批量），之后自动复用。",原文及所属阶段时间/配置/样本范围；不继承已PASS结论,同文件3–12；portfolio-reuse-automatic/task_plan:3–28；当前portfolio_promoter仅显式CLI,Strategy A被明示撤销/替代；逐项保留原设计与旧验收，不能据旧空框重启提升复制工作。,保留原始历史版本；将局部实现、生产消费和退休设计分别追踪，具体缺口见review.md,docs/plans/portfolio-reuse-fix/task_plan.md:1-225
C:\Users\郑曾波\Projects\company-wiki\docs\plans\portfolio-reuse-fix\task_plan.md,docs/plans/portfolio-reuse-fix/task_plan.md,183,183,- [ ] **T23** CHANGELOG（company-wiki）记录新命令与语义。,681978e3ac1ccc4f1f078ebc3d2d79baee7b2f6037af4ae939edfa777d1387c4,WIKI-LEGACY-SPECIAL-0766,history_filing,superseded,- [ ] **T23** CHANGELOG（company-wiki）记录新命令与语义。,原文及所属阶段时间/配置/样本范围；不继承已PASS结论,同文件3–12；portfolio-reuse-automatic/task_plan:3–28；当前portfolio_promoter仅显式CLI,Strategy A被明示撤销/替代；逐项保留原设计与旧验收，不能据旧空框重启提升复制工作。,保留原始历史版本；将局部实现、生产消费和退休设计分别追踪，具体缺口见review.md,docs/plans/portfolio-reuse-fix/task_plan.md:1-225
C:\Users\郑曾波\Projects\company-wiki\docs\plans\portfolio-reuse-fix\task_plan.md,docs/plans/portfolio-reuse-fix/task_plan.md,184,184,- [ ] **T24** 在 `docs/plans/portfolio-reuse-fix/progress.md` 记最终结果。,681978e3ac1ccc4f1f078ebc3d2d79baee7b2f6037af4ae939edfa777d1387c4,WIKI-LEGACY-SPECIAL-0767,history_filing,superseded,- [ ] **T24** 在 `docs/plans/portfolio-reuse-fix/progress.md` 记最终结果。,原文及所属阶段时间/配置/样本范围；不继承已PASS结论,同文件3–12；portfolio-reuse-automatic/task_plan:3–28；当前portfolio_promoter仅显式CLI,Strategy A被明示撤销/替代；逐项保留原设计与旧验收，不能据旧空框重启提升复制工作。,保留原始历史版本；将局部实现、生产消费和退休设计分别追踪，具体缺口见review.md,docs/plans/portfolio-reuse-fix/task_plan.md:1-225
C:\Users\郑曾波\Projects\company-wiki\docs\plans\portfolio-reuse-fix\task_plan.md,docs/plans/portfolio-reuse-fix/task_plan.md,188,188,## Phase 7 —（历史可选项）Strategy B 只读复用 — 状态：superseded（由后续 Strategy B 计划与 FCAP r2 接管）,681978e3ac1ccc4f1f078ebc3d2d79baee7b2f6037af4ae939edfa777d1387c4,WIKI-LEGACY-SPECIAL-0768,history_filing,superseded,## Phase 7 —（历史可选项）Strategy B 只读复用 — 状态：superseded（由后续 Strategy B 计划与 FCAP r2 接管）,原文及所属阶段时间/配置/样本范围；不继承已PASS结论,同文件3–12；portfolio-reuse-automatic/task_plan:3–28；当前portfolio_promoter仅显式CLI,Strategy A被明示撤销/替代；逐项保留原设计与旧验收，不能据旧空框重启提升复制工作。,保留原始历史版本；将局部实现、生产消费和退休设计分别追踪，具体缺口见review.md,docs/plans/portfolio-reuse-fix/task_plan.md:1-225
C:\Users\郑曾波\Projects\company-wiki\docs\plans\portfolio-reuse-fix\task_plan.md,docs/plans/portfolio-reuse-fix/task_plan.md,190,190,> 仅当 Phase 1/2 证明磁盘拷贝成本不可接受时才启动。需跨 company-wiki + filing-fetch 两仓。,681978e3ac1ccc4f1f078ebc3d2d79baee7b2f6037af4ae939edfa777d1387c4,WIKI-LEGACY-SPECIAL-0769,history_filing,superseded,> 仅当 Phase 1/2 证明磁盘拷贝成本不可接受时才启动。需跨 company-wiki + filing-fetch 两仓。,原文及所属阶段时间/配置/样本范围；不继承已PASS结论,同文件3–12；portfolio-reuse-automatic/task_plan:3–28；当前portfolio_promoter仅显式CLI,Strategy A被明示撤销/替代；逐项保留原设计与旧验收，不能据旧空框重启提升复制工作。,保留原始历史版本；将局部实现、生产消费和退休设计分别追踪，具体缺口见review.md,docs/plans/portfolio-reuse-fix/task_plan.md:1-225
C:\Users\郑曾波\Projects\company-wiki\docs\plans\portfolio-reuse-fix\task_plan.md,docs/plans/portfolio-reuse-fix/task_plan.md,192,193,"- [ ] **B1** `resolver.py`: 把 `company_raw_root_ids` 过滤改为""允许的复用 root kind 集合""（含 `dayu_portfolio`），
      受配置开关控制，默认关。",681978e3ac1ccc4f1f078ebc3d2d79baee7b2f6037af4ae939edfa777d1387c4,WIKI-LEGACY-SPECIAL-0770,history_filing,superseded,"- [ ] **B1** `resolver.py`: 把 `company_raw_root_ids` 过滤改为""允许的复用 root kind 集合""（含 `dayu_portfolio`），
      受配置开关控制，默认关。",原文及所属阶段时间/配置/样本范围；不继承已PASS结论,同文件3–12；portfolio-reuse-automatic/task_plan:3–28；当前portfolio_promoter仅显式CLI,Strategy A被明示撤销/替代；逐项保留原设计与旧验收，不能据旧空框重启提升复制工作。,保留原始历史版本；将局部实现、生产消费和退休设计分别追踪，具体缺口见review.md,docs/plans/portfolio-reuse-fix/task_plan.md:1-225
C:\Users\郑曾波\Projects\company-wiki\docs\plans\portfolio-reuse-fix\task_plan.md,docs/plans/portfolio-reuse-fix/task_plan.md,194,195,"- [ ] **B2** `filing-fetch/scripts/filing_contracts.py`: 路径围栏放宽为""允许 company_raw root 或 dayu_portfolio root""，
      受同一开关控制。",681978e3ac1ccc4f1f078ebc3d2d79baee7b2f6037af4ae939edfa777d1387c4,WIKI-LEGACY-SPECIAL-0771,history_filing,superseded,"- [ ] **B2** `filing-fetch/scripts/filing_contracts.py`: 路径围栏放宽为""允许 company_raw root 或 dayu_portfolio root""，
      受同一开关控制。",原文及所属阶段时间/配置/样本范围；不继承已PASS结论,同文件3–12；portfolio-reuse-automatic/task_plan:3–28；当前portfolio_promoter仅显式CLI,Strategy A被明示撤销/替代；逐项保留原设计与旧验收，不能据旧空框重启提升复制工作。,保留原始历史版本；将局部实现、生产消费和退休设计分别追踪，具体缺口见review.md,docs/plans/portfolio-reuse-fix/task_plan.md:1-225
C:\Users\郑曾波\Projects\company-wiki\docs\plans\portfolio-reuse-fix\task_plan.md,docs/plans/portfolio-reuse-fix/task_plan.md,196,196,- [ ] **B3** 陈旧性处理：portfolio 文件被删/改后，resolve 不能返回失效 handle（需 location 存在性复核 + 失效降级）。,681978e3ac1ccc4f1f078ebc3d2d79baee7b2f6037af4ae939edfa777d1387c4,WIKI-LEGACY-SPECIAL-0772,history_filing,superseded,- [ ] **B3** 陈旧性处理：portfolio 文件被删/改后，resolve 不能返回失效 handle（需 location 存在性复核 + 失效降级）。,原文及所属阶段时间/配置/样本范围；不继承已PASS结论,同文件3–12；portfolio-reuse-automatic/task_plan:3–28；当前portfolio_promoter仅显式CLI,Strategy A被明示撤销/替代；逐项保留原设计与旧验收，不能据旧空框重启提升复制工作。,保留原始历史版本；将局部实现、生产消费和退休设计分别追踪，具体缺口见review.md,docs/plans/portfolio-reuse-fix/task_plan.md:1-225
C:\Users\郑曾波\Projects\company-wiki\docs\plans\portfolio-reuse-fix\task_plan.md,docs/plans/portfolio-reuse-fix/task_plan.md,197,197,- [ ] **B4** 更新两仓测试（含 test_fetch_filing.py:648）与 ADR。,681978e3ac1ccc4f1f078ebc3d2d79baee7b2f6037af4ae939edfa777d1387c4,WIKI-LEGACY-SPECIAL-0773,history_filing,superseded,- [ ] **B4** 更新两仓测试（含 test_fetch_filing.py:648）与 ADR。,原文及所属阶段时间/配置/样本范围；不继承已PASS结论,同文件3–12；portfolio-reuse-automatic/task_plan:3–28；当前portfolio_promoter仅显式CLI,Strategy A被明示撤销/替代；逐项保留原设计与旧验收，不能据旧空框重启提升复制工作。,保留原始历史版本；将局部实现、生产消费和退休设计分别追踪，具体缺口见review.md,docs/plans/portfolio-reuse-fix/task_plan.md:1-225
C:\Users\郑曾波\Projects\company-wiki\docs\plans\portfolio-reuse-fix\task_plan.md,docs/plans/portfolio-reuse-fix/task_plan.md,198,198,"- [ ] **风险**：放宽路径围栏削弱篡改证据；portfolio 可变性破坏""规范来源不可变""假设；blast radius 大。",681978e3ac1ccc4f1f078ebc3d2d79baee7b2f6037af4ae939edfa777d1387c4,WIKI-LEGACY-SPECIAL-0774,history_filing,superseded,"- [ ] **风险**：放宽路径围栏削弱篡改证据；portfolio 可变性破坏""规范来源不可变""假设；blast radius 大。",原文及所属阶段时间/配置/样本范围；不继承已PASS结论,同文件3–12；portfolio-reuse-automatic/task_plan:3–28；当前portfolio_promoter仅显式CLI,Strategy A被明示撤销/替代；逐项保留原设计与旧验收，不能据旧空框重启提升复制工作。,保留原始历史版本；将局部实现、生产消费和退休设计分别追踪，具体缺口见review.md,docs/plans/portfolio-reuse-fix/task_plan.md:1-225
C:\Users\郑曾波\Projects\company-wiki\docs\plans\portfolio-reuse-fix\task_plan.md,docs/plans/portfolio-reuse-fix/task_plan.md,204,204,| 仓库 | 文件 | 变更 |,681978e3ac1ccc4f1f078ebc3d2d79baee7b2f6037af4ae939edfa777d1387c4,WIKI-LEGACY-SPECIAL-0775,history_filing,superseded,| 仓库 | 文件 | 变更 |,原文及所属阶段时间/配置/样本范围；不继承已PASS结论,同文件3–12；portfolio-reuse-automatic/task_plan:3–28；当前portfolio_promoter仅显式CLI,Strategy A被明示撤销/替代；逐项保留原设计与旧验收，不能据旧空框重启提升复制工作。,保留原始历史版本；将局部实现、生产消费和退休设计分别追踪，具体缺口见review.md,docs/plans/portfolio-reuse-fix/task_plan.md:1-225
C:\Users\郑曾波\Projects\company-wiki\docs\plans\portfolio-reuse-fix\task_plan.md,docs/plans/portfolio-reuse-fix/task_plan.md,206,206,| company-wiki | `src/company_wiki/source_catalog/canonical_writer.py`（或新 `portfolio_promoter.py`） | 新增 `promote_from_portfolio`；`_write_provenance` 增可选来源字段 |,681978e3ac1ccc4f1f078ebc3d2d79baee7b2f6037af4ae939edfa777d1387c4,WIKI-LEGACY-SPECIAL-0776,history_filing,superseded,| company-wiki | `src/company_wiki/source_catalog/canonical_writer.py`（或新 `portfolio_promoter.py`） | 新增 `promote_from_portfolio`；`_write_provenance` 增可选来源字段 |,原文及所属阶段时间/配置/样本范围；不继承已PASS结论,同文件3–12；portfolio-reuse-automatic/task_plan:3–28；当前portfolio_promoter仅显式CLI,Strategy A被明示撤销/替代；逐项保留原设计与旧验收，不能据旧空框重启提升复制工作。,保留原始历史版本；将局部实现、生产消费和退休设计分别追踪，具体缺口见review.md,docs/plans/portfolio-reuse-fix/task_plan.md:1-225
C:\Users\郑曾波\Projects\company-wiki\docs\plans\portfolio-reuse-fix\task_plan.md,docs/plans/portfolio-reuse-fix/task_plan.md,207,207,| company-wiki | `src/company_wiki/source_catalog/cli.py` | 新增 `import-portfolio` 子命令 |,681978e3ac1ccc4f1f078ebc3d2d79baee7b2f6037af4ae939edfa777d1387c4,WIKI-LEGACY-SPECIAL-0777,history_filing,superseded,| company-wiki | `src/company_wiki/source_catalog/cli.py` | 新增 `import-portfolio` 子命令 |,原文及所属阶段时间/配置/样本范围；不继承已PASS结论,同文件3–12；portfolio-reuse-automatic/task_plan:3–28；当前portfolio_promoter仅显式CLI,Strategy A被明示撤销/替代；逐项保留原设计与旧验收，不能据旧空框重启提升复制工作。,保留原始历史版本；将局部实现、生产消费和退休设计分别追踪，具体缺口见review.md,docs/plans/portfolio-reuse-fix/task_plan.md:1-225
C:\Users\郑曾波\Projects\company-wiki\docs\plans\portfolio-reuse-fix\task_plan.md,docs/plans/portfolio-reuse-fix/task_plan.md,208,208,| company-wiki | `tests/source_catalog/test_portfolio_promotion.py`（新） | T16 |,681978e3ac1ccc4f1f078ebc3d2d79baee7b2f6037af4ae939edfa777d1387c4,WIKI-LEGACY-SPECIAL-0778,history_filing,superseded,| company-wiki | `tests/source_catalog/test_portfolio_promotion.py`（新） | T16 |,原文及所属阶段时间/配置/样本范围；不继承已PASS结论,同文件3–12；portfolio-reuse-automatic/task_plan:3–28；当前portfolio_promoter仅显式CLI,Strategy A被明示撤销/替代；逐项保留原设计与旧验收，不能据旧空框重启提升复制工作。,保留原始历史版本；将局部实现、生产消费和退休设计分别追踪，具体缺口见review.md,docs/plans/portfolio-reuse-fix/task_plan.md:1-225
C:\Users\郑曾波\Projects\company-wiki\docs\plans\portfolio-reuse-fix\task_plan.md,docs/plans/portfolio-reuse-fix/task_plan.md,209,209,| company-wiki | `tests/source_catalog/test_resolver.py` | T17（增正面用例，不改既有） |,681978e3ac1ccc4f1f078ebc3d2d79baee7b2f6037af4ae939edfa777d1387c4,WIKI-LEGACY-SPECIAL-0779,history_filing,superseded,| company-wiki | `tests/source_catalog/test_resolver.py` | T17（增正面用例，不改既有） |,原文及所属阶段时间/配置/样本范围；不继承已PASS结论,同文件3–12；portfolio-reuse-automatic/task_plan:3–28；当前portfolio_promoter仅显式CLI,Strategy A被明示撤销/替代；逐项保留原设计与旧验收，不能据旧空框重启提升复制工作。,保留原始历史版本；将局部实现、生产消费和退休设计分别追踪，具体缺口见review.md,docs/plans/portfolio-reuse-fix/task_plan.md:1-225
C:\Users\郑曾波\Projects\company-wiki\docs\plans\portfolio-reuse-fix\task_plan.md,docs/plans/portfolio-reuse-fix/task_plan.md,210,210,| company-wiki | `docs/adr/ADR-007-portfolio-promotion.md`（新） | T21 |,681978e3ac1ccc4f1f078ebc3d2d79baee7b2f6037af4ae939edfa777d1387c4,WIKI-LEGACY-SPECIAL-0780,history_filing,superseded,| company-wiki | `docs/adr/ADR-007-portfolio-promotion.md`（新） | T21 |,原文及所属阶段时间/配置/样本范围；不继承已PASS结论,同文件3–12；portfolio-reuse-automatic/task_plan:3–28；当前portfolio_promoter仅显式CLI,Strategy A被明示撤销/替代；逐项保留原设计与旧验收，不能据旧空框重启提升复制工作。,保留原始历史版本；将局部实现、生产消费和退休设计分别追踪，具体缺口见review.md,docs/plans/portfolio-reuse-fix/task_plan.md:1-225
C:\Users\郑曾波\Projects\company-wiki\docs\plans\portfolio-reuse-fix\task_plan.md,docs/plans/portfolio-reuse-fix/task_plan.md,211,211,| company-wiki | `README.md` / `docs/OPERATIONS.md` | T22 |,681978e3ac1ccc4f1f078ebc3d2d79baee7b2f6037af4ae939edfa777d1387c4,WIKI-LEGACY-SPECIAL-0781,history_filing,superseded,| company-wiki | `README.md` / `docs/OPERATIONS.md` | T22 |,原文及所属阶段时间/配置/样本范围；不继承已PASS结论,同文件3–12；portfolio-reuse-automatic/task_plan:3–28；当前portfolio_promoter仅显式CLI,Strategy A被明示撤销/替代；逐项保留原设计与旧验收，不能据旧空框重启提升复制工作。,保留原始历史版本；将局部实现、生产消费和退休设计分别追踪，具体缺口见review.md,docs/plans/portfolio-reuse-fix/task_plan.md:1-225
C:\Users\郑曾波\Projects\company-wiki\docs\plans\portfolio-reuse-fix\task_plan.md,docs/plans/portfolio-reuse-fix/task_plan.md,212,212,| company-wiki | `CHANGELOG.md` | T23 |,681978e3ac1ccc4f1f078ebc3d2d79baee7b2f6037af4ae939edfa777d1387c4,WIKI-LEGACY-SPECIAL-0782,history_filing,superseded,| company-wiki | `CHANGELOG.md` | T23 |,原文及所属阶段时间/配置/样本范围；不继承已PASS结论,同文件3–12；portfolio-reuse-automatic/task_plan:3–28；当前portfolio_promoter仅显式CLI,Strategy A被明示撤销/替代；逐项保留原设计与旧验收，不能据旧空框重启提升复制工作。,保留原始历史版本；将局部实现、生产消费和退休设计分别追踪，具体缺口见review.md,docs/plans/portfolio-reuse-fix/task_plan.md:1-225
C:\Users\郑曾波\Projects\company-wiki\docs\plans\portfolio-reuse-fix\task_plan.md,docs/plans/portfolio-reuse-fix/task_plan.md,213,213,| filing-fetch | （主方案无改动） | 仅 Phase 7 才动 |,681978e3ac1ccc4f1f078ebc3d2d79baee7b2f6037af4ae939edfa777d1387c4,WIKI-LEGACY-SPECIAL-0783,history_filing,superseded,| filing-fetch | （主方案无改动） | 仅 Phase 7 才动 |,原文及所属阶段时间/配置/样本范围；不继承已PASS结论,同文件3–12；portfolio-reuse-automatic/task_plan:3–28；当前portfolio_promoter仅显式CLI,Strategy A被明示撤销/替代；逐项保留原设计与旧验收，不能据旧空框重启提升复制工作。,保留原始历史版本；将局部实现、生产消费和退休设计分别追踪，具体缺口见review.md,docs/plans/portfolio-reuse-fix/task_plan.md:1-225
C:\Users\郑曾波\Projects\company-wiki\docs\plans\portfolio-reuse-fix\task_plan.md,docs/plans/portfolio-reuse-fix/task_plan.md,216,216,- **风险**：identity/metadata 缺失导致提升后非 REUSED_EXACT → 缓解：Phase 1 S4/S5 盘点 + 提升时补齐/identity_enrich。,681978e3ac1ccc4f1f078ebc3d2d79baee7b2f6037af4ae939edfa777d1387c4,WIKI-LEGACY-SPECIAL-0784,history_filing,superseded,- **风险**：identity/metadata 缺失导致提升后非 REUSED_EXACT → 缓解：Phase 1 S4/S5 盘点 + 提升时补齐/identity_enrich。,原文及所属阶段时间/配置/样本范围；不继承已PASS结论,同文件3–12；portfolio-reuse-automatic/task_plan:3–28；当前portfolio_promoter仅显式CLI,Strategy A被明示撤销/替代；逐项保留原设计与旧验收，不能据旧空框重启提升复制工作。,保留原始历史版本；将局部实现、生产消费和退休设计分别追踪，具体缺口见review.md,docs/plans/portfolio-reuse-fix/task_plan.md:1-225
C:\Users\郑曾波\Projects\company-wiki\docs\plans\portfolio-reuse-fix\task_plan.md,docs/plans/portfolio-reuse-fix/task_plan.md,217,217,- **风险**：批量 `--all` 误提升大量文件 → 缓解：`--dry-run` 先预览；默认非 `--all`。,681978e3ac1ccc4f1f078ebc3d2d79baee7b2f6037af4ae939edfa777d1387c4,WIKI-LEGACY-SPECIAL-0785,history_filing,superseded,- **风险**：批量 `--all` 误提升大量文件 → 缓解：`--dry-run` 先预览；默认非 `--all`。,原文及所属阶段时间/配置/样本范围；不继承已PASS结论,同文件3–12；portfolio-reuse-automatic/task_plan:3–28；当前portfolio_promoter仅显式CLI,Strategy A被明示撤销/替代；逐项保留原设计与旧验收，不能据旧空框重启提升复制工作。,保留原始历史版本；将局部实现、生产消费和退休设计分别追踪，具体缺口见review.md,docs/plans/portfolio-reuse-fix/task_plan.md:1-225
C:\Users\郑曾波\Projects\company-wiki\docs\plans\portfolio-reuse-fix\task_plan.md,docs/plans/portfolio-reuse-fix/task_plan.md,218,219,"- **回滚**：提升本质是 companies/ 下新增文件 + catalog 重扫；回滚 = 删除新增 canonical 文件 + sidecar + 重扫。
  不触及 portfolio 原文件，零破坏性。",681978e3ac1ccc4f1f078ebc3d2d79baee7b2f6037af4ae939edfa777d1387c4,WIKI-LEGACY-SPECIAL-0786,history_filing,contradicted,"- **回滚**：提升本质是 companies/ 下新增文件 + catalog 重扫；回滚 = 删除新增 canonical 文件 + sidecar + 重扫。
  不触及 portfolio 原文件，零破坏性。",原文及所属阶段时间/配置/样本范围；不继承已PASS结论,"根task_plan:2383,2776明确已导入raw不自动删除；AGENTS source immutable边界",删除新增canonical+sidecar仍可能破坏已被消费的source引用；“零破坏性”超出portfolio原文件未触碰的有限保证。此为旧建议，不执行。,保留原始历史版本；将局部实现、生产消费和退休设计分别追踪，具体缺口见review.md,docs/plans/portfolio-reuse-fix/task_plan.md:218-220
C:\Users\郑曾波\Projects\company-wiki\docs\plans\portfolio-reuse-fix\task_plan.md,docs/plans/portfolio-reuse-fix/task_plan.md,221,221,## 整体验收标准,681978e3ac1ccc4f1f078ebc3d2d79baee7b2f6037af4ae939edfa777d1387c4,WIKI-LEGACY-SPECIAL-0787,history_filing,superseded,## 整体验收标准,原文及所属阶段时间/配置/样本范围；不继承已PASS结论,同文件3–12；portfolio-reuse-automatic/task_plan:3–28；当前portfolio_promoter仅显式CLI,Strategy A被明示撤销/替代；逐项保留原设计与旧验收，不能据旧空框重启提升复制工作。,保留原始历史版本；将局部实现、生产消费和退休设计分别追踪，具体缺口见review.md,docs/plans/portfolio-reuse-fix/task_plan.md:1-225
C:\Users\郑曾波\Projects\company-wiki\docs\plans\portfolio-reuse-fix\task_plan.md,docs/plans/portfolio-reuse-fix/task_plan.md,222,222,1. `import-portfolio` 单条/批量/幂等/dry-run 全部正确，单测集成测全绿。,681978e3ac1ccc4f1f078ebc3d2d79baee7b2f6037af4ae939edfa777d1387c4,WIKI-LEGACY-SPECIAL-0788,history_filing,insufficient_evidence,1. `import-portfolio` 单条/批量/幂等/dry-run 全部正确，单测集成测全绿。,原文及所属阶段时间/配置/样本范围；不继承已PASS结论,"本目录task_plan:120,123；automatic/findings:43–44",整体验收含另一实体、RF链及跨entity案例，完成摘要没有逐项receipt；后来的关闭只是方案被替代。,保留原始历史版本；将局部实现、生产消费和退休设计分别追踪，具体缺口见review.md,docs/plans/portfolio-reuse-fix/task_plan.md:222-225
C:\Users\郑曾波\Projects\company-wiki\docs\plans\portfolio-reuse-fix\task_plan.md,docs/plans/portfolio-reuse-fix/task_plan.md,223,223,2. 金山云 FY2025（及另一港股/美股 entity）经一次提升后，filing-fetch 只读复用、**零下载**。,681978e3ac1ccc4f1f078ebc3d2d79baee7b2f6037af4ae939edfa777d1387c4,WIKI-LEGACY-SPECIAL-0789,history_filing,insufficient_evidence,2. 金山云 FY2025（及另一港股/美股 entity）经一次提升后，filing-fetch 只读复用、**零下载**。,原文及所属阶段时间/配置/样本范围；不继承已PASS结论,"本目录task_plan:120,123；automatic/findings:43–44",整体验收含另一实体、RF链及跨entity案例，完成摘要没有逐项receipt；后来的关闭只是方案被替代。,保留原始历史版本；将局部实现、生产消费和退休设计分别追踪，具体缺口见review.md,docs/plans/portfolio-reuse-fix/task_plan.md:222-225
C:\Users\郑曾波\Projects\company-wiki\docs\plans\portfolio-reuse-fix\task_plan.md,docs/plans/portfolio-reuse-fix/task_plan.md,224,224,"3. 既有""仅 company_raw 可复用 / companies/ 路径围栏""护栏测试不被削弱。",681978e3ac1ccc4f1f078ebc3d2d79baee7b2f6037af4ae939edfa777d1387c4,WIKI-LEGACY-SPECIAL-0790,history_filing,insufficient_evidence,"3. 既有""仅 company_raw 可复用 / companies/ 路径围栏""护栏测试不被削弱。",原文及所属阶段时间/配置/样本范围；不继承已PASS结论,"本目录task_plan:120,123；automatic/findings:43–44",整体验收含另一实体、RF链及跨entity案例，完成摘要没有逐项receipt；后来的关闭只是方案被替代。,保留原始历史版本；将局部实现、生产消费和退休设计分别追踪，具体缺口见review.md,docs/plans/portfolio-reuse-fix/task_plan.md:222-225
C:\Users\郑曾波\Projects\company-wiki\docs\plans\portfolio-reuse-fix\task_plan.md,docs/plans/portfolio-reuse-fix/task_plan.md,225,225,4. ADR + 文档 + CHANGELOG 完成。,681978e3ac1ccc4f1f078ebc3d2d79baee7b2f6037af4ae939edfa777d1387c4,WIKI-LEGACY-SPECIAL-0791,history_filing,insufficient_evidence,4. ADR + 文档 + CHANGELOG 完成。,原文及所属阶段时间/配置/样本范围；不继承已PASS结论,"本目录task_plan:120,123；automatic/findings:43–44",整体验收含另一实体、RF链及跨entity案例，完成摘要没有逐项receipt；后来的关闭只是方案被替代。,保留原始历史版本；将局部实现、生产消费和退休设计分别追踪，具体缺口见review.md,docs/plans/portfolio-reuse-fix/task_plan.md:222-225
