repo,relative,source_file,original_scope,inventory_sha256,current_sha256,hash_changed_since_inventory,status,review_records
revenue-forecast,.review-zr407-20260818\company-wiki\assurance\fc\FC-1201\00_wu_card.md,C:\Users\郑曾波\Projects\revenue-forecast\.review-zr407-20260818\company-wiki\assurance\fc\FC-1201\00_wu_card.md,historical_plan_or_evidence,8423d4554e7bae03dafa8f3714912df7af01ba2304f04516c85c86963dc868ae,8423d4554e7bae03dafa8f3714912df7af01ba2304f04516c85c86963dc868ae,False,mapped_text_and_delta_reviewed,snapshot_review.json
revenue-forecast,.review-zr407-20260818\company-wiki\assurance\fc\FC-1201\03_change_contract.md,C:\Users\郑曾波\Projects\revenue-forecast\.review-zr407-20260818\company-wiki\assurance\fc\FC-1201\03_change_contract.md,historical_plan_or_evidence,191f6c28d40f5e33a1e1fe7aada88700b6a0db80755c563b8365bddb4e57fbb3,191f6c28d40f5e33a1e1fe7aada88700b6a0db80755c563b8365bddb4e57fbb3,False,mapped_text_and_delta_reviewed,snapshot_review.json
revenue-forecast,.review-zr407-20260818\company-wiki\assurance\fc\FC-1201\REVIEWER_REPORT.md,C:\Users\郑曾波\Projects\revenue-forecast\.review-zr407-20260818\company-wiki\assurance\fc\FC-1201\REVIEWER_REPORT.md,historical_plan_or_evidence,3b5f95b0136ea3b8fd4ef69f39d3ae775a005cfd1d9f366c36f30e26aab85fb9,3b5f95b0136ea3b8fd4ef69f39d3ae775a005cfd1d9f366c36f30e26aab85fb9,False,mapped_text_and_delta_reviewed,snapshot_review.json
revenue-forecast,.review-zr407-20260818\company-wiki\assurance\fc\FC-1203\03_change_contract_fc1203.md,C:\Users\郑曾波\Projects\revenue-forecast\.review-zr407-20260818\company-wiki\assurance\fc\FC-1203\03_change_contract_fc1203.md,historical_plan_or_evidence,22b44a12819c6aa0cd5845956ef3474ce8b37bb5918f393a929edde17f6646e8,22b44a12819c6aa0cd5845956ef3474ce8b37bb5918f393a929edde17f6646e8,False,mapped_text_and_delta_reviewed,snapshot_review.json
revenue-forecast,.review-zr407-20260818\company-wiki\assurance\fc\FC-1203\REVIEWER_REPORT.md,C:\Users\郑曾波\Projects\revenue-forecast\.review-zr407-20260818\company-wiki\assurance\fc\FC-1203\REVIEWER_REPORT.md,historical_plan_or_evidence,c2ebd7d282d2bdaf1b6af4fdd5396e5c5d5abb19cb9d94644d277b39cde70be2,c2ebd7d282d2bdaf1b6af4fdd5396e5c5d5abb19cb9d94644d277b39cde70be2,False,mapped_text_and_delta_reviewed,snapshot_review.json
revenue-forecast,.review-zr407-20260818\company-wiki\assurance\fc\FC-703\REVIEWER_REPORT.md,C:\Users\郑曾波\Projects\revenue-forecast\.review-zr407-20260818\company-wiki\assurance\fc\FC-703\REVIEWER_REPORT.md,historical_plan_or_evidence,2436b3c8e25eb04061f0eb35e8f584e7f385c47f128c864c327f87e539057d44,2436b3c8e25eb04061f0eb35e8f584e7f385c47f128c864c327f87e539057d44,False,mapped_text_and_delta_reviewed,snapshot_review.json
revenue-forecast,.review-zr407-20260818\company-wiki\assurance\fc\FC-703\REVIEWER_REPORT_R2.md,C:\Users\郑曾波\Projects\revenue-forecast\.review-zr407-20260818\company-wiki\assurance\fc\FC-703\REVIEWER_REPORT_R2.md,historical_plan_or_evidence,6022d214856959c26d8f332bfa45b8c7621c62a1e60921364b1df13e76fe13a6,6022d214856959c26d8f332bfa45b8c7621c62a1e60921364b1df13e76fe13a6,False,mapped_text_and_delta_reviewed,snapshot_review.json
revenue-forecast,.review-zr407-20260818\company-wiki\assurance\fc\FC-703\REVIEWER_REPORT_R3.md,C:\Users\郑曾波\Projects\revenue-forecast\.review-zr407-20260818\company-wiki\assurance\fc\FC-703\REVIEWER_REPORT_R3.md,historical_plan_or_evidence,8f02066e22ff97af37e52f9282e5836c51f3ba920cd2fda71860a14490522eb5,8f02066e22ff97af37e52f9282e5836c51f3ba920cd2fda71860a14490522eb5,False,mapped_text_and_delta_reviewed,snapshot_review.json
revenue-forecast,.review-zr407-20260818\company-wiki\assurance\fc\FC-704\REVIEWER_REPORT.md,C:\Users\郑曾波\Projects\revenue-forecast\.review-zr407-20260818\company-wiki\assurance\fc\FC-704\REVIEWER_REPORT.md,historical_plan_or_evidence,a82928cabfa361ea3869a34b069557d2dbc49c4173c6c5d079e1d3b254a2a1ba,a82928cabfa361ea3869a34b069557d2dbc49c4173c6c5d079e1d3b254a2a1ba,False,mapped_text_and_delta_reviewed,snapshot_review.json
revenue-forecast,.review-zr407-20260818\company-wiki\assurance\fc\FC-705\REVIEWER_REPORT.md,C:\Users\郑曾波\Projects\revenue-forecast\.review-zr407-20260818\company-wiki\assurance\fc\FC-705\REVIEWER_REPORT.md,historical_plan_or_evidence,efa18523f890ccca1cc584b02f8549c54cb8b411639ecd11fb015a048a018da9,efa18523f890ccca1cc584b02f8549c54cb8b411639ecd11fb015a048a018da9,False,mapped_text_and_delta_reviewed,snapshot_review.json
revenue-forecast,.review-zr407-20260818\company-wiki\assurance\fc\FC-705\REVIEWER_REPORT_R2.md,C:\Users\郑曾波\Projects\revenue-forecast\.review-zr407-20260818\company-wiki\assurance\fc\FC-705\REVIEWER_REPORT_R2.md,historical_plan_or_evidence,48724beb05a0c1fa9bc940b12438f28776616c7ba619da8547f609e291be9f26,48724beb05a0c1fa9bc940b12438f28776616c7ba619da8547f609e291be9f26,False,mapped_text_and_delta_reviewed,snapshot_review.json
revenue-forecast,.review-zr407-20260818\company-wiki\assurance\fc\FC-801\REVIEWER_REPORT.md,C:\Users\郑曾波\Projects\revenue-forecast\.review-zr407-20260818\company-wiki\assurance\fc\FC-801\REVIEWER_REPORT.md,historical_plan_or_evidence,febb7309c7d3d3c48cd1099d6484f3d2cf447f71e37dc3ec1e4d8088bbcf08ea,febb7309c7d3d3c48cd1099d6484f3d2cf447f71e37dc3ec1e4d8088bbcf08ea,False,mapped_text_and_delta_reviewed,snapshot_review.json
revenue-forecast,.review-zr407-20260818\company-wiki\assurance\fc\FC-802\REVIEWER_REPORT_R2.md,C:\Users\郑曾波\Projects\revenue-forecast\.review-zr407-20260818\company-wiki\assurance\fc\FC-802\REVIEWER_REPORT_R2.md,historical_plan_or_evidence,8f65cb92fcbe7fc85d23b17994be79e4fd5a223610283f45764e327b5508a054,8f65cb92fcbe7fc85d23b17994be79e4fd5a223610283f45764e327b5508a054,False,mapped_text_and_delta_reviewed,snapshot_review.json
revenue-forecast,.review-zr407-20260818\company-wiki\assurance\fc\FC-802\REVIEWER_REPORT_R3.md,C:\Users\郑曾波\Projects\revenue-forecast\.review-zr407-20260818\company-wiki\assurance\fc\FC-802\REVIEWER_REPORT_R3.md,historical_plan_or_evidence,bf2bfa06a20ea4704d511ef806bb88f803d7266581c5e6d03e9bb51b4d822420,bf2bfa06a20ea4704d511ef806bb88f803d7266581c5e6d03e9bb51b4d822420,False,mapped_text_and_delta_reviewed,snapshot_review.json
revenue-forecast,.review-zr407-20260818\company-wiki\assurance\fc\FC-803\REVIEWER_REPORT.md,C:\Users\郑曾波\Projects\revenue-forecast\.review-zr407-20260818\company-wiki\assurance\fc\FC-803\REVIEWER_REPORT.md,historical_plan_or_evidence,4be6627b9c3747d0d36b41cc4446d6fafe97375fc7c491477d46b29c70002264,4be6627b9c3747d0d36b41cc4446d6fafe97375fc7c491477d46b29c70002264,False,mapped_text_and_delta_reviewed,snapshot_review.json
revenue-forecast,.review-zr407-20260818\company-wiki\assurance\fc\FC-804\REVIEWER_REPORT.md,C:\Users\郑曾波\Projects\revenue-forecast\.review-zr407-20260818\company-wiki\assurance\fc\FC-804\REVIEWER_REPORT.md,historical_plan_or_evidence,d49d0191f6f8be8df150618a0214d3fb72b1deb0ce9d6e5e029fc9bb0e8d0eac,d49d0191f6f8be8df150618a0214d3fb72b1deb0ce9d6e5e029fc9bb0e8d0eac,False,mapped_text_and_delta_reviewed,snapshot_review.json
revenue-forecast,.review-zr407-20260818\company-wiki\assurance\fc\FC-805\REVIEWER_REPORT.md,C:\Users\郑曾波\Projects\revenue-forecast\.review-zr407-20260818\company-wiki\assurance\fc\FC-805\REVIEWER_REPORT.md,historical_plan_or_evidence,84e7bb600a901ae9188bbe6eb552b38c524d86a33c254e5d295f5de2cf6da085,84e7bb600a901ae9188bbe6eb552b38c524d86a33c254e5d295f5de2cf6da085,False,mapped_text_and_delta_reviewed,snapshot_review.json
revenue-forecast,.review-zr407-20260818\company-wiki\assurance\fc\FC-901\03_change_contract.md,C:\Users\郑曾波\Projects\revenue-forecast\.review-zr407-20260818\company-wiki\assurance\fc\FC-901\03_change_contract.md,historical_plan_or_evidence,1476e7bdee8373948cd9546f8566e8347bc592c57b99b113f281fa6ba19e50ff,1476e7bdee8373948cd9546f8566e8347bc592c57b99b113f281fa6ba19e50ff,False,mapped_text_and_delta_reviewed,snapshot_review.json
revenue-forecast,.review-zr407-20260818\company-wiki\assurance\fc\FC-901\REVIEWER_REPORT.md,C:\Users\郑曾波\Projects\revenue-forecast\.review-zr407-20260818\company-wiki\assurance\fc\FC-901\REVIEWER_REPORT.md,historical_plan_or_evidence,32e0cf72036b2f43deb3230a59fb8d091085f20414488541e2cd13eab112be02,32e0cf72036b2f43deb3230a59fb8d091085f20414488541e2cd13eab112be02,False,mapped_text_and_delta_reviewed,snapshot_review.json
revenue-forecast,.review-zr407-20260818\company-wiki\assurance\fc\FC-902\03_change_contract.md,C:\Users\郑曾波\Projects\revenue-forecast\.review-zr407-20260818\company-wiki\assurance\fc\FC-902\03_change_contract.md,historical_plan_or_evidence,f49513c7ec7f8791347c5696089d3fe5b8a38e3a07169cc683095ce9b35eabc6,f49513c7ec7f8791347c5696089d3fe5b8a38e3a07169cc683095ce9b35eabc6,False,mapped_text_and_delta_reviewed,snapshot_review.json
revenue-forecast,.review-zr407-20260818\company-wiki\assurance\fc\FC-902\REVIEWER_REPORT.md,C:\Users\郑曾波\Projects\revenue-forecast\.review-zr407-20260818\company-wiki\assurance\fc\FC-902\REVIEWER_REPORT.md,historical_plan_or_evidence,8184ad70c1bef6886e23ef435243a12e1246a62716eedc4851b310cca00e20e8,8184ad70c1bef6886e23ef435243a12e1246a62716eedc4851b310cca00e20e8,False,mapped_text_and_delta_reviewed,snapshot_review.json
revenue-forecast,.review-zr407-20260818\company-wiki\assurance\fc\FC-905\03_change_contract_fc905a.md,C:\Users\郑曾波\Projects\revenue-forecast\.review-zr407-20260818\company-wiki\assurance\fc\FC-905\03_change_contract_fc905a.md,historical_plan_or_evidence,ecd3d727c29dad6422aecb19783ca1f3de1871cb3cdcc0b5d5bb58f1431b3401,ecd3d727c29dad6422aecb19783ca1f3de1871cb3cdcc0b5d5bb58f1431b3401,False,mapped_text_and_delta_reviewed,snapshot_review.json
revenue-forecast,.review-zr407-20260818\company-wiki\assurance\fc\FC-905\REVIEWER_REPORT.md,C:\Users\郑曾波\Projects\revenue-forecast\.review-zr407-20260818\company-wiki\assurance\fc\FC-905\REVIEWER_REPORT.md,historical_plan_or_evidence,a4abcf770e22d1f012132a28e3aac460659284b56c36240a3e3a678317d57a82,a4abcf770e22d1f012132a28e3aac460659284b56c36240a3e3a678317d57a82,False,mapped_text_and_delta_reviewed,snapshot_review.json
revenue-forecast,.review-zr407-20260818\company-wiki\assurance\fc\FC-905\REVIEWER_REPORT_b.md,C:\Users\郑曾波\Projects\revenue-forecast\.review-zr407-20260818\company-wiki\assurance\fc\FC-905\REVIEWER_REPORT_b.md,historical_plan_or_evidence,3e6fad14670d7263e6798681dffd7bf5a8aefa36f77b260ed54c8918d0ad9dd8,3e6fad14670d7263e6798681dffd7bf5a8aefa36f77b260ed54c8918d0ad9dd8,False,mapped_text_and_delta_reviewed,snapshot_review.json
revenue-forecast,.review-zr407-20260818\company-wiki\assurance\fc\FC-906\00_wu_card_a.md,C:\Users\郑曾波\Projects\revenue-forecast\.review-zr407-20260818\company-wiki\assurance\fc\FC-906\00_wu_card_a.md,historical_plan_or_evidence,41d9fb33dfdf703a02e93996c94afbac9c13b78628829608a50d0e5c37bb2a56,41d9fb33dfdf703a02e93996c94afbac9c13b78628829608a50d0e5c37bb2a56,False,mapped_text_and_delta_reviewed,snapshot_review.json
revenue-forecast,.review-zr407-20260818\company-wiki\assurance\fc\FC-906\03_change_contract_fc906b.md,C:\Users\郑曾波\Projects\revenue-forecast\.review-zr407-20260818\company-wiki\assurance\fc\FC-906\03_change_contract_fc906b.md,historical_plan_or_evidence,34ff88c6c5f1e051fe1bd1a9291b32e3a775930c5e74c17437fd53bf9f8dd4fc,34ff88c6c5f1e051fe1bd1a9291b32e3a775930c5e74c17437fd53bf9f8dd4fc,False,mapped_text_and_delta_reviewed,snapshot_review.json
revenue-forecast,.review-zr407-20260818\company-wiki\assurance\fc\FC-906\10_rollback_fc906c.md,C:\Users\郑曾波\Projects\revenue-forecast\.review-zr407-20260818\company-wiki\assurance\fc\FC-906\10_rollback_fc906c.md,historical_plan_or_evidence,a3551c176f010d0b34b6207103e20042aae50708d3e0c4b5b18c70f65f982501,a3551c176f010d0b34b6207103e20042aae50708d3e0c4b5b18c70f65f982501,False,mapped_text_and_delta_reviewed,snapshot_review.json
revenue-forecast,.review-zr407-20260818\company-wiki\assurance\fc\FC-906\fc_906b_spec_gap.md,C:\Users\郑曾波\Projects\revenue-forecast\.review-zr407-20260818\company-wiki\assurance\fc\FC-906\fc_906b_spec_gap.md,historical_plan_or_evidence,3e3ac28ea1886ac1eed7bae5290ee1f47548dbced387ab7712724aac82c8897d,3e3ac28ea1886ac1eed7bae5290ee1f47548dbced387ab7712724aac82c8897d,False,mapped_text_and_delta_reviewed,snapshot_review.json
revenue-forecast,.review-zr407-20260818\company-wiki\assurance\fc\FC-906\t2_consumption_trace_fc906d.md,C:\Users\郑曾波\Projects\revenue-forecast\.review-zr407-20260818\company-wiki\assurance\fc\FC-906\t2_consumption_trace_fc906d.md,historical_plan_or_evidence,ead56fbcb3db5d251aa44c3a24189b2b4c22ddbfbe5ab73b00d6d85f0cdc459a,ead56fbcb3db5d251aa44c3a24189b2b4c22ddbfbe5ab73b00d6d85f0cdc459a,False,mapped_text_and_delta_reviewed,snapshot_review.json
revenue-forecast,.review-zr407-20260818\company-wiki\audit_worklog_2026-07-09.md,C:\Users\郑曾波\Projects\revenue-forecast\.review-zr407-20260818\company-wiki\audit_worklog_2026-07-09.md,engineering_context,4a61ae75c41adeed578cb0d38f79edec7bc9e514453c397967c469b29a69d180,4a61ae75c41adeed578cb0d38f79edec7bc9e514453c397967c469b29a69d180,False,mapped_text_and_delta_reviewed,snapshot_review.json
revenue-forecast,.review-zr407-20260818\company-wiki\docs\ACTION_ITEMS.md,C:\Users\郑曾波\Projects\revenue-forecast\.review-zr407-20260818\company-wiki\docs\ACTION_ITEMS.md,engineering_context,d485f445a92badd698491b9cb7003bfb966da1ed9830c417a59a6565611ea658,d485f445a92badd698491b9cb7003bfb966da1ed9830c417a59a6565611ea658,False,mapped_text_and_delta_reviewed,snapshot_review.json
revenue-forecast,.review-zr407-20260818\company-wiki\docs\API.md,C:\Users\郑曾波\Projects\revenue-forecast\.review-zr407-20260818\company-wiki\docs\API.md,engineering_context,5cffe3dc9370437360c4e2eb869a7c9266a01631e12ef0f8163d6181c7cb77c5,5cffe3dc9370437360c4e2eb869a7c9266a01631e12ef0f8163d6181c7cb77c5,False,mapped_text_and_delta_reviewed,snapshot_review.json
revenue-forecast,.review-zr407-20260818\company-wiki\docs\ARCHITECTURE.md,C:\Users\郑曾波\Projects\revenue-forecast\.review-zr407-20260818\company-wiki\docs\ARCHITECTURE.md,engineering_context,98d5946dc19a2c9e9d30a90350e3e01b9cf5f944aa36393d6cdf524161d3e283,98d5946dc19a2c9e9d30a90350e3e01b9cf5f944aa36393d6cdf524161d3e283,False,mapped_text_and_delta_reviewed,snapshot_review.json
revenue-forecast,.review-zr407-20260818\company-wiki\docs\DEPLOYMENT.md,C:\Users\郑曾波\Projects\revenue-forecast\.review-zr407-20260818\company-wiki\docs\DEPLOYMENT.md,engineering_context,65f9ebe408b37352756c6c1b58e23a9d16777f1ef8362e49aa88e13d63198861,65f9ebe408b37352756c6c1b58e23a9d16777f1ef8362e49aa88e13d63198861,False,mapped_text_and_delta_reviewed,snapshot_review.json
revenue-forecast,.review-zr407-20260818\company-wiki\docs\GATE_SYSTEM.md,C:\Users\郑曾波\Projects\revenue-forecast\.review-zr407-20260818\company-wiki\docs\GATE_SYSTEM.md,engineering_context,458c8ba57cce438aed86d172205a26f7ec47e0cea25db83ef7f6553598e98e88,458c8ba57cce438aed86d172205a26f7ec47e0cea25db83ef7f6553598e98e88,False,mapped_text_and_delta_reviewed,snapshot_review.json
revenue-forecast,.review-zr407-20260818\company-wiki\docs\OPERATIONS.md,C:\Users\郑曾波\Projects\revenue-forecast\.review-zr407-20260818\company-wiki\docs\OPERATIONS.md,engineering_context,d2d6455bdc168c89aa40feae2e443d57cdc835d9d188196dd488523815846491,d2d6455bdc168c89aa40feae2e443d57cdc835d9d188196dd488523815846491,False,mapped_text_and_delta_reviewed,snapshot_review.json
revenue-forecast,.review-zr407-20260818\company-wiki\docs\SECURITY_REMEDIATION.md,C:\Users\郑曾波\Projects\revenue-forecast\.review-zr407-20260818\company-wiki\docs\SECURITY_REMEDIATION.md,engineering_context,0faf951ebd226e08e409ea89d8dc0aceb892b19664c2a862172c7aef271e3d8a,0faf951ebd226e08e409ea89d8dc0aceb892b19664c2a862172c7aef271e3d8a,False,mapped_text_and_delta_reviewed,snapshot_review.json
revenue-forecast,.review-zr407-20260818\company-wiki\docs\TROUBLESHOOTING.md,C:\Users\郑曾波\Projects\revenue-forecast\.review-zr407-20260818\company-wiki\docs\TROUBLESHOOTING.md,engineering_context,15a10f5041bc989bd4b4fd5fade17a1dca25b9730a850001699dd49dc7c944ff,15a10f5041bc989bd4b4fd5fade17a1dca25b9730a850001699dd49dc7c944ff,False,mapped_text_and_delta_reviewed,snapshot_review.json
revenue-forecast,.review-zr407-20260818\company-wiki\docs\adr\ADR-001-knowledge-compiler.md,C:\Users\郑曾波\Projects\revenue-forecast\.review-zr407-20260818\company-wiki\docs\adr\ADR-001-knowledge-compiler.md,engineering_context,84b3fa8cdc782aa684d5339516c7fbb3f43d4c21d394de1e899b0561f2ad093b,84b3fa8cdc782aa684d5339516c7fbb3f43d4c21d394de1e899b0561f2ad093b,False,mapped_text_and_delta_reviewed,snapshot_review.json
revenue-forecast,.review-zr407-20260818\company-wiki\docs\adr\ADR-002-canonical-ingest-service.md,C:\Users\郑曾波\Projects\revenue-forecast\.review-zr407-20260818\company-wiki\docs\adr\ADR-002-canonical-ingest-service.md,engineering_context,fa68533257fea8db89a23b51486df75e9f699a0e12b4b6a47b1bc6048d576ca3,fa68533257fea8db89a23b51486df75e9f699a0e12b4b6a47b1bc6048d576ca3,False,mapped_text_and_delta_reviewed,snapshot_review.json
revenue-forecast,.review-zr407-20260818\company-wiki\docs\adr\ADR-003-execution-semantics.md,C:\Users\郑曾波\Projects\revenue-forecast\.review-zr407-20260818\company-wiki\docs\adr\ADR-003-execution-semantics.md,engineering_context,160eb2a91b4afa08eb8f92b777395dddfe9d984460d326fdf93615fca63bd802,160eb2a91b4afa08eb8f92b777395dddfe9d984460d326fdf93615fca63bd802,False,mapped_text_and_delta_reviewed,snapshot_review.json
revenue-forecast,.review-zr407-20260818\company-wiki\docs\adr\ADR-004-domain-model.md,C:\Users\郑曾波\Projects\revenue-forecast\.review-zr407-20260818\company-wiki\docs\adr\ADR-004-domain-model.md,engineering_context,4797dcd0be2e6788b32489985958c622e5a3015872db8e312c3fa05f3bea74a1,4797dcd0be2e6788b32489985958c622e5a3015872db8e312c3fa05f3bea74a1,False,mapped_text_and_delta_reviewed,snapshot_review.json
revenue-forecast,.review-zr407-20260818\company-wiki\docs\adr\ADR-005-single-writer.md,C:\Users\郑曾波\Projects\revenue-forecast\.review-zr407-20260818\company-wiki\docs\adr\ADR-005-single-writer.md,engineering_context,64637f6d7a2234803b1bc70fca1fbe774dbd23706fa78c68c56532fdf59f76d2,64637f6d7a2234803b1bc70fca1fbe774dbd23706fa78c68c56532fdf59f76d2,False,mapped_text_and_delta_reviewed,snapshot_review.json
revenue-forecast,.review-zr407-20260818\company-wiki\docs\adr\ADR-006-proposal-evolution.md,C:\Users\郑曾波\Projects\revenue-forecast\.review-zr407-20260818\company-wiki\docs\adr\ADR-006-proposal-evolution.md,engineering_context,c60d7b2b2da264cd6cc6c4d603b7138ed1d4ee5054fd6f32f0b573ae0663d5fd,c60d7b2b2da264cd6cc6c4d603b7138ed1d4ee5054fd6f32f0b573ae0663d5fd,False,mapped_text_and_delta_reviewed,snapshot_review.json
revenue-forecast,.review-zr407-20260818\company-wiki\docs\adr\ADR-007-portfolio-promotion.md,C:\Users\郑曾波\Projects\revenue-forecast\.review-zr407-20260818\company-wiki\docs\adr\ADR-007-portfolio-promotion.md,engineering_context,7b8bba000e5c016536d2bffe6b5fb9a01cf9cc9b41e6e21ebb100133bbb12918,7b8bba000e5c016536d2bffe6b5fb9a01cf9cc9b41e6e21ebb100133bbb12918,False,mapped_text_and_delta_reviewed,snapshot_review.json
revenue-forecast,.review-zr407-20260818\company-wiki\docs\adr\ADR-008-portfolio-auto-promotion.md,C:\Users\郑曾波\Projects\revenue-forecast\.review-zr407-20260818\company-wiki\docs\adr\ADR-008-portfolio-auto-promotion.md,engineering_context,7ef0884c475514fdbdf3d0d6ba829355da89dff1d8e1f270319d939ef78707ef,7ef0884c475514fdbdf3d0d6ba829355da89dff1d8e1f270319d939ef78707ef,False,mapped_text_and_delta_reviewed,snapshot_review.json
revenue-forecast,.review-zr407-20260818\company-wiki\docs\adr\ADR-009-catalog-space-governance.md,C:\Users\郑曾波\Projects\revenue-forecast\.review-zr407-20260818\company-wiki\docs\adr\ADR-009-catalog-space-governance.md,engineering_context,9fcc40e6cbd8237a05eacb5404dbe39cfd98384e35deca86e17d5572ec6f2a7d,9fcc40e6cbd8237a05eacb5404dbe39cfd98384e35deca86e17d5572ec6f2a7d,False,mapped_text_and_delta_reviewed,snapshot_review.json
revenue-forecast,.review-zr407-20260818\company-wiki\docs\adr\ADR-010-fcap-contract-ownership.md,C:\Users\郑曾波\Projects\revenue-forecast\.review-zr407-20260818\company-wiki\docs\adr\ADR-010-fcap-contract-ownership.md,engineering_context,aeb84d1148150460bc5667a676e4ee1a6d4119adff44d2276ad05e68bdfe8c9e,aeb84d1148150460bc5667a676e4ee1a6d4119adff44d2276ad05e68bdfe8c9e,False,mapped_text_and_delta_reviewed,snapshot_review.json
revenue-forecast,.review-zr407-20260818\company-wiki\docs\adr\README.md,C:\Users\郑曾波\Projects\revenue-forecast\.review-zr407-20260818\company-wiki\docs\adr\README.md,engineering_context,b58f2d5e61ee43cf4722243293a0352d3e2594d9d7683fb8b111e8e59efd7272,b58f2d5e61ee43cf4722243293a0352d3e2594d9d7683fb8b111e8e59efd7272,False,mapped_text_and_delta_reviewed,snapshot_review.json
revenue-forecast,.review-zr407-20260818\company-wiki\docs\archive\BUGFIX_REPORT.md,C:\Users\郑曾波\Projects\revenue-forecast\.review-zr407-20260818\company-wiki\docs\archive\BUGFIX_REPORT.md,engineering_context,5102d68f9088b41129072bbce66ee90a3a4b7735d4c4bda68d7ed93bc8dccfa1,5102d68f9088b41129072bbce66ee90a3a4b7735d4c4bda68d7ed93bc8dccfa1,False,mapped_text_and_delta_reviewed,snapshot_review.json
revenue-forecast,.review-zr407-20260818\company-wiki\docs\archive\CODE_REVIEW.md,C:\Users\郑曾波\Projects\revenue-forecast\.review-zr407-20260818\company-wiki\docs\archive\CODE_REVIEW.md,engineering_context,7825f3a5189c5c4d6415d0020d047b1a9bda997856be409ce1ed3cf7eac2f17d,7825f3a5189c5c4d6415d0020d047b1a9bda997856be409ce1ed3cf7eac2f17d,False,mapped_text_and_delta_reviewed,snapshot_review.json
revenue-forecast,.review-zr407-20260818\company-wiki\docs\archive\GAP_FIX_PLAN.md,C:\Users\郑曾波\Projects\revenue-forecast\.review-zr407-20260818\company-wiki\docs\archive\GAP_FIX_PLAN.md,engineering_context,39efffb4f4edfc93c4ee0b4d31243a1eaeffa1fe38aa393151bd3bbc0c0654af,39efffb4f4edfc93c4ee0b4d31243a1eaeffa1fe38aa393151bd3bbc0c0654af,False,mapped_text_and_delta_reviewed,snapshot_review.json
revenue-forecast,.review-zr407-20260818\company-wiki\docs\archive\HARDCODE_FIXES.md,C:\Users\郑曾波\Projects\revenue-forecast\.review-zr407-20260818\company-wiki\docs\archive\HARDCODE_FIXES.md,engineering_context,72bc7768ba43436b19cc8bf5b92cd953e15da769a6d0fe67ec19bfd453ead8d0,72bc7768ba43436b19cc8bf5b92cd953e15da769a6d0fe67ec19bfd453ead8d0,False,mapped_text_and_delta_reviewed,snapshot_review.json
revenue-forecast,.review-zr407-20260818\company-wiki\docs\archive\IMPLEMENTATION_STEPS.md,C:\Users\郑曾波\Projects\revenue-forecast\.review-zr407-20260818\company-wiki\docs\archive\IMPLEMENTATION_STEPS.md,engineering_context,8091b522dff681bead13a4bdae0d71a20da6da0e1915093fb0a72379bd9eb664,8091b522dff681bead13a4bdae0d71a20da6da0e1915093fb0a72379bd9eb664,False,mapped_text_and_delta_reviewed,snapshot_review.json
revenue-forecast,.review-zr407-20260818\company-wiki\docs\archive\IMPROVEMENT_PLAN.md,C:\Users\郑曾波\Projects\revenue-forecast\.review-zr407-20260818\company-wiki\docs\archive\IMPROVEMENT_PLAN.md,engineering_context,54da5bd0c1e08c47275a9c171ecf4d4f8186844e9192e7db849a0e26370aa130,54da5bd0c1e08c47275a9c171ecf4d4f8186844e9192e7db849a0e26370aa130,False,mapped_text_and_delta_reviewed,snapshot_review.json
revenue-forecast,.review-zr407-20260818\company-wiki\docs\archive\KARPATHY_COMPARISON.md,C:\Users\郑曾波\Projects\revenue-forecast\.review-zr407-20260818\company-wiki\docs\archive\KARPATHY_COMPARISON.md,engineering_context,91ae06e59427db33b51a3be33905ea08b65994868501f718c4892ee465a158cc,91ae06e59427db33b51a3be33905ea08b65994868501f718c4892ee465a158cc,False,mapped_text_and_delta_reviewed,snapshot_review.json
revenue-forecast,.review-zr407-20260818\company-wiki\docs\archive\KARPATHY_COMPARISON_V2.md,C:\Users\郑曾波\Projects\revenue-forecast\.review-zr407-20260818\company-wiki\docs\archive\KARPATHY_COMPARISON_V2.md,engineering_context,cca8bf4ad73a8320bd591c6155a04b718b1fc7c061ef1e5bf64583608e9e5524,cca8bf4ad73a8320bd591c6155a04b718b1fc7c061ef1e5bf64583608e9e5524,False,mapped_text_and_delta_reviewed,snapshot_review.json
revenue-forecast,.review-zr407-20260818\company-wiki\docs\archive\KARPATHY_GAPS_PLAN.md,C:\Users\郑曾波\Projects\revenue-forecast\.review-zr407-20260818\company-wiki\docs\archive\KARPATHY_GAPS_PLAN.md,engineering_context,e5492f6c51d974bee5933de5abaebf022e8ee28ff2fb1df69db26b8a588045db,e5492f6c51d974bee5933de5abaebf022e8ee28ff2fb1df69db26b8a588045db,False,mapped_text_and_delta_reviewed,snapshot_review.json
revenue-forecast,.review-zr407-20260818\company-wiki\docs\archive\LLM_INTEGRATION_PLAN.md,C:\Users\郑曾波\Projects\revenue-forecast\.review-zr407-20260818\company-wiki\docs\archive\LLM_INTEGRATION_PLAN.md,engineering_context,ddc4312dfa212928add34062f192ba7e061bfb81ff581da96e4dadcf46007ee6,ddc4312dfa212928add34062f192ba7e061bfb81ff581da96e4dadcf46007ee6,False,mapped_text_and_delta_reviewed,snapshot_review.json
revenue-forecast,.review-zr407-20260818\company-wiki\docs\archive\PHASE1_COMPLETE.md,C:\Users\郑曾波\Projects\revenue-forecast\.review-zr407-20260818\company-wiki\docs\archive\PHASE1_COMPLETE.md,engineering_context,7b7d9b00137c4210937f05754fc71c53515c1c0f9acd5da1f3511e8f5e0d516f,7b7d9b00137c4210937f05754fc71c53515c1c0f9acd5da1f3511e8f5e0d516f,False,mapped_text_and_delta_reviewed,snapshot_review.json
revenue-forecast,.review-zr407-20260818\company-wiki\docs\archive\PHASE2_COMPLETE.md,C:\Users\郑曾波\Projects\revenue-forecast\.review-zr407-20260818\company-wiki\docs\archive\PHASE2_COMPLETE.md,engineering_context,7f95ee96d1e5b8732ed358045e51af27eacf9909b4e100424a177d4ed8188a51,7f95ee96d1e5b8732ed358045e51af27eacf9909b4e100424a177d4ed8188a51,False,mapped_text_and_delta_reviewed,snapshot_review.json
revenue-forecast,.review-zr407-20260818\company-wiki\docs\archive\PLAN.md,C:\Users\郑曾波\Projects\revenue-forecast\.review-zr407-20260818\company-wiki\docs\archive\PLAN.md,engineering_context,0546354f6d75b5fa8be1ec29f4f64463fa7141e20842fe3618d089d5bcb0f369,0546354f6d75b5fa8be1ec29f4f64463fa7141e20842fe3618d089d5bcb0f369,False,mapped_text_and_delta_reviewed,snapshot_review.json
revenue-forecast,.review-zr407-20260818\company-wiki\docs\archive\REFACTORING_PLAN.md,C:\Users\郑曾波\Projects\revenue-forecast\.review-zr407-20260818\company-wiki\docs\archive\REFACTORING_PLAN.md,engineering_context,3c7a390f468b2aa6e95fb098c062eb5af7472fb02296c4aa9f11fcca0a884b39,3c7a390f468b2aa6e95fb098c062eb5af7472fb02296c4aa9f11fcca0a884b39,False,mapped_text_and_delta_reviewed,snapshot_review.json
revenue-forecast,.review-zr407-20260818\company-wiki\docs\archive\TESTING.md,C:\Users\郑曾波\Projects\revenue-forecast\.review-zr407-20260818\company-wiki\docs\archive\TESTING.md,engineering_context,fc1b030d7d1af6274e75289babc7da6335d0b31723f42537d20acd005380dc53,fc1b030d7d1af6274e75289babc7da6335d0b31723f42537d20acd005380dc53,False,mapped_text_and_delta_reviewed,snapshot_review.json
revenue-forecast,.review-zr407-20260818\company-wiki\docs\archive\source_suggestions.md,C:\Users\郑曾波\Projects\revenue-forecast\.review-zr407-20260818\company-wiki\docs\archive\source_suggestions.md,engineering_context,21ecde3ffbcba6770ef00762ddc4324a8ac125bdf66abf43a90fe9b6af61a7f9,21ecde3ffbcba6770ef00762ddc4324a8ac125bdf66abf43a90fe9b6af61a7f9,False,mapped_text_and_delta_reviewed,snapshot_review.json
revenue-forecast,.review-zr407-20260818\company-wiki\docs\contaminated_entries_review.md,C:\Users\郑曾波\Projects\revenue-forecast\.review-zr407-20260818\company-wiki\docs\contaminated_entries_review.md,engineering_context,ee0a3d96abd33b95ab82c1af015c86bd473113c43a4620c64ba95a12c865fcce,ee0a3d96abd33b95ab82c1af015c86bd473113c43a4620c64ba95a12c865fcce,False,mapped_engineering_only_business_body_excluded,snapshot_review.json
revenue-forecast,.review-zr407-20260818\company-wiki\docs\contracts\announcement-collector-v1.md,C:\Users\郑曾波\Projects\revenue-forecast\.review-zr407-20260818\company-wiki\docs\contracts\announcement-collector-v1.md,engineering_context,47db1a17e16b56307159e6d447d2a9c7f188f1bc16db27a7ebd8fdd4a3d64413,47db1a17e16b56307159e6d447d2a9c7f188f1bc16db27a7ebd8fdd4a3d64413,False,mapped_text_and_delta_reviewed,snapshot_review.json
revenue-forecast,.review-zr407-20260818\company-wiki\docs\contracts\evidence-query-v1.md,C:\Users\郑曾波\Projects\revenue-forecast\.review-zr407-20260818\company-wiki\docs\contracts\evidence-query-v1.md,engineering_context,b7b62a1eab371d4cd1e180c76dd30816b1de0904541aa9c1958fb02edf497c73,b7b62a1eab371d4cd1e180c76dd30816b1de0904541aa9c1958fb02edf497c73,False,mapped_text_and_delta_reviewed,snapshot_review.json
revenue-forecast,.review-zr407-20260818\company-wiki\docs\contracts\evidence-span-v1.md,C:\Users\郑曾波\Projects\revenue-forecast\.review-zr407-20260818\company-wiki\docs\contracts\evidence-span-v1.md,engineering_context,e6b0a6f89256e7ed5058c02df977be002694f0c31b7422f9a8f595e36fbfb19e,e6b0a6f89256e7ed5058c02df977be002694f0c31b7422f9a8f595e36fbfb19e,False,mapped_text_and_delta_reviewed,snapshot_review.json
revenue-forecast,.review-zr407-20260818\company-wiki\docs\contracts\extraction-quality-v1.md,C:\Users\郑曾波\Projects\revenue-forecast\.review-zr407-20260818\company-wiki\docs\contracts\extraction-quality-v1.md,engineering_context,e935b60401b5ed5e207f1e774ad242bdc5f50a58a4e39fc2cea93e31fda1cc26,e935b60401b5ed5e207f1e774ad242bdc5f50a58a4e39fc2cea93e31fda1cc26,False,mapped_text_and_delta_reviewed,snapshot_review.json
revenue-forecast,.review-zr407-20260818\company-wiki\docs\contracts\ingest-service-v1.md,C:\Users\郑曾波\Projects\revenue-forecast\.review-zr407-20260818\company-wiki\docs\contracts\ingest-service-v1.md,engineering_context,e515703312b4db087860c2edd9ac26a37b12821c15dfcbe27ba542f3413ad03b,e515703312b4db087860c2edd9ac26a37b12821c15dfcbe27ba542f3413ad03b,False,mapped_text_and_delta_reviewed,snapshot_review.json
revenue-forecast,.review-zr407-20260818\company-wiki\docs\contracts\legacy-caller-reachability-v1.md,C:\Users\郑曾波\Projects\revenue-forecast\.review-zr407-20260818\company-wiki\docs\contracts\legacy-caller-reachability-v1.md,engineering_context,c9f79ad17dffdb50011168c51617af745bd1799ec0d1c223d3fb9318b58ff20e,c9f79ad17dffdb50011168c51617af745bd1799ec0d1c223d3fb9318b58ff20e,False,mapped_text_and_delta_reviewed,snapshot_review.json
revenue-forecast,.review-zr407-20260818\company-wiki\docs\contracts\pdf-extract-v3-adapter-v1.md,C:\Users\郑曾波\Projects\revenue-forecast\.review-zr407-20260818\company-wiki\docs\contracts\pdf-extract-v3-adapter-v1.md,engineering_context,e640656edadae7ce9e5c1e0675c21ea2c1afa8656dfa144417481e71beaedf85,e640656edadae7ce9e5c1e0675c21ea2c1afa8656dfa144417481e71beaedf85,False,mapped_text_and_delta_reviewed,snapshot_review.json
revenue-forecast,.review-zr407-20260818\company-wiki\docs\contracts\pdf-page-aware-parser-v1.md,C:\Users\郑曾波\Projects\revenue-forecast\.review-zr407-20260818\company-wiki\docs\contracts\pdf-page-aware-parser-v1.md,engineering_context,91dff52790d87887d14cbe65166fc2509cab91174d27f72dd4592f9d4d6de44d,91dff52790d87887d14cbe65166fc2509cab91174d27f72dd4592f9d4d6de44d,False,mapped_text_and_delta_reviewed,snapshot_review.json
revenue-forecast,.review-zr407-20260818\company-wiki\docs\contracts\source-contract-compatibility-v1.md,C:\Users\郑曾波\Projects\revenue-forecast\.review-zr407-20260818\company-wiki\docs\contracts\source-contract-compatibility-v1.md,engineering_context,1d9ab72a5fc825096a0bb4370e90e353f59b996d5012b644a23e46ab9fd9b0c1,1d9ab72a5fc825096a0bb4370e90e353f59b996d5012b644a23e46ab9fd9b0c1,False,mapped_text_and_delta_reviewed,snapshot_review.json
revenue-forecast,.review-zr407-20260818\company-wiki\docs\contracts\source-export-v1.md,C:\Users\郑曾波\Projects\revenue-forecast\.review-zr407-20260818\company-wiki\docs\contracts\source-export-v1.md,engineering_context,05fc1e210b22ef3d766ab2fac144ae31a8139a1909098d597ae8667432ef662f,05fc1e210b22ef3d766ab2fac144ae31a8139a1909098d597ae8667432ef662f,False,mapped_text_and_delta_reviewed,snapshot_review.json
revenue-forecast,.review-zr407-20260818\company-wiki\docs\contracts\source-manifest-v1.md,C:\Users\郑曾波\Projects\revenue-forecast\.review-zr407-20260818\company-wiki\docs\contracts\source-manifest-v1.md,engineering_context,41facc09883dd34cdd70af44fa3b771f5dc966bb03ca973988c3c382eee6379d,41facc09883dd34cdd70af44fa3b771f5dc966bb03ca973988c3c382eee6379d,False,mapped_text_and_delta_reviewed,snapshot_review.json
revenue-forecast,.review-zr407-20260818\company-wiki\docs\plans\catalog-space-remediation\findings.md,C:\Users\郑曾波\Projects\revenue-forecast\.review-zr407-20260818\company-wiki\docs\plans\catalog-space-remediation\findings.md,historical_plan_or_evidence,7496c6c47deb1d5555cc2d037341173ecae773fffb6910bbe542d5445f42a4ec,7496c6c47deb1d5555cc2d037341173ecae773fffb6910bbe542d5445f42a4ec,False,mapped_text_and_delta_reviewed,snapshot_review.json
revenue-forecast,.review-zr407-20260818\company-wiki\docs\plans\catalog-space-remediation\granularity-proposal.md,C:\Users\郑曾波\Projects\revenue-forecast\.review-zr407-20260818\company-wiki\docs\plans\catalog-space-remediation\granularity-proposal.md,historical_plan_or_evidence,4455fef5185b823a3d26352a2043c67157c6d97407aa96c78bb33a5b7aebfe5e,4455fef5185b823a3d26352a2043c67157c6d97407aa96c78bb33a5b7aebfe5e,False,mapped_text_and_delta_reviewed,snapshot_review.json
revenue-forecast,.review-zr407-20260818\company-wiki\docs\plans\catalog-space-remediation\progress.md,C:\Users\郑曾波\Projects\revenue-forecast\.review-zr407-20260818\company-wiki\docs\plans\catalog-space-remediation\progress.md,historical_plan_or_evidence,22dddc0b7838658dee7ed7addd73cddfde31db0b01f261a6a35e3d20b5ebeb8c,22dddc0b7838658dee7ed7addd73cddfde31db0b01f261a6a35e3d20b5ebeb8c,False,mapped_text_and_delta_reviewed,snapshot_review.json
revenue-forecast,.review-zr407-20260818\company-wiki\docs\plans\catalog-space-remediation\task_plan.md,C:\Users\郑曾波\Projects\revenue-forecast\.review-zr407-20260818\company-wiki\docs\plans\catalog-space-remediation\task_plan.md,historical_plan_or_evidence,ec6268929a18f732093269834619b587af079bd51c313320932729f9c6faf8c8,ec6268929a18f732093269834619b587af079bd51c313320932729f9c6faf8c8,False,mapped_text_and_delta_reviewed,snapshot_review.json
revenue-forecast,.review-zr407-20260818\company-wiki\docs\plans\core-section-extraction\findings.md,C:\Users\郑曾波\Projects\revenue-forecast\.review-zr407-20260818\company-wiki\docs\plans\core-section-extraction\findings.md,historical_plan_or_evidence,5be80b582eceb3fffa36fd9b86e139c1fd06b6a2ef4a66271a05a427186c3248,5be80b582eceb3fffa36fd9b86e139c1fd06b6a2ef4a66271a05a427186c3248,False,mapped_text_and_delta_reviewed,snapshot_review.json
revenue-forecast,.review-zr407-20260818\company-wiki\docs\plans\core-section-extraction\progress.md,C:\Users\郑曾波\Projects\revenue-forecast\.review-zr407-20260818\company-wiki\docs\plans\core-section-extraction\progress.md,historical_plan_or_evidence,96cbf09a31a31fadea41bdcc89386801b38d37ecafb61190e628a75de3fa1a84,96cbf09a31a31fadea41bdcc89386801b38d37ecafb61190e628a75de3fa1a84,False,mapped_text_and_delta_reviewed,snapshot_review.json
revenue-forecast,.review-zr407-20260818\company-wiki\docs\plans\core-section-extraction\task_plan.md,C:\Users\郑曾波\Projects\revenue-forecast\.review-zr407-20260818\company-wiki\docs\plans\core-section-extraction\task_plan.md,historical_plan_or_evidence,3f46ab184c20d7354946aa6b151ef80711d2bb8aa0da772f5fa99756efe44796,3f46ab184c20d7354946aa6b151ef80711d2bb8aa0da772f5fa99756efe44796,False,mapped_text_and_delta_reviewed,snapshot_review.json
revenue-forecast,.review-zr407-20260818\company-wiki\docs\plans\portfolio-reuse-automatic\findings.md,C:\Users\郑曾波\Projects\revenue-forecast\.review-zr407-20260818\company-wiki\docs\plans\portfolio-reuse-automatic\findings.md,historical_plan_or_evidence,ca39586613990b556a43cdb35dca61aaf555b4a8d7dc99460b4bdda6c0de63ac,ca39586613990b556a43cdb35dca61aaf555b4a8d7dc99460b4bdda6c0de63ac,False,mapped_text_and_delta_reviewed,snapshot_review.json
revenue-forecast,.review-zr407-20260818\company-wiki\docs\plans\portfolio-reuse-automatic\progress.md,C:\Users\郑曾波\Projects\revenue-forecast\.review-zr407-20260818\company-wiki\docs\plans\portfolio-reuse-automatic\progress.md,historical_plan_or_evidence,71cfb019207a41cf163089e8b804edbebfb77576e4d6a55d18def32a102c3188,71cfb019207a41cf163089e8b804edbebfb77576e4d6a55d18def32a102c3188,False,mapped_text_and_delta_reviewed,snapshot_review.json
revenue-forecast,.review-zr407-20260818\company-wiki\docs\plans\portfolio-reuse-automatic\task_plan.md,C:\Users\郑曾波\Projects\revenue-forecast\.review-zr407-20260818\company-wiki\docs\plans\portfolio-reuse-automatic\task_plan.md,historical_plan_or_evidence,63e98a68b0e4bcea41b947f2ea43a1d5d0a899a4c1cdf6c09bb42e4c241f776b,63e98a68b0e4bcea41b947f2ea43a1d5d0a899a4c1cdf6c09bb42e4c241f776b,False,mapped_text_and_delta_reviewed,snapshot_review.json
revenue-forecast,.review-zr407-20260818\company-wiki\docs\plans\portfolio-reuse-fix\findings.md,C:\Users\郑曾波\Projects\revenue-forecast\.review-zr407-20260818\company-wiki\docs\plans\portfolio-reuse-fix\findings.md,historical_plan_or_evidence,72da25d3f340fd8024580fc8c341caf6841582ab06388d2d4537c4531b1f90d9,72da25d3f340fd8024580fc8c341caf6841582ab06388d2d4537c4531b1f90d9,False,mapped_text_and_delta_reviewed,snapshot_review.json
revenue-forecast,.review-zr407-20260818\company-wiki\docs\plans\portfolio-reuse-fix\progress.md,C:\Users\郑曾波\Projects\revenue-forecast\.review-zr407-20260818\company-wiki\docs\plans\portfolio-reuse-fix\progress.md,historical_plan_or_evidence,0b942febe2704589044a4b4a32e21269adc47c868d3147308a100031c4bd16b4,0b942febe2704589044a4b4a32e21269adc47c868d3147308a100031c4bd16b4,False,mapped_text_and_delta_reviewed,snapshot_review.json
revenue-forecast,.review-zr407-20260818\company-wiki\docs\plans\portfolio-reuse-fix\task_plan.md,C:\Users\郑曾波\Projects\revenue-forecast\.review-zr407-20260818\company-wiki\docs\plans\portfolio-reuse-fix\task_plan.md,historical_plan_or_evidence,8b5a32307e689ae2fccdcc58ee92072245eee0f15bd82a9fea78fd10b5e6d5d7,8b5a32307e689ae2fccdcc58ee92072245eee0f15bd82a9fea78fd10b5e6d5d7,False,mapped_text_and_delta_reviewed,snapshot_review.json
revenue-forecast,.review-zr407-20260818\company-wiki\docs\quality_report_final.md,C:\Users\郑曾波\Projects\revenue-forecast\.review-zr407-20260818\company-wiki\docs\quality_report_final.md,engineering_context,5b6a700a0bbdba3e6bcaa652cea6e69972aba34054909829037253e1e467dafe,5b6a700a0bbdba3e6bcaa652cea6e69972aba34054909829037253e1e467dafe,False,mapped_text_and_delta_reviewed,snapshot_review.json
revenue-forecast,.review-zr407-20260818\company-wiki\docs\source-acquisition-dedup-design.md,C:\Users\郑曾波\Projects\revenue-forecast\.review-zr407-20260818\company-wiki\docs\source-acquisition-dedup-design.md,engineering_context,6591e47ade40e8584e7dbe768e0eff0a2684a98d27032fa436a267b6dcc951ee,6591e47ade40e8584e7dbe768e0eff0a2684a98d27032fa436a267b6dcc951ee,False,mapped_text_and_delta_reviewed,snapshot_review.json
revenue-forecast,.review-zr407-20260818\company-wiki\docs\source-catalog.md,C:\Users\郑曾波\Projects\revenue-forecast\.review-zr407-20260818\company-wiki\docs\source-catalog.md,engineering_context,7084721c2dac6871c215b90dafd4ec42a6a347a53ecd9b70711fd7e1f3012cc3,7084721c2dac6871c215b90dafd4ec42a6a347a53ecd9b70711fd7e1f3012cc3,False,mapped_text_and_delta_reviewed,snapshot_review.json
revenue-forecast,.review-zr407-20260818\company-wiki\docs\使用说明书.md,C:\Users\郑曾波\Projects\revenue-forecast\.review-zr407-20260818\company-wiki\docs\使用说明书.md,engineering_context,f085e994c3bff33cd9e5dac168746a8e65ad2c9797135e948392f01ac1a4dfcc,f085e994c3bff33cd9e5dac168746a8e65ad2c9797135e948392f01ac1a4dfcc,False,mapped_text_and_delta_reviewed,snapshot_review.json
revenue-forecast,.review-zr407-20260818\company-wiki\docs\可视化使用指南.md,C:\Users\郑曾波\Projects\revenue-forecast\.review-zr407-20260818\company-wiki\docs\可视化使用指南.md,engineering_context,3c317e5affbd74cb1e897ed94452ecd14d4a8bfdb3612053bd919c42979f369a,3c317e5affbd74cb1e897ed94452ecd14d4a8bfdb3612053bd919c42979f369a,False,mapped_text_and_delta_reviewed,snapshot_review.json
revenue-forecast,.review-zr407-20260818\company-wiki\docs\知识库全面审查与系统性改进计划.md,C:\Users\郑曾波\Projects\revenue-forecast\.review-zr407-20260818\company-wiki\docs\知识库全面审查与系统性改进计划.md,engineering_context,9f24779bbe9afa46923a392ef4fcf6f80a52a970fb29619f34ac80439ed685fa,9f24779bbe9afa46923a392ef4fcf6f80a52a970fb29619f34ac80439ed685fa,False,mapped_text_and_delta_reviewed,snapshot_review.json
revenue-forecast,.review-zr407-20260818\company-wiki\docs\系统审查与改进计划.md,C:\Users\郑曾波\Projects\revenue-forecast\.review-zr407-20260818\company-wiki\docs\系统审查与改进计划.md,engineering_context,db8f2bef3ae06e3957684b5cb92f3d80748a256318d2585c18a1445d10e8da45,db8f2bef3ae06e3957684b5cb92f3d80748a256318d2585c18a1445d10e8da45,False,mapped_text_and_delta_reviewed,snapshot_review.json
revenue-forecast,.review-zr407-20260818\company-wiki\findings.md,C:\Users\郑曾波\Projects\revenue-forecast\.review-zr407-20260818\company-wiki\findings.md,historical_plan_or_evidence,bb966738ca20ea01d959d8346635fb331ae0421f2b430e1d97e502c0f4953fe0,bb966738ca20ea01d959d8346635fb331ae0421f2b430e1d97e502c0f4953fe0,False,mapped_text_and_delta_reviewed,snapshot_review.json
revenue-forecast,.review-zr407-20260818\company-wiki\progress.md,C:\Users\郑曾波\Projects\revenue-forecast\.review-zr407-20260818\company-wiki\progress.md,historical_plan_or_evidence,57212d3a070210104e19d41bc5e2851557804fd3dc183fe13d23dec6ddd605ce,57212d3a070210104e19d41bc5e2851557804fd3dc183fe13d23dec6ddd605ce,False,mapped_text_and_delta_reviewed,snapshot_review.json
revenue-forecast,.review-zr407-20260818\company-wiki\review_plan.md,C:\Users\郑曾波\Projects\revenue-forecast\.review-zr407-20260818\company-wiki\review_plan.md,engineering_context,483f34a5892e8c85901d4b666b58c6d409aa46c686a7810c4994e2d9dcd7a98e,483f34a5892e8c85901d4b666b58c6d409aa46c686a7810c4994e2d9dcd7a98e,False,mapped_text_and_delta_reviewed,snapshot_review.json
revenue-forecast,.review-zr407-20260818\company-wiki\review_queue.md,C:\Users\郑曾波\Projects\revenue-forecast\.review-zr407-20260818\company-wiki\review_queue.md,engineering_context,401c431b0b0a222316de89bfef4e91b2e1f2c949d73ab08596be36a2e0ece240,401c431b0b0a222316de89bfef4e91b2e1f2c949d73ab08596be36a2e0ece240,False,mapped_text_and_delta_reviewed,snapshot_review.json
revenue-forecast,.review-zr407-20260818\company-wiki\task_plan.md,C:\Users\郑曾波\Projects\revenue-forecast\.review-zr407-20260818\company-wiki\task_plan.md,historical_plan_or_evidence,760422ea5b6d6d40527dba588b6950fa7ca9a9deb7514d695caf51e51b7edddc,760422ea5b6d6d40527dba588b6950fa7ca9a9deb7514d695caf51e51b7edddc,False,mapped_text_and_delta_reviewed,snapshot_review.json
revenue-forecast,.review-zr407-20260818\company-wiki\task_plan_cw_recovery_20260725.md,C:\Users\郑曾波\Projects\revenue-forecast\.review-zr407-20260818\company-wiki\task_plan_cw_recovery_20260725.md,historical_plan_or_evidence,d74e3a27db1c2d82247dee6f5a8f23e7e138bc74a8b7406e9daf440e39ea6bd9,d74e3a27db1c2d82247dee6f5a8f23e7e138bc74a8b7406e9daf440e39ea6bd9,False,mapped_text_and_delta_reviewed,snapshot_review.json
revenue-forecast,.review-zr407-20260818\company-wiki\task_plan_v2.md,C:\Users\郑曾波\Projects\revenue-forecast\.review-zr407-20260818\company-wiki\task_plan_v2.md,historical_plan_or_evidence,d9d773e0c96982f63960ac8eb96ec451e67d69c159ec894e89ff096a5caea53a,d9d773e0c96982f63960ac8eb96ec451e67d69c159ec894e89ff096a5caea53a,False,mapped_text_and_delta_reviewed,snapshot_review.json
revenue-forecast,.review-zr407-20260818\company-wiki\verification_CW-2.24_plan.md,C:\Users\郑曾波\Projects\revenue-forecast\.review-zr407-20260818\company-wiki\verification_CW-2.24_plan.md,engineering_context,083a7c8a19050e7a22a017fd8ca013079630c159e6d0305c58ab155fca128b12,083a7c8a19050e7a22a017fd8ca013079630c159e6d0305c58ab155fca128b12,False,mapped_text_and_delta_reviewed,snapshot_review.json
revenue-forecast,.review-zr407-20260818\company-wiki\web\docs\index.md,C:\Users\郑曾波\Projects\revenue-forecast\.review-zr407-20260818\company-wiki\web\docs\index.md,engineering_context,c328b204d352d63417abdbce176cfa4a1eb4dad9bc5db0894f337788b2ada8be,c328b204d352d63417abdbce176cfa4a1eb4dad9bc5db0894f337788b2ada8be,False,mapped_text_and_delta_reviewed,snapshot_review.json
revenue-forecast,.review-zr407-20260818\company-wiki\web\docs\tags.md,C:\Users\郑曾波\Projects\revenue-forecast\.review-zr407-20260818\company-wiki\web\docs\tags.md,engineering_context,0a4961edf2e1a4c61aca113d6b1d490962021652cde641be1f208ee80b0ca333,0a4961edf2e1a4c61aca113d6b1d490962021652cde641be1f208ee80b0ca333,False,mapped_text_and_delta_reviewed,snapshot_review.json
revenue-forecast,.review-zr407-20260818\company-wiki\web\docs\产业链导航.md,C:\Users\郑曾波\Projects\revenue-forecast\.review-zr407-20260818\company-wiki\web\docs\产业链导航.md,engineering_context,8a53f7f63b00245dda8f0cb46e29de2cbac2a550edcaafec777dd04455c470a2,8a53f7f63b00245dda8f0cb46e29de2cbac2a550edcaafec777dd04455c470a2,False,mapped_text_and_delta_reviewed,snapshot_review.json
revenue-forecast,.review-zr407-20260818\company-wiki\web\docs\图谱.md,C:\Users\郑曾波\Projects\revenue-forecast\.review-zr407-20260818\company-wiki\web\docs\图谱.md,engineering_context,291eb25e5be7424775c68a935b0352f722d2d1a52ca66049da70f627577620e2,291eb25e5be7424775c68a935b0352f722d2d1a52ca66049da70f627577620e2,False,mapped_text_and_delta_reviewed,snapshot_review.json
revenue-forecast,.review-zr407-20260818\filing-fetch\assurance\fc\FC-903\03_change_contract.md,C:\Users\郑曾波\Projects\revenue-forecast\.review-zr407-20260818\filing-fetch\assurance\fc\FC-903\03_change_contract.md,historical_plan_or_evidence,c18ffc626652bef8a799a77ca425b69a4af14293afedb751fe923f517ff3e09a,c18ffc626652bef8a799a77ca425b69a4af14293afedb751fe923f517ff3e09a,False,mapped_text_and_delta_reviewed,snapshot_review.json
revenue-forecast,.review-zr407-20260818\filing-fetch\assurance\fc\FC-903\REVIEWER_REPORT.md,C:\Users\郑曾波\Projects\revenue-forecast\.review-zr407-20260818\filing-fetch\assurance\fc\FC-903\REVIEWER_REPORT.md,historical_plan_or_evidence,6d2dfe9caa6ff86e4b0cbd067a47f996dbee90bae9dd3baecef9192c7ea14bcc,6d2dfe9caa6ff86e4b0cbd067a47f996dbee90bae9dd3baecef9192c7ea14bcc,False,mapped_text_and_delta_reviewed,snapshot_review.json
revenue-forecast,.review-zr407-20260818\filing-fetch\findings.md,C:\Users\郑曾波\Projects\revenue-forecast\.review-zr407-20260818\filing-fetch\findings.md,historical_plan_or_evidence,f0448d98914791396e4e3f9389fe680117d102ed75fc0c907117775de3f381c7,f0448d98914791396e4e3f9389fe680117d102ed75fc0c907117775de3f381c7,False,mapped_text_and_delta_reviewed,snapshot_review.json
revenue-forecast,.review-zr407-20260818\filing-fetch\progress.md,C:\Users\郑曾波\Projects\revenue-forecast\.review-zr407-20260818\filing-fetch\progress.md,historical_plan_or_evidence,e6d4c0fa6f39b436fe4592fc9ae943f6fe1bb03d71c9879d32b9694c8d0cc794,e6d4c0fa6f39b436fe4592fc9ae943f6fe1bb03d71c9879d32b9694c8d0cc794,False,mapped_text_and_delta_reviewed,snapshot_review.json
revenue-forecast,.review-zr407-20260818\filing-fetch\task_plan.md,C:\Users\郑曾波\Projects\revenue-forecast\.review-zr407-20260818\filing-fetch\task_plan.md,historical_plan_or_evidence,0d29452185825a6f54b00457256f2bedd51ee2582ba336133c97396f09523cd6,0d29452185825a6f54b00457256f2bedd51ee2582ba336133c97396f09523cd6,False,mapped_text_and_delta_reviewed,snapshot_review.json
revenue-forecast,AUDIT_REPORT.md,C:\Users\郑曾波\Projects\revenue-forecast\AUDIT_REPORT.md,engineering_context,f3a0082a3d9c17e50d7d3ff8e31926e40639d08e88c6dd26e600e9f3777e6f05,f3a0082a3d9c17e50d7d3ff8e31926e40639d08e88c6dd26e600e9f3777e6f05,False,semantic_reviewed,reviews\revenue\source_read_manifest.json
revenue-forecast,CHANGELOG.md,C:\Users\郑曾波\Projects\revenue-forecast\CHANGELOG.md,engineering_context,bcba3dd50278b677ef0af63725a5d635763a40bd9f92089dfc37ff17529c0a8e,bcba3dd50278b677ef0af63725a5d635763a40bd9f92089dfc37ff17529c0a8e,False,semantic_reviewed,reviews\revenue\source_read_manifest.json
revenue-forecast,FILING_FETCH_AUDIT.md,C:\Users\郑曾波\Projects\revenue-forecast\FILING_FETCH_AUDIT.md,engineering_context,8d87bd593ae6ca612b29540641129eb3d4a555f7b4829cbbc256599c90be8905,8d87bd593ae6ca612b29540641129eb3d4a555f7b4829cbbc256599c90be8905,False,semantic_reviewed,reviews\revenue\source_read_manifest.json
revenue-forecast,IMPLEMENTATION_PLAN.md,C:\Users\郑曾波\Projects\revenue-forecast\IMPLEMENTATION_PLAN.md,engineering_context,91d22c60025027f2731fb65c01b5847095e3b348a2a5ba742acd6f9f134815e8,91d22c60025027f2731fb65c01b5847095e3b348a2a5ba742acd6f9f134815e8,False,semantic_reviewed,reviews\revenue\source_read_manifest.json
revenue-forecast,PLANNING_STATUS.md,C:\Users\郑曾波\Projects\revenue-forecast\PLANNING_STATUS.md,historical_plan_or_evidence,7f6f7d60ccfeda10ca3e58ecd2095f3965e167ed7b845535433cc93a84383e95,7f6f7d60ccfeda10ca3e58ecd2095f3965e167ed7b845535433cc93a84383e95,False,semantic_reviewed,reviews\revenue\source_read_manifest.json
revenue-forecast,SKILL.md,C:\Users\郑曾波\Projects\revenue-forecast\SKILL.md,engineering_context,45e4e343eba4f6e766cdb163d21c35a7f7beeb603d3c8b237339de440dc47806,45e4e343eba4f6e766cdb163d21c35a7f7beeb603d3c8b237339de440dc47806,False,semantic_reviewed,reviews\revenue\source_read_manifest.json
revenue-forecast,assurance\backup\README.md,C:\Users\郑曾波\Projects\revenue-forecast\assurance\backup\README.md,historical_plan_or_evidence,443f4e5f2537c4608360cef27bab8f2dd0a1ec397cd76599c25342ebbfdc7b58,443f4e5f2537c4608360cef27bab8f2dd0a1ec397cd76599c25342ebbfdc7b58,False,semantic_reviewed,reviews\revenue\source_read_manifest.json
revenue-forecast,assurance\fc\FC-1001\00_wu_card.md,C:\Users\郑曾波\Projects\revenue-forecast\assurance\fc\FC-1001\00_wu_card.md,historical_plan_or_evidence,4c666b660f975f02ec119be343e2d043eaa592e7f597a5bacd53cbecd6831e16,4c666b660f975f02ec119be343e2d043eaa592e7f597a5bacd53cbecd6831e16,False,semantic_reviewed,reviews\revenue\source_read_manifest.json
revenue-forecast,assurance\fc\FC-1003\00_wu_card.md,C:\Users\郑曾波\Projects\revenue-forecast\assurance\fc\FC-1003\00_wu_card.md,historical_plan_or_evidence,a255a0a62279af459db1c31de9ef1a0036a0b71f291b1480f0a2b682224406a5,a255a0a62279af459db1c31de9ef1a0036a0b71f291b1480f0a2b682224406a5,False,semantic_reviewed,reviews\revenue\source_read_manifest.json
revenue-forecast,assurance\fc\FC-1005\critical_mutation_evidence.md,C:\Users\郑曾波\Projects\revenue-forecast\assurance\fc\FC-1005\critical_mutation_evidence.md,historical_plan_or_evidence,0adfbc0beed90f1119e9416fdc328652e3022a323e16c8a847039e6cd4d49d62,0adfbc0beed90f1119e9416fdc328652e3022a323e16c8a847039e6cd4d49d62,False,semantic_reviewed,reviews\revenue\source_read_manifest.json
revenue-forecast,assurance\fc\FC-1202\00_wu_card.md,C:\Users\郑曾波\Projects\revenue-forecast\assurance\fc\FC-1202\00_wu_card.md,historical_plan_or_evidence,d57a980945d1e8aee44b7607ebd6b691d7eef2c02a859ce412ff0b6fcbcd9a32,d57a980945d1e8aee44b7607ebd6b691d7eef2c02a859ce412ff0b6fcbcd9a32,False,semantic_reviewed,reviews\revenue\source_read_manifest.json
revenue-forecast,assurance\fc\FC-1202\REVIEWER_REPORT.md,C:\Users\郑曾波\Projects\revenue-forecast\assurance\fc\FC-1202\REVIEWER_REPORT.md,historical_plan_or_evidence,67cd6f3c42e794813864309ae81bec6bea556a0a61783dcf868cb8f3edb140ae,67cd6f3c42e794813864309ae81bec6bea556a0a61783dcf868cb8f3edb140ae,False,semantic_reviewed,reviews\revenue\source_read_manifest.json
revenue-forecast,assurance\fc\FC-1203\00_wu_card.md,C:\Users\郑曾波\Projects\revenue-forecast\assurance\fc\FC-1203\00_wu_card.md,historical_plan_or_evidence,ccd08cbd3c87ca336375ff52ad2232972f9ebf9766ad3f1412689d8180647f1b,ccd08cbd3c87ca336375ff52ad2232972f9ebf9766ad3f1412689d8180647f1b,False,semantic_reviewed,reviews\revenue\source_read_manifest.json
revenue-forecast,assurance\fc\FC-1204\00_wu_card.md,C:\Users\郑曾波\Projects\revenue-forecast\assurance\fc\FC-1204\00_wu_card.md,historical_plan_or_evidence,53d9e8c9c292f6506c087c9beae3be4210ff1512d6ee387c792a114f2aa7c11d,53d9e8c9c292f6506c087c9beae3be4210ff1512d6ee387c792a114f2aa7c11d,False,semantic_reviewed,reviews\revenue\source_read_manifest.json
revenue-forecast,assurance\fc\FC-1204\REVIEWER_REPORT.md,C:\Users\郑曾波\Projects\revenue-forecast\assurance\fc\FC-1204\REVIEWER_REPORT.md,historical_plan_or_evidence,06a147e9d78ec0ecaa3dd7b037f94c00090ccdb5c9292910f87e7e1fb77cf74b,06a147e9d78ec0ecaa3dd7b037f94c00090ccdb5c9292910f87e7e1fb77cf74b,False,semantic_reviewed,reviews\revenue\source_read_manifest.json
revenue-forecast,assurance\fc\FC-1205\00_wu_card.md,C:\Users\郑曾波\Projects\revenue-forecast\assurance\fc\FC-1205\00_wu_card.md,historical_plan_or_evidence,d6d53da9b29be038a331a809bf15caac47114eb70a413ce1225d34ebb8563aaf,d6d53da9b29be038a331a809bf15caac47114eb70a413ce1225d34ebb8563aaf,False,semantic_reviewed,reviews\revenue\source_read_manifest.json
revenue-forecast,assurance\fc\FC-1205\REVIEWER_REPORT.md,C:\Users\郑曾波\Projects\revenue-forecast\assurance\fc\FC-1205\REVIEWER_REPORT.md,historical_plan_or_evidence,71b94e921c65e115e4f2eeb800c2ef4face9e5666a8cd122904a3ac654ba80e3,71b94e921c65e115e4f2eeb800c2ef4face9e5666a8cd122904a3ac654ba80e3,False,semantic_reviewed,reviews\revenue\source_read_manifest.json
revenue-forecast,assurance\fc\FC-904\03_change_contract.md,C:\Users\郑曾波\Projects\revenue-forecast\assurance\fc\FC-904\03_change_contract.md,historical_plan_or_evidence,6e45fe704a84f82088e32fe160498d2f091904a9e746f5405935da0f9a400e11,6e45fe704a84f82088e32fe160498d2f091904a9e746f5405935da0f9a400e11,False,semantic_reviewed,reviews\revenue\source_read_manifest.json
revenue-forecast,assurance\fc\FC-904\REVIEWER_REPORT.md,C:\Users\郑曾波\Projects\revenue-forecast\assurance\fc\FC-904\REVIEWER_REPORT.md,historical_plan_or_evidence,59c20e28abe32e5423ef327b14973a308120ff65eb8a138efd45af4024196d40,59c20e28abe32e5423ef327b14973a308120ff65eb8a138efd45af4024196d40,False,semantic_reviewed,reviews\revenue\source_read_manifest.json
revenue-forecast,assurance\fc\Phase-13\00_wu_card.md,C:\Users\郑曾波\Projects\revenue-forecast\assurance\fc\Phase-13\00_wu_card.md,historical_plan_or_evidence,0a1cc1c74be04f52f91accac700a746473733221f250db178986bf40a452c0de,0a1cc1c74be04f52f91accac700a746473733221f250db178986bf40a452c0de,False,semantic_reviewed,reviews\revenue\source_read_manifest.json
revenue-forecast,assurance\fc\Phase-13\REVIEWER_REPORT.md,C:\Users\郑曾波\Projects\revenue-forecast\assurance\fc\Phase-13\REVIEWER_REPORT.md,historical_plan_or_evidence,aec4c4617e9c07df610f79598f84ea9835e9059adae101ea93c301f0c5c1b03f,aec4c4617e9c07df610f79598f84ea9835e9059adae101ea93c301f0c5c1b03f,False,semantic_reviewed,reviews\revenue\source_read_manifest.json
revenue-forecast,assurance\fc\Phase-14\00_wave_ledger.md,C:\Users\郑曾波\Projects\revenue-forecast\assurance\fc\Phase-14\00_wave_ledger.md,historical_plan_or_evidence,075cf2f81b46c950ab2109c1e8bb7184a55020f21a1657364605ff2aaea75bb6,075cf2f81b46c950ab2109c1e8bb7184a55020f21a1657364605ff2aaea75bb6,False,semantic_reviewed,reviews\revenue\source_read_manifest.json
revenue-forecast,assurance\fc\Phase-14\01_r9_packet.md,C:\Users\郑曾波\Projects\revenue-forecast\assurance\fc\Phase-14\01_r9_packet.md,historical_plan_or_evidence,753698c97ee119d9bb0fc1836328a47d1b20f0420bdf97a2dd581251a45c46a5,753698c97ee119d9bb0fc1836328a47d1b20f0420bdf97a2dd581251a45c46a5,False,semantic_reviewed,reviews\revenue\source_read_manifest.json
revenue-forecast,assurance\runs\2026-09-02_remaining-gap-closure\ci_root_fix.md,C:\Users\郑曾波\Projects\revenue-forecast\assurance\runs\2026-09-02_remaining-gap-closure\ci_root_fix.md,historical_plan_or_evidence,2c6d2368a146884a9a4b689c38a0eacdc8efae091ba4561b006a0d940ab784a6,2c6d2368a146884a9a4b689c38a0eacdc8efae091ba4561b006a0d940ab784a6,False,semantic_reviewed,reviews\revenue\source_read_manifest.json
revenue-forecast,assurance\runs\2026-09-02_remaining-gap-closure\findings.md,C:\Users\郑曾波\Projects\revenue-forecast\assurance\runs\2026-09-02_remaining-gap-closure\findings.md,historical_plan_or_evidence,c6bc1af579f837a6e165fcd65caa4a5b5c15d45a346728dda9b28773706ad2cc,c6bc1af579f837a6e165fcd65caa4a5b5c15d45a346728dda9b28773706ad2cc,False,semantic_reviewed,reviews\revenue\source_read_manifest.json
revenue-forecast,assurance\runs\2026-09-02_remaining-gap-closure\gp008_009_deployment_guide.md,C:\Users\郑曾波\Projects\revenue-forecast\assurance\runs\2026-09-02_remaining-gap-closure\gp008_009_deployment_guide.md,historical_plan_or_evidence,421741ea81d87b7fd5c35e0d07b079321e1cf6c557aefeefd62bf9bb54cea043,421741ea81d87b7fd5c35e0d07b079321e1cf6c557aefeefd62bf9bb54cea043,False,semantic_reviewed,reviews\revenue\source_read_manifest.json
revenue-forecast,assurance\runs\2026-09-02_remaining-gap-closure\gp010_cohort_cutover_request.md,C:\Users\郑曾波\Projects\revenue-forecast\assurance\runs\2026-09-02_remaining-gap-closure\gp010_cohort_cutover_request.md,historical_plan_or_evidence,7b9fc5daee8e1355541559402a691c880ae747c1551b8772a0c582adc303df68,7b9fc5daee8e1355541559402a691c880ae747c1551b8772a0c582adc303df68,False,semantic_reviewed,reviews\revenue\source_read_manifest.json
revenue-forecast,assurance\runs\2026-09-02_remaining-gap-closure\gp_tail_closure_2026-09-08.md,C:\Users\郑曾波\Projects\revenue-forecast\assurance\runs\2026-09-02_remaining-gap-closure\gp_tail_closure_2026-09-08.md,historical_plan_or_evidence,3cbf21ebef7b396ae3e7ab4ccb9c215043fba5dc7f200d946e9efdb0eb857e1c,3cbf21ebef7b396ae3e7ab4ccb9c215043fba5dc7f200d946e9efdb0eb857e1c,False,semantic_reviewed,reviews\revenue\source_read_manifest.json
revenue-forecast,assurance\runs\2026-09-02_remaining-gap-closure\n1_r9_removal_request.md,C:\Users\郑曾波\Projects\revenue-forecast\assurance\runs\2026-09-02_remaining-gap-closure\n1_r9_removal_request.md,historical_plan_or_evidence,5d25cd4b454f78349591cb954d8a097b4def6ad34081712615d37cac86125d60,5d25cd4b454f78349591cb954d8a097b4def6ad34081712615d37cac86125d60,False,semantic_reviewed,reviews\revenue\source_read_manifest.json
revenue-forecast,assurance\runs\2026-09-02_remaining-gap-closure\progress.md,C:\Users\郑曾波\Projects\revenue-forecast\assurance\runs\2026-09-02_remaining-gap-closure\progress.md,historical_plan_or_evidence,c1460ff67d47d39b9e550ab4136fe0ecfd9f5a2093a96dde9687f58b463a32df,c1460ff67d47d39b9e550ab4136fe0ecfd9f5a2093a96dde9687f58b463a32df,False,semantic_reviewed,reviews\revenue\source_read_manifest.json
revenue-forecast,assurance\runs\2026-09-02_remaining-gap-closure\r9_batch3_checklist.md,C:\Users\郑曾波\Projects\revenue-forecast\assurance\runs\2026-09-02_remaining-gap-closure\r9_batch3_checklist.md,historical_plan_or_evidence,7d2760b089c8aa3ae7dc40efd02e42d6f56089fd5b0007ae8c5616f430e49926,7d2760b089c8aa3ae7dc40efd02e42d6f56089fd5b0007ae8c5616f430e49926,False,semantic_reviewed,reviews\revenue\source_read_manifest.json
revenue-forecast,assurance\runs\2026-09-02_remaining-gap-closure\r9_batch3_prerequisites.md,C:\Users\郑曾波\Projects\revenue-forecast\assurance\runs\2026-09-02_remaining-gap-closure\r9_batch3_prerequisites.md,historical_plan_or_evidence,90bee11145eb56b12cec17a9dcde6f044edcc3755b05e5413bbd96cb3ff47430,90bee11145eb56b12cec17a9dcde6f044edcc3755b05e5413bbd96cb3ff47430,False,semantic_reviewed,reviews\revenue\source_read_manifest.json
revenue-forecast,assurance\runs\2026-09-02_remaining-gap-closure\task_plan.md,C:\Users\郑曾波\Projects\revenue-forecast\assurance\runs\2026-09-02_remaining-gap-closure\task_plan.md,historical_plan_or_evidence,5b5ee7e9d349ea617b6e34ca68cd4d3f833effddacadeaff89c945c6c2dbf003,5b5ee7e9d349ea617b6e34ca68cd4d3f833effddacadeaff89c945c6c2dbf003,False,semantic_reviewed,reviews\revenue\source_read_manifest.json
revenue-forecast,assurance\runs\2026-09-11_r4-phase-a\a05-corpus-sample-plan.md,C:\Users\郑曾波\Projects\revenue-forecast\assurance\runs\2026-09-11_r4-phase-a\a05-corpus-sample-plan.md,historical_plan_or_evidence,9f5b856ff310ba34239e8684789e077192502feb09371cb442980f468dc87a76,9f5b856ff310ba34239e8684789e077192502feb09371cb442980f468dc87a76,False,semantic_reviewed,reviews\revenue\source_read_manifest.json
revenue-forecast,assurance\runs\2026-09-11_r4-phase-a\a06-baseline-plan.md,C:\Users\郑曾波\Projects\revenue-forecast\assurance\runs\2026-09-11_r4-phase-a\a06-baseline-plan.md,historical_plan_or_evidence,9b21c8278431166694a96fb45fb8a48f00c57e82dd5a9660014ff7b7bc5878e4,9b21c8278431166694a96fb45fb8a48f00c57e82dd5a9660014ff7b7bc5878e4,False,semantic_reviewed,reviews\revenue\source_read_manifest.json
revenue-forecast,assurance\runs\2026-09-11_r4-phase-a\a08-disposition.md,C:\Users\郑曾波\Projects\revenue-forecast\assurance\runs\2026-09-11_r4-phase-a\a08-disposition.md,historical_plan_or_evidence,7262168b17c0674335c751fce517e271813d903310064037f56cd782068dcd5d,7262168b17c0674335c751fce517e271813d903310064037f56cd782068dcd5d,False,semantic_reviewed,reviews\revenue\source_read_manifest.json
revenue-forecast,assurance\runs\2026-09-11_r4-phase-a\a08-goal-bridge.md,C:\Users\郑曾波\Projects\revenue-forecast\assurance\runs\2026-09-11_r4-phase-a\a08-goal-bridge.md,historical_plan_or_evidence,7963531e9d9235e2214bb213f2ca9e07671fbae83234ee7f7152627f98ca0229,7963531e9d9235e2214bb213f2ca9e07671fbae83234ee7f7152627f98ca0229,False,semantic_reviewed,reviews\revenue\source_read_manifest.json
revenue-forecast,assurance\runs\2026-09-11_r4-phase-a\baseline-map.md,C:\Users\郑曾波\Projects\revenue-forecast\assurance\runs\2026-09-11_r4-phase-a\baseline-map.md,historical_plan_or_evidence,78e88013601450dc93ac328a1ebaa004c43de02d4569cbb1d3933c61a6f46fe9,78e88013601450dc93ac328a1ebaa004c43de02d4569cbb1d3933c61a6f46fe9,False,semantic_reviewed,reviews\revenue\source_read_manifest.json
revenue-forecast,assurance\runs\2026-09-11_r4-phase-a\baseline\a06-d0-baseline.md,C:\Users\郑曾波\Projects\revenue-forecast\assurance\runs\2026-09-11_r4-phase-a\baseline\a06-d0-baseline.md,historical_plan_or_evidence,2ef13398e6bc8a6af3dc934f7790a00aff999a9e8b4db7d6cb28e6e040e8bda4,2ef13398e6bc8a6af3dc934f7790a00aff999a9e8b4db7d6cb28e6e040e8bda4,False,semantic_reviewed,reviews\revenue\source_read_manifest.json
revenue-forecast,assurance\runs\2026-09-11_r4-phase-a\boundary-audit.md,C:\Users\郑曾波\Projects\revenue-forecast\assurance\runs\2026-09-11_r4-phase-a\boundary-audit.md,historical_plan_or_evidence,a701b19f4fd5b8069258402ee0bf980fa3a4ac71eb51f64c5509cc8f4d4778a7,a701b19f4fd5b8069258402ee0bf980fa3a4ac71eb51f64c5509cc8f4d4778a7,False,semantic_reviewed,reviews\revenue\source_read_manifest.json
revenue-forecast,assurance\runs\2026-09-11_r4-phase-a\findings.md,C:\Users\郑曾波\Projects\revenue-forecast\assurance\runs\2026-09-11_r4-phase-a\findings.md,historical_plan_or_evidence,78ab5381e808097a2fd1ac626062501154d2a7468788be0453e227c5f16afcf3,78ab5381e808097a2fd1ac626062501154d2a7468788be0453e227c5f16afcf3,False,semantic_reviewed,reviews\revenue\source_read_manifest.json
revenue-forecast,assurance\runs\2026-09-11_r4-phase-a\identity-contract.md,C:\Users\郑曾波\Projects\revenue-forecast\assurance\runs\2026-09-11_r4-phase-a\identity-contract.md,historical_plan_or_evidence,7f3c373834eff144a8fcf5a73bef37610aafe5c54804da36cf3f50943de5e06f,7f3c373834eff144a8fcf5a73bef37610aafe5c54804da36cf3f50943de5e06f,False,semantic_reviewed,reviews\revenue\source_read_manifest.json
revenue-forecast,assurance\runs\2026-09-11_r4-phase-a\operation-contract.md,C:\Users\郑曾波\Projects\revenue-forecast\assurance\runs\2026-09-11_r4-phase-a\operation-contract.md,historical_plan_or_evidence,44ae98cb5850e5d4144ecdc68e14f7b583051605fa4748629fe8f52a1548d7c0,44ae98cb5850e5d4144ecdc68e14f7b583051605fa4748629fe8f52a1548d7c0,False,semantic_reviewed,reviews\revenue\source_read_manifest.json
revenue-forecast,assurance\runs\2026-09-11_r4-phase-a\owner-rulings-2026-09-11.md,C:\Users\郑曾波\Projects\revenue-forecast\assurance\runs\2026-09-11_r4-phase-a\owner-rulings-2026-09-11.md,historical_plan_or_evidence,7f74c04901150d9d4e6f3c10b87922d6034273232bfc3bb0c793f6c44b41ae45,7f74c04901150d9d4e6f3c10b87922d6034273232bfc3bb0c793f6c44b41ae45,False,semantic_reviewed,reviews\revenue\source_read_manifest.json
revenue-forecast,assurance\runs\2026-09-11_r4-phase-a\progress.md,C:\Users\郑曾波\Projects\revenue-forecast\assurance\runs\2026-09-11_r4-phase-a\progress.md,historical_plan_or_evidence,1e1e48c2ef170a5925a2502d603b17b69966a0cc719330249e105101f8d5880a,1e1e48c2ef170a5925a2502d603b17b69966a0cc719330249e105101f8d5880a,False,semantic_reviewed,reviews\revenue\source_read_manifest.json
revenue-forecast,assurance\runs\2026-09-11_r4-phase-a\root-contract.md,C:\Users\郑曾波\Projects\revenue-forecast\assurance\runs\2026-09-11_r4-phase-a\root-contract.md,historical_plan_or_evidence,11a66dc462d6bbe88f78fa4b32763959e34a20dfc244140e5c2f4b667999a3e6,11a66dc462d6bbe88f78fa4b32763959e34a20dfc244140e5c2f4b667999a3e6,False,semantic_reviewed,reviews\revenue\source_read_manifest.json
revenue-forecast,assurance\runs\2026-09-11_r4-phase-a\task_plan.md,C:\Users\郑曾波\Projects\revenue-forecast\assurance\runs\2026-09-11_r4-phase-a\task_plan.md,historical_plan_or_evidence,79f28158effea90f6bf7ce830b9d627a95e19465a3aea92a0ea6837ae595179c,79f28158effea90f6bf7ce830b9d627a95e19465a3aea92a0ea6837ae595179c,False,semantic_reviewed,reviews\revenue\source_read_manifest.json
revenue-forecast,assurance\runs\2026-09-11_r4-phase-b\b-ar-record.md,C:\Users\郑曾波\Projects\revenue-forecast\assurance\runs\2026-09-11_r4-phase-b\b-ar-record.md,historical_plan_or_evidence,b29b7f33fc82ab9af620c67dc0fba57d25faa299ee62cf49c615b4b406e9cca1,b29b7f33fc82ab9af620c67dc0fba57d25faa299ee62cf49c615b4b406e9cca1,False,semantic_reviewed,reviews\revenue\source_read_manifest.json
revenue-forecast,assurance\runs\2026-09-11_r4-phase-b\b-design.md,C:\Users\郑曾波\Projects\revenue-forecast\assurance\runs\2026-09-11_r4-phase-b\b-design.md,historical_plan_or_evidence,c871ab0687d354771a9668cf0955569d0cf219b48925f64d30c0ddbe7dc92f41,c871ab0687d354771a9668cf0955569d0cf219b48925f64d30c0ddbe7dc92f41,False,semantic_reviewed,reviews\revenue\source_read_manifest.json
revenue-forecast,assurance\runs\2026-09-11_r4-phase-b\b-vr-protocol.md,C:\Users\郑曾波\Projects\revenue-forecast\assurance\runs\2026-09-11_r4-phase-b\b-vr-protocol.md,historical_plan_or_evidence,5672b19e3690c79cef2ac451aeb34548fa2201b990046c086b50a88ac49073aa,5672b19e3690c79cef2ac451aeb34548fa2201b990046c086b50a88ac49073aa,False,semantic_reviewed,reviews\revenue\source_read_manifest.json
revenue-forecast,assurance\runs\2026-09-11_r4-phase-b\b08-level2-report.md,C:\Users\郑曾波\Projects\revenue-forecast\assurance\runs\2026-09-11_r4-phase-b\b08-level2-report.md,historical_plan_or_evidence,ca1297bb62e379d1b9ddbe37de56e5189b880eecb56722d6a83f6ef7e9e6a74d,ca1297bb62e379d1b9ddbe37de56e5189b880eecb56722d6a83f6ef7e9e6a74d,False,semantic_reviewed,reviews\revenue\source_read_manifest.json
revenue-forecast,assurance\runs\2026-09-11_r4-phase-b\b08-mechanism-plan.md,C:\Users\郑曾波\Projects\revenue-forecast\assurance\runs\2026-09-11_r4-phase-b\b08-mechanism-plan.md,historical_plan_or_evidence,ad75079175fe9c8e2a888850f3c0cc1a37d827c8e988029182950951519536b0,ad75079175fe9c8e2a888850f3c0cc1a37d827c8e988029182950951519536b0,False,semantic_reviewed,reviews\revenue\source_read_manifest.json
revenue-forecast,assurance\runs\2026-09-11_r4-phase-b\b08-mechanism-report.md,C:\Users\郑曾波\Projects\revenue-forecast\assurance\runs\2026-09-11_r4-phase-b\b08-mechanism-report.md,historical_plan_or_evidence,2a48950d67ee0745cc51302aeca7cc7b0cb267805b60c7e441c2cfb820b9f4ef,2a48950d67ee0745cc51302aeca7cc7b0cb267805b60c7e441c2cfb820b9f4ef,False,semantic_reviewed,reviews\revenue\source_read_manifest.json
revenue-forecast,assurance\runs\2026-09-11_r4-phase-b\evidence\b-ar-cross-repo-reuse.md,C:\Users\郑曾波\Projects\revenue-forecast\assurance\runs\2026-09-11_r4-phase-b\evidence\b-ar-cross-repo-reuse.md,historical_plan_or_evidence,c8f1fad38d0e8c1bd2cd5fd923b74da4483c6963244e9bc885fdd6ac1cd08b39,c8f1fad38d0e8c1bd2cd5fd923b74da4483c6963244e9bc885fdd6ac1cd08b39,False,semantic_reviewed,reviews\revenue\source_read_manifest.json
revenue-forecast,assurance\runs\2026-09-11_r4-phase-b\evidence\b-ar-dropbox-bytes.md,C:\Users\郑曾波\Projects\revenue-forecast\assurance\runs\2026-09-11_r4-phase-b\evidence\b-ar-dropbox-bytes.md,historical_plan_or_evidence,531b612e5c307c8f3e14c7c67b4fbfbc7fbea39b92a6420984f0f8c3d9694070,531b612e5c307c8f3e14c7c67b4fbfbc7fbea39b92a6420984f0f8c3d9694070,False,semantic_reviewed,reviews\revenue\source_read_manifest.json
revenue-forecast,assurance\runs\2026-09-11_r4-phase-b\evidence\b-ar-fifth-root-isolated.md,C:\Users\郑曾波\Projects\revenue-forecast\assurance\runs\2026-09-11_r4-phase-b\evidence\b-ar-fifth-root-isolated.md,historical_plan_or_evidence,298ba4735e97e989dc4972d63e9f9aa7b2bdd7848ebbec4b822ef137b5af88b2,298ba4735e97e989dc4972d63e9f9aa7b2bdd7848ebbec4b822ef137b5af88b2,False,semantic_reviewed,reviews\revenue\source_read_manifest.json
revenue-forecast,assurance\runs\2026-09-11_r4-phase-b\evidence\b-vr-b05malformed-disposition.md,C:\Users\郑曾波\Projects\revenue-forecast\assurance\runs\2026-09-11_r4-phase-b\evidence\b-vr-b05malformed-disposition.md,historical_plan_or_evidence,48847945d0922e78e9aed28d7d8ce16978175558e2cd2fe38a84bb27015307fe,48847945d0922e78e9aed28d7d8ce16978175558e2cd2fe38a84bb27015307fe,False,semantic_reviewed,reviews\revenue\source_read_manifest.json
revenue-forecast,assurance\runs\2026-09-11_r4-phase-b\evidence\b-vr-b08l2-disposition.md,C:\Users\郑曾波\Projects\revenue-forecast\assurance\runs\2026-09-11_r4-phase-b\evidence\b-vr-b08l2-disposition.md,historical_plan_or_evidence,2370d106c539b382d0564876966a149097029219133869f25aff1e3e1bd75038,2370d106c539b382d0564876966a149097029219133869f25aff1e3e1bd75038,False,semantic_reviewed,reviews\revenue\source_read_manifest.json
revenue-forecast,assurance\runs\2026-09-11_r4-phase-b\evidence\b-vr-ba1-disposition.md,C:\Users\郑曾波\Projects\revenue-forecast\assurance\runs\2026-09-11_r4-phase-b\evidence\b-vr-ba1-disposition.md,historical_plan_or_evidence,cb3f9b70d68d72c4755ccc0925344c471a02f1aec2fd9f5a8dc63564ec77f5c9,cb3f9b70d68d72c4755ccc0925344c471a02f1aec2fd9f5a8dc63564ec77f5c9,False,semantic_reviewed,reviews\revenue\source_read_manifest.json
revenue-forecast,assurance\runs\2026-09-11_r4-phase-b\evidence\b-vr-bar-disposition.md,C:\Users\郑曾波\Projects\revenue-forecast\assurance\runs\2026-09-11_r4-phase-b\evidence\b-vr-bar-disposition.md,historical_plan_or_evidence,4786426c795a6f09a9a69827f909c479ab5d1064eb15be339314e3c5a2e416ae,4786426c795a6f09a9a69827f909c479ab5d1064eb15be339314e3c5a2e416ae,False,semantic_reviewed,reviews\revenue\source_read_manifest.json
revenue-forecast,assurance\runs\2026-09-11_r4-phase-b\evidence\b-vr-fc1301-disposition.md,C:\Users\郑曾波\Projects\revenue-forecast\assurance\runs\2026-09-11_r4-phase-b\evidence\b-vr-fc1301-disposition.md,historical_plan_or_evidence,9a81c26a49d3fbafc345ebda610716ecec9d2c62288ae9092f793311b492410a,9a81c26a49d3fbafc345ebda610716ecec9d2c62288ae9092f793311b492410a,False,semantic_reviewed,reviews\revenue\source_read_manifest.json
revenue-forecast,assurance\runs\2026-09-11_r4-phase-b\evidence\b-vr-r3-disposition.md,C:\Users\郑曾波\Projects\revenue-forecast\assurance\runs\2026-09-11_r4-phase-b\evidence\b-vr-r3-disposition.md,historical_plan_or_evidence,b2999cc7ffec77b5a8a668baab41abbcfa45ef08e3ed62ad18169f814cfe30f8,b2999cc7ffec77b5a8a668baab41abbcfa45ef08e3ed62ad18169f814cfe30f8,False,semantic_reviewed,reviews\revenue\source_read_manifest.json
revenue-forecast,assurance\runs\2026-09-11_r4-phase-b\evidence\b-vr-r4-disposition.md,C:\Users\郑曾波\Projects\revenue-forecast\assurance\runs\2026-09-11_r4-phase-b\evidence\b-vr-r4-disposition.md,historical_plan_or_evidence,fd492c82b113cb5bf6db44d08be9e7c3c3ad7df321b8bd1dc5917034e2214a6a,fd492c82b113cb5bf6db44d08be9e7c3c3ad7df321b8bd1dc5917034e2214a6a,False,semantic_reviewed,reviews\revenue\source_read_manifest.json
revenue-forecast,assurance\runs\2026-09-11_r4-phase-b\evidence\b-vr-r5-disposition.md,C:\Users\郑曾波\Projects\revenue-forecast\assurance\runs\2026-09-11_r4-phase-b\evidence\b-vr-r5-disposition.md,historical_plan_or_evidence,77b6428cbcda817aba668d17dc57296817be01d041ac8cd38a552e3cd2a84042,77b6428cbcda817aba668d17dc57296817be01d041ac8cd38a552e3cd2a84042,False,semantic_reviewed,reviews\revenue\source_read_manifest.json
revenue-forecast,assurance\runs\2026-09-11_r4-phase-b\evidence\b01-implementation.md,C:\Users\郑曾波\Projects\revenue-forecast\assurance\runs\2026-09-11_r4-phase-b\evidence\b01-implementation.md,historical_plan_or_evidence,0f98797dccb532f8c55527eab2c04a8c0dfaf0a82653aaa781a806f20db43b43,0f98797dccb532f8c55527eab2c04a8c0dfaf0a82653aaa781a806f20db43b43,False,semantic_reviewed,reviews\revenue\source_read_manifest.json
revenue-forecast,assurance\runs\2026-09-11_r4-phase-b\evidence\b01-review-disposition.md,C:\Users\郑曾波\Projects\revenue-forecast\assurance\runs\2026-09-11_r4-phase-b\evidence\b01-review-disposition.md,historical_plan_or_evidence,790f2b1bd5e9ff14fc176cfeb912c90667dbf5acad42e8b72ee8702b38922fb0,790f2b1bd5e9ff14fc176cfeb912c90667dbf5acad42e8b72ee8702b38922fb0,False,semantic_reviewed,reviews\revenue\source_read_manifest.json
revenue-forecast,assurance\runs\2026-09-11_r4-phase-b\evidence\b02-ci-runs.md,C:\Users\郑曾波\Projects\revenue-forecast\assurance\runs\2026-09-11_r4-phase-b\evidence\b02-ci-runs.md,historical_plan_or_evidence,3b2932a89af74c7e9980e30d109b63d849789fd15b998c53f25bac137c52da74,3b2932a89af74c7e9980e30d109b63d849789fd15b998c53f25bac137c52da74,False,semantic_reviewed,reviews\revenue\source_read_manifest.json
revenue-forecast,assurance\runs\2026-09-11_r4-phase-b\evidence\b02-implementation.md,C:\Users\郑曾波\Projects\revenue-forecast\assurance\runs\2026-09-11_r4-phase-b\evidence\b02-implementation.md,historical_plan_or_evidence,cccbda6085f3254a5d13d7337887016b4a76ad3344aaf4b672ce257cac847dcc,cccbda6085f3254a5d13d7337887016b4a76ad3344aaf4b672ce257cac847dcc,False,semantic_reviewed,reviews\revenue\source_read_manifest.json
revenue-forecast,assurance\runs\2026-09-11_r4-phase-b\evidence\b03-implementation.md,C:\Users\郑曾波\Projects\revenue-forecast\assurance\runs\2026-09-11_r4-phase-b\evidence\b03-implementation.md,historical_plan_or_evidence,c1cd9d480f831d2abda2d7faf1557df3dc03e9740714a6f5ff1fff6b8f1a821c,c1cd9d480f831d2abda2d7faf1557df3dc03e9740714a6f5ff1fff6b8f1a821c,False,semantic_reviewed,reviews\revenue\source_read_manifest.json
revenue-forecast,assurance\runs\2026-09-11_r4-phase-b\evidence\b03-plan.md,C:\Users\郑曾波\Projects\revenue-forecast\assurance\runs\2026-09-11_r4-phase-b\evidence\b03-plan.md,historical_plan_or_evidence,a708b31df635daf810865af0c678bd6c65f632a4e6cb61fe8773ed211cfbd396,a708b31df635daf810865af0c678bd6c65f632a4e6cb61fe8773ed211cfbd396,False,semantic_reviewed,reviews\revenue\source_read_manifest.json
revenue-forecast,assurance\runs\2026-09-11_r4-phase-b\evidence\b03-review-disposition.md,C:\Users\郑曾波\Projects\revenue-forecast\assurance\runs\2026-09-11_r4-phase-b\evidence\b03-review-disposition.md,historical_plan_or_evidence,14b88495fda7a1d3868fbc2f496aa317212f69bd5c772efd0f302e1340c82351,14b88495fda7a1d3868fbc2f496aa317212f69bd5c772efd0f302e1340c82351,False,semantic_reviewed,reviews\revenue\source_read_manifest.json
revenue-forecast,assurance\runs\2026-09-11_r4-phase-b\evidence\b04-implementation.md,C:\Users\郑曾波\Projects\revenue-forecast\assurance\runs\2026-09-11_r4-phase-b\evidence\b04-implementation.md,historical_plan_or_evidence,be2a8be365a934ef0440bd978ad0ac7d78bfc6201e7fcc56818b4bf687e1e38c,be2a8be365a934ef0440bd978ad0ac7d78bfc6201e7fcc56818b4bf687e1e38c,False,semantic_reviewed,reviews\revenue\source_read_manifest.json
revenue-forecast,assurance\runs\2026-09-11_r4-phase-b\evidence\b04-plan.md,C:\Users\郑曾波\Projects\revenue-forecast\assurance\runs\2026-09-11_r4-phase-b\evidence\b04-plan.md,historical_plan_or_evidence,ae0342550d6e5c5185de63bf27a8e47460444ff2bb1d0c967b657a7e4223d207,ae0342550d6e5c5185de63bf27a8e47460444ff2bb1d0c967b657a7e4223d207,False,semantic_reviewed,reviews\revenue\source_read_manifest.json
revenue-forecast,assurance\runs\2026-09-11_r4-phase-b\evidence\b05-implementation.md,C:\Users\郑曾波\Projects\revenue-forecast\assurance\runs\2026-09-11_r4-phase-b\evidence\b05-implementation.md,historical_plan_or_evidence,bfa1901bac303115391e590f2f51d68044c90d877c397700b21ec99c10e65862,bfa1901bac303115391e590f2f51d68044c90d877c397700b21ec99c10e65862,False,semantic_reviewed,reviews\revenue\source_read_manifest.json
revenue-forecast,assurance\runs\2026-09-11_r4-phase-b\evidence\b05-plan.md,C:\Users\郑曾波\Projects\revenue-forecast\assurance\runs\2026-09-11_r4-phase-b\evidence\b05-plan.md,historical_plan_or_evidence,b088cedff3db3cf8c419a86a4faf6465f315099bdc31e04ca37374279cf8f416,b088cedff3db3cf8c419a86a4faf6465f315099bdc31e04ca37374279cf8f416,False,semantic_reviewed,reviews\revenue\source_read_manifest.json
revenue-forecast,assurance\runs\2026-09-11_r4-phase-b\evidence\b05-review-disposition.md,C:\Users\郑曾波\Projects\revenue-forecast\assurance\runs\2026-09-11_r4-phase-b\evidence\b05-review-disposition.md,historical_plan_or_evidence,6358c41b7938d3680a5a689488faeb6ab0681ee8155eed497bf69a0fd748123a,6358c41b7938d3680a5a689488faeb6ab0681ee8155eed497bf69a0fd748123a,False,semantic_reviewed,reviews\revenue\source_read_manifest.json
revenue-forecast,assurance\runs\2026-09-11_r4-phase-b\evidence\b06-implementation.md,C:\Users\郑曾波\Projects\revenue-forecast\assurance\runs\2026-09-11_r4-phase-b\evidence\b06-implementation.md,historical_plan_or_evidence,a34da8b1bae548d3e57afec88d39c0faf74d09136d8150bd0b545e79f5d9cfab,a34da8b1bae548d3e57afec88d39c0faf74d09136d8150bd0b545e79f5d9cfab,False,semantic_reviewed,reviews\revenue\source_read_manifest.json
revenue-forecast,assurance\runs\2026-09-11_r4-phase-b\evidence\b06-plan.md,C:\Users\郑曾波\Projects\revenue-forecast\assurance\runs\2026-09-11_r4-phase-b\evidence\b06-plan.md,historical_plan_or_evidence,0e1f1c1669fcbbde848b034fdff0da7663fce284d7f36c7ccc3a99dca7b4e2c0,0e1f1c1669fcbbde848b034fdff0da7663fce284d7f36c7ccc3a99dca7b4e2c0,False,semantic_reviewed,reviews\revenue\source_read_manifest.json
revenue-forecast,assurance\runs\2026-09-11_r4-phase-b\evidence\b0607-review-disposition.md,C:\Users\郑曾波\Projects\revenue-forecast\assurance\runs\2026-09-11_r4-phase-b\evidence\b0607-review-disposition.md,historical_plan_or_evidence,02957b1e050968bb9ebc6ec887dd295d144f4fe91a045ea5c4d9c1965c0a3521,02957b1e050968bb9ebc6ec887dd295d144f4fe91a045ea5c4d9c1965c0a3521,False,semantic_reviewed,reviews\revenue\source_read_manifest.json
revenue-forecast,assurance\runs\2026-09-11_r4-phase-b\evidence\b07-plan.md,C:\Users\郑曾波\Projects\revenue-forecast\assurance\runs\2026-09-11_r4-phase-b\evidence\b07-plan.md,historical_plan_or_evidence,317908a599ce9ad4bde7eb75028e4adc0096b4dba6e5c172c0e1a9708b956003,317908a599ce9ad4bde7eb75028e4adc0096b4dba6e5c172c0e1a9708b956003,False,semantic_reviewed,reviews\revenue\source_read_manifest.json
revenue-forecast,assurance\runs\2026-09-11_r4-phase-b\evidence\b10-implementation.md,C:\Users\郑曾波\Projects\revenue-forecast\assurance\runs\2026-09-11_r4-phase-b\evidence\b10-implementation.md,historical_plan_or_evidence,b437c591fe4694af3b44e4ad7d5647b74c0570cb91fcc34dc779ea0af3947907,b437c591fe4694af3b44e4ad7d5647b74c0570cb91fcc34dc779ea0af3947907,False,semantic_reviewed,reviews\revenue\source_read_manifest.json
revenue-forecast,assurance\runs\2026-09-11_r4-phase-b\evidence\barfix-product-fixes.md,C:\Users\郑曾波\Projects\revenue-forecast\assurance\runs\2026-09-11_r4-phase-b\evidence\barfix-product-fixes.md,historical_plan_or_evidence,b7999747cf579640a6f9a295bfa2eeee6d74ec9ef6a7066ab5cf3b55cbebe033,a43d92d05e2815f3cf382efd0c70b7dab6e6bc39f56bed2f8a986b1160922c72,True,semantic_reviewed,reviews\revenue\source_read_manifest.json
revenue-forecast,assurance\runs\2026-09-11_r4-phase-b\file-scope.md,C:\Users\郑曾波\Projects\revenue-forecast\assurance\runs\2026-09-11_r4-phase-b\file-scope.md,historical_plan_or_evidence,3d8131518ddf03f3888f489019a1b5cd378328f8e0690186f84ffbe3637d4910,3d8131518ddf03f3888f489019a1b5cd378328f8e0690186f84ffbe3637d4910,False,semantic_reviewed,reviews\revenue\source_read_manifest.json
revenue-forecast,assurance\runs\2026-09-11_r4-phase-b\findings.md,C:\Users\郑曾波\Projects\revenue-forecast\assurance\runs\2026-09-11_r4-phase-b\findings.md,historical_plan_or_evidence,e2e503e6de53761dfb5a71f082e175fafd2d26886784c66b006c2090a67f6ec0,c5b31af72dd76f8d26cf10fc8c0fec0661d27ba2d027e8f7b7d955a05d96ace0,True,semantic_reviewed,reviews\revenue\source_read_manifest.json
revenue-forecast,assurance\runs\2026-09-11_r4-phase-b\operator-reviewer-assignment.md,C:\Users\郑曾波\Projects\revenue-forecast\assurance\runs\2026-09-11_r4-phase-b\operator-reviewer-assignment.md,historical_plan_or_evidence,a9ce18a780bbafc7f0c897ea2abf1207176847bf2be6f2bc3bac51b4c3d86513,a9ce18a780bbafc7f0c897ea2abf1207176847bf2be6f2bc3bac51b4c3d86513,False,semantic_reviewed,reviews\revenue\source_read_manifest.json
revenue-forecast,assurance\runs\2026-09-11_r4-phase-b\owner-authorisation-and-my-adjudication-2026-09-16.md,C:\Users\郑曾波\Projects\revenue-forecast\assurance\runs\2026-09-11_r4-phase-b\owner-authorisation-and-my-adjudication-2026-09-16.md,historical_plan_or_evidence,2f761789525da9e71c4b35c95f3fd9a303eb8513b8bd1701b7a54dfb35fc91d3,2f761789525da9e71c4b35c95f3fd9a303eb8513b8bd1701b7a54dfb35fc91d3,False,semantic_reviewed,reviews\revenue\source_read_manifest.json
revenue-forecast,assurance\runs\2026-09-11_r4-phase-b\owner-directive-2026-09-16.md,C:\Users\郑曾波\Projects\revenue-forecast\assurance\runs\2026-09-11_r4-phase-b\owner-directive-2026-09-16.md,historical_plan_or_evidence,d8ab3823d6e5a3799042f6514d58d64927276620f6443e8ac4b3e9ee65951680,d8ab3823d6e5a3799042f6514d58d64927276620f6443e8ac4b3e9ee65951680,False,semantic_reviewed,reviews\revenue\source_read_manifest.json
revenue-forecast,assurance\runs\2026-09-11_r4-phase-b\owner-scope-decisions-2026-09-12.md,C:\Users\郑曾波\Projects\revenue-forecast\assurance\runs\2026-09-11_r4-phase-b\owner-scope-decisions-2026-09-12.md,historical_plan_or_evidence,cb6ac486f03de140a4dfdd308b7dd484809ded199c69122d8e180bc5c3483d24,cb6ac486f03de140a4dfdd308b7dd484809ded199c69122d8e180bc5c3483d24,False,semantic_reviewed,reviews\revenue\source_read_manifest.json
revenue-forecast,assurance\runs\2026-09-11_r4-phase-b\owner-scope-decisions-2026-09-13.md,C:\Users\郑曾波\Projects\revenue-forecast\assurance\runs\2026-09-11_r4-phase-b\owner-scope-decisions-2026-09-13.md,historical_plan_or_evidence,4d1b06e3deb26695cf4b85fb0b7aac4a5be0589c221ecdeb7a75269d2b9f0362,4d1b06e3deb26695cf4b85fb0b7aac4a5be0589c221ecdeb7a75269d2b9f0362,False,semantic_reviewed,reviews\revenue\source_read_manifest.json
revenue-forecast,assurance\runs\2026-09-11_r4-phase-b\owner-scope-decisions-2026-09-18.md,C:\Users\郑曾波\Projects\revenue-forecast\assurance\runs\2026-09-11_r4-phase-b\owner-scope-decisions-2026-09-18.md,historical_plan_or_evidence,5d48ac1ccb1713b77fa921c95a59e832e16fe9ce9b48901b7ae13e062b4cd1de,5d48ac1ccb1713b77fa921c95a59e832e16fe9ce9b48901b7ae13e062b4cd1de,False,semantic_reviewed,reviews\revenue\source_read_manifest.json
revenue-forecast,assurance\runs\2026-09-11_r4-phase-b\packages\b05-read-side-malformed-columns.md,C:\Users\郑曾波\Projects\revenue-forecast\assurance\runs\2026-09-11_r4-phase-b\packages\b05-read-side-malformed-columns.md,historical_plan_or_evidence,53ae92dd7f166bd92262128a8e0bcf44fdae4e55cccd8fe5d27023f8847546c4,53ae92dd7f166bd92262128a8e0bcf44fdae4e55cccd8fe5d27023f8847546c4,False,semantic_reviewed,reviews\revenue\source_read_manifest.json
revenue-forecast,assurance\runs\2026-09-11_r4-phase-b\packages\b10-plan.md,C:\Users\郑曾波\Projects\revenue-forecast\assurance\runs\2026-09-11_r4-phase-b\packages\b10-plan.md,historical_plan_or_evidence,0842358e6837f184f517298c82f9d2b428a76f86a489e56462cab4a47ef2640e,0842358e6837f184f517298c82f9d2b428a76f86a489e56462cab4a47ef2640e,False,semantic_reviewed,reviews\revenue\source_read_manifest.json
revenue-forecast,assurance\runs\2026-09-11_r4-phase-b\packages\b10-recon.md,C:\Users\郑曾波\Projects\revenue-forecast\assurance\runs\2026-09-11_r4-phase-b\packages\b10-recon.md,historical_plan_or_evidence,1d717145589e29f645e2043f08daede467e793030d23d645c8df5ce50f3c6e82,1d717145589e29f645e2043f08daede467e793030d23d645c8df5ce50f3c6e82,False,semantic_reviewed,reviews\revenue\source_read_manifest.json
revenue-forecast,assurance\runs\2026-09-11_r4-phase-b\packages\fc1301-taxonomy-coverage.md,C:\Users\郑曾波\Projects\revenue-forecast\assurance\runs\2026-09-11_r4-phase-b\packages\fc1301-taxonomy-coverage.md,historical_plan_or_evidence,bad1b86e630e56433525112092fb8c12d342310e9b6968c390ea0e409ba571b2,bad1b86e630e56433525112092fb8c12d342310e9b6968c390ea0e409ba571b2,False,semantic_reviewed,reviews\revenue\source_read_manifest.json
revenue-forecast,assurance\runs\2026-09-11_r4-phase-b\progress.md,C:\Users\郑曾波\Projects\revenue-forecast\assurance\runs\2026-09-11_r4-phase-b\progress.md,historical_plan_or_evidence,b65d77b0773951c1e41eb23b718599f7cd1626093b6dd25ae833ca611f2c9a89,e4d50e2df9b94c7df4cca9ba82d05d54ad144c8a9ea66c24433451484f5aac56,True,semantic_reviewed,reviews\revenue\source_read_manifest.json
revenue-forecast,assurance\runs\2026-09-11_r4-phase-b\r4-final-status.md,C:\Users\郑曾波\Projects\revenue-forecast\assurance\runs\2026-09-11_r4-phase-b\r4-final-status.md,historical_plan_or_evidence,114a8867f954f943ca7a328331dc7ccdd3074577364ac3fca57b7b6f14cfd19c,114a8867f954f943ca7a328331dc7ccdd3074577364ac3fca57b7b6f14cfd19c,False,semantic_reviewed,reviews\revenue\source_read_manifest.json
revenue-forecast,assurance\runs\2026-09-11_r4-phase-b\risk-and-stop-rules.md,C:\Users\郑曾波\Projects\revenue-forecast\assurance\runs\2026-09-11_r4-phase-b\risk-and-stop-rules.md,historical_plan_or_evidence,4b1bea86eabb8eca8177f146662abf76d673a08fc4fb7ececd3942179c3d51c5,4b1bea86eabb8eca8177f146662abf76d673a08fc4fb7ececd3942179c3d51c5,False,semantic_reviewed,reviews\revenue\source_read_manifest.json
revenue-forecast,assurance\runs\2026-09-11_r4-phase-b\task_plan.md,C:\Users\郑曾波\Projects\revenue-forecast\assurance\runs\2026-09-11_r4-phase-b\task_plan.md,historical_plan_or_evidence,e95978748b88ac16766df411c3d499f2c4907d4f9fc978900258d3ac4137cfa9,e95978748b88ac16766df411c3d499f2c4907d4f9fc978900258d3ac4137cfa9,False,semantic_reviewed,reviews\revenue\source_read_manifest.json
revenue-forecast,assurance\runs\2026-09-11_r4-phase-b\test-acceptance-map.md,C:\Users\郑曾波\Projects\revenue-forecast\assurance\runs\2026-09-11_r4-phase-b\test-acceptance-map.md,historical_plan_or_evidence,9ea61182305242ccdace02637fb8917accc69b19cf6258f1bce5d2c243132d98,9ea61182305242ccdace02637fb8917accc69b19cf6258f1bce5d2c243132d98,False,semantic_reviewed,reviews\revenue\source_read_manifest.json
revenue-forecast,assurance\runs\session-2026-08-13\findings.md,C:\Users\郑曾波\Projects\revenue-forecast\assurance\runs\session-2026-08-13\findings.md,historical_plan_or_evidence,999d522adef6e664a81a774c3f933017a12357567ffa4e5072af58fbc522925b,999d522adef6e664a81a774c3f933017a12357567ffa4e5072af58fbc522925b,False,semantic_reviewed,reviews\revenue\source_read_manifest.json
revenue-forecast,assurance\runs\session-2026-08-13\panorama.md,C:\Users\郑曾波\Projects\revenue-forecast\assurance\runs\session-2026-08-13\panorama.md,historical_plan_or_evidence,cd82317a1df27437bd9ffa989f23add808f7bfd5049a289e253b2767e93fbbac,cd82317a1df27437bd9ffa989f23add808f7bfd5049a289e253b2767e93fbbac,False,semantic_reviewed,reviews\revenue\source_read_manifest.json
revenue-forecast,assurance\runs\session-2026-08-13\progress.md,C:\Users\郑曾波\Projects\revenue-forecast\assurance\runs\session-2026-08-13\progress.md,historical_plan_or_evidence,ad4ce9bad391cf6ea2d98a5d5fb3771100905869b8c416f147631df9ce92421b,ad4ce9bad391cf6ea2d98a5d5fb3771100905869b8c416f147631df9ce92421b,False,semantic_reviewed,reviews\revenue\source_read_manifest.json
revenue-forecast,assurance\runs\session-2026-08-13\task_plan.md,C:\Users\郑曾波\Projects\revenue-forecast\assurance\runs\session-2026-08-13\task_plan.md,historical_plan_or_evidence,96bd85fe1cb06ae3bb42c02b89b09501f87ac6c49f41f05f96278ed675a62294,96bd85fe1cb06ae3bb42c02b89b09501f87ac6c49f41f05f96278ed675a62294,False,semantic_reviewed,reviews\revenue\source_read_manifest.json
revenue-forecast,assurance\unified_completion\README.md,C:\Users\郑曾波\Projects\revenue-forecast\assurance\unified_completion\README.md,historical_plan_or_evidence,a5ed848654b9dea2cb88f8756ec37f2e683b9ba4999d3388628c16c11fddc54e,a5ed848654b9dea2cb88f8756ec37f2e683b9ba4999d3388628c16c11fddc54e,False,semantic_reviewed,reviews\revenue\source_read_manifest.json
revenue-forecast,assurance\unified_completion\receipts\CA-001\00_wu_card.md,C:\Users\郑曾波\Projects\revenue-forecast\assurance\unified_completion\receipts\CA-001\00_wu_card.md,historical_plan_or_evidence,8f38a3e54756d7c21423c6a5a3fb1a4b8446f7f3750ac7bccfa5ab0beddd231a,8f38a3e54756d7c21423c6a5a3fb1a4b8446f7f3750ac7bccfa5ab0beddd231a,False,semantic_reviewed,reviews\revenue\source_read_manifest.json
revenue-forecast,assurance\unified_completion\receipts\CA-001\red\RED.md,C:\Users\郑曾波\Projects\revenue-forecast\assurance\unified_completion\receipts\CA-001\red\RED.md,historical_plan_or_evidence,0725f2fcc32cc08f110771f1746655527b657ecb3f0e6c2dca385d94f65ade4b,0725f2fcc32cc08f110771f1746655527b657ecb3f0e6c2dca385d94f65ade4b,False,semantic_reviewed,reviews\revenue\source_read_manifest.json
revenue-forecast,assurance\unified_completion\receipts\CA-002\00_wu_card.md,C:\Users\郑曾波\Projects\revenue-forecast\assurance\unified_completion\receipts\CA-002\00_wu_card.md,historical_plan_or_evidence,0c6093cbff361d5640e1de846ce5e4db0856786479313adb4984e3114e9787a9,0c6093cbff361d5640e1de846ce5e4db0856786479313adb4984e3114e9787a9,False,semantic_reviewed,reviews\revenue\source_read_manifest.json
revenue-forecast,assurance\unified_completion\receipts\CA-002\red\RED.md,C:\Users\郑曾波\Projects\revenue-forecast\assurance\unified_completion\receipts\CA-002\red\RED.md,historical_plan_or_evidence,1383357cd62830d431bd77d0816b9a80e84364d4539814506db2b5f3511f3cdb,1383357cd62830d431bd77d0816b9a80e84364d4539814506db2b5f3511f3cdb,False,semantic_reviewed,reviews\revenue\source_read_manifest.json
revenue-forecast,assurance\unified_completion\receipts\CA-003\00_wu_card.md,C:\Users\郑曾波\Projects\revenue-forecast\assurance\unified_completion\receipts\CA-003\00_wu_card.md,historical_plan_or_evidence,fe3b7a9cdf12634909f9b03ecc85a840610f362797d76f242c89785c4588e211,fe3b7a9cdf12634909f9b03ecc85a840610f362797d76f242c89785c4588e211,False,semantic_reviewed,reviews\revenue\source_read_manifest.json
revenue-forecast,assurance\unified_completion\receipts\CA-003\red\RED.md,C:\Users\郑曾波\Projects\revenue-forecast\assurance\unified_completion\receipts\CA-003\red\RED.md,historical_plan_or_evidence,b1020553ceb96ec5f50f7274dcf87dc156b243e84ac204e3e167073cc9e6e1a2,b1020553ceb96ec5f50f7274dcf87dc156b243e84ac204e3e167073cc9e6e1a2,False,semantic_reviewed,reviews\revenue\source_read_manifest.json
revenue-forecast,assurance\unified_completion\receipts\CA-004\00_wu_card.md,C:\Users\郑曾波\Projects\revenue-forecast\assurance\unified_completion\receipts\CA-004\00_wu_card.md,historical_plan_or_evidence,276a5b6f1e67627263c1a5901f8a4867eaf1a88a060c8c4381e368deb1885f86,276a5b6f1e67627263c1a5901f8a4867eaf1a88a060c8c4381e368deb1885f86,False,semantic_reviewed,reviews\revenue\source_read_manifest.json
revenue-forecast,assurance\unified_completion\receipts\CA-004\red\RED.md,C:\Users\郑曾波\Projects\revenue-forecast\assurance\unified_completion\receipts\CA-004\red\RED.md,historical_plan_or_evidence,79bf28df172c9df6092742b6fd027f89ec98fe1bac0348726f978372c98be427,79bf28df172c9df6092742b6fd027f89ec98fe1bac0348726f978372c98be427,False,semantic_reviewed,reviews\revenue\source_read_manifest.json
revenue-forecast,assurance\unified_completion\receipts\CA-101\00_wu_card.md,C:\Users\郑曾波\Projects\revenue-forecast\assurance\unified_completion\receipts\CA-101\00_wu_card.md,historical_plan_or_evidence,9bb1be2350c7b5b3c92ecb4642730e97b3ba2308931a80b32f92497c8bf7416f,9bb1be2350c7b5b3c92ecb4642730e97b3ba2308931a80b32f92497c8bf7416f,False,semantic_reviewed,reviews\revenue\source_read_manifest.json
revenue-forecast,assurance\unified_completion\receipts\CA-101\red\RED.md,C:\Users\郑曾波\Projects\revenue-forecast\assurance\unified_completion\receipts\CA-101\red\RED.md,historical_plan_or_evidence,882281770c9399c256d9ef36e9dd3933e914347d74bac710ab1684c98a6c212c,882281770c9399c256d9ef36e9dd3933e914347d74bac710ab1684c98a6c212c,False,semantic_reviewed,reviews\revenue\source_read_manifest.json
revenue-forecast,assurance\unified_completion\receipts\CA-102\00_wu_card.md,C:\Users\郑曾波\Projects\revenue-forecast\assurance\unified_completion\receipts\CA-102\00_wu_card.md,historical_plan_or_evidence,6e8d11940f66a992d95a22eb6fbf6b603957be5c7afcd47f0d348c45b502b72a,6e8d11940f66a992d95a22eb6fbf6b603957be5c7afcd47f0d348c45b502b72a,False,semantic_reviewed,reviews\revenue\source_read_manifest.json
revenue-forecast,assurance\unified_completion\receipts\CA-102\red\RED.md,C:\Users\郑曾波\Projects\revenue-forecast\assurance\unified_completion\receipts\CA-102\red\RED.md,historical_plan_or_evidence,742c3698351035202015a540721da664642e7b4e71a45e5412c9f707c425bf2b,742c3698351035202015a540721da664642e7b4e71a45e5412c9f707c425bf2b,False,semantic_reviewed,reviews\revenue\source_read_manifest.json
revenue-forecast,assurance\unified_completion\receipts\CA-103\00_wu_card.md,C:\Users\郑曾波\Projects\revenue-forecast\assurance\unified_completion\receipts\CA-103\00_wu_card.md,historical_plan_or_evidence,3dbe747a3cc08cd7ff75b19de644cfe0255c3ef3c6d35fae701cb7715a53bec3,3dbe747a3cc08cd7ff75b19de644cfe0255c3ef3c6d35fae701cb7715a53bec3,False,semantic_reviewed,reviews\revenue\source_read_manifest.json
revenue-forecast,assurance\unified_completion\receipts\CA-103\red\RED.md,C:\Users\郑曾波\Projects\revenue-forecast\assurance\unified_completion\receipts\CA-103\red\RED.md,historical_plan_or_evidence,10585f70de3fec5d44719bd0a1c28ee4e3709960ea0a0e0a5e98d76808e1e4e0,10585f70de3fec5d44719bd0a1c28ee4e3709960ea0a0e0a5e98d76808e1e4e0,False,semantic_reviewed,reviews\revenue\source_read_manifest.json
revenue-forecast,assurance\unified_completion\receipts\CA-104\00_wu_card.md,C:\Users\郑曾波\Projects\revenue-forecast\assurance\unified_completion\receipts\CA-104\00_wu_card.md,historical_plan_or_evidence,389ae12e0337f8324d8b48f71674cadc2a5aaf030fbebbf9cf00f6d4e706ca80,389ae12e0337f8324d8b48f71674cadc2a5aaf030fbebbf9cf00f6d4e706ca80,False,semantic_reviewed,reviews\revenue\source_read_manifest.json
revenue-forecast,assurance\unified_completion\receipts\CA-104\red\RED.md,C:\Users\郑曾波\Projects\revenue-forecast\assurance\unified_completion\receipts\CA-104\red\RED.md,historical_plan_or_evidence,6e2220823653bdecf3ae21ff1a3849c9f0b6676e388ec302de91d2a744414eb1,6e2220823653bdecf3ae21ff1a3849c9f0b6676e388ec302de91d2a744414eb1,False,semantic_reviewed,reviews\revenue\source_read_manifest.json
revenue-forecast,assurance\unified_completion\receipts\CA-105\red\RED.md,C:\Users\郑曾波\Projects\revenue-forecast\assurance\unified_completion\receipts\CA-105\red\RED.md,historical_plan_or_evidence,82b78a7353cb63729e0d085722d46fd01989a2468cc6b8e1947cc4af00de7de8,82b78a7353cb63729e0d085722d46fd01989a2468cc6b8e1947cc4af00de7de8,False,semantic_reviewed,reviews\revenue\source_read_manifest.json
revenue-forecast,assurance\unified_completion\receipts\CA-106\00_wu_card.md,C:\Users\郑曾波\Projects\revenue-forecast\assurance\unified_completion\receipts\CA-106\00_wu_card.md,historical_plan_or_evidence,6976f7fd2d3102362d2a57a38d6137b70b80cb018ca2c274831170a541d7c45c,6976f7fd2d3102362d2a57a38d6137b70b80cb018ca2c274831170a541d7c45c,False,semantic_reviewed,reviews\revenue\source_read_manifest.json
revenue-forecast,assurance\unified_completion\receipts\CA-106\red\RED.md,C:\Users\郑曾波\Projects\revenue-forecast\assurance\unified_completion\receipts\CA-106\red\RED.md,historical_plan_or_evidence,84b22819a34f2601db6c5b0744077529073c455e48244b7b88fe26ac93a41f36,84b22819a34f2601db6c5b0744077529073c455e48244b7b88fe26ac93a41f36,False,semantic_reviewed,reviews\revenue\source_read_manifest.json
revenue-forecast,assurance\unified_completion\receipts\CA-107\00_wu_card.md,C:\Users\郑曾波\Projects\revenue-forecast\assurance\unified_completion\receipts\CA-107\00_wu_card.md,historical_plan_or_evidence,aab75b8888b317ce8fd85b96bdf58015a68d3f7a0d1e274ed15c9a7ff03a84a8,aab75b8888b317ce8fd85b96bdf58015a68d3f7a0d1e274ed15c9a7ff03a84a8,False,semantic_reviewed,reviews\revenue\source_read_manifest.json
revenue-forecast,assurance\unified_completion\receipts\CA-107\red\RED.md,C:\Users\郑曾波\Projects\revenue-forecast\assurance\unified_completion\receipts\CA-107\red\RED.md,historical_plan_or_evidence,ecf6eec79d4a2dd2c4294e2863fd6b3d3f025b7a56d4389c45c96f727939c936,ecf6eec79d4a2dd2c4294e2863fd6b3d3f025b7a56d4389c45c96f727939c936,False,semantic_reviewed,reviews\revenue\source_read_manifest.json
revenue-forecast,assurance\unified_completion\receipts\CA-108\00_wu_card.md,C:\Users\郑曾波\Projects\revenue-forecast\assurance\unified_completion\receipts\CA-108\00_wu_card.md,historical_plan_or_evidence,ec079e9931cbd726df1c34fc898ce5935d81ee0566fcb506c1b3ff80f6f8422f,ec079e9931cbd726df1c34fc898ce5935d81ee0566fcb506c1b3ff80f6f8422f,False,semantic_reviewed,reviews\revenue\source_read_manifest.json
revenue-forecast,assurance\unified_completion\receipts\CA-108\red\RED.md,C:\Users\郑曾波\Projects\revenue-forecast\assurance\unified_completion\receipts\CA-108\red\RED.md,historical_plan_or_evidence,758c08f027f97971fabdeb78b5331e55486f6c60577d1f21a1aaeb5738451366,758c08f027f97971fabdeb78b5331e55486f6c60577d1f21a1aaeb5738451366,False,semantic_reviewed,reviews\revenue\source_read_manifest.json
revenue-forecast,assurance\unified_completion\receipts\CA-109\00_wu_card.md,C:\Users\郑曾波\Projects\revenue-forecast\assurance\unified_completion\receipts\CA-109\00_wu_card.md,historical_plan_or_evidence,360c2200299f583ab72bb37d5debd839fd9d6e3b0c9db56ac60e194c5abde07b,360c2200299f583ab72bb37d5debd839fd9d6e3b0c9db56ac60e194c5abde07b,False,semantic_reviewed,reviews\revenue\source_read_manifest.json
revenue-forecast,assurance\unified_completion\receipts\CA-109\red\RED.md,C:\Users\郑曾波\Projects\revenue-forecast\assurance\unified_completion\receipts\CA-109\red\RED.md,historical_plan_or_evidence,c8e2a59bb2e6c97cb6696c5bbc2808197bf20950555eed99ddf026c5c16cec8a,c8e2a59bb2e6c97cb6696c5bbc2808197bf20950555eed99ddf026c5c16cec8a,False,semantic_reviewed,reviews\revenue\source_read_manifest.json
revenue-forecast,assurance\unified_completion\receipts\CA-201\00_wu_card.md,C:\Users\郑曾波\Projects\revenue-forecast\assurance\unified_completion\receipts\CA-201\00_wu_card.md,historical_plan_or_evidence,5677438914f47f50d89a60fb1f76f05b9327d39316ce37a1292ee726113bf6a2,5677438914f47f50d89a60fb1f76f05b9327d39316ce37a1292ee726113bf6a2,False,semantic_reviewed,reviews\revenue\source_read_manifest.json
revenue-forecast,assurance\unified_completion\receipts\CA-201\red\RED.md,C:\Users\郑曾波\Projects\revenue-forecast\assurance\unified_completion\receipts\CA-201\red\RED.md,historical_plan_or_evidence,111d05b535ba2d4a6bc851dc921cb45f1ec4cf1f838d197a0bced65a18c43f87,111d05b535ba2d4a6bc851dc921cb45f1ec4cf1f838d197a0bced65a18c43f87,False,semantic_reviewed,reviews\revenue\source_read_manifest.json
revenue-forecast,assurance\unified_completion\receipts\CA-202\00_wu_card.md,C:\Users\郑曾波\Projects\revenue-forecast\assurance\unified_completion\receipts\CA-202\00_wu_card.md,historical_plan_or_evidence,27a4206b61451cdf840912357cb8b851b60b4a2b1aa2a131b2ecf5a29409f7f4,27a4206b61451cdf840912357cb8b851b60b4a2b1aa2a131b2ecf5a29409f7f4,False,semantic_reviewed,reviews\revenue\source_read_manifest.json
revenue-forecast,assurance\unified_completion\receipts\CA-202\red\RED.md,C:\Users\郑曾波\Projects\revenue-forecast\assurance\unified_completion\receipts\CA-202\red\RED.md,historical_plan_or_evidence,fc9969edf350f4f3a04ca084fe8b9e8f395761ee07869aabc2ad19c2795545e8,fc9969edf350f4f3a04ca084fe8b9e8f395761ee07869aabc2ad19c2795545e8,False,semantic_reviewed,reviews\revenue\source_read_manifest.json
revenue-forecast,assurance\unified_completion\receipts\CA-203\00_wu_card.md,C:\Users\郑曾波\Projects\revenue-forecast\assurance\unified_completion\receipts\CA-203\00_wu_card.md,historical_plan_or_evidence,6f827d6477bf99226f903175a8551940fb9614e5aaf1f186e94c84c6759f2a53,6f827d6477bf99226f903175a8551940fb9614e5aaf1f186e94c84c6759f2a53,False,semantic_reviewed,reviews\revenue\source_read_manifest.json
revenue-forecast,assurance\unified_completion\receipts\CA-203\red\RED.md,C:\Users\郑曾波\Projects\revenue-forecast\assurance\unified_completion\receipts\CA-203\red\RED.md,historical_plan_or_evidence,dab49a9631cb8ebb3fc2308ba512ce606fea95fcc9634d44b6c3b86135fb9fdc,dab49a9631cb8ebb3fc2308ba512ce606fea95fcc9634d44b6c3b86135fb9fdc,False,semantic_reviewed,reviews\revenue\source_read_manifest.json
revenue-forecast,assurance\unified_completion\receipts\CA-204\00_wu_card.md,C:\Users\郑曾波\Projects\revenue-forecast\assurance\unified_completion\receipts\CA-204\00_wu_card.md,historical_plan_or_evidence,d09b3c6b99a3aaaeb06cb61feaf1ff53761c6c08d25798836b9c6d548be0dfb1,d09b3c6b99a3aaaeb06cb61feaf1ff53761c6c08d25798836b9c6d548be0dfb1,False,semantic_reviewed,reviews\revenue\source_read_manifest.json
revenue-forecast,assurance\unified_completion\receipts\CA-204\red\RED.md,C:\Users\郑曾波\Projects\revenue-forecast\assurance\unified_completion\receipts\CA-204\red\RED.md,historical_plan_or_evidence,0cc09cc9fe75d69ce625826119079dc3c3379390fb54f37a3dde323f9f3d5048,0cc09cc9fe75d69ce625826119079dc3c3379390fb54f37a3dde323f9f3d5048,False,semantic_reviewed,reviews\revenue\source_read_manifest.json
revenue-forecast,assurance\unified_completion\receipts\CA-205\00_wu_card.md,C:\Users\郑曾波\Projects\revenue-forecast\assurance\unified_completion\receipts\CA-205\00_wu_card.md,historical_plan_or_evidence,9a11d37f530d36759c44443ebc4c70a186d89dd9a87d5770fc1f5db721b401f9,9a11d37f530d36759c44443ebc4c70a186d89dd9a87d5770fc1f5db721b401f9,False,semantic_reviewed,reviews\revenue\source_read_manifest.json
revenue-forecast,assurance\unified_completion\receipts\CA-205\red\RED.md,C:\Users\郑曾波\Projects\revenue-forecast\assurance\unified_completion\receipts\CA-205\red\RED.md,historical_plan_or_evidence,2ac6a0971ec2a07db66bc8a66cfdcb64f309e27e663f9fa68455f78a80c73bc4,2ac6a0971ec2a07db66bc8a66cfdcb64f309e27e663f9fa68455f78a80c73bc4,False,semantic_reviewed,reviews\revenue\source_read_manifest.json
revenue-forecast,assurance\unified_completion\receipts\CA-206\00_wu_card.md,C:\Users\郑曾波\Projects\revenue-forecast\assurance\unified_completion\receipts\CA-206\00_wu_card.md,historical_plan_or_evidence,94c4edef625a8bcccaa478b04cd58f7b81874386cb04093348d15f87c0434cf6,94c4edef625a8bcccaa478b04cd58f7b81874386cb04093348d15f87c0434cf6,False,semantic_reviewed,reviews\revenue\source_read_manifest.json
revenue-forecast,assurance\unified_completion\receipts\CA-206\red\RED.md,C:\Users\郑曾波\Projects\revenue-forecast\assurance\unified_completion\receipts\CA-206\red\RED.md,historical_plan_or_evidence,86ecabcf3ee751f718cd870c09be637e34aad34670cc87d85e0177f9dc8084ae,86ecabcf3ee751f718cd870c09be637e34aad34670cc87d85e0177f9dc8084ae,False,semantic_reviewed,reviews\revenue\source_read_manifest.json
revenue-forecast,assurance\unified_completion\receipts\CA-301\00_wu_card.md,C:\Users\郑曾波\Projects\revenue-forecast\assurance\unified_completion\receipts\CA-301\00_wu_card.md,historical_plan_or_evidence,526550c99431b6411edc58f0b838af82d968c72cc26cc4cc297145aec5aa4d72,526550c99431b6411edc58f0b838af82d968c72cc26cc4cc297145aec5aa4d72,False,semantic_reviewed,reviews\revenue\source_read_manifest.json
revenue-forecast,assurance\unified_completion\receipts\CA-301\red\RED.md,C:\Users\郑曾波\Projects\revenue-forecast\assurance\unified_completion\receipts\CA-301\red\RED.md,historical_plan_or_evidence,ede82ef6691de80ad5a16c77ab6fb172b9b40420303b31d1ae678bfebc3393d3,ede82ef6691de80ad5a16c77ab6fb172b9b40420303b31d1ae678bfebc3393d3,False,semantic_reviewed,reviews\revenue\source_read_manifest.json
revenue-forecast,assurance\unified_completion\receipts\CA-302\00_wu_card.md,C:\Users\郑曾波\Projects\revenue-forecast\assurance\unified_completion\receipts\CA-302\00_wu_card.md,historical_plan_or_evidence,18272249e63d02284821d76d8a396c6b6cf576a208b825632a926f1e0a83a87e,18272249e63d02284821d76d8a396c6b6cf576a208b825632a926f1e0a83a87e,False,semantic_reviewed,reviews\revenue\source_read_manifest.json
revenue-forecast,assurance\unified_completion\receipts\CA-302\red\RED.md,C:\Users\郑曾波\Projects\revenue-forecast\assurance\unified_completion\receipts\CA-302\red\RED.md,historical_plan_or_evidence,f088607fa61b3caf402920259d9ceac81f8f96ce4f4b319cb3df6e06f95fa9f2,f088607fa61b3caf402920259d9ceac81f8f96ce4f4b319cb3df6e06f95fa9f2,False,semantic_reviewed,reviews\revenue\source_read_manifest.json
revenue-forecast,assurance\unified_completion\receipts\CA-303\00_wu_card.md,C:\Users\郑曾波\Projects\revenue-forecast\assurance\unified_completion\receipts\CA-303\00_wu_card.md,historical_plan_or_evidence,b60b328445388ca9ba012146a04882161f8aaa4e9c04889a7ea64b5fcae23055,b60b328445388ca9ba012146a04882161f8aaa4e9c04889a7ea64b5fcae23055,False,semantic_reviewed,reviews\revenue\source_read_manifest.json
revenue-forecast,assurance\unified_completion\receipts\CA-303\red\RED.md,C:\Users\郑曾波\Projects\revenue-forecast\assurance\unified_completion\receipts\CA-303\red\RED.md,historical_plan_or_evidence,fa5f4b245d10d6c4e75abed84801124d531d74a4b2abc0d264a592b5296d7793,fa5f4b245d10d6c4e75abed84801124d531d74a4b2abc0d264a592b5296d7793,False,semantic_reviewed,reviews\revenue\source_read_manifest.json
revenue-forecast,assurance\unified_completion\receipts\CA-304\00_wu_card.md,C:\Users\郑曾波\Projects\revenue-forecast\assurance\unified_completion\receipts\CA-304\00_wu_card.md,historical_plan_or_evidence,9857ec1abd6f05697f27e5f8a82c43c264b37258c436d3c54be240b0e9e5729a,9857ec1abd6f05697f27e5f8a82c43c264b37258c436d3c54be240b0e9e5729a,False,semantic_reviewed,reviews\revenue\source_read_manifest.json
revenue-forecast,assurance\unified_completion\receipts\CA-304\red\RED.md,C:\Users\郑曾波\Projects\revenue-forecast\assurance\unified_completion\receipts\CA-304\red\RED.md,historical_plan_or_evidence,a55b5e5032ad8557d930a1cf2441c0efd456dea2632d86a10f670509dd21d36f,a55b5e5032ad8557d930a1cf2441c0efd456dea2632d86a10f670509dd21d36f,False,semantic_reviewed,reviews\revenue\source_read_manifest.json
revenue-forecast,assurance\unified_completion\receipts\CA-305\00_wu_card.md,C:\Users\郑曾波\Projects\revenue-forecast\assurance\unified_completion\receipts\CA-305\00_wu_card.md,historical_plan_or_evidence,67727d5ddd270b603bd1e099cb86a1adf853d21082a219a8570753dcf81e7e43,67727d5ddd270b603bd1e099cb86a1adf853d21082a219a8570753dcf81e7e43,False,semantic_reviewed,reviews\revenue\source_read_manifest.json
revenue-forecast,assurance\unified_completion\receipts\CA-305\red\RED.md,C:\Users\郑曾波\Projects\revenue-forecast\assurance\unified_completion\receipts\CA-305\red\RED.md,historical_plan_or_evidence,57aee06c8a48067d6f7eaa096e6461791661784f705685f5d06c1acb85704e07,57aee06c8a48067d6f7eaa096e6461791661784f705685f5d06c1acb85704e07,False,semantic_reviewed,reviews\revenue\source_read_manifest.json
revenue-forecast,assurance\unified_completion\receipts\CA-306\00_wu_card.md,C:\Users\郑曾波\Projects\revenue-forecast\assurance\unified_completion\receipts\CA-306\00_wu_card.md,historical_plan_or_evidence,ee3f81c9126606ae6eb37c2cf1378751e504e2df50df13bdadaa987df932a1fd,ee3f81c9126606ae6eb37c2cf1378751e504e2df50df13bdadaa987df932a1fd,False,semantic_reviewed,reviews\revenue\source_read_manifest.json
revenue-forecast,assurance\unified_completion\receipts\CA-306\red\RED.md,C:\Users\郑曾波\Projects\revenue-forecast\assurance\unified_completion\receipts\CA-306\red\RED.md,historical_plan_or_evidence,9f6c49a05c9865e0beccdd74a40675a056dc627a59e988bf86a2adff8067611e,9f6c49a05c9865e0beccdd74a40675a056dc627a59e988bf86a2adff8067611e,False,semantic_reviewed,reviews\revenue\source_read_manifest.json
revenue-forecast,assurance\unified_completion\receipts\ZR-001\00_wu_card.md,C:\Users\郑曾波\Projects\revenue-forecast\assurance\unified_completion\receipts\ZR-001\00_wu_card.md,historical_plan_or_evidence,988ca54e13fe0462bfb566ae2f308cf8a9eece71eccd3ddee236e41d8a22ee99,988ca54e13fe0462bfb566ae2f308cf8a9eece71eccd3ddee236e41d8a22ee99,False,semantic_reviewed,reviews\revenue\source_read_manifest.json
revenue-forecast,assurance\unified_completion\receipts\ZR-002\00_wu_card.md,C:\Users\郑曾波\Projects\revenue-forecast\assurance\unified_completion\receipts\ZR-002\00_wu_card.md,historical_plan_or_evidence,a3a80732054d25ce3178456d86f91b95913c339a7ccb5535474f9f36106160cd,a3a80732054d25ce3178456d86f91b95913c339a7ccb5535474f9f36106160cd,False,semantic_reviewed,reviews\revenue\source_read_manifest.json
revenue-forecast,assurance\unified_completion\receipts\ZR-003\00_wu_card.md,C:\Users\郑曾波\Projects\revenue-forecast\assurance\unified_completion\receipts\ZR-003\00_wu_card.md,historical_plan_or_evidence,0b987260a8d46068c6ba74e74f8b85e3c98344317fc6da25337f2d52f0cc8182,0b987260a8d46068c6ba74e74f8b85e3c98344317fc6da25337f2d52f0cc8182,False,semantic_reviewed,reviews\revenue\source_read_manifest.json
revenue-forecast,assurance\unified_completion\receipts\ZR-004\00_wu_card.md,C:\Users\郑曾波\Projects\revenue-forecast\assurance\unified_completion\receipts\ZR-004\00_wu_card.md,historical_plan_or_evidence,7dc570c75bdf7234709db8f28179d6b9cfacf2e5c1951632c3070dea937ebf0a,7dc570c75bdf7234709db8f28179d6b9cfacf2e5c1951632c3070dea937ebf0a,False,semantic_reviewed,reviews\revenue\source_read_manifest.json
revenue-forecast,assurance\unified_completion\receipts\ZR-1001\00_wu_card.md,C:\Users\郑曾波\Projects\revenue-forecast\assurance\unified_completion\receipts\ZR-1001\00_wu_card.md,historical_plan_or_evidence,bedb0fa2fe786ae31e318d50e52590844d6ae5527bdbe26d7087734e0ef1fbbb,bedb0fa2fe786ae31e318d50e52590844d6ae5527bdbe26d7087734e0ef1fbbb,False,semantic_reviewed,reviews\revenue\source_read_manifest.json
revenue-forecast,assurance\unified_completion\receipts\ZR-1001\red\RED.md,C:\Users\郑曾波\Projects\revenue-forecast\assurance\unified_completion\receipts\ZR-1001\red\RED.md,historical_plan_or_evidence,12b65d19aab994ef42bb46093113e6359f22ea97d039c603766be3b65ee9198e,12b65d19aab994ef42bb46093113e6359f22ea97d039c603766be3b65ee9198e,False,semantic_reviewed,reviews\revenue\source_read_manifest.json
revenue-forecast,assurance\unified_completion\receipts\ZR-1002\00_wu_card.md,C:\Users\郑曾波\Projects\revenue-forecast\assurance\unified_completion\receipts\ZR-1002\00_wu_card.md,historical_plan_or_evidence,6e7d56e41f5cf70f768271f0fa5aafb7570479719946f40e559816c27972456d,6e7d56e41f5cf70f768271f0fa5aafb7570479719946f40e559816c27972456d,False,semantic_reviewed,reviews\revenue\source_read_manifest.json
revenue-forecast,assurance\unified_completion\receipts\ZR-1002\red\RED.md,C:\Users\郑曾波\Projects\revenue-forecast\assurance\unified_completion\receipts\ZR-1002\red\RED.md,historical_plan_or_evidence,3c06bf6dd782b2844af17cd31039bfba2bcd010c39455a4a30d991d5c48a3761,3c06bf6dd782b2844af17cd31039bfba2bcd010c39455a4a30d991d5c48a3761,False,semantic_reviewed,reviews\revenue\source_read_manifest.json
revenue-forecast,assurance\unified_completion\receipts\ZR-1003\00_wu_card.md,C:\Users\郑曾波\Projects\revenue-forecast\assurance\unified_completion\receipts\ZR-1003\00_wu_card.md,historical_plan_or_evidence,29b6a14df653a5faf5dbb3d1dc3769aece93fa4dd7e9334a20d0e9de6e97a04a,29b6a14df653a5faf5dbb3d1dc3769aece93fa4dd7e9334a20d0e9de6e97a04a,False,semantic_reviewed,reviews\revenue\source_read_manifest.json
revenue-forecast,assurance\unified_completion\receipts\ZR-1003\red\RED.md,C:\Users\郑曾波\Projects\revenue-forecast\assurance\unified_completion\receipts\ZR-1003\red\RED.md,historical_plan_or_evidence,38030e821c9f2c0f1ec34b4ce7cc1c75580d3a3ab367ced70c902acaf44ade57,38030e821c9f2c0f1ec34b4ce7cc1c75580d3a3ab367ced70c902acaf44ade57,False,semantic_reviewed,reviews\revenue\source_read_manifest.json
revenue-forecast,assurance\unified_completion\receipts\ZR-1004\00_wu_card.md,C:\Users\郑曾波\Projects\revenue-forecast\assurance\unified_completion\receipts\ZR-1004\00_wu_card.md,historical_plan_or_evidence,4680dc51f1a3482137c0e9c5e72469fb5fb48dac00c3df4cbbc92b4622025b9d,4680dc51f1a3482137c0e9c5e72469fb5fb48dac00c3df4cbbc92b4622025b9d,False,semantic_reviewed,reviews\revenue\source_read_manifest.json
revenue-forecast,assurance\unified_completion\receipts\ZR-1004\red\RED.md,C:\Users\郑曾波\Projects\revenue-forecast\assurance\unified_completion\receipts\ZR-1004\red\RED.md,historical_plan_or_evidence,71321442886b0657d765ae98e82a417e4581a8fbe15087d0c0585925c36b3319,71321442886b0657d765ae98e82a417e4581a8fbe15087d0c0585925c36b3319,False,semantic_reviewed,reviews\revenue\source_read_manifest.json
revenue-forecast,assurance\unified_completion\receipts\ZR-1005\00_wu_card.md,C:\Users\郑曾波\Projects\revenue-forecast\assurance\unified_completion\receipts\ZR-1005\00_wu_card.md,historical_plan_or_evidence,a42569aaefa37c623e8297b32e54d5ad3f0caeab3d2860aa51cb250c302ced39,a42569aaefa37c623e8297b32e54d5ad3f0caeab3d2860aa51cb250c302ced39,False,semantic_reviewed,reviews\revenue\source_read_manifest.json
revenue-forecast,assurance\unified_completion\receipts\ZR-1005\red\RED.md,C:\Users\郑曾波\Projects\revenue-forecast\assurance\unified_completion\receipts\ZR-1005\red\RED.md,historical_plan_or_evidence,0c38808e411561ce5f6fbc7fe3b14b85d1c99388ff7ffafd66b95251b95a2b6b,0c38808e411561ce5f6fbc7fe3b14b85d1c99388ff7ffafd66b95251b95a2b6b,False,semantic_reviewed,reviews\revenue\source_read_manifest.json
revenue-forecast,assurance\unified_completion\receipts\ZR-1006\00_wu_card.md,C:\Users\郑曾波\Projects\revenue-forecast\assurance\unified_completion\receipts\ZR-1006\00_wu_card.md,historical_plan_or_evidence,496b41b6fbcedd2436888ec260f29ad9bfc0e235b2cb289d41f207926286f30c,496b41b6fbcedd2436888ec260f29ad9bfc0e235b2cb289d41f207926286f30c,False,semantic_reviewed,reviews\revenue\source_read_manifest.json
revenue-forecast,assurance\unified_completion\receipts\ZR-1006\red\RED.md,C:\Users\郑曾波\Projects\revenue-forecast\assurance\unified_completion\receipts\ZR-1006\red\RED.md,historical_plan_or_evidence,46a5195a138e697590d7e0a5c09d6a60a7cb3b47f80cb459d0178d8c418bbaa1,46a5195a138e697590d7e0a5c09d6a60a7cb3b47f80cb459d0178d8c418bbaa1,False,semantic_reviewed,reviews\revenue\source_read_manifest.json
revenue-forecast,assurance\unified_completion\receipts\ZR-1007\00_wu_card.md,C:\Users\郑曾波\Projects\revenue-forecast\assurance\unified_completion\receipts\ZR-1007\00_wu_card.md,historical_plan_or_evidence,aee934afa723058e4384174f65606897b8822cb0d771aff66b521b0885591966,aee934afa723058e4384174f65606897b8822cb0d771aff66b521b0885591966,False,semantic_reviewed,reviews\revenue\source_read_manifest.json
revenue-forecast,assurance\unified_completion\receipts\ZR-1007\red\RED.md,C:\Users\郑曾波\Projects\revenue-forecast\assurance\unified_completion\receipts\ZR-1007\red\RED.md,historical_plan_or_evidence,3db01cc4b91ff94d654f0ce7ad1bbfee32037c0060e265e36fb4ee80cbc4cf79,3db01cc4b91ff94d654f0ce7ad1bbfee32037c0060e265e36fb4ee80cbc4cf79,False,semantic_reviewed,reviews\revenue\source_read_manifest.json
revenue-forecast,assurance\unified_completion\receipts\ZR-1008\00_wu_card.md,C:\Users\郑曾波\Projects\revenue-forecast\assurance\unified_completion\receipts\ZR-1008\00_wu_card.md,historical_plan_or_evidence,dbad8263ee68b2e84f4003cee07c42bef69594d66412a00ed9dce4976d4838aa,dbad8263ee68b2e84f4003cee07c42bef69594d66412a00ed9dce4976d4838aa,False,semantic_reviewed,reviews\revenue\source_read_manifest.json
revenue-forecast,assurance\unified_completion\receipts\ZR-1008\red\RED.md,C:\Users\郑曾波\Projects\revenue-forecast\assurance\unified_completion\receipts\ZR-1008\red\RED.md,historical_plan_or_evidence,4cdf2981565340b2564dfe996580041df18e21c12ea4569522f38e4349b51e23,4cdf2981565340b2564dfe996580041df18e21c12ea4569522f38e4349b51e23,False,semantic_reviewed,reviews\revenue\source_read_manifest.json
revenue-forecast,assurance\unified_completion\receipts\ZR-1009\00_wu_card.md,C:\Users\郑曾波\Projects\revenue-forecast\assurance\unified_completion\receipts\ZR-1009\00_wu_card.md,historical_plan_or_evidence,30d58b2ab55554e46b0d90c89dcf57934b57e970ed01318a7aa4f7754b49544f,30d58b2ab55554e46b0d90c89dcf57934b57e970ed01318a7aa4f7754b49544f,False,semantic_reviewed,reviews\revenue\source_read_manifest.json
revenue-forecast,assurance\unified_completion\receipts\ZR-1009\red\RED.md,C:\Users\郑曾波\Projects\revenue-forecast\assurance\unified_completion\receipts\ZR-1009\red\RED.md,historical_plan_or_evidence,4316e0c847cbe0055beec46f0ee9ba9e8f44d90ffcc86b0c48a5eed6e8b99a43,4316e0c847cbe0055beec46f0ee9ba9e8f44d90ffcc86b0c48a5eed6e8b99a43,False,semantic_reviewed,reviews\revenue\source_read_manifest.json
revenue-forecast,assurance\unified_completion\receipts\ZR-101\00_wu_card.md,C:\Users\郑曾波\Projects\revenue-forecast\assurance\unified_completion\receipts\ZR-101\00_wu_card.md,historical_plan_or_evidence,a12b82baafb7cc0a84713c88eaed5e58269b460e3b2692549f425be0ee84f52a,a12b82baafb7cc0a84713c88eaed5e58269b460e3b2692549f425be0ee84f52a,False,semantic_reviewed,reviews\revenue\source_read_manifest.json
revenue-forecast,assurance\unified_completion\receipts\ZR-102\00_wu_card.md,C:\Users\郑曾波\Projects\revenue-forecast\assurance\unified_completion\receipts\ZR-102\00_wu_card.md,historical_plan_or_evidence,2d760ca2b4f221a58307f9126f2442b6f72f628c0b62ce4d6608c83910eef673,2d760ca2b4f221a58307f9126f2442b6f72f628c0b62ce4d6608c83910eef673,False,semantic_reviewed,reviews\revenue\source_read_manifest.json
revenue-forecast,assurance\unified_completion\receipts\ZR-103\00_wu_card.md,C:\Users\郑曾波\Projects\revenue-forecast\assurance\unified_completion\receipts\ZR-103\00_wu_card.md,historical_plan_or_evidence,f169faa324b69254e0c4aff29be77938ad0f259c66cbd5839a6a681fb7a0f9ba,f169faa324b69254e0c4aff29be77938ad0f259c66cbd5839a6a681fb7a0f9ba,False,semantic_reviewed,reviews\revenue\source_read_manifest.json
revenue-forecast,assurance\unified_completion\receipts\ZR-104\00_wu_card.md,C:\Users\郑曾波\Projects\revenue-forecast\assurance\unified_completion\receipts\ZR-104\00_wu_card.md,historical_plan_or_evidence,3b9146b7972d904475df4959fd918ec96df90ee3a98f1a80fa8aac44f43dc6a8,3b9146b7972d904475df4959fd918ec96df90ee3a98f1a80fa8aac44f43dc6a8,False,semantic_reviewed,reviews\revenue\source_read_manifest.json
revenue-forecast,assurance\unified_completion\receipts\ZR-105\00_wu_card.md,C:\Users\郑曾波\Projects\revenue-forecast\assurance\unified_completion\receipts\ZR-105\00_wu_card.md,historical_plan_or_evidence,37c2a2df295f6332c5ddc911fac47af2272a41ed18196c44beb6a47f864e95d8,37c2a2df295f6332c5ddc911fac47af2272a41ed18196c44beb6a47f864e95d8,False,semantic_reviewed,reviews\revenue\source_read_manifest.json
revenue-forecast,assurance\unified_completion\receipts\ZR-1101\00_wu_card.md,C:\Users\郑曾波\Projects\revenue-forecast\assurance\unified_completion\receipts\ZR-1101\00_wu_card.md,historical_plan_or_evidence,31e1e45c3343204951608081f0f272fc623e0150d676f5130ed6828e286c7eae,31e1e45c3343204951608081f0f272fc623e0150d676f5130ed6828e286c7eae,False,semantic_reviewed,reviews\revenue\source_read_manifest.json
revenue-forecast,assurance\unified_completion\receipts\ZR-1101\red\RED.md,C:\Users\郑曾波\Projects\revenue-forecast\assurance\unified_completion\receipts\ZR-1101\red\RED.md,historical_plan_or_evidence,928e29a96f878cf689cab55af2cba9ec62afefb8532d08cc976b756dc20cd6b9,928e29a96f878cf689cab55af2cba9ec62afefb8532d08cc976b756dc20cd6b9,False,semantic_reviewed,reviews\revenue\source_read_manifest.json
revenue-forecast,assurance\unified_completion\receipts\ZR-1102\00_wu_card.md,C:\Users\郑曾波\Projects\revenue-forecast\assurance\unified_completion\receipts\ZR-1102\00_wu_card.md,historical_plan_or_evidence,cfab543d3a6f89441b89ef6facfa31a4aa46e7860043aa63d16ea1433ca074d3,cfab543d3a6f89441b89ef6facfa31a4aa46e7860043aa63d16ea1433ca074d3,False,semantic_reviewed,reviews\revenue\source_read_manifest.json
revenue-forecast,assurance\unified_completion\receipts\ZR-1102\red\RED.md,C:\Users\郑曾波\Projects\revenue-forecast\assurance\unified_completion\receipts\ZR-1102\red\RED.md,historical_plan_or_evidence,3824069942e0b24643879aaf10cd580561e3cd91cfaa9f6d985c379f5e254672,3824069942e0b24643879aaf10cd580561e3cd91cfaa9f6d985c379f5e254672,False,semantic_reviewed,reviews\revenue\source_read_manifest.json
revenue-forecast,assurance\unified_completion\receipts\ZR-1103\00_wu_card.md,C:\Users\郑曾波\Projects\revenue-forecast\assurance\unified_completion\receipts\ZR-1103\00_wu_card.md,historical_plan_or_evidence,31dc32384a3b43e2531eb71445b53a25ae832374592cac3159d97eb26056eb3e,31dc32384a3b43e2531eb71445b53a25ae832374592cac3159d97eb26056eb3e,False,semantic_reviewed,reviews\revenue\source_read_manifest.json
revenue-forecast,assurance\unified_completion\receipts\ZR-1103\red\RED.md,C:\Users\郑曾波\Projects\revenue-forecast\assurance\unified_completion\receipts\ZR-1103\red\RED.md,historical_plan_or_evidence,f964e8d0706e88b573f977818c98bdc30e3d33d555c824a06fcf1209d37412ec,f964e8d0706e88b573f977818c98bdc30e3d33d555c824a06fcf1209d37412ec,False,semantic_reviewed,reviews\revenue\source_read_manifest.json
revenue-forecast,assurance\unified_completion\receipts\ZR-1104\00_wu_card.md,C:\Users\郑曾波\Projects\revenue-forecast\assurance\unified_completion\receipts\ZR-1104\00_wu_card.md,historical_plan_or_evidence,9721e9b8f566882f78d0efd7841eb6139f06813266b65098bdd4957e76fce152,9721e9b8f566882f78d0efd7841eb6139f06813266b65098bdd4957e76fce152,False,semantic_reviewed,reviews\revenue\source_read_manifest.json
revenue-forecast,assurance\unified_completion\receipts\ZR-1104\red\RED.md,C:\Users\郑曾波\Projects\revenue-forecast\assurance\unified_completion\receipts\ZR-1104\red\RED.md,historical_plan_or_evidence,d3c54b7eb360de1d077b605ea307060ef99cf74e15e55f3a7912e3e44121f3f1,d3c54b7eb360de1d077b605ea307060ef99cf74e15e55f3a7912e3e44121f3f1,False,semantic_reviewed,reviews\revenue\source_read_manifest.json
revenue-forecast,assurance\unified_completion\receipts\ZR-1105\00_wu_card.md,C:\Users\郑曾波\Projects\revenue-forecast\assurance\unified_completion\receipts\ZR-1105\00_wu_card.md,historical_plan_or_evidence,7c5e89ccf60f22d67f76dda83fbb20d648ad4499364bcbc4cd0451ddd5caae09,7c5e89ccf60f22d67f76dda83fbb20d648ad4499364bcbc4cd0451ddd5caae09,False,semantic_reviewed,reviews\revenue\source_read_manifest.json
revenue-forecast,assurance\unified_completion\receipts\ZR-1105\red\RED.md,C:\Users\郑曾波\Projects\revenue-forecast\assurance\unified_completion\receipts\ZR-1105\red\RED.md,historical_plan_or_evidence,701b7e2b3892286588cbc236d97c67506283d988fc354731339ed1fafe13adf7,701b7e2b3892286588cbc236d97c67506283d988fc354731339ed1fafe13adf7,False,semantic_reviewed,reviews\revenue\source_read_manifest.json
revenue-forecast,assurance\unified_completion\receipts\ZR-201\00_wu_card.md,C:\Users\郑曾波\Projects\revenue-forecast\assurance\unified_completion\receipts\ZR-201\00_wu_card.md,historical_plan_or_evidence,da24b16e1ac3302519f7f6e3e56857ab10f6d6f1c37c952e1c6ba7bf5f4d9997,da24b16e1ac3302519f7f6e3e56857ab10f6d6f1c37c952e1c6ba7bf5f4d9997,False,semantic_reviewed,reviews\revenue\source_read_manifest.json
revenue-forecast,assurance\unified_completion\receipts\ZR-202\00_wu_card.md,C:\Users\郑曾波\Projects\revenue-forecast\assurance\unified_completion\receipts\ZR-202\00_wu_card.md,historical_plan_or_evidence,721250c6622de4bd8941c8b9a5a7818e03efe85fdae3d933e44b86f3a4cd98ec,721250c6622de4bd8941c8b9a5a7818e03efe85fdae3d933e44b86f3a4cd98ec,False,semantic_reviewed,reviews\revenue\source_read_manifest.json
revenue-forecast,assurance\unified_completion\receipts\ZR-203\00_wu_card.md,C:\Users\郑曾波\Projects\revenue-forecast\assurance\unified_completion\receipts\ZR-203\00_wu_card.md,historical_plan_or_evidence,136a8301075a5815d92777f78d8a9df1859c36050723717c700c7ac72ab8e097,136a8301075a5815d92777f78d8a9df1859c36050723717c700c7ac72ab8e097,False,semantic_reviewed,reviews\revenue\source_read_manifest.json
revenue-forecast,assurance\unified_completion\receipts\ZR-204\00_wu_card.md,C:\Users\郑曾波\Projects\revenue-forecast\assurance\unified_completion\receipts\ZR-204\00_wu_card.md,historical_plan_or_evidence,cdd9534f23274cdec6e63c3ddf523506a325fbae3566a8bc7fec68d9f2952ec6,cdd9534f23274cdec6e63c3ddf523506a325fbae3566a8bc7fec68d9f2952ec6,False,semantic_reviewed,reviews\revenue\source_read_manifest.json
revenue-forecast,assurance\unified_completion\receipts\ZR-205\00_wu_card.md,C:\Users\郑曾波\Projects\revenue-forecast\assurance\unified_completion\receipts\ZR-205\00_wu_card.md,historical_plan_or_evidence,ad511dd4b9c0029a980b63c6560ca7996bd33651037d1da3e28bcfe8cd1bd9d4,ad511dd4b9c0029a980b63c6560ca7996bd33651037d1da3e28bcfe8cd1bd9d4,False,semantic_reviewed,reviews\revenue\source_read_manifest.json
revenue-forecast,assurance\unified_completion\receipts\ZR-206\00_wu_card.md,C:\Users\郑曾波\Projects\revenue-forecast\assurance\unified_completion\receipts\ZR-206\00_wu_card.md,historical_plan_or_evidence,f58d188def6d9933302f2cf66454de1455e28491d46ab6b5174350e19648b435,f58d188def6d9933302f2cf66454de1455e28491d46ab6b5174350e19648b435,False,semantic_reviewed,reviews\revenue\source_read_manifest.json
revenue-forecast,assurance\unified_completion\receipts\ZR-301\00_wu_card.md,C:\Users\郑曾波\Projects\revenue-forecast\assurance\unified_completion\receipts\ZR-301\00_wu_card.md,historical_plan_or_evidence,bdd085ee2381ca506541977a9c719fe3dfb1f92ef0bfea2bde5792caf0fea533,bdd085ee2381ca506541977a9c719fe3dfb1f92ef0bfea2bde5792caf0fea533,False,semantic_reviewed,reviews\revenue\source_read_manifest.json
revenue-forecast,assurance\unified_completion\receipts\ZR-302\00_wu_card.md,C:\Users\郑曾波\Projects\revenue-forecast\assurance\unified_completion\receipts\ZR-302\00_wu_card.md,historical_plan_or_evidence,bdfa81d182d9474bec55cbb04e26d9629f1f3f7ab62aa193df8d902b10d38e4c,bdfa81d182d9474bec55cbb04e26d9629f1f3f7ab62aa193df8d902b10d38e4c,False,semantic_reviewed,reviews\revenue\source_read_manifest.json
revenue-forecast,assurance\unified_completion\receipts\ZR-303\00_wu_card.md,C:\Users\郑曾波\Projects\revenue-forecast\assurance\unified_completion\receipts\ZR-303\00_wu_card.md,historical_plan_or_evidence,9bbfbd09b5bb880ec32bcfb727663de63f98c733f3ee5a7ba996f114dab45a34,9bbfbd09b5bb880ec32bcfb727663de63f98c733f3ee5a7ba996f114dab45a34,False,semantic_reviewed,reviews\revenue\source_read_manifest.json
revenue-forecast,assurance\unified_completion\receipts\ZR-304\00_wu_card.md,C:\Users\郑曾波\Projects\revenue-forecast\assurance\unified_completion\receipts\ZR-304\00_wu_card.md,historical_plan_or_evidence,3982173eb96c828cdc0c8bb297e53d77add3c48d40c95de2a7c80e1c8a2230c9,3982173eb96c828cdc0c8bb297e53d77add3c48d40c95de2a7c80e1c8a2230c9,False,semantic_reviewed,reviews\revenue\source_read_manifest.json
revenue-forecast,assurance\unified_completion\receipts\ZR-305\00_wu_card.md,C:\Users\郑曾波\Projects\revenue-forecast\assurance\unified_completion\receipts\ZR-305\00_wu_card.md,historical_plan_or_evidence,d4b86d91293c1df89fa6190266ddbf96cb9937b92128bc5df39ee924f2f571eb,d4b86d91293c1df89fa6190266ddbf96cb9937b92128bc5df39ee924f2f571eb,False,semantic_reviewed,reviews\revenue\source_read_manifest.json
revenue-forecast,assurance\unified_completion\receipts\ZR-306\00_wu_card.md,C:\Users\郑曾波\Projects\revenue-forecast\assurance\unified_completion\receipts\ZR-306\00_wu_card.md,historical_plan_or_evidence,981721cb241e0473acd9a067be27f42388dcc65451951527386942d903d29c48,981721cb241e0473acd9a067be27f42388dcc65451951527386942d903d29c48,False,semantic_reviewed,reviews\revenue\source_read_manifest.json
revenue-forecast,assurance\unified_completion\receipts\ZR-307\00_wu_card.md,C:\Users\郑曾波\Projects\revenue-forecast\assurance\unified_completion\receipts\ZR-307\00_wu_card.md,historical_plan_or_evidence,57f2548f6319c9d92005076bedfffaedc3303b04c94b4dc8eb3a5e992161b014,57f2548f6319c9d92005076bedfffaedc3303b04c94b4dc8eb3a5e992161b014,False,semantic_reviewed,reviews\revenue\source_read_manifest.json
revenue-forecast,assurance\unified_completion\receipts\ZR-401\00_wu_card.md,C:\Users\郑曾波\Projects\revenue-forecast\assurance\unified_completion\receipts\ZR-401\00_wu_card.md,historical_plan_or_evidence,4d36301fcd01397c78b472bdf6bb9d5c3c951ca9427a85407dc775a716bad919,4d36301fcd01397c78b472bdf6bb9d5c3c951ca9427a85407dc775a716bad919,False,semantic_reviewed,reviews\revenue\source_read_manifest.json
revenue-forecast,assurance\unified_completion\receipts\ZR-402\00_wu_card.md,C:\Users\郑曾波\Projects\revenue-forecast\assurance\unified_completion\receipts\ZR-402\00_wu_card.md,historical_plan_or_evidence,524a5161ebf6aaf99990c3175f6447f5bfbe51e680b01969bbc498049bb07167,524a5161ebf6aaf99990c3175f6447f5bfbe51e680b01969bbc498049bb07167,False,semantic_reviewed,reviews\revenue\source_read_manifest.json
revenue-forecast,assurance\unified_completion\receipts\ZR-403\00_wu_card.md,C:\Users\郑曾波\Projects\revenue-forecast\assurance\unified_completion\receipts\ZR-403\00_wu_card.md,historical_plan_or_evidence,45643d556d24ca07e501207fa15e73be6641c44d85c24f9c07a356a8cd14385b,45643d556d24ca07e501207fa15e73be6641c44d85c24f9c07a356a8cd14385b,False,semantic_reviewed,reviews\revenue\source_read_manifest.json
revenue-forecast,assurance\unified_completion\receipts\ZR-404\00_wu_card.md,C:\Users\郑曾波\Projects\revenue-forecast\assurance\unified_completion\receipts\ZR-404\00_wu_card.md,historical_plan_or_evidence,f1876885415cc21d57da7a4d1d8041609d4f38da429e1e4f424e7d18114c0d95,f1876885415cc21d57da7a4d1d8041609d4f38da429e1e4f424e7d18114c0d95,False,semantic_reviewed,reviews\revenue\source_read_manifest.json
revenue-forecast,assurance\unified_completion\receipts\ZR-405\00_wu_card.md,C:\Users\郑曾波\Projects\revenue-forecast\assurance\unified_completion\receipts\ZR-405\00_wu_card.md,historical_plan_or_evidence,d9fce0d6feff86cfd895e3a2fef9f614d2ca5b414c64543e4f8f8d87fc7f2a6d,d9fce0d6feff86cfd895e3a2fef9f614d2ca5b414c64543e4f8f8d87fc7f2a6d,False,semantic_reviewed,reviews\revenue\source_read_manifest.json
revenue-forecast,assurance\unified_completion\receipts\ZR-406\00_wu_card.md,C:\Users\郑曾波\Projects\revenue-forecast\assurance\unified_completion\receipts\ZR-406\00_wu_card.md,historical_plan_or_evidence,2a2dd7372d3aad529d5ea44a0486413cfed18e00237378f33b54a60c03198f13,2a2dd7372d3aad529d5ea44a0486413cfed18e00237378f33b54a60c03198f13,False,semantic_reviewed,reviews\revenue\source_read_manifest.json
revenue-forecast,assurance\unified_completion\receipts\ZR-407\00_wu_card.md,C:\Users\郑曾波\Projects\revenue-forecast\assurance\unified_completion\receipts\ZR-407\00_wu_card.md,historical_plan_or_evidence,72ead6167be728a0eeb20872cbeb97f1bd42ab5fc5de3024689709e6d75a9744,72ead6167be728a0eeb20872cbeb97f1bd42ab5fc5de3024689709e6d75a9744,False,semantic_reviewed,reviews\revenue\source_read_manifest.json
revenue-forecast,assurance\unified_completion\receipts\ZR-408\00_wu_card.md,C:\Users\郑曾波\Projects\revenue-forecast\assurance\unified_completion\receipts\ZR-408\00_wu_card.md,historical_plan_or_evidence,09e39b9e88ad535aad6c4b2eca261c6d59e01b876c54dddbdffa1f09273b83a3,09e39b9e88ad535aad6c4b2eca261c6d59e01b876c54dddbdffa1f09273b83a3,False,semantic_reviewed,reviews\revenue\source_read_manifest.json
revenue-forecast,assurance\unified_completion\receipts\ZR-409\00_wu_card.md,C:\Users\郑曾波\Projects\revenue-forecast\assurance\unified_completion\receipts\ZR-409\00_wu_card.md,historical_plan_or_evidence,20f14f60233b8a026d8604dc8a6f1222a52587399ae83cd09e17ea3c786271e5,20f14f60233b8a026d8604dc8a6f1222a52587399ae83cd09e17ea3c786271e5,False,semantic_reviewed,reviews\revenue\source_read_manifest.json
revenue-forecast,assurance\unified_completion\receipts\ZR-501\00_wu_card.md,C:\Users\郑曾波\Projects\revenue-forecast\assurance\unified_completion\receipts\ZR-501\00_wu_card.md,historical_plan_or_evidence,2abbdb37be03cacdf98d91e4e683192ad38e223d5f6ddd82be3619f094dcb6ec,2abbdb37be03cacdf98d91e4e683192ad38e223d5f6ddd82be3619f094dcb6ec,False,semantic_reviewed,reviews\revenue\source_read_manifest.json
revenue-forecast,assurance\unified_completion\receipts\ZR-502\00_wu_card.md,C:\Users\郑曾波\Projects\revenue-forecast\assurance\unified_completion\receipts\ZR-502\00_wu_card.md,historical_plan_or_evidence,baac61b5793738cfa7aa5cfc5a46664e4d63ab5ada6b778c8b8b949f36fe1554,baac61b5793738cfa7aa5cfc5a46664e4d63ab5ada6b778c8b8b949f36fe1554,False,semantic_reviewed,reviews\revenue\source_read_manifest.json
revenue-forecast,assurance\unified_completion\receipts\ZR-503\00_wu_card.md,C:\Users\郑曾波\Projects\revenue-forecast\assurance\unified_completion\receipts\ZR-503\00_wu_card.md,historical_plan_or_evidence,636b27f9038ed94769b2cbc0deb501e6d82bb90569634d4ecd0a1289c1c91aba,636b27f9038ed94769b2cbc0deb501e6d82bb90569634d4ecd0a1289c1c91aba,False,semantic_reviewed,reviews\revenue\source_read_manifest.json
revenue-forecast,assurance\unified_completion\receipts\ZR-503\red\RED.md,C:\Users\郑曾波\Projects\revenue-forecast\assurance\unified_completion\receipts\ZR-503\red\RED.md,historical_plan_or_evidence,00ce7ad7f499e3285f1748392967abb85f223b551d0557a7bdf098fe0748c9cd,00ce7ad7f499e3285f1748392967abb85f223b551d0557a7bdf098fe0748c9cd,False,semantic_reviewed,reviews\revenue\source_read_manifest.json
revenue-forecast,assurance\unified_completion\receipts\ZR-504\00_wu_card.md,C:\Users\郑曾波\Projects\revenue-forecast\assurance\unified_completion\receipts\ZR-504\00_wu_card.md,historical_plan_or_evidence,5a0fc23770b14747d8ef0f19ba71873fef43ea65051ff624eaf68f7583c3c285,5a0fc23770b14747d8ef0f19ba71873fef43ea65051ff624eaf68f7583c3c285,False,semantic_reviewed,reviews\revenue\source_read_manifest.json
revenue-forecast,assurance\unified_completion\receipts\ZR-504\red\RED.md,C:\Users\郑曾波\Projects\revenue-forecast\assurance\unified_completion\receipts\ZR-504\red\RED.md,historical_plan_or_evidence,8a051bce0189f013b8890109f2a6bb5a0942f2f117d68d937b45094330b47d10,8a051bce0189f013b8890109f2a6bb5a0942f2f117d68d937b45094330b47d10,False,semantic_reviewed,reviews\revenue\source_read_manifest.json
revenue-forecast,assurance\unified_completion\receipts\ZR-505\00_wu_card.md,C:\Users\郑曾波\Projects\revenue-forecast\assurance\unified_completion\receipts\ZR-505\00_wu_card.md,historical_plan_or_evidence,0501db6356791a360e36be0447b328db0e27b23ee95d9c9a66c5dbbdd40cebc2,0501db6356791a360e36be0447b328db0e27b23ee95d9c9a66c5dbbdd40cebc2,False,semantic_reviewed,reviews\revenue\source_read_manifest.json
revenue-forecast,assurance\unified_completion\receipts\ZR-505\red\RED.md,C:\Users\郑曾波\Projects\revenue-forecast\assurance\unified_completion\receipts\ZR-505\red\RED.md,historical_plan_or_evidence,7f8e6fb09a1689c25ae9b161f40e6a0454d56af8eae1dc5d39a85aae8bc82521,7f8e6fb09a1689c25ae9b161f40e6a0454d56af8eae1dc5d39a85aae8bc82521,False,semantic_reviewed,reviews\revenue\source_read_manifest.json
revenue-forecast,assurance\unified_completion\receipts\ZR-506\00_wu_card.md,C:\Users\郑曾波\Projects\revenue-forecast\assurance\unified_completion\receipts\ZR-506\00_wu_card.md,historical_plan_or_evidence,1470fc6d1409d689e38acb6491c019078e66564c946e385af291ac82a152ec0a,1470fc6d1409d689e38acb6491c019078e66564c946e385af291ac82a152ec0a,False,semantic_reviewed,reviews\revenue\source_read_manifest.json
revenue-forecast,assurance\unified_completion\receipts\ZR-506\red\RED.md,C:\Users\郑曾波\Projects\revenue-forecast\assurance\unified_completion\receipts\ZR-506\red\RED.md,historical_plan_or_evidence,ec89b91bd3b5c89a8807aa786a69c769c01d6614960e7f9e789cb64779ea2366,ec89b91bd3b5c89a8807aa786a69c769c01d6614960e7f9e789cb64779ea2366,False,semantic_reviewed,reviews\revenue\source_read_manifest.json
revenue-forecast,assurance\unified_completion\receipts\ZR-507\00_wu_card.md,C:\Users\郑曾波\Projects\revenue-forecast\assurance\unified_completion\receipts\ZR-507\00_wu_card.md,historical_plan_or_evidence,5910494a641e1ff5cc8426f6b13bd5e1b009eadfe9c9c429861a9249816102a5,5910494a641e1ff5cc8426f6b13bd5e1b009eadfe9c9c429861a9249816102a5,False,semantic_reviewed,reviews\revenue\source_read_manifest.json
revenue-forecast,assurance\unified_completion\receipts\ZR-507\red\RED.md,C:\Users\郑曾波\Projects\revenue-forecast\assurance\unified_completion\receipts\ZR-507\red\RED.md,historical_plan_or_evidence,714fbb2c93b6a521557c2140e31822e5a8a215dab0d15e63b381522c83f1d3e4,714fbb2c93b6a521557c2140e31822e5a8a215dab0d15e63b381522c83f1d3e4,False,semantic_reviewed,reviews\revenue\source_read_manifest.json
revenue-forecast,assurance\unified_completion\receipts\ZR-508\00_wu_card.md,C:\Users\郑曾波\Projects\revenue-forecast\assurance\unified_completion\receipts\ZR-508\00_wu_card.md,historical_plan_or_evidence,90cdb8aaf1a3369cf286fc4238f5c4d79b5360a476c8d8e8fecfa4e8c7ac95f4,90cdb8aaf1a3369cf286fc4238f5c4d79b5360a476c8d8e8fecfa4e8c7ac95f4,False,semantic_reviewed,reviews\revenue\source_read_manifest.json
revenue-forecast,assurance\unified_completion\receipts\ZR-508\red\RED.md,C:\Users\郑曾波\Projects\revenue-forecast\assurance\unified_completion\receipts\ZR-508\red\RED.md,historical_plan_or_evidence,016f36c25c316e05189f33a0e9483a3a9efafabbada3d3d48dd97bbcc8e2f7c5,016f36c25c316e05189f33a0e9483a3a9efafabbada3d3d48dd97bbcc8e2f7c5,False,semantic_reviewed,reviews\revenue\source_read_manifest.json
revenue-forecast,assurance\unified_completion\receipts\ZR-509\00_wu_card.md,C:\Users\郑曾波\Projects\revenue-forecast\assurance\unified_completion\receipts\ZR-509\00_wu_card.md,historical_plan_or_evidence,d06426fd525fcb262b8a9985dd7c394bffbb9fffd8db2f4f3fa32e67546e6838,d06426fd525fcb262b8a9985dd7c394bffbb9fffd8db2f4f3fa32e67546e6838,False,semantic_reviewed,reviews\revenue\source_read_manifest.json
revenue-forecast,assurance\unified_completion\receipts\ZR-509\red\RED.md,C:\Users\郑曾波\Projects\revenue-forecast\assurance\unified_completion\receipts\ZR-509\red\RED.md,historical_plan_or_evidence,a7a5f893a82336931519a4bf5e6c78aba08d24077f7f6c77312c53b87f317855,a7a5f893a82336931519a4bf5e6c78aba08d24077f7f6c77312c53b87f317855,False,semantic_reviewed,reviews\revenue\source_read_manifest.json
revenue-forecast,assurance\unified_completion\receipts\ZR-510\00_wu_card.md,C:\Users\郑曾波\Projects\revenue-forecast\assurance\unified_completion\receipts\ZR-510\00_wu_card.md,historical_plan_or_evidence,2837bb62282a4f301ec8ea59261997deccb3f815df9e55beaa4a27f23d3b2c6f,2837bb62282a4f301ec8ea59261997deccb3f815df9e55beaa4a27f23d3b2c6f,False,semantic_reviewed,reviews\revenue\source_read_manifest.json
revenue-forecast,assurance\unified_completion\receipts\ZR-510\red\RED.md,C:\Users\郑曾波\Projects\revenue-forecast\assurance\unified_completion\receipts\ZR-510\red\RED.md,historical_plan_or_evidence,9e9b71597bfcd995ccd4d58bd7a7538f92179322929bc728af16610974acece8,9e9b71597bfcd995ccd4d58bd7a7538f92179322929bc728af16610974acece8,False,semantic_reviewed,reviews\revenue\source_read_manifest.json
revenue-forecast,assurance\unified_completion\receipts\ZR-601\00_wu_card.md,C:\Users\郑曾波\Projects\revenue-forecast\assurance\unified_completion\receipts\ZR-601\00_wu_card.md,historical_plan_or_evidence,030ff627341d53e1b1a5e555b655e9f82e2fd1719fbc9c25bbb5ed069d833f91,030ff627341d53e1b1a5e555b655e9f82e2fd1719fbc9c25bbb5ed069d833f91,False,semantic_reviewed,reviews\revenue\source_read_manifest.json
revenue-forecast,assurance\unified_completion\receipts\ZR-602\00_wu_card.md,C:\Users\郑曾波\Projects\revenue-forecast\assurance\unified_completion\receipts\ZR-602\00_wu_card.md,historical_plan_or_evidence,19e0e73f7acd66874c367b0a371b61bf414703855f296fab20ba85f8a13e039c,19e0e73f7acd66874c367b0a371b61bf414703855f296fab20ba85f8a13e039c,False,semantic_reviewed,reviews\revenue\source_read_manifest.json
revenue-forecast,assurance\unified_completion\receipts\ZR-602\red\RED.md,C:\Users\郑曾波\Projects\revenue-forecast\assurance\unified_completion\receipts\ZR-602\red\RED.md,historical_plan_or_evidence,143c208484b245ff32751093a2b3997a58b397cf4406aa6355b880b99e439991,143c208484b245ff32751093a2b3997a58b397cf4406aa6355b880b99e439991,False,semantic_reviewed,reviews\revenue\source_read_manifest.json
revenue-forecast,assurance\unified_completion\receipts\ZR-603\00_wu_card.md,C:\Users\郑曾波\Projects\revenue-forecast\assurance\unified_completion\receipts\ZR-603\00_wu_card.md,historical_plan_or_evidence,0a18baa8a1222836e6940cadb2bd13516b0f6ceb392a30cfbbcbd8588a822479,0a18baa8a1222836e6940cadb2bd13516b0f6ceb392a30cfbbcbd8588a822479,False,semantic_reviewed,reviews\revenue\source_read_manifest.json
revenue-forecast,assurance\unified_completion\receipts\ZR-603\red\RED.md,C:\Users\郑曾波\Projects\revenue-forecast\assurance\unified_completion\receipts\ZR-603\red\RED.md,historical_plan_or_evidence,aa58df4a993a00623e70b34112399e622638190ef2712b2039be3eb4fe8c1c76,aa58df4a993a00623e70b34112399e622638190ef2712b2039be3eb4fe8c1c76,False,semantic_reviewed,reviews\revenue\source_read_manifest.json
revenue-forecast,assurance\unified_completion\receipts\ZR-604\00_wu_card.md,C:\Users\郑曾波\Projects\revenue-forecast\assurance\unified_completion\receipts\ZR-604\00_wu_card.md,historical_plan_or_evidence,d9e3650bd3bce1c10ed256c65eb18d0d8e6ff5c7ebbd2334096a8f71428d8ac8,d9e3650bd3bce1c10ed256c65eb18d0d8e6ff5c7ebbd2334096a8f71428d8ac8,False,semantic_reviewed,reviews\revenue\source_read_manifest.json
revenue-forecast,assurance\unified_completion\receipts\ZR-604\red\RED.md,C:\Users\郑曾波\Projects\revenue-forecast\assurance\unified_completion\receipts\ZR-604\red\RED.md,historical_plan_or_evidence,34459d5b8e4b5be7c6df3f9a9b0f2041e4858c5b78e6e4183f234ac926dfb877,34459d5b8e4b5be7c6df3f9a9b0f2041e4858c5b78e6e4183f234ac926dfb877,False,semantic_reviewed,reviews\revenue\source_read_manifest.json
revenue-forecast,assurance\unified_completion\receipts\ZR-605\00_wu_card.md,C:\Users\郑曾波\Projects\revenue-forecast\assurance\unified_completion\receipts\ZR-605\00_wu_card.md,historical_plan_or_evidence,68ad399bb894007f1991b4e3eed043559190c579d4f54607a3acc17146a0e50a,68ad399bb894007f1991b4e3eed043559190c579d4f54607a3acc17146a0e50a,False,semantic_reviewed,reviews\revenue\source_read_manifest.json
revenue-forecast,assurance\unified_completion\receipts\ZR-605\red\RED.md,C:\Users\郑曾波\Projects\revenue-forecast\assurance\unified_completion\receipts\ZR-605\red\RED.md,historical_plan_or_evidence,5754e2de3fc61efb3e78af0e88ac45ce57413bd6da3b02243962916639167151,5754e2de3fc61efb3e78af0e88ac45ce57413bd6da3b02243962916639167151,False,semantic_reviewed,reviews\revenue\source_read_manifest.json
revenue-forecast,assurance\unified_completion\receipts\ZR-606\00_wu_card.md,C:\Users\郑曾波\Projects\revenue-forecast\assurance\unified_completion\receipts\ZR-606\00_wu_card.md,historical_plan_or_evidence,5cf7a0c81091b88a1e901823f498ce35506abb73ff4a0144a000ebae03d4250e,5cf7a0c81091b88a1e901823f498ce35506abb73ff4a0144a000ebae03d4250e,False,semantic_reviewed,reviews\revenue\source_read_manifest.json
revenue-forecast,assurance\unified_completion\receipts\ZR-606\red\RED.md,C:\Users\郑曾波\Projects\revenue-forecast\assurance\unified_completion\receipts\ZR-606\red\RED.md,historical_plan_or_evidence,9e1845fa9f892761893e2c6d1891c528aa06b972c670aac0f27397f4ffb9c35a,9e1845fa9f892761893e2c6d1891c528aa06b972c670aac0f27397f4ffb9c35a,False,semantic_reviewed,reviews\revenue\source_read_manifest.json
revenue-forecast,assurance\unified_completion\receipts\ZR-607\00_wu_card.md,C:\Users\郑曾波\Projects\revenue-forecast\assurance\unified_completion\receipts\ZR-607\00_wu_card.md,historical_plan_or_evidence,757241b0bbc25c42e27e4d0adb61a1d5e394f4dccc723ac722c775cdd2ef440c,757241b0bbc25c42e27e4d0adb61a1d5e394f4dccc723ac722c775cdd2ef440c,False,semantic_reviewed,reviews\revenue\source_read_manifest.json
revenue-forecast,assurance\unified_completion\receipts\ZR-607\red\RED.md,C:\Users\郑曾波\Projects\revenue-forecast\assurance\unified_completion\receipts\ZR-607\red\RED.md,historical_plan_or_evidence,1d6a8ad61b71dd2ee7140e4a361cfe7ac697fe7b380b1e982ff31bf533565779,1d6a8ad61b71dd2ee7140e4a361cfe7ac697fe7b380b1e982ff31bf533565779,False,semantic_reviewed,reviews\revenue\source_read_manifest.json
revenue-forecast,assurance\unified_completion\receipts\ZR-608\00_wu_card.md,C:\Users\郑曾波\Projects\revenue-forecast\assurance\unified_completion\receipts\ZR-608\00_wu_card.md,historical_plan_or_evidence,d53deb108901f13ecd227a4acacfd9b5cac117539e14746aca0f06de642e7f41,d53deb108901f13ecd227a4acacfd9b5cac117539e14746aca0f06de642e7f41,False,semantic_reviewed,reviews\revenue\source_read_manifest.json
revenue-forecast,assurance\unified_completion\receipts\ZR-608\red\RED.md,C:\Users\郑曾波\Projects\revenue-forecast\assurance\unified_completion\receipts\ZR-608\red\RED.md,historical_plan_or_evidence,e028ef9e9dea89bb00961e4c28d95e00dbfeb4a9f6633790c3a6f3ba3c127cc1,e028ef9e9dea89bb00961e4c28d95e00dbfeb4a9f6633790c3a6f3ba3c127cc1,False,semantic_reviewed,reviews\revenue\source_read_manifest.json
revenue-forecast,assurance\unified_completion\receipts\ZR-609\00_wu_card.md,C:\Users\郑曾波\Projects\revenue-forecast\assurance\unified_completion\receipts\ZR-609\00_wu_card.md,historical_plan_or_evidence,1f6523b0701fa048f8434f42a5609340a4d07140a9b547e60c5a7786f1112f97,1f6523b0701fa048f8434f42a5609340a4d07140a9b547e60c5a7786f1112f97,False,semantic_reviewed,reviews\revenue\source_read_manifest.json
revenue-forecast,assurance\unified_completion\receipts\ZR-609\red\RED.md,C:\Users\郑曾波\Projects\revenue-forecast\assurance\unified_completion\receipts\ZR-609\red\RED.md,historical_plan_or_evidence,95025c58ec3e52da992a42d3f0f3581840e106c3b75bd740eef2530ca936ab8e,95025c58ec3e52da992a42d3f0f3581840e106c3b75bd740eef2530ca936ab8e,False,semantic_reviewed,reviews\revenue\source_read_manifest.json
revenue-forecast,assurance\unified_completion\receipts\ZR-610\00_wu_card.md,C:\Users\郑曾波\Projects\revenue-forecast\assurance\unified_completion\receipts\ZR-610\00_wu_card.md,historical_plan_or_evidence,2fbee3c69a302f7e2889cb5094052a1c33bd64696f01fbd73ebf6e9c9a1566c0,2fbee3c69a302f7e2889cb5094052a1c33bd64696f01fbd73ebf6e9c9a1566c0,False,semantic_reviewed,reviews\revenue\source_read_manifest.json
revenue-forecast,assurance\unified_completion\receipts\ZR-610\adr_mining_accounting.md,C:\Users\郑曾波\Projects\revenue-forecast\assurance\unified_completion\receipts\ZR-610\adr_mining_accounting.md,historical_plan_or_evidence,6c608c6a8c149e1ce5d1f9fe682ca1d36e117f88969c2799d7dafde86d90939a,6c608c6a8c149e1ce5d1f9fe682ca1d36e117f88969c2799d7dafde86d90939a,False,semantic_reviewed,reviews\revenue\source_read_manifest.json
revenue-forecast,assurance\unified_completion\receipts\ZR-610\red\RED.md,C:\Users\郑曾波\Projects\revenue-forecast\assurance\unified_completion\receipts\ZR-610\red\RED.md,historical_plan_or_evidence,32bd9dc20098d68d7c59642cf3d5c2762aa415f21749eb5d52c95c6628a0cce9,32bd9dc20098d68d7c59642cf3d5c2762aa415f21749eb5d52c95c6628a0cce9,False,semantic_reviewed,reviews\revenue\source_read_manifest.json
revenue-forecast,assurance\unified_completion\receipts\ZR-611\00_wu_card.md,C:\Users\郑曾波\Projects\revenue-forecast\assurance\unified_completion\receipts\ZR-611\00_wu_card.md,historical_plan_or_evidence,9228680413c49afaf89c79a1dc6a5efe779913c97236c15bd97b078c681b075c,9228680413c49afaf89c79a1dc6a5efe779913c97236c15bd97b078c681b075c,False,semantic_reviewed,reviews\revenue\source_read_manifest.json
revenue-forecast,assurance\unified_completion\receipts\ZR-611\red\RED.md,C:\Users\郑曾波\Projects\revenue-forecast\assurance\unified_completion\receipts\ZR-611\red\RED.md,historical_plan_or_evidence,7ef845991a2cf71ee8e7a7838dd2a0415a5d4fd75b612258b5a1ac10d233aa0a,7ef845991a2cf71ee8e7a7838dd2a0415a5d4fd75b612258b5a1ac10d233aa0a,False,semantic_reviewed,reviews\revenue\source_read_manifest.json
revenue-forecast,assurance\unified_completion\receipts\ZR-701\00_wu_card.md,C:\Users\郑曾波\Projects\revenue-forecast\assurance\unified_completion\receipts\ZR-701\00_wu_card.md,historical_plan_or_evidence,6e48f1db8699d8e4a103430dd87cda058c8dc50f5e9e4266030fb2b40a40fefc,6e48f1db8699d8e4a103430dd87cda058c8dc50f5e9e4266030fb2b40a40fefc,False,semantic_reviewed,reviews\revenue\source_read_manifest.json
revenue-forecast,assurance\unified_completion\receipts\ZR-701\red\RED.md,C:\Users\郑曾波\Projects\revenue-forecast\assurance\unified_completion\receipts\ZR-701\red\RED.md,historical_plan_or_evidence,0a0529b30972fd7210b86e262c5ca2981935ab545fe897c580ec6e0bac7ba137,0a0529b30972fd7210b86e262c5ca2981935ab545fe897c580ec6e0bac7ba137,False,semantic_reviewed,reviews\revenue\source_read_manifest.json
revenue-forecast,assurance\unified_completion\receipts\ZR-702\00_wu_card.md,C:\Users\郑曾波\Projects\revenue-forecast\assurance\unified_completion\receipts\ZR-702\00_wu_card.md,historical_plan_or_evidence,324f5b16ec13431ce53d8f6bacd291d98f1354ad5323cc59fb56aceea20d0021,324f5b16ec13431ce53d8f6bacd291d98f1354ad5323cc59fb56aceea20d0021,False,semantic_reviewed,reviews\revenue\source_read_manifest.json
revenue-forecast,assurance\unified_completion\receipts\ZR-702\red\RED.md,C:\Users\郑曾波\Projects\revenue-forecast\assurance\unified_completion\receipts\ZR-702\red\RED.md,historical_plan_or_evidence,9103692fa01c1522acc12ed0aa702388864bd1383653d84eb7242f239fa8ea2c,9103692fa01c1522acc12ed0aa702388864bd1383653d84eb7242f239fa8ea2c,False,semantic_reviewed,reviews\revenue\source_read_manifest.json
revenue-forecast,assurance\unified_completion\receipts\ZR-703\00_wu_card.md,C:\Users\郑曾波\Projects\revenue-forecast\assurance\unified_completion\receipts\ZR-703\00_wu_card.md,historical_plan_or_evidence,7df712bdeb7f6fa97f86bce7cbaafd2d2c5901f244dadec763b9f2c3e925f9c6,7df712bdeb7f6fa97f86bce7cbaafd2d2c5901f244dadec763b9f2c3e925f9c6,False,semantic_reviewed,reviews\revenue\source_read_manifest.json
revenue-forecast,assurance\unified_completion\receipts\ZR-703\red\RED.md,C:\Users\郑曾波\Projects\revenue-forecast\assurance\unified_completion\receipts\ZR-703\red\RED.md,historical_plan_or_evidence,4d4e2b63631b072f49747b1285d95e68bd8367b167658c0fe24de9bf2e50f20c,4d4e2b63631b072f49747b1285d95e68bd8367b167658c0fe24de9bf2e50f20c,False,semantic_reviewed,reviews\revenue\source_read_manifest.json
revenue-forecast,assurance\unified_completion\receipts\ZR-704\00_wu_card.md,C:\Users\郑曾波\Projects\revenue-forecast\assurance\unified_completion\receipts\ZR-704\00_wu_card.md,historical_plan_or_evidence,eabdfa1371b9bc8b746d6ddad22477e0caca1485e86d86a4012ae4e068d9a044,eabdfa1371b9bc8b746d6ddad22477e0caca1485e86d86a4012ae4e068d9a044,False,semantic_reviewed,reviews\revenue\source_read_manifest.json
revenue-forecast,assurance\unified_completion\receipts\ZR-704\red\RED.md,C:\Users\郑曾波\Projects\revenue-forecast\assurance\unified_completion\receipts\ZR-704\red\RED.md,historical_plan_or_evidence,3201de8730d66a4cb3957120e66c15922cc23e4bfef99e879b2ab556fda8bdba,3201de8730d66a4cb3957120e66c15922cc23e4bfef99e879b2ab556fda8bdba,False,semantic_reviewed,reviews\revenue\source_read_manifest.json
revenue-forecast,assurance\unified_completion\receipts\ZR-705\00_wu_card.md,C:\Users\郑曾波\Projects\revenue-forecast\assurance\unified_completion\receipts\ZR-705\00_wu_card.md,historical_plan_or_evidence,487880046797725d6ae988528bdf9246f1ad56915250be0f5bd3ba3c6804383d,487880046797725d6ae988528bdf9246f1ad56915250be0f5bd3ba3c6804383d,False,semantic_reviewed,reviews\revenue\source_read_manifest.json
revenue-forecast,assurance\unified_completion\receipts\ZR-705\red\RED.md,C:\Users\郑曾波\Projects\revenue-forecast\assurance\unified_completion\receipts\ZR-705\red\RED.md,historical_plan_or_evidence,e8161715021c8261aa30acdd50196f2cd4f328e70a8ff07131b7d0be967b01cc,e8161715021c8261aa30acdd50196f2cd4f328e70a8ff07131b7d0be967b01cc,False,semantic_reviewed,reviews\revenue\source_read_manifest.json
revenue-forecast,assurance\unified_completion\receipts\ZR-706\00_wu_card.md,C:\Users\郑曾波\Projects\revenue-forecast\assurance\unified_completion\receipts\ZR-706\00_wu_card.md,historical_plan_or_evidence,5925442db8d85229da7300835d4594ec007d367ce8dd281a07414e7f8e57cf74,5925442db8d85229da7300835d4594ec007d367ce8dd281a07414e7f8e57cf74,False,semantic_reviewed,reviews\revenue\source_read_manifest.json
revenue-forecast,assurance\unified_completion\receipts\ZR-707\00_wu_card.md,C:\Users\郑曾波\Projects\revenue-forecast\assurance\unified_completion\receipts\ZR-707\00_wu_card.md,historical_plan_or_evidence,a61be8080ca3228f9c0a887e4d7c41a55509054d950f88f7b1aee514c739bd31,a61be8080ca3228f9c0a887e4d7c41a55509054d950f88f7b1aee514c739bd31,False,semantic_reviewed,reviews\revenue\source_read_manifest.json
revenue-forecast,assurance\unified_completion\receipts\ZR-707\red\RED.md,C:\Users\郑曾波\Projects\revenue-forecast\assurance\unified_completion\receipts\ZR-707\red\RED.md,historical_plan_or_evidence,cdc82033e9397d468e46178e36c13da977469682d9e16b5561476c61f604dfac,cdc82033e9397d468e46178e36c13da977469682d9e16b5561476c61f604dfac,False,semantic_reviewed,reviews\revenue\source_read_manifest.json
revenue-forecast,assurance\unified_completion\receipts\ZR-708\00_wu_card.md,C:\Users\郑曾波\Projects\revenue-forecast\assurance\unified_completion\receipts\ZR-708\00_wu_card.md,historical_plan_or_evidence,ee88e4bc178d24b94602f6ef3ef686462c4f206da4eabfd1115e01f153952c9c,ee88e4bc178d24b94602f6ef3ef686462c4f206da4eabfd1115e01f153952c9c,False,semantic_reviewed,reviews\revenue\source_read_manifest.json
revenue-forecast,assurance\unified_completion\receipts\ZR-708\red\RED.md,C:\Users\郑曾波\Projects\revenue-forecast\assurance\unified_completion\receipts\ZR-708\red\RED.md,historical_plan_or_evidence,1f1029705426737aacf57444caa4b4b9da5759c6a2902abd298d49f25c9caf26,1f1029705426737aacf57444caa4b4b9da5759c6a2902abd298d49f25c9caf26,False,semantic_reviewed,reviews\revenue\source_read_manifest.json
revenue-forecast,assurance\unified_completion\receipts\ZR-709\00_wu_card.md,C:\Users\郑曾波\Projects\revenue-forecast\assurance\unified_completion\receipts\ZR-709\00_wu_card.md,historical_plan_or_evidence,caf5b2e5ac6bda25f75287848b9f9308d474110da0740bcc624e4333b9489aa9,caf5b2e5ac6bda25f75287848b9f9308d474110da0740bcc624e4333b9489aa9,False,semantic_reviewed,reviews\revenue\source_read_manifest.json
revenue-forecast,assurance\unified_completion\receipts\ZR-710\00_wu_card.md,C:\Users\郑曾波\Projects\revenue-forecast\assurance\unified_completion\receipts\ZR-710\00_wu_card.md,historical_plan_or_evidence,8aae939be3bd6881c1ffd61561408cd0bd49a442b3a2287c7242883a646ad72a,8aae939be3bd6881c1ffd61561408cd0bd49a442b3a2287c7242883a646ad72a,False,semantic_reviewed,reviews\revenue\source_read_manifest.json
revenue-forecast,assurance\unified_completion\receipts\ZR-710\red\RED.md,C:\Users\郑曾波\Projects\revenue-forecast\assurance\unified_completion\receipts\ZR-710\red\RED.md,historical_plan_or_evidence,35a03d89d0fea94a5c6e7981dad680d49ba52ce129bbf42c69e81877496ba557,35a03d89d0fea94a5c6e7981dad680d49ba52ce129bbf42c69e81877496ba557,False,semantic_reviewed,reviews\revenue\source_read_manifest.json
revenue-forecast,assurance\unified_completion\receipts\ZR-711\00_wu_card.md,C:\Users\郑曾波\Projects\revenue-forecast\assurance\unified_completion\receipts\ZR-711\00_wu_card.md,historical_plan_or_evidence,f470a375f7112c8da40b6e4d5358b0683c532dac58cf64b5acd53bb6a06d7a1a,f470a375f7112c8da40b6e4d5358b0683c532dac58cf64b5acd53bb6a06d7a1a,False,semantic_reviewed,reviews\revenue\source_read_manifest.json
revenue-forecast,assurance\unified_completion\receipts\ZR-711\red\RED.md,C:\Users\郑曾波\Projects\revenue-forecast\assurance\unified_completion\receipts\ZR-711\red\RED.md,historical_plan_or_evidence,41b9f0a59852dfc7b32875b9fa3a31a09b583f9a4ceef43160069688f6182bbb,41b9f0a59852dfc7b32875b9fa3a31a09b583f9a4ceef43160069688f6182bbb,False,semantic_reviewed,reviews\revenue\source_read_manifest.json
revenue-forecast,assurance\unified_completion\receipts\ZR-712\00_wu_card.md,C:\Users\郑曾波\Projects\revenue-forecast\assurance\unified_completion\receipts\ZR-712\00_wu_card.md,historical_plan_or_evidence,e4b3aa6d1d66fabe32c729de7df5b1e42db31641a96be7c09e22e757789aac94,e4b3aa6d1d66fabe32c729de7df5b1e42db31641a96be7c09e22e757789aac94,False,semantic_reviewed,reviews\revenue\source_read_manifest.json
revenue-forecast,assurance\unified_completion\receipts\ZR-712\red\RED.md,C:\Users\郑曾波\Projects\revenue-forecast\assurance\unified_completion\receipts\ZR-712\red\RED.md,historical_plan_or_evidence,fa80b128b59c3980a93783ac8818fbbb9a1ed80f587bb86654c3129584b0de70,fa80b128b59c3980a93783ac8818fbbb9a1ed80f587bb86654c3129584b0de70,False,semantic_reviewed,reviews\revenue\source_read_manifest.json
revenue-forecast,assurance\unified_completion\receipts\ZR-713\00_wu_card.md,C:\Users\郑曾波\Projects\revenue-forecast\assurance\unified_completion\receipts\ZR-713\00_wu_card.md,historical_plan_or_evidence,d344ae97dc8bf2dbbb8460383f687d9f0be0b1a9bb8a99cd55a64dacbd5310db,d344ae97dc8bf2dbbb8460383f687d9f0be0b1a9bb8a99cd55a64dacbd5310db,False,semantic_reviewed,reviews\revenue\source_read_manifest.json
revenue-forecast,assurance\unified_completion\receipts\ZR-713\red\RED.md,C:\Users\郑曾波\Projects\revenue-forecast\assurance\unified_completion\receipts\ZR-713\red\RED.md,historical_plan_or_evidence,313a47329b1bcce92f80f6ecf98b17339b8304436dba6fac4ea7759be4226caa,313a47329b1bcce92f80f6ecf98b17339b8304436dba6fac4ea7759be4226caa,False,semantic_reviewed,reviews\revenue\source_read_manifest.json
revenue-forecast,assurance\unified_completion\receipts\ZR-801\00_wu_card.md,C:\Users\郑曾波\Projects\revenue-forecast\assurance\unified_completion\receipts\ZR-801\00_wu_card.md,historical_plan_or_evidence,b0ddef76c9a506ee43d90cb015b89483253be6042360f1bcd387d30396335f37,b0ddef76c9a506ee43d90cb015b89483253be6042360f1bcd387d30396335f37,False,semantic_reviewed,reviews\revenue\source_read_manifest.json
revenue-forecast,assurance\unified_completion\receipts\ZR-801\red\RED.md,C:\Users\郑曾波\Projects\revenue-forecast\assurance\unified_completion\receipts\ZR-801\red\RED.md,historical_plan_or_evidence,b4827cddd8b0e0cd26e5c39a9948cb4c47f834646a2f964453cf15d527bf4f39,b4827cddd8b0e0cd26e5c39a9948cb4c47f834646a2f964453cf15d527bf4f39,False,semantic_reviewed,reviews\revenue\source_read_manifest.json
revenue-forecast,assurance\unified_completion\receipts\ZR-802\00_wu_card.md,C:\Users\郑曾波\Projects\revenue-forecast\assurance\unified_completion\receipts\ZR-802\00_wu_card.md,historical_plan_or_evidence,2231460bb440752b9fb3d6295ee67e0c222a6fe4e30e3a39128b578811864c48,2231460bb440752b9fb3d6295ee67e0c222a6fe4e30e3a39128b578811864c48,False,semantic_reviewed,reviews\revenue\source_read_manifest.json
revenue-forecast,assurance\unified_completion\receipts\ZR-803\00_wu_card.md,C:\Users\郑曾波\Projects\revenue-forecast\assurance\unified_completion\receipts\ZR-803\00_wu_card.md,historical_plan_or_evidence,973020fc247558d6a3f36c93eaa23212ef335d12d313284ab6fb2daa4f9834ec,973020fc247558d6a3f36c93eaa23212ef335d12d313284ab6fb2daa4f9834ec,False,semantic_reviewed,reviews\revenue\source_read_manifest.json
revenue-forecast,assurance\unified_completion\receipts\ZR-804\00_wu_card.md,C:\Users\郑曾波\Projects\revenue-forecast\assurance\unified_completion\receipts\ZR-804\00_wu_card.md,historical_plan_or_evidence,0ef03260cca80f75171fced10e89a03c793cdbe3c01e9e270a6fe299bf5f62e7,0ef03260cca80f75171fced10e89a03c793cdbe3c01e9e270a6fe299bf5f62e7,False,semantic_reviewed,reviews\revenue\source_read_manifest.json
revenue-forecast,assurance\unified_completion\receipts\ZR-805\00_wu_card.md,C:\Users\郑曾波\Projects\revenue-forecast\assurance\unified_completion\receipts\ZR-805\00_wu_card.md,historical_plan_or_evidence,30a0e79fb6ae9743cce587b56a43e358a05ec0e3febabdab5baff5a92d24b349,30a0e79fb6ae9743cce587b56a43e358a05ec0e3febabdab5baff5a92d24b349,False,semantic_reviewed,reviews\revenue\source_read_manifest.json
revenue-forecast,assurance\unified_completion\receipts\ZR-806\00_wu_card.md,C:\Users\郑曾波\Projects\revenue-forecast\assurance\unified_completion\receipts\ZR-806\00_wu_card.md,historical_plan_or_evidence,fdb913c57ab255c14c6a13a23985bb480f2cc4278f12667bcccac92ef8b9f3eb,fdb913c57ab255c14c6a13a23985bb480f2cc4278f12667bcccac92ef8b9f3eb,False,semantic_reviewed,reviews\revenue\source_read_manifest.json
revenue-forecast,assurance\unified_completion\receipts\ZR-806\red\RED.md,C:\Users\郑曾波\Projects\revenue-forecast\assurance\unified_completion\receipts\ZR-806\red\RED.md,historical_plan_or_evidence,0981464c9c5799a93bcd00fcbdcf534fe5b296ca936468798812c3e7dcc7091e,0981464c9c5799a93bcd00fcbdcf534fe5b296ca936468798812c3e7dcc7091e,False,semantic_reviewed,reviews\revenue\source_read_manifest.json
revenue-forecast,assurance\unified_completion\receipts\ZR-901\00_wu_card.md,C:\Users\郑曾波\Projects\revenue-forecast\assurance\unified_completion\receipts\ZR-901\00_wu_card.md,historical_plan_or_evidence,23d3d06e38ebe6ddaa5770c2ea75dcea2eec389bdf8836d374942391014db8f6,23d3d06e38ebe6ddaa5770c2ea75dcea2eec389bdf8836d374942391014db8f6,False,semantic_reviewed,reviews\revenue\source_read_manifest.json
revenue-forecast,assurance\unified_completion\receipts\ZR-901\red\RED.md,C:\Users\郑曾波\Projects\revenue-forecast\assurance\unified_completion\receipts\ZR-901\red\RED.md,historical_plan_or_evidence,30edfa50ee6d3d8746b0f0ab597c32a5ce7ef246baa42870415fb36f89db7ddf,30edfa50ee6d3d8746b0f0ab597c32a5ce7ef246baa42870415fb36f89db7ddf,False,semantic_reviewed,reviews\revenue\source_read_manifest.json
revenue-forecast,assurance\unified_completion\receipts\ZR-902\00_wu_card.md,C:\Users\郑曾波\Projects\revenue-forecast\assurance\unified_completion\receipts\ZR-902\00_wu_card.md,historical_plan_or_evidence,72c46cf426f359843f6442d504118f4d12d7d568b96319d784e5a1c3b34998a9,72c46cf426f359843f6442d504118f4d12d7d568b96319d784e5a1c3b34998a9,False,semantic_reviewed,reviews\revenue\source_read_manifest.json
revenue-forecast,assurance\unified_completion\receipts\ZR-902\red\RED.md,C:\Users\郑曾波\Projects\revenue-forecast\assurance\unified_completion\receipts\ZR-902\red\RED.md,historical_plan_or_evidence,3647302277423c81749bf280f78f5088255dae9a585f42573c755bd1936acd7a,3647302277423c81749bf280f78f5088255dae9a585f42573c755bd1936acd7a,False,semantic_reviewed,reviews\revenue\source_read_manifest.json
revenue-forecast,assurance\unified_completion\receipts\ZR-903\00_wu_card.md,C:\Users\郑曾波\Projects\revenue-forecast\assurance\unified_completion\receipts\ZR-903\00_wu_card.md,historical_plan_or_evidence,6460a1a0f3c675091581421dbe5ed1cf956ab8a907bf28427110b5b328a757fb,6460a1a0f3c675091581421dbe5ed1cf956ab8a907bf28427110b5b328a757fb,False,semantic_reviewed,reviews\revenue\source_read_manifest.json
revenue-forecast,assurance\unified_completion\receipts\ZR-903\red\RED.md,C:\Users\郑曾波\Projects\revenue-forecast\assurance\unified_completion\receipts\ZR-903\red\RED.md,historical_plan_or_evidence,b13f89fa17423858805d46ca39e0446493b36e035ef94c9ac4b63633b9011063,b13f89fa17423858805d46ca39e0446493b36e035ef94c9ac4b63633b9011063,False,semantic_reviewed,reviews\revenue\source_read_manifest.json
revenue-forecast,assurance\unified_completion\receipts\ZR-904\00_wu_card.md,C:\Users\郑曾波\Projects\revenue-forecast\assurance\unified_completion\receipts\ZR-904\00_wu_card.md,historical_plan_or_evidence,9b2b25dd776ca7bcd131fbf9f6ea2233bbd8052d34fdc77a28df33673fc1581e,9b2b25dd776ca7bcd131fbf9f6ea2233bbd8052d34fdc77a28df33673fc1581e,False,semantic_reviewed,reviews\revenue\source_read_manifest.json
revenue-forecast,assurance\unified_completion\receipts\ZR-904\red\RED.md,C:\Users\郑曾波\Projects\revenue-forecast\assurance\unified_completion\receipts\ZR-904\red\RED.md,historical_plan_or_evidence,0c08e2b27d1242986c007f0ad86db1b84ad39c429bd7d9b80f5901b04460b728,0c08e2b27d1242986c007f0ad86db1b84ad39c429bd7d9b80f5901b04460b728,False,semantic_reviewed,reviews\revenue\source_read_manifest.json
revenue-forecast,assurance\unified_completion\receipts\ZR-905\00_wu_card.md,C:\Users\郑曾波\Projects\revenue-forecast\assurance\unified_completion\receipts\ZR-905\00_wu_card.md,historical_plan_or_evidence,95547e3fad2712fb1acd6b4e07541e153ae2dd36aece516407abf45a098ad359,95547e3fad2712fb1acd6b4e07541e153ae2dd36aece516407abf45a098ad359,False,semantic_reviewed,reviews\revenue\source_read_manifest.json
revenue-forecast,assurance\unified_completion\receipts\ZR-905\red\RED.md,C:\Users\郑曾波\Projects\revenue-forecast\assurance\unified_completion\receipts\ZR-905\red\RED.md,historical_plan_or_evidence,add3ad0998afd0971c85bb48baff601ed9543d6c4b325bafa5c94bc6f6aa16b6,add3ad0998afd0971c85bb48baff601ed9543d6c4b325bafa5c94bc6f6aa16b6,False,semantic_reviewed,reviews\revenue\source_read_manifest.json
revenue-forecast,assurance\unified_completion\receipts\ZR-906\00_wu_card.md,C:\Users\郑曾波\Projects\revenue-forecast\assurance\unified_completion\receipts\ZR-906\00_wu_card.md,historical_plan_or_evidence,ad5386357ad64063df384336a76682938c9aeb24deeceea1d9248cc25c5d67b1,ad5386357ad64063df384336a76682938c9aeb24deeceea1d9248cc25c5d67b1,False,semantic_reviewed,reviews\revenue\source_read_manifest.json
revenue-forecast,assurance\unified_completion\receipts\ZR-906\red\RED.md,C:\Users\郑曾波\Projects\revenue-forecast\assurance\unified_completion\receipts\ZR-906\red\RED.md,historical_plan_or_evidence,1f7485591e160f3360a0a1fc5716d8cf3c73a239ddef512fbbe8ac2373aeb3b7,1f7485591e160f3360a0a1fc5716d8cf3c73a239ddef512fbbe8ac2373aeb3b7,False,semantic_reviewed,reviews\revenue\source_read_manifest.json
revenue-forecast,assurance\unified_completion\receipts\ZR-907\00_wu_card.md,C:\Users\郑曾波\Projects\revenue-forecast\assurance\unified_completion\receipts\ZR-907\00_wu_card.md,historical_plan_or_evidence,53b86de5697bf57f25ab4474d44e2c11e32858e570ae34252b17eb9c4336ae6e,53b86de5697bf57f25ab4474d44e2c11e32858e570ae34252b17eb9c4336ae6e,False,semantic_reviewed,reviews\revenue\source_read_manifest.json
revenue-forecast,assurance\unified_completion\receipts\ZR-907\red\RED.md,C:\Users\郑曾波\Projects\revenue-forecast\assurance\unified_completion\receipts\ZR-907\red\RED.md,historical_plan_or_evidence,898a99e273242fc3bd1e9d8c26720f209cbffd1fa16a00d6ca33a4287f1e8abe,898a99e273242fc3bd1e9d8c26720f209cbffd1fa16a00d6ca33a4287f1e8abe,False,semantic_reviewed,reviews\revenue\source_read_manifest.json
revenue-forecast,audit_review\2026-08-08_adversarial_plan\closure_ledger.md,C:\Users\郑曾波\Projects\revenue-forecast\audit_review\2026-08-08_adversarial_plan\closure_ledger.md,historical_plan_or_evidence,505d7a734c589799d49b7658cb362afe47568de9927db923c3cf4eb901d28f42,505d7a734c589799d49b7658cb362afe47568de9927db923c3cf4eb901d28f42,False,semantic_reviewed,reviews\revenue\source_read_manifest.json
revenue-forecast,audit_review\2026-08-08_adversarial_plan\findings.md,C:\Users\郑曾波\Projects\revenue-forecast\audit_review\2026-08-08_adversarial_plan\findings.md,historical_plan_or_evidence,02594c6646e2431316bad5c10852ac906069503d6904e0c4f0e73f35abb030ed,02594c6646e2431316bad5c10852ac906069503d6904e0c4f0e73f35abb030ed,False,semantic_reviewed,reviews\early_revenue\coverage.json
revenue-forecast,audit_review\2026-08-08_adversarial_plan\progress.md,C:\Users\郑曾波\Projects\revenue-forecast\audit_review\2026-08-08_adversarial_plan\progress.md,historical_plan_or_evidence,93944b6c4665a9c79328ab0768ab809e25fcbd52af2ff219d1906c695944d9df,93944b6c4665a9c79328ab0768ab809e25fcbd52af2ff219d1906c695944d9df,False,semantic_reviewed,reviews\early_revenue\coverage.json
revenue-forecast,audit_review\2026-08-08_adversarial_plan\task_plan.md,C:\Users\郑曾波\Projects\revenue-forecast\audit_review\2026-08-08_adversarial_plan\task_plan.md,historical_plan_or_evidence,d4ad51bbfc054d57406a04de82d511a3c2fd468b382e43eddd9b327b66b46484,d4ad51bbfc054d57406a04de82d511a3c2fd468b382e43eddd9b327b66b46484,False,semantic_reviewed,reviews\revenue\source_read_manifest.json
revenue-forecast,audit_review\2026-08-09_data_lake_refactor_plan\adr\WU-201-architecture.md,C:\Users\郑曾波\Projects\revenue-forecast\audit_review\2026-08-09_data_lake_refactor_plan\adr\WU-201-architecture.md,historical_plan_or_evidence,bc6a583f10328b6ce6ed14639bfdf7885452ed6e58512c7c39e0e5b2971c39d2,bc6a583f10328b6ce6ed14639bfdf7885452ed6e58512c7c39e0e5b2971c39d2,False,semantic_reviewed,reviews\aug09_plans\coverage.json
revenue-forecast,audit_review\2026-08-09_data_lake_refactor_plan\adr\WU-202-normalized-metadata.md,C:\Users\郑曾波\Projects\revenue-forecast\audit_review\2026-08-09_data_lake_refactor_plan\adr\WU-202-normalized-metadata.md,historical_plan_or_evidence,da91864e5026a167485439005bdf9a0ef1a47f3b97b10869ca4d3e1e4b3c8551,da91864e5026a167485439005bdf9a0ef1a47f3b97b10869ca4d3e1e4b3c8551,False,semantic_reviewed,reviews\aug09_plans\coverage.json
revenue-forecast,audit_review\2026-08-09_data_lake_refactor_plan\adr\WU-203-reuse-latest.md,C:\Users\郑曾波\Projects\revenue-forecast\audit_review\2026-08-09_data_lake_refactor_plan\adr\WU-203-reuse-latest.md,historical_plan_or_evidence,3e6bac750eb08f832a7448d52a9bcfda8eaa7162f4b506038dac4255e473ae98,3e6bac750eb08f832a7448d52a9bcfda8eaa7162f4b506038dac4255e473ae98,False,semantic_reviewed,reviews\aug09_plans\coverage.json
revenue-forecast,audit_review\2026-08-09_data_lake_refactor_plan\adr\WU-204-bundle-dag.md,C:\Users\郑曾波\Projects\revenue-forecast\audit_review\2026-08-09_data_lake_refactor_plan\adr\WU-204-bundle-dag.md,historical_plan_or_evidence,38c707ddda35456c5b317bbf0fb2d5055f5e09ad05d77baaa5b52790e27c3463,38c707ddda35456c5b317bbf0fb2d5055f5e09ad05d77baaa5b52790e27c3463,False,semantic_reviewed,reviews\aug09_plans\coverage.json
revenue-forecast,audit_review\2026-08-09_data_lake_refactor_plan\adr\WU-205-blueprint.md,C:\Users\郑曾波\Projects\revenue-forecast\audit_review\2026-08-09_data_lake_refactor_plan\adr\WU-205-blueprint.md,historical_plan_or_evidence,d351cec83dad21b9cb0a0f471b5a83b37ce981501eac443d9501b3900e557d58,d351cec83dad21b9cb0a0f471b5a83b37ce981501eac443d9501b3900e557d58,False,semantic_reviewed,reviews\aug09_plans\coverage.json
revenue-forecast,audit_review\2026-08-09_data_lake_refactor_plan\findings.md,C:\Users\郑曾波\Projects\revenue-forecast\audit_review\2026-08-09_data_lake_refactor_plan\findings.md,historical_plan_or_evidence,e3a11e08ce62bcb12a480ea83c2e4d25e63cff7502177bcc1448c8088effcfd3,e3a11e08ce62bcb12a480ea83c2e4d25e63cff7502177bcc1448c8088effcfd3,False,semantic_reviewed,reviews\aug09_plans\coverage.json
revenue-forecast,audit_review\2026-08-09_data_lake_refactor_plan\implementation_runbook.md,C:\Users\郑曾波\Projects\revenue-forecast\audit_review\2026-08-09_data_lake_refactor_plan\implementation_runbook.md,historical_plan_or_evidence,522ec1fdd893061d652d0e9b9e300284c46a71acafcd59dac20d168338aa068e,522ec1fdd893061d652d0e9b9e300284c46a71acafcd59dac20d168338aa068e,False,semantic_reviewed,reviews\aug09_plans\coverage.json
revenue-forecast,audit_review\2026-08-09_data_lake_refactor_plan\progress.md,C:\Users\郑曾波\Projects\revenue-forecast\audit_review\2026-08-09_data_lake_refactor_plan\progress.md,historical_plan_or_evidence,11a30cc669f79ab23eaed22bd45760f6b35620845bd457b9cc1ce0c4ed17725b,11a30cc669f79ab23eaed22bd45760f6b35620845bd457b9cc1ce0c4ed17725b,False,semantic_reviewed,reviews\aug09_plans\coverage.json
revenue-forecast,audit_review\2026-08-09_data_lake_refactor_plan\task_plan.md,C:\Users\郑曾波\Projects\revenue-forecast\audit_review\2026-08-09_data_lake_refactor_plan\task_plan.md,historical_plan_or_evidence,634be4d80a0c7ad696e46179ac83aa5de41846717e0b8d80723c8d269d98a3c4,634be4d80a0c7ad696e46179ac83aa5de41846717e0b8d80723c8d269d98a3c4,False,semantic_reviewed,reviews\aug09_plans\coverage.json
revenue-forecast,audit_review\2026-08-09_full_completion_assurance_plan\architecture_target.md,C:\Users\郑曾波\Projects\revenue-forecast\audit_review\2026-08-09_full_completion_assurance_plan\architecture_target.md,historical_plan_or_evidence,49c2f6fa615987e2db08306bd91c92bed8dc9a7565b9e204abeae3d2ff8d7bd5,49c2f6fa615987e2db08306bd91c92bed8dc9a7565b9e204abeae3d2ff8d7bd5,False,semantic_reviewed,reviews\aug09_plans\coverage.json
revenue-forecast,audit_review\2026-08-09_full_completion_assurance_plan\code_quality_plan.md,C:\Users\郑曾波\Projects\revenue-forecast\audit_review\2026-08-09_full_completion_assurance_plan\code_quality_plan.md,historical_plan_or_evidence,14cb5786cebc688f3792a7154f15ffeee06695a202ea5c7a3e921c165edad01e,14cb5786cebc688f3792a7154f15ffeee06695a202ea5c7a3e921c165edad01e,False,semantic_reviewed,reviews\aug09_plans\coverage.json
revenue-forecast,audit_review\2026-08-09_full_completion_assurance_plan\command_registry_plan.md,C:\Users\郑曾波\Projects\revenue-forecast\audit_review\2026-08-09_full_completion_assurance_plan\command_registry_plan.md,historical_plan_or_evidence,69c57dce9f401044a92298cd76c2c12cf8ced526466f7f3e95d938c9edd549bc,69c57dce9f401044a92298cd76c2c12cf8ced526466f7f3e95d938c9edd549bc,False,semantic_reviewed,reviews\aug09_plans\coverage.json
revenue-forecast,audit_review\2026-08-09_full_completion_assurance_plan\dynamic_assurance_plan.md,C:\Users\郑曾波\Projects\revenue-forecast\audit_review\2026-08-09_full_completion_assurance_plan\dynamic_assurance_plan.md,historical_plan_or_evidence,5c14d0b8f729f6de89b00b13e473a58310233d1e3377359a0560c9a73aec8fd4,5c14d0b8f729f6de89b00b13e473a58310233d1e3377359a0560c9a73aec8fd4,False,semantic_reviewed,reviews\aug09_plans\coverage.json
revenue-forecast,audit_review\2026-08-09_full_completion_assurance_plan\execution_matrix.md,C:\Users\郑曾波\Projects\revenue-forecast\audit_review\2026-08-09_full_completion_assurance_plan\execution_matrix.md,historical_plan_or_evidence,1fe5ccf7ca7c044b761738d83af5d33fa7f8922923121ec78a0127422ddfd005,1fe5ccf7ca7c044b761738d83af5d33fa7f8922923121ec78a0127422ddfd005,False,semantic_reviewed,reviews\aug09_plans\coverage.json
revenue-forecast,audit_review\2026-08-09_full_completion_assurance_plan\fc_904_change_contract.md,C:\Users\郑曾波\Projects\revenue-forecast\audit_review\2026-08-09_full_completion_assurance_plan\fc_904_change_contract.md,historical_plan_or_evidence,6e45fe704a84f82088e32fe160498d2f091904a9e746f5405935da0f9a400e11,6e45fe704a84f82088e32fe160498d2f091904a9e746f5405935da0f9a400e11,False,semantic_reviewed,reviews\aug09_plans\coverage.json
revenue-forecast,audit_review\2026-08-09_full_completion_assurance_plan\fc_906_preflight_blocker.md,C:\Users\郑曾波\Projects\revenue-forecast\audit_review\2026-08-09_full_completion_assurance_plan\fc_906_preflight_blocker.md,historical_plan_or_evidence,b8fef4df25696f85e8e312e629cc2c170858a37ab672a49c98e60df9ffe69a77,b8fef4df25696f85e8e312e629cc2c170858a37ab672a49c98e60df9ffe69a77,False,semantic_reviewed,reviews\aug09_plans\coverage.json
revenue-forecast,audit_review\2026-08-09_full_completion_assurance_plan\fc_execution_packet_template.md,C:\Users\郑曾波\Projects\revenue-forecast\audit_review\2026-08-09_full_completion_assurance_plan\fc_execution_packet_template.md,historical_plan_or_evidence,938d0534611d1c1495a25bf1062f29ae167f94a313c83c537353a64d4d54ac91,938d0534611d1c1495a25bf1062f29ae167f94a313c83c537353a64d4d54ac91,False,semantic_reviewed,reviews\aug09_plans\coverage.json
revenue-forecast,audit_review\2026-08-09_full_completion_assurance_plan\findings.md,C:\Users\郑曾波\Projects\revenue-forecast\audit_review\2026-08-09_full_completion_assurance_plan\findings.md,historical_plan_or_evidence,c87af463342e7e9ae22438b621381e8945c200d15ecae2281a0f871eecaddc02,c87af463342e7e9ae22438b621381e8945c200d15ecae2281a0f871eecaddc02,False,semantic_reviewed,reviews\aug09_plans\coverage.json
revenue-forecast,audit_review\2026-08-09_full_completion_assurance_plan\implementation_runbook.md,C:\Users\郑曾波\Projects\revenue-forecast\audit_review\2026-08-09_full_completion_assurance_plan\implementation_runbook.md,historical_plan_or_evidence,faae79f3afebc92591f16674df4e2e3e146d3b58b18047c38af4e85aeaf2ecff,faae79f3afebc92591f16674df4e2e3e146d3b58b18047c38af4e85aeaf2ecff,False,semantic_reviewed,reviews\aug09_plans\coverage.json
revenue-forecast,audit_review\2026-08-09_full_completion_assurance_plan\independent_review_protocol.md,C:\Users\郑曾波\Projects\revenue-forecast\audit_review\2026-08-09_full_completion_assurance_plan\independent_review_protocol.md,historical_plan_or_evidence,8c986a4f733eb48b6e68a6b072432b8b07ecb7a8b22aa9b545cd045bb955e76c,8c986a4f733eb48b6e68a6b072432b8b07ecb7a8b22aa9b545cd045bb955e76c,False,semantic_reviewed,reviews\aug09_plans\coverage.json
revenue-forecast,audit_review\2026-08-09_full_completion_assurance_plan\legacy_plan_disposition.md,C:\Users\郑曾波\Projects\revenue-forecast\audit_review\2026-08-09_full_completion_assurance_plan\legacy_plan_disposition.md,historical_plan_or_evidence,8891f4ab6eaa7eaa3953204e09d5422149eb8a442df6743b107cc5663052ae04,8891f4ab6eaa7eaa3953204e09d5422149eb8a442df6743b107cc5663052ae04,False,semantic_reviewed,reviews\aug09_plans\coverage.json; reviews\revenue\source_read_manifest.json
revenue-forecast,audit_review\2026-08-09_full_completion_assurance_plan\plan_self_audit.md,C:\Users\郑曾波\Projects\revenue-forecast\audit_review\2026-08-09_full_completion_assurance_plan\plan_self_audit.md,historical_plan_or_evidence,c0f937cadf2a92a771b6c7c34613f12ca3dddcce31d409bc9f1cf50f8cf586ae,c0f937cadf2a92a771b6c7c34613f12ca3dddcce31d409bc9f1cf50f8cf586ae,False,semantic_reviewed,reviews\aug09_plans\coverage.json
revenue-forecast,audit_review\2026-08-09_full_completion_assurance_plan\progress.md,C:\Users\郑曾波\Projects\revenue-forecast\audit_review\2026-08-09_full_completion_assurance_plan\progress.md,historical_plan_or_evidence,adbef79e54214c1442d2ff2db5b122ea00b77e8c8799137131a24a05bee4cd5b,adbef79e54214c1442d2ff2db5b122ea00b77e8c8799137131a24a05bee4cd5b,False,semantic_reviewed,reviews\aug09_plans\coverage.json
revenue-forecast,audit_review\2026-08-09_full_completion_assurance_plan\scenario_matrix.md,C:\Users\郑曾波\Projects\revenue-forecast\audit_review\2026-08-09_full_completion_assurance_plan\scenario_matrix.md,historical_plan_or_evidence,21e9201296aa048bd61e1125525a0eadb8ac1deb5bed76a641f05b3099f1d3c5,21e9201296aa048bd61e1125525a0eadb8ac1deb5bed76a641f05b3099f1d3c5,False,semantic_reviewed,reviews\aug09_plans\coverage.json
revenue-forecast,audit_review\2026-08-09_full_completion_assurance_plan\task_plan.md,C:\Users\郑曾波\Projects\revenue-forecast\audit_review\2026-08-09_full_completion_assurance_plan\task_plan.md,historical_plan_or_evidence,6214a36b2321336e004301db16902d25771b1f7927bfafac270d83076cfd1a09,6214a36b2321336e004301db16902d25771b1f7927bfafac270d83076cfd1a09,False,semantic_reviewed,reviews\aug09_plans\coverage.json
revenue-forecast,audit_review\2026-08-09_full_completion_assurance_plan\work_unit_registry.md,C:\Users\郑曾波\Projects\revenue-forecast\audit_review\2026-08-09_full_completion_assurance_plan\work_unit_registry.md,historical_plan_or_evidence,1b5f87e7a79b00e3a12f9bc7255c6379f43013b56b88fa3d7276edb9e55e5341,1b5f87e7a79b00e3a12f9bc7255c6379f43013b56b88fa3d7276edb9e55e5341,False,semantic_reviewed,reviews\aug09_plans\coverage.json; reviews\revenue\source_read_manifest.json
revenue-forecast,audit_review\2026-08-12_zijin_skill_run_audit\RUN_MANIFEST.md,C:\Users\郑曾波\Projects\revenue-forecast\audit_review\2026-08-12_zijin_skill_run_audit\RUN_MANIFEST.md,historical_plan_or_evidence,8f885d9571bf75d9582aefec21e5c3ca4fbc94e139e07d575194905af1746062,8f885d9571bf75d9582aefec21e5c3ca4fbc94e139e07d575194905af1746062,False,semantic_reviewed,reviews\company_cases\coverage.json
revenue-forecast,audit_review\2026-08-12_zijin_skill_run_audit\TRUST_BOUNDARY.md,C:\Users\郑曾波\Projects\revenue-forecast\audit_review\2026-08-12_zijin_skill_run_audit\TRUST_BOUNDARY.md,historical_plan_or_evidence,e216be7dd9a46582deff76f7100a17ca2592c88e22affb57e418b68d09ef11e8,e216be7dd9a46582deff76f7100a17ca2592c88e22affb57e418b68d09ef11e8,False,semantic_reviewed,reviews\company_cases\coverage.json
revenue-forecast,audit_review\2026-08-12_zijin_skill_run_audit\audit_report.md,C:\Users\郑曾波\Projects\revenue-forecast\audit_review\2026-08-12_zijin_skill_run_audit\audit_report.md,historical_plan_or_evidence,e8e65163ceea1a2aabd5e3ca38d0c9198a5a6f0396a181689066bd78f92e2c2e,e8e65163ceea1a2aabd5e3ca38d0c9198a5a6f0396a181689066bd78f92e2c2e,False,semantic_reviewed,reviews\company_cases\coverage.json
revenue-forecast,audit_review\2026-08-12_zijin_skill_run_audit\dropbox_broker_report_audit.md,C:\Users\郑曾波\Projects\revenue-forecast\audit_review\2026-08-12_zijin_skill_run_audit\dropbox_broker_report_audit.md,historical_plan_or_evidence,7f69d254c29f7c8bb22191cf8e9906a6f635ed3fe459d8ab96f49888c60e89e0,7f69d254c29f7c8bb22191cf8e9906a6f635ed3fe459d8ab96f49888c60e89e0,False,semantic_reviewed,reviews\company_cases\coverage.json
revenue-forecast,audit_review\2026-08-12_zijin_skill_run_audit\findings.md,C:\Users\郑曾波\Projects\revenue-forecast\audit_review\2026-08-12_zijin_skill_run_audit\findings.md,historical_plan_or_evidence,80d6b82d996d96502116ea161eea64bc5c5e41895c4939a2eaea707a427d735d,80d6b82d996d96502116ea161eea64bc5c5e41895c4939a2eaea707a427d735d,False,semantic_reviewed,reviews\company_cases\coverage.json
revenue-forecast,audit_review\2026-08-12_zijin_skill_run_audit\mine_coverage_matrix.md,C:\Users\郑曾波\Projects\revenue-forecast\audit_review\2026-08-12_zijin_skill_run_audit\mine_coverage_matrix.md,historical_plan_or_evidence,e7d32f442fd658753287188e5737d874407dcffe12b924aa9c5264a2db4be29a,e7d32f442fd658753287188e5737d874407dcffe12b924aa9c5264a2db4be29a,False,semantic_reviewed,reviews\company_cases\coverage.json
revenue-forecast,audit_review\2026-08-12_zijin_skill_run_audit\outputs\draft_report.md,C:\Users\郑曾波\Projects\revenue-forecast\audit_review\2026-08-12_zijin_skill_run_audit\outputs\draft_report.md,historical_plan_or_evidence,cd7798b1be1de02b171e14e6bdcae929b5f85aca5c4a70a637be24382660ee81,cd7798b1be1de02b171e14e6bdcae929b5f85aca5c4a70a637be24382660ee81,False,semantic_reviewed,reviews\company_cases\coverage.json
revenue-forecast,audit_review\2026-08-12_zijin_skill_run_audit\progress.md,C:\Users\郑曾波\Projects\revenue-forecast\audit_review\2026-08-12_zijin_skill_run_audit\progress.md,historical_plan_or_evidence,aa5a1c69b20b9a3ae2e049228a677b96a9f8d4cc97701c57d3e9df49f0e1516b,aa5a1c69b20b9a3ae2e049228a677b96a9f8d4cc97701c57d3e9df49f0e1516b,False,semantic_reviewed,reviews\company_cases\coverage.json
revenue-forecast,audit_review\2026-08-12_zijin_skill_run_audit\sources\README.md,C:\Users\郑曾波\Projects\revenue-forecast\audit_review\2026-08-12_zijin_skill_run_audit\sources\README.md,historical_plan_or_evidence,daab5bd947c88e2864789591fba7cf8cda92a8d8d9b22bb1a170af75388d32a9,daab5bd947c88e2864789591fba7cf8cda92a8d8d9b22bb1a170af75388d32a9,False,semantic_reviewed,reviews\company_cases\coverage.json
revenue-forecast,audit_review\2026-08-12_zijin_skill_run_audit\task_plan.md,C:\Users\郑曾波\Projects\revenue-forecast\audit_review\2026-08-12_zijin_skill_run_audit\task_plan.md,historical_plan_or_evidence,30aed17a79c5d48d8f08a1d90f6be0271ad03aceed15e13db4085f1f36fb5f29,30aed17a79c5d48d8f08a1d90f6be0271ad03aceed15e13db4085f1f36fb5f29,False,semantic_reviewed,reviews\company_cases\coverage.json
revenue-forecast,audit_review\2026-08-12_zijin_skill_run_audit\trace\filing_fetch_events.md,C:\Users\郑曾波\Projects\revenue-forecast\audit_review\2026-08-12_zijin_skill_run_audit\trace\filing_fetch_events.md,historical_plan_or_evidence,255b4613e56464b198b1547eeec26b2cad25f4fbfb644a4aae71c47c6874e995,255b4613e56464b198b1547eeec26b2cad25f4fbfb644a4aae71c47c6874e995,False,semantic_reviewed,reviews\company_cases\coverage.json
revenue-forecast,audit_review\2026-08-12_zijin_skill_run_audit\trace\source_review.md,C:\Users\郑曾波\Projects\revenue-forecast\audit_review\2026-08-12_zijin_skill_run_audit\trace\source_review.md,historical_plan_or_evidence,be54b2ee72f7591097790df28531a6dcf56e0e04d109a7e8e38b564965526324,be54b2ee72f7591097790df28531a6dcf56e0e04d109a7e8e38b564965526324,False,semantic_reviewed,reviews\company_cases\coverage.json
revenue-forecast,audit_review\2026-08-12_zijin_skill_run_audit\trace\web_events.md,C:\Users\郑曾波\Projects\revenue-forecast\audit_review\2026-08-12_zijin_skill_run_audit\trace\web_events.md,historical_plan_or_evidence,7e5013ccd07d9c1d0ad1dd30fad258ff6826380afc04156159d62631e3a74c24,7e5013ccd07d9c1d0ad1dd30fad258ff6826380afc04156159d62631e3a74c24,False,semantic_reviewed,reviews\company_cases\coverage.json
revenue-forecast,audit_review\2026-08-13_three_repo_completion_rebaseline_plan\PLAN_MANIFEST.md,C:\Users\郑曾波\Projects\revenue-forecast\audit_review\2026-08-13_three_repo_completion_rebaseline_plan\PLAN_MANIFEST.md,historical_plan_or_evidence,39136316e7bcaaef112bc066ad7897f9064af7942ccbac1afdabc1043b984db0,39136316e7bcaaef112bc066ad7897f9064af7942ccbac1afdabc1043b984db0,False,semantic_reviewed,reviews\aug13_independent\coverage.json
revenue-forecast,audit_review\2026-08-13_three_repo_completion_rebaseline_plan\authoritative_execution_plan.md,C:\Users\郑曾波\Projects\revenue-forecast\audit_review\2026-08-13_three_repo_completion_rebaseline_plan\authoritative_execution_plan.md,historical_plan_or_evidence,2a18294bad809978f6fc60a573764fdb8cfc91c5ea0c8ec4bc141fe3a6e8f6c9,2a18294bad809978f6fc60a573764fdb8cfc91c5ea0c8ec4bc141fe3a6e8f6c9,False,semantic_reviewed,reviews\aug13_independent\coverage.json
revenue-forecast,audit_review\2026-08-13_three_repo_completion_rebaseline_plan\completion_assurance_registry.md,C:\Users\郑曾波\Projects\revenue-forecast\audit_review\2026-08-13_three_repo_completion_rebaseline_plan\completion_assurance_registry.md,historical_plan_or_evidence,861e28f9dc72864347041ef1a8b0deabf38afdb3581ffce5050cb794f361f3e7,861e28f9dc72864347041ef1a8b0deabf38afdb3581ffce5050cb794f361f3e7,False,semantic_reviewed,reviews\aug13_independent\coverage.json
revenue-forecast,audit_review\2026-08-13_three_repo_completion_rebaseline_plan\completion_audit.md,C:\Users\郑曾波\Projects\revenue-forecast\audit_review\2026-08-13_three_repo_completion_rebaseline_plan\completion_audit.md,historical_plan_or_evidence,90cd878206c548693ad176b1427064e8689169b7bb2eae0d492f06f3f24012fe,90cd878206c548693ad176b1427064e8689169b7bb2eae0d492f06f3f24012fe,False,semantic_reviewed,reviews\aug13_independent\coverage.json; reviews\revenue\source_read_manifest.json
revenue-forecast,audit_review\2026-08-13_three_repo_completion_rebaseline_plan\current_state_audit.md,C:\Users\郑曾波\Projects\revenue-forecast\audit_review\2026-08-13_three_repo_completion_rebaseline_plan\current_state_audit.md,historical_plan_or_evidence,fc7552617f80ff13565db79ea6cca2413009b205a8b066be3b80ffef7a1a77d9,fc7552617f80ff13565db79ea6cca2413009b205a8b066be3b80ffef7a1a77d9,False,semantic_reviewed,reviews\aug13_independent\coverage.json
revenue-forecast,audit_review\2026-08-13_three_repo_completion_rebaseline_plan\findings.md,C:\Users\郑曾波\Projects\revenue-forecast\audit_review\2026-08-13_three_repo_completion_rebaseline_plan\findings.md,historical_plan_or_evidence,af6d64bc97f47daff8b2e02dfe608cf8fd9eb36b104a26a82ef6971fa45b6ae5,af6d64bc97f47daff8b2e02dfe608cf8fd9eb36b104a26a82ef6971fa45b6ae5,False,semantic_reviewed,reviews\aug13_independent\coverage.json
revenue-forecast,audit_review\2026-08-13_three_repo_completion_rebaseline_plan\input_snapshot.md,C:\Users\郑曾波\Projects\revenue-forecast\audit_review\2026-08-13_three_repo_completion_rebaseline_plan\input_snapshot.md,historical_plan_or_evidence,18ce4be32fbab9c689469a70938277c3190eefcc699585b6157d9fb90a0d60cc,18ce4be32fbab9c689469a70938277c3190eefcc699585b6157d9fb90a0d60cc,False,semantic_reviewed,reviews\aug13_independent\coverage.json
revenue-forecast,audit_review\2026-08-13_three_repo_completion_rebaseline_plan\legacy_fc_status_registry.md,C:\Users\郑曾波\Projects\revenue-forecast\audit_review\2026-08-13_three_repo_completion_rebaseline_plan\legacy_fc_status_registry.md,historical_plan_or_evidence,fa38c1e727ca6982fc911688a4db87bacfcfa65389ed1f949c1a6f77946ddc44,fa38c1e727ca6982fc911688a4db87bacfcfa65389ed1f949c1a6f77946ddc44,False,semantic_reviewed,reviews\aug13_independent\coverage.json; reviews\revenue\source_read_manifest.json
revenue-forecast,audit_review\2026-08-13_three_repo_completion_rebaseline_plan\legacy_transition_matrix.md,C:\Users\郑曾波\Projects\revenue-forecast\audit_review\2026-08-13_three_repo_completion_rebaseline_plan\legacy_transition_matrix.md,historical_plan_or_evidence,cfd0de189c801564c65e8361106b8f915873593c2d1fa00e95ced163836cc34e,cfd0de189c801564c65e8361106b8f915873593c2d1fa00e95ced163836cc34e,False,semantic_reviewed,reviews\aug13_independent\coverage.json; reviews\revenue\source_read_manifest.json
revenue-forecast,audit_review\2026-08-13_three_repo_completion_rebaseline_plan\plan_self_audit.md,C:\Users\郑曾波\Projects\revenue-forecast\audit_review\2026-08-13_three_repo_completion_rebaseline_plan\plan_self_audit.md,historical_plan_or_evidence,cfa336073a9a1c424e0e819f7a38a2abc5d4299e0b363fc033b0ade86a6907ad,cfa336073a9a1c424e0e819f7a38a2abc5d4299e0b363fc033b0ade86a6907ad,False,semantic_reviewed,reviews\aug13_independent\coverage.json
revenue-forecast,audit_review\2026-08-13_three_repo_completion_rebaseline_plan\progress.md,C:\Users\郑曾波\Projects\revenue-forecast\audit_review\2026-08-13_three_repo_completion_rebaseline_plan\progress.md,historical_plan_or_evidence,4ec709564e94b4f3d7e18d69660ab04bd1ca95c37f0758a5f40b4b549d4e72a7,4ec709564e94b4f3d7e18d69660ab04bd1ca95c37f0758a5f40b4b549d4e72a7,False,semantic_reviewed,reviews\aug13_independent\coverage.json
revenue-forecast,audit_review\2026-08-13_three_repo_completion_rebaseline_plan\project_goal_and_pain_points.md,C:\Users\郑曾波\Projects\revenue-forecast\audit_review\2026-08-13_three_repo_completion_rebaseline_plan\project_goal_and_pain_points.md,historical_plan_or_evidence,055181150156719e7dfe7b68989af4f96d2081853f247ed64d9495a99859061b,055181150156719e7dfe7b68989af4f96d2081853f247ed64d9495a99859061b,False,semantic_reviewed,reviews\aug13_independent\coverage.json
revenue-forecast,audit_review\2026-08-13_three_repo_completion_rebaseline_plan\task_plan.md,C:\Users\郑曾波\Projects\revenue-forecast\audit_review\2026-08-13_three_repo_completion_rebaseline_plan\task_plan.md,historical_plan_or_evidence,4466c40594b253aaed7571ee777ce72c86e8f3b672b01751572175f254d99bb0,4466c40594b253aaed7571ee777ce72c86e8f3b672b01751572175f254d99bb0,False,semantic_reviewed,reviews\aug13_independent\coverage.json
revenue-forecast,audit_review\2026-08-13_three_repo_completion_rebaseline_plan\traceability_and_acceptance.md,C:\Users\郑曾波\Projects\revenue-forecast\audit_review\2026-08-13_three_repo_completion_rebaseline_plan\traceability_and_acceptance.md,historical_plan_or_evidence,2be87284fda7ab326c27618367319dccb7bf79e30e26b76d95594ca7b8275bb6,2be87284fda7ab326c27618367319dccb7bf79e30e26b76d95594ca7b8275bb6,False,semantic_reviewed,reviews\aug13_independent\coverage.json
revenue-forecast,audit_review\2026-08-13_three_repo_completion_rebaseline_plan\weak_model_execution_checklist.md,C:\Users\郑曾波\Projects\revenue-forecast\audit_review\2026-08-13_three_repo_completion_rebaseline_plan\weak_model_execution_checklist.md,historical_plan_or_evidence,099b6db13843314a8bb03490ed52e9b64771f8561e8547cd58b817c9258e0c8d,099b6db13843314a8bb03490ed52e9b64771f8561e8547cd58b817c9258e0c8d,False,semantic_reviewed,reviews\aug13_independent\coverage.json
revenue-forecast,audit_review\2026-08-13_zijin_data_lake_remediation_plan\PLAN_MANIFEST.md,C:\Users\郑曾波\Projects\revenue-forecast\audit_review\2026-08-13_zijin_data_lake_remediation_plan\PLAN_MANIFEST.md,historical_plan_or_evidence,209114007a1ceff1acc72860ca2ed8b3c00d3516cc7aa96ee05183055522bf60,209114007a1ceff1acc72860ca2ed8b3c00d3516cc7aa96ee05183055522bf60,False,semantic_reviewed,reviews\aug13_independent\coverage.json
revenue-forecast,audit_review\2026-08-13_zijin_data_lake_remediation_plan\architecture_target.md,C:\Users\郑曾波\Projects\revenue-forecast\audit_review\2026-08-13_zijin_data_lake_remediation_plan\architecture_target.md,historical_plan_or_evidence,288995a9b9e4c2f6848fd28d35d6fc9297248f5fc674f18a61dc2ac79de34f6b,288995a9b9e4c2f6848fd28d35d6fc9297248f5fc674f18a61dc2ac79de34f6b,False,semantic_reviewed,reviews\aug13_independent\coverage.json
revenue-forecast,audit_review\2026-08-13_zijin_data_lake_remediation_plan\dynamic_assurance_plan.md,C:\Users\郑曾波\Projects\revenue-forecast\audit_review\2026-08-13_zijin_data_lake_remediation_plan\dynamic_assurance_plan.md,historical_plan_or_evidence,81b8fec2a40b0142b31e42bd5ada36f503336d97963fa5c9ecdd88746d036b2e,81b8fec2a40b0142b31e42bd5ada36f503336d97963fa5c9ecdd88746d036b2e,False,semantic_reviewed,reviews\aug13_independent\coverage.json
revenue-forecast,audit_review\2026-08-13_zijin_data_lake_remediation_plan\findings.md,C:\Users\郑曾波\Projects\revenue-forecast\audit_review\2026-08-13_zijin_data_lake_remediation_plan\findings.md,historical_plan_or_evidence,09ebcdc74e8bed03f25033033063ef129690e26319686ce07106ac2066f5da19,09ebcdc74e8bed03f25033033063ef129690e26319686ce07106ac2066f5da19,False,semantic_reviewed,reviews\aug13_independent\coverage.json
revenue-forecast,audit_review\2026-08-13_zijin_data_lake_remediation_plan\implementation_runbook.md,C:\Users\郑曾波\Projects\revenue-forecast\audit_review\2026-08-13_zijin_data_lake_remediation_plan\implementation_runbook.md,historical_plan_or_evidence,b20a8b886261118a0b1449809f63db8de4f57f6099061115c9af8761c95ba132,b20a8b886261118a0b1449809f63db8de4f57f6099061115c9af8761c95ba132,False,semantic_reviewed,reviews\aug13_independent\coverage.json
revenue-forecast,audit_review\2026-08-13_zijin_data_lake_remediation_plan\legacy_plan_disposition.md,C:\Users\郑曾波\Projects\revenue-forecast\audit_review\2026-08-13_zijin_data_lake_remediation_plan\legacy_plan_disposition.md,historical_plan_or_evidence,dedf73e1f325af84a19cb6f0791bc2bc772503ea1a4438eb9a966820c88fec8a,dedf73e1f325af84a19cb6f0791bc2bc772503ea1a4438eb9a966820c88fec8a,False,semantic_reviewed,reviews\aug13_independent\coverage.json
revenue-forecast,audit_review\2026-08-13_zijin_data_lake_remediation_plan\migration_rollout_plan.md,C:\Users\郑曾波\Projects\revenue-forecast\audit_review\2026-08-13_zijin_data_lake_remediation_plan\migration_rollout_plan.md,historical_plan_or_evidence,e58986d6a5a87b47dc8cf250a94d2ec3d17c26a404a66962ad05f657339fbde9,e58986d6a5a87b47dc8cf250a94d2ec3d17c26a404a66962ad05f657339fbde9,False,semantic_reviewed,reviews\aug13_independent\coverage.json
revenue-forecast,audit_review\2026-08-13_zijin_data_lake_remediation_plan\plan_self_audit.md,C:\Users\郑曾波\Projects\revenue-forecast\audit_review\2026-08-13_zijin_data_lake_remediation_plan\plan_self_audit.md,historical_plan_or_evidence,035b0ab64b959011a6229add9ef093d3082558def1c03ce8f3fe1cbfccadf91e,035b0ab64b959011a6229add9ef093d3082558def1c03ce8f3fe1cbfccadf91e,False,semantic_reviewed,reviews\aug13_independent\coverage.json
revenue-forecast,audit_review\2026-08-13_zijin_data_lake_remediation_plan\progress.md,C:\Users\郑曾波\Projects\revenue-forecast\audit_review\2026-08-13_zijin_data_lake_remediation_plan\progress.md,historical_plan_or_evidence,88a5e745855e346fd5f9eec86c09b66afadb6a867d0c76c18d57b1337bd56a98,88a5e745855e346fd5f9eec86c09b66afadb6a867d0c76c18d57b1337bd56a98,False,semantic_reviewed,reviews\aug13_independent\coverage.json
revenue-forecast,audit_review\2026-08-13_zijin_data_lake_remediation_plan\scenario_matrix.md,C:\Users\郑曾波\Projects\revenue-forecast\audit_review\2026-08-13_zijin_data_lake_remediation_plan\scenario_matrix.md,historical_plan_or_evidence,e08cbe4e93b933bd01bc758dcef5aeee194417bde0d23d05ea0bc011e03cac8a,e08cbe4e93b933bd01bc758dcef5aeee194417bde0d23d05ea0bc011e03cac8a,False,semantic_reviewed,reviews\aug13_independent\coverage.json
revenue-forecast,audit_review\2026-08-13_zijin_data_lake_remediation_plan\task_plan.md,C:\Users\郑曾波\Projects\revenue-forecast\audit_review\2026-08-13_zijin_data_lake_remediation_plan\task_plan.md,historical_plan_or_evidence,0289eff42396659941650373c30cb0e6183357cb88732441b83f49b862141639,0289eff42396659941650373c30cb0e6183357cb88732441b83f49b862141639,False,semantic_reviewed,reviews\aug13_independent\coverage.json
revenue-forecast,audit_review\2026-08-13_zijin_data_lake_remediation_plan\traceability_matrix.md,C:\Users\郑曾波\Projects\revenue-forecast\audit_review\2026-08-13_zijin_data_lake_remediation_plan\traceability_matrix.md,historical_plan_or_evidence,c04c49846d8cf8a8fd50c52439b199cfd005b3bf458051b31c7431eea55a309b,c04c49846d8cf8a8fd50c52439b199cfd005b3bf458051b31c7431eea55a309b,False,semantic_reviewed,reviews\aug13_independent\coverage.json
revenue-forecast,audit_review\2026-08-13_zijin_data_lake_remediation_plan\work_unit_registry.md,C:\Users\郑曾波\Projects\revenue-forecast\audit_review\2026-08-13_zijin_data_lake_remediation_plan\work_unit_registry.md,historical_plan_or_evidence,72c70eb6df9bf9cd04e8a9e42ad795477da9c28f30db291d7b8d1dda3d5de709,72c70eb6df9bf9cd04e8a9e42ad795477da9c28f30db291d7b8d1dda3d5de709,False,semantic_reviewed,reviews\aug13_independent\coverage.json; reviews\revenue\source_read_manifest.json
revenue-forecast,audit_review\2026-09-18_real_company_skill_audit\AUDIT_REPORT.md,C:\Users\郑曾波\Projects\revenue-forecast\audit_review\2026-09-18_real_company_skill_audit\AUDIT_REPORT.md,historical_plan_or_evidence,4880878919dc251637a01d4390fd8c11f72bc19cd03d78508d04d6115fc41b7f,4880878919dc251637a01d4390fd8c11f72bc19cd03d78508d04d6115fc41b7f,False,semantic_reviewed,reviews\company_cases\coverage.json; reviews\revenue\source_read_manifest.json
revenue-forecast,audit_review\2026-09-18_real_company_skill_audit\MSFT\gates_and_target_ledger.draft.md,C:\Users\郑曾波\Projects\revenue-forecast\audit_review\2026-09-18_real_company_skill_audit\MSFT\gates_and_target_ledger.draft.md,historical_plan_or_evidence,ec53101c5c61ab8398b867ce449b4e3460cd1c26d18731dd70b80882b1972975,ec53101c5c61ab8398b867ce449b4e3460cd1c26d18731dd70b80882b1972975,False,semantic_reviewed,reviews\company_cases\coverage.json
revenue-forecast,audit_review\2026-09-18_real_company_skill_audit\MSFT\research.md,C:\Users\郑曾波\Projects\revenue-forecast\audit_review\2026-09-18_real_company_skill_audit\MSFT\research.md,historical_plan_or_evidence,d5e1c2793ff3cf43d700f54a28741ead3d8fb63e92d1ae15b5fe4d9f63653568,d5e1c2793ff3cf43d700f54a28741ead3d8fb63e92d1ae15b5fe4d9f63653568,False,semantic_reviewed,reviews\company_cases\coverage.json
revenue-forecast,audit_review\2026-09-18_real_company_skill_audit\MSFT\scenario_draft.md,C:\Users\郑曾波\Projects\revenue-forecast\audit_review\2026-09-18_real_company_skill_audit\MSFT\scenario_draft.md,historical_plan_or_evidence,8bc7db97b75496746a624a8eafc694675a286763b1728891afb20adc5ee369d7,8bc7db97b75496746a624a8eafc694675a286763b1728891afb20adc5ee369d7,False,semantic_reviewed,reviews\company_cases\coverage.json
revenue-forecast,audit_review\2026-09-18_real_company_skill_audit\README.md,C:\Users\郑曾波\Projects\revenue-forecast\audit_review\2026-09-18_real_company_skill_audit\README.md,historical_plan_or_evidence,22f04b20dee7800eacb71fa978fecba06170c6d13a6cbade8b889c738d929fb7,22f04b20dee7800eacb71fa978fecba06170c6d13a6cbade8b889c738d929fb7,False,semantic_reviewed,reviews\company_cases\coverage.json
revenue-forecast,audit_review\2026-09-18_real_company_skill_audit\XIAOMI\research.md,C:\Users\郑曾波\Projects\revenue-forecast\audit_review\2026-09-18_real_company_skill_audit\XIAOMI\research.md,historical_plan_or_evidence,b3aa17493bf8283ec6bcc4db9bf9794c31048e64d63fa74159929799cc0e972f,b3aa17493bf8283ec6bcc4db9bf9794c31048e64d63fa74159929799cc0e972f,False,semantic_reviewed,reviews\company_cases\coverage.json
revenue-forecast,audit_review\2026-09-18_real_company_skill_audit\XIAOMI\research_scenarios_NOT_FORMAL.md,C:\Users\郑曾波\Projects\revenue-forecast\audit_review\2026-09-18_real_company_skill_audit\XIAOMI\research_scenarios_NOT_FORMAL.md,historical_plan_or_evidence,f3567ff63254a1ff73bb24353e1bf1432fe85a1324712455eb5e6f6fe8f4564a,f3567ff63254a1ff73bb24353e1bf1432fe85a1324712455eb5e6f6fe8f4564a,False,semantic_reviewed,reviews\company_cases\coverage.json
revenue-forecast,audit_review\2026-09-18_real_company_skill_audit\ZIJIN\research.md,C:\Users\郑曾波\Projects\revenue-forecast\audit_review\2026-09-18_real_company_skill_audit\ZIJIN\research.md,historical_plan_or_evidence,5475df531afa1180dc0fc072fd21bb7c2cee770590efd92efea7d17d8e2d7e62,5475df531afa1180dc0fc072fd21bb7c2cee770590efd92efea7d17d8e2d7e62,False,semantic_reviewed,reviews\company_cases\coverage.json
revenue-forecast,audit_review\2026-09-18_real_company_skill_audit\independent\acceptance_checklist.md,C:\Users\郑曾波\Projects\revenue-forecast\audit_review\2026-09-18_real_company_skill_audit\independent\acceptance_checklist.md,historical_plan_or_evidence,dcc443a7e80562a14ea4323585222133eccdaa5aae5d8b7b074c76fd046ec235,dcc443a7e80562a14ea4323585222133eccdaa5aae5d8b7b074c76fd046ec235,False,semantic_reviewed,reviews\company_cases\coverage.json
revenue-forecast,audit_review\2026-09-18_real_company_skill_audit\independent\data_pipeline_review.md,C:\Users\郑曾波\Projects\revenue-forecast\audit_review\2026-09-18_real_company_skill_audit\independent\data_pipeline_review.md,historical_plan_or_evidence,44932f847c88ca8e966bfb56c36ee6462bd97d1ae90ce7b816e187873d93ee14,44932f847c88ca8e966bfb56c36ee6462bd97d1ae90ce7b816e187873d93ee14,False,semantic_reviewed,reviews\company_cases\coverage.json
revenue-forecast,audit_review\2026-09-18_real_company_skill_audit\independent\review.md,C:\Users\郑曾波\Projects\revenue-forecast\audit_review\2026-09-18_real_company_skill_audit\independent\review.md,historical_plan_or_evidence,e0668e6cc73565ff788f0efc737f35318d07ad7b420dfd212060585e08bc5a2b,e0668e6cc73565ff788f0efc737f35318d07ad7b420dfd212060585e08bc5a2b,False,semantic_reviewed,reviews\company_cases\coverage.json
revenue-forecast,audit_review\README.md,C:\Users\郑曾波\Projects\revenue-forecast\audit_review\README.md,historical_plan_or_evidence,a7affbb5fdffe3832395e6276f5d27a0dbd77ba4cda00beb43e6b3312983a79f,a7affbb5fdffe3832395e6276f5d27a0dbd77ba4cda00beb43e6b3312983a79f,False,semantic_reviewed,reviews\revenue\source_read_manifest.json
revenue-forecast,audit_review\findings.md,C:\Users\郑曾波\Projects\revenue-forecast\audit_review\findings.md,historical_plan_or_evidence,5bba19c11a744aa8969fdc3312bc5c8db4d215d8361375b37bf7eb6996ba9ace,5bba19c11a744aa8969fdc3312bc5c8db4d215d8361375b37bf7eb6996ba9ace,False,semantic_reviewed,reviews\early_revenue\coverage.json
revenue-forecast,audit_review\progress.md,C:\Users\郑曾波\Projects\revenue-forecast\audit_review\progress.md,historical_plan_or_evidence,c8807f6145ea8bb101bc7ef7f3686f69b2dba966c2058795058cf939988cc898,c8807f6145ea8bb101bc7ef7f3686f69b2dba966c2058795058cf939988cc898,False,semantic_reviewed,reviews\early_revenue\coverage.json
revenue-forecast,audit_review\task_plan.md,C:\Users\郑曾波\Projects\revenue-forecast\audit_review\task_plan.md,historical_plan_or_evidence,45ccd16c3fe0dac8432891d9682258293befb4a987f1fae0c5a9cb60384020f5,45ccd16c3fe0dac8432891d9682258293befb4a987f1fae0c5a9cb60384020f5,False,semantic_reviewed,reviews\revenue\source_read_manifest.json
revenue-forecast,docs\buy_side_model_audit_2026-09-18.md,C:\Users\郑曾波\Projects\revenue-forecast\docs\buy_side_model_audit_2026-09-18.md,engineering_context,fca1bdcbad25e1988b4722a99039359155ed7cd1402f177695585d942c5b2317,fca1bdcbad25e1988b4722a99039359155ed7cd1402f177695585d942c5b2317,False,semantic_reviewed,reviews\revenue\source_read_manifest.json
revenue-forecast,docs\buy_side_review_2026-09-18.md,C:\Users\郑曾波\Projects\revenue-forecast\docs\buy_side_review_2026-09-18.md,engineering_context,6bbd72c0743842e21c41424fb5adffbccbb3a9136d224a60f6d6af08ff71d0f9,6bbd72c0743842e21c41424fb5adffbccbb3a9136d224a60f6d6af08ff71d0f9,False,semantic_reviewed,reviews\revenue\source_read_manifest.json
revenue-forecast,docs\proposals\headwind-driver-schema.md,C:\Users\郑曾波\Projects\revenue-forecast\docs\proposals\headwind-driver-schema.md,engineering_context,413348b79d615d5b6d8b881457f5ffa7da39491652e33ed1079e97c5e6de2cb2,413348b79d615d5b6d8b881457f5ffa7da39491652e33ed1079e97c5e6de2cb2,False,semantic_reviewed,reviews\revenue\source_read_manifest.json
revenue-forecast,docs\proposals\segment-refinement-backlog.md,C:\Users\郑曾波\Projects\revenue-forecast\docs\proposals\segment-refinement-backlog.md,engineering_context,00b0fa0285514dcc91da985f5c2dfb3759e20b866e777f76f10bd5e74090488d,00b0fa0285514dcc91da985f5c2dfb3759e20b866e777f76f10bd5e74090488d,False,semantic_reviewed,reviews\revenue\source_read_manifest.json
revenue-forecast,docs\session-checklist.md,C:\Users\郑曾波\Projects\revenue-forecast\docs\session-checklist.md,engineering_context,dbc236b9d67f3ec80a62a8594471d03edd12abf155eff95a33137a8b1cbdba30,dbc236b9d67f3ec80a62a8594471d03edd12abf155eff95a33137a8b1cbdba30,False,semantic_reviewed,reviews\revenue\source_read_manifest.json
revenue-forecast,docs\templates\trust-boundary.md,C:\Users\郑曾波\Projects\revenue-forecast\docs\templates\trust-boundary.md,engineering_context,d7f2f89832b238b548d837734b03db667f591353b3a7ad163f9da0fa22e8e332,d7f2f89832b238b548d837734b03db667f591353b3a7ad163f9da0fa22e8e332,False,semantic_reviewed,reviews\revenue\source_read_manifest.json
revenue-forecast,findings.md,C:\Users\郑曾波\Projects\revenue-forecast\findings.md,historical_plan_or_evidence,52a77e94e0a2e84d5e6b3e2f134e936c2cc7b3c085a8307fa4a41db936ece8dd,52a77e94e0a2e84d5e6b3e2f134e936c2cc7b3c085a8307fa4a41db936ece8dd,False,semantic_reviewed,reviews\early_revenue\coverage.json
revenue-forecast,progress.md,C:\Users\郑曾波\Projects\revenue-forecast\progress.md,historical_plan_or_evidence,5151eaf68769dcfa10f0152043843b6c9d5a00ef120b0222904adc79263ed329,5151eaf68769dcfa10f0152043843b6c9d5a00ef120b0222904adc79263ed329,False,semantic_reviewed,reviews\early_revenue\coverage.json
revenue-forecast,review_audit\findings.md,C:\Users\郑曾波\Projects\revenue-forecast\review_audit\findings.md,historical_plan_or_evidence,c1d34aa895ea0a5f786c02200b32fb76d9c68104c93ab643c9b3c30582a18a72,c1d34aa895ea0a5f786c02200b32fb76d9c68104c93ab643c9b3c30582a18a72,False,semantic_reviewed,reviews\revenue\source_read_manifest.json
revenue-forecast,review_audit\progress.md,C:\Users\郑曾波\Projects\revenue-forecast\review_audit\progress.md,historical_plan_or_evidence,46382685496116963123b937591acc2afc3c5c75847477bf660c7a8d14e74093,46382685496116963123b937591acc2afc3c5c75847477bf660c7a8d14e74093,False,semantic_reviewed,reviews\revenue\source_read_manifest.json
revenue-forecast,review_audit\roadmap.md,C:\Users\郑曾波\Projects\revenue-forecast\review_audit\roadmap.md,historical_plan_or_evidence,3fd85449921ec34e81e6ea4eb6f031d96035b9247b64950247e14f302b608db7,3fd85449921ec34e81e6ea4eb6f031d96035b9247b64950247e14f302b608db7,False,semantic_reviewed,reviews\revenue\source_read_manifest.json
revenue-forecast,review_audit\task_plan.md,C:\Users\郑曾波\Projects\revenue-forecast\review_audit\task_plan.md,historical_plan_or_evidence,10dbc13198c1f10149595847df38aee2d3ee581be07d27a2720aecafd854145b,10dbc13198c1f10149595847df38aee2d3ee581be07d27a2720aecafd854145b,False,semantic_reviewed,reviews\revenue\source_read_manifest.json
revenue-forecast,task_plan.md,C:\Users\郑曾波\Projects\revenue-forecast\task_plan.md,historical_plan_or_evidence,896b9c6924fa9788cd9aeaed3266d4103ae9c35c6612f0b6dc240e932c221c4d,896b9c6924fa9788cd9aeaed3266d4103ae9c35c6612f0b6dc240e932c221c4d,False,semantic_reviewed,reviews\revenue\source_read_manifest.json
filing-fetch,CHANGELOG.md,C:\Users\郑曾波\Projects\filing-fetch\CHANGELOG.md,engineering_context,e51e1756c627f279edb1674a791f31a9dda78c01cedfeae87fd6d5ff0bc4eb2e,e51e1756c627f279edb1674a791f31a9dda78c01cedfeae87fd6d5ff0bc4eb2e,False,semantic_reviewed,reviews\filing\item_ledger.jsonl
filing-fetch,PLANNING_STATUS.md,C:\Users\郑曾波\Projects\filing-fetch\PLANNING_STATUS.md,historical_plan_or_evidence,151f026192c543713987c674eedda965021066d3bffdc5340de77881bc53fed1,151f026192c543713987c674eedda965021066d3bffdc5340de77881bc53fed1,False,semantic_reviewed,reviews\filing\item_ledger.jsonl
filing-fetch,SKILL.md,C:\Users\郑曾波\Projects\filing-fetch\SKILL.md,engineering_context,581b65f7335199067c300e0369934bea2278eba8920267b7cf5078ee945ad31c,581b65f7335199067c300e0369934bea2278eba8920267b7cf5078ee945ad31c,False,semantic_reviewed,reviews\filing\item_ledger.jsonl
filing-fetch,assurance\fc\FC-903\03_change_contract.md,C:\Users\郑曾波\Projects\filing-fetch\assurance\fc\FC-903\03_change_contract.md,historical_plan_or_evidence,c18ffc626652bef8a799a77ca425b69a4af14293afedb751fe923f517ff3e09a,c18ffc626652bef8a799a77ca425b69a4af14293afedb751fe923f517ff3e09a,False,semantic_reviewed,reviews\filing\item_ledger.jsonl
filing-fetch,assurance\fc\FC-903\REVIEWER_REPORT.md,C:\Users\郑曾波\Projects\filing-fetch\assurance\fc\FC-903\REVIEWER_REPORT.md,historical_plan_or_evidence,6d2dfe9caa6ff86e4b0cbd067a47f996dbee90bae9dd3baecef9192c7ea14bcc,6d2dfe9caa6ff86e4b0cbd067a47f996dbee90bae9dd3baecef9192c7ea14bcc,False,semantic_reviewed,reviews\filing\item_ledger.jsonl
filing-fetch,findings.md,C:\Users\郑曾波\Projects\filing-fetch\findings.md,historical_plan_or_evidence,b9886f4d6f50a13d8af7b01ddd2975b3f3ba9679ca51ab03882533b1e76c4c95,b9886f4d6f50a13d8af7b01ddd2975b3f3ba9679ca51ab03882533b1e76c4c95,False,semantic_reviewed,reviews\filing\item_ledger.jsonl
filing-fetch,progress.md,C:\Users\郑曾波\Projects\filing-fetch\progress.md,historical_plan_or_evidence,56f7a7debd1473ccd4f802658924d0b678bba8ea5b02c7b9c89b78822daff8ac,56f7a7debd1473ccd4f802658924d0b678bba8ea5b02c7b9c89b78822daff8ac,False,semantic_reviewed,reviews\filing\item_ledger.jsonl
filing-fetch,task_plan.md,C:\Users\郑曾波\Projects\filing-fetch\task_plan.md,historical_plan_or_evidence,71da318a8b5b3f32f90913c310bd508c85da12059efb63711c2aec8289082b42,71da318a8b5b3f32f90913c310bd508c85da12059efb63711c2aec8289082b42,False,semantic_reviewed,reviews\filing\item_ledger.jsonl
company-wiki,.mimocode\plans\1784577918407-neon-planet.md,C:\Users\郑曾波\Projects\company-wiki\.mimocode\plans\1784577918407-neon-planet.md,historical_plan_or_evidence,4199df968905d45a0a4746e00dd94235576da32eaee221fdee37af541b5329c0,4199df968905d45a0a4746e00dd94235576da32eaee221fdee37af541b5329c0,False,semantic_reviewed,reviews\final_context\coverage.json
company-wiki,.recover-task_plan-before-cw-merge-20260725-115819.md,C:\Users\郑曾波\Projects\company-wiki\.recover-task_plan-before-cw-merge-20260725-115819.md,historical_plan_or_evidence,bc73a980ac565a603bd7d2d8f95aafd54e4db5c34c9551b0c7219bafee9bbf76,bc73a980ac565a603bd7d2d8f95aafd54e4db5c34c9551b0c7219bafee9bbf76,False,semantic_reviewed,reviews\wiki_legacy\coverage.json
company-wiki,.recover-task_plan-current-20260725-114504.md,C:\Users\郑曾波\Projects\company-wiki\.recover-task_plan-current-20260725-114504.md,historical_plan_or_evidence,bc73a980ac565a603bd7d2d8f95aafd54e4db5c34c9551b0c7219bafee9bbf76,bc73a980ac565a603bd7d2d8f95aafd54e4db5c34c9551b0c7219bafee9bbf76,False,semantic_reviewed,reviews\wiki_legacy\coverage.json
company-wiki,AGENTS.md,C:\Users\郑曾波\Projects\company-wiki\AGENTS.md,engineering_context,d7daf574abb2bc97a1947ed62df31f0227b872ef339a5a4ae869abb8ced0927a,d7daf574abb2bc97a1947ed62df31f0227b872ef339a5a4ae869abb8ced0927a,False,semantic_reviewed,reviews\wiki_legacy\coverage.json
company-wiki,CLAUDE.md,C:\Users\郑曾波\Projects\company-wiki\CLAUDE.md,engineering_context,e55f1ac4fadf2f8079287ead6c6b3a82cc26ef3c9b3490ea520583674c35eb88,e55f1ac4fadf2f8079287ead6c6b3a82cc26ef3c9b3490ea520583674c35eb88,False,semantic_reviewed,reviews\wiki_legacy\coverage.json
company-wiki,PLANNING_STATUS.md,C:\Users\郑曾波\Projects\company-wiki\PLANNING_STATUS.md,historical_plan_or_evidence,79b251a742703a01b506a690185300f53a1a5435e76d7c0680e6a547047fd41d,79b251a742703a01b506a690185300f53a1a5435e76d7c0680e6a547047fd41d,False,semantic_reviewed,reviews\wiki_legacy\coverage.json
company-wiki,README.md,C:\Users\郑曾波\Projects\company-wiki\README.md,engineering_context,5452a98e6523dbda9c35ca5956692254c2fb9f73c6a9d645089102f829d5f293,5452a98e6523dbda9c35ca5956692254c2fb9f73c6a9d645089102f829d5f293,False,semantic_reviewed,reviews\wiki_legacy\coverage.json
company-wiki,_MOC_公司.md,C:\Users\郑曾波\Projects\company-wiki\_MOC_公司.md,engineering_context,32a7c3e98015b4925c67db742474454737fc57405749d6d1c5afc8e1b4ca6df0,32a7c3e98015b4925c67db742474454737fc57405749d6d1c5afc8e1b4ca6df0,False,semantic_reviewed,reviews\wiki_legacy\coverage.json
company-wiki,_MOC_行业.md,C:\Users\郑曾波\Projects\company-wiki\_MOC_行业.md,engineering_context,c48f075162c85dac2d4bc4f6b39a0b6afa3af3cbad8b953a491296ecf44c6cdc,c48f075162c85dac2d4bc4f6b39a0b6afa3af3cbad8b953a491296ecf44c6cdc,False,semantic_reviewed,reviews\wiki_legacy\coverage.json
company-wiki,_MOC_近期更新.md,C:\Users\郑曾波\Projects\company-wiki\_MOC_近期更新.md,engineering_context,3e857bdf2a0f2e8a7f06f70f33130c7b48a948aca05242defcc95917b487c54b,3e857bdf2a0f2e8a7f06f70f33130c7b48a948aca05242defcc95917b487c54b,False,semantic_reviewed,reviews\wiki_legacy\coverage.json
company-wiki,assurance\fc\FC-1201\00_wu_card.md,C:\Users\郑曾波\Projects\company-wiki\assurance\fc\FC-1201\00_wu_card.md,historical_plan_or_evidence,8423d4554e7bae03dafa8f3714912df7af01ba2304f04516c85c86963dc868ae,8423d4554e7bae03dafa8f3714912df7af01ba2304f04516c85c86963dc868ae,False,semantic_reviewed,reviews\revenue\wiki_fc_document_ledger.jsonl
company-wiki,assurance\fc\FC-1201\03_change_contract.md,C:\Users\郑曾波\Projects\company-wiki\assurance\fc\FC-1201\03_change_contract.md,historical_plan_or_evidence,191f6c28d40f5e33a1e1fe7aada88700b6a0db80755c563b8365bddb4e57fbb3,191f6c28d40f5e33a1e1fe7aada88700b6a0db80755c563b8365bddb4e57fbb3,False,semantic_reviewed,reviews\revenue\wiki_fc_document_ledger.jsonl
company-wiki,assurance\fc\FC-1201\REVIEWER_REPORT.md,C:\Users\郑曾波\Projects\company-wiki\assurance\fc\FC-1201\REVIEWER_REPORT.md,historical_plan_or_evidence,3b5f95b0136ea3b8fd4ef69f39d3ae775a005cfd1d9f366c36f30e26aab85fb9,3b5f95b0136ea3b8fd4ef69f39d3ae775a005cfd1d9f366c36f30e26aab85fb9,False,semantic_reviewed,reviews\revenue\wiki_fc_document_ledger.jsonl
company-wiki,assurance\fc\FC-1203\03_change_contract_fc1203.md,C:\Users\郑曾波\Projects\company-wiki\assurance\fc\FC-1203\03_change_contract_fc1203.md,historical_plan_or_evidence,22b44a12819c6aa0cd5845956ef3474ce8b37bb5918f393a929edde17f6646e8,22b44a12819c6aa0cd5845956ef3474ce8b37bb5918f393a929edde17f6646e8,False,semantic_reviewed,reviews\revenue\wiki_fc_document_ledger.jsonl
company-wiki,assurance\fc\FC-1203\REVIEWER_REPORT.md,C:\Users\郑曾波\Projects\company-wiki\assurance\fc\FC-1203\REVIEWER_REPORT.md,historical_plan_or_evidence,c2ebd7d282d2bdaf1b6af4fdd5396e5c5d5abb19cb9d94644d277b39cde70be2,c2ebd7d282d2bdaf1b6af4fdd5396e5c5d5abb19cb9d94644d277b39cde70be2,False,semantic_reviewed,reviews\revenue\wiki_fc_document_ledger.jsonl
company-wiki,assurance\fc\FC-703\REVIEWER_REPORT.md,C:\Users\郑曾波\Projects\company-wiki\assurance\fc\FC-703\REVIEWER_REPORT.md,historical_plan_or_evidence,2436b3c8e25eb04061f0eb35e8f584e7f385c47f128c864c327f87e539057d44,2436b3c8e25eb04061f0eb35e8f584e7f385c47f128c864c327f87e539057d44,False,semantic_reviewed,reviews\revenue\wiki_fc_document_ledger.jsonl
company-wiki,assurance\fc\FC-703\REVIEWER_REPORT_R2.md,C:\Users\郑曾波\Projects\company-wiki\assurance\fc\FC-703\REVIEWER_REPORT_R2.md,historical_plan_or_evidence,6022d214856959c26d8f332bfa45b8c7621c62a1e60921364b1df13e76fe13a6,6022d214856959c26d8f332bfa45b8c7621c62a1e60921364b1df13e76fe13a6,False,semantic_reviewed,reviews\revenue\wiki_fc_document_ledger.jsonl
company-wiki,assurance\fc\FC-703\REVIEWER_REPORT_R3.md,C:\Users\郑曾波\Projects\company-wiki\assurance\fc\FC-703\REVIEWER_REPORT_R3.md,historical_plan_or_evidence,8f02066e22ff97af37e52f9282e5836c51f3ba920cd2fda71860a14490522eb5,8f02066e22ff97af37e52f9282e5836c51f3ba920cd2fda71860a14490522eb5,False,semantic_reviewed,reviews\revenue\wiki_fc_document_ledger.jsonl
company-wiki,assurance\fc\FC-704\REVIEWER_REPORT.md,C:\Users\郑曾波\Projects\company-wiki\assurance\fc\FC-704\REVIEWER_REPORT.md,historical_plan_or_evidence,a82928cabfa361ea3869a34b069557d2dbc49c4173c6c5d079e1d3b254a2a1ba,a82928cabfa361ea3869a34b069557d2dbc49c4173c6c5d079e1d3b254a2a1ba,False,semantic_reviewed,reviews\revenue\wiki_fc_document_ledger.jsonl
company-wiki,assurance\fc\FC-705\REVIEWER_REPORT.md,C:\Users\郑曾波\Projects\company-wiki\assurance\fc\FC-705\REVIEWER_REPORT.md,historical_plan_or_evidence,efa18523f890ccca1cc584b02f8549c54cb8b411639ecd11fb015a048a018da9,efa18523f890ccca1cc584b02f8549c54cb8b411639ecd11fb015a048a018da9,False,semantic_reviewed,reviews\revenue\wiki_fc_document_ledger.jsonl
company-wiki,assurance\fc\FC-705\REVIEWER_REPORT_R2.md,C:\Users\郑曾波\Projects\company-wiki\assurance\fc\FC-705\REVIEWER_REPORT_R2.md,historical_plan_or_evidence,48724beb05a0c1fa9bc940b12438f28776616c7ba619da8547f609e291be9f26,48724beb05a0c1fa9bc940b12438f28776616c7ba619da8547f609e291be9f26,False,semantic_reviewed,reviews\revenue\wiki_fc_document_ledger.jsonl
company-wiki,assurance\fc\FC-801\REVIEWER_REPORT.md,C:\Users\郑曾波\Projects\company-wiki\assurance\fc\FC-801\REVIEWER_REPORT.md,historical_plan_or_evidence,febb7309c7d3d3c48cd1099d6484f3d2cf447f71e37dc3ec1e4d8088bbcf08ea,febb7309c7d3d3c48cd1099d6484f3d2cf447f71e37dc3ec1e4d8088bbcf08ea,False,semantic_reviewed,reviews\revenue\wiki_fc_document_ledger.jsonl
company-wiki,assurance\fc\FC-802\REVIEWER_REPORT_R2.md,C:\Users\郑曾波\Projects\company-wiki\assurance\fc\FC-802\REVIEWER_REPORT_R2.md,historical_plan_or_evidence,8f65cb92fcbe7fc85d23b17994be79e4fd5a223610283f45764e327b5508a054,8f65cb92fcbe7fc85d23b17994be79e4fd5a223610283f45764e327b5508a054,False,semantic_reviewed,reviews\revenue\wiki_fc_document_ledger.jsonl
company-wiki,assurance\fc\FC-802\REVIEWER_REPORT_R3.md,C:\Users\郑曾波\Projects\company-wiki\assurance\fc\FC-802\REVIEWER_REPORT_R3.md,historical_plan_or_evidence,bf2bfa06a20ea4704d511ef806bb88f803d7266581c5e6d03e9bb51b4d822420,bf2bfa06a20ea4704d511ef806bb88f803d7266581c5e6d03e9bb51b4d822420,False,semantic_reviewed,reviews\revenue\wiki_fc_document_ledger.jsonl
company-wiki,assurance\fc\FC-803\REVIEWER_REPORT.md,C:\Users\郑曾波\Projects\company-wiki\assurance\fc\FC-803\REVIEWER_REPORT.md,historical_plan_or_evidence,4be6627b9c3747d0d36b41cc4446d6fafe97375fc7c491477d46b29c70002264,4be6627b9c3747d0d36b41cc4446d6fafe97375fc7c491477d46b29c70002264,False,semantic_reviewed,reviews\revenue\wiki_fc_document_ledger.jsonl
company-wiki,assurance\fc\FC-804\REVIEWER_REPORT.md,C:\Users\郑曾波\Projects\company-wiki\assurance\fc\FC-804\REVIEWER_REPORT.md,historical_plan_or_evidence,d49d0191f6f8be8df150618a0214d3fb72b1deb0ce9d6e5e029fc9bb0e8d0eac,d49d0191f6f8be8df150618a0214d3fb72b1deb0ce9d6e5e029fc9bb0e8d0eac,False,semantic_reviewed,reviews\revenue\wiki_fc_document_ledger.jsonl
company-wiki,assurance\fc\FC-805\REVIEWER_REPORT.md,C:\Users\郑曾波\Projects\company-wiki\assurance\fc\FC-805\REVIEWER_REPORT.md,historical_plan_or_evidence,84e7bb600a901ae9188bbe6eb552b38c524d86a33c254e5d295f5de2cf6da085,84e7bb600a901ae9188bbe6eb552b38c524d86a33c254e5d295f5de2cf6da085,False,semantic_reviewed,reviews\revenue\wiki_fc_document_ledger.jsonl
company-wiki,assurance\fc\FC-901\03_change_contract.md,C:\Users\郑曾波\Projects\company-wiki\assurance\fc\FC-901\03_change_contract.md,historical_plan_or_evidence,1476e7bdee8373948cd9546f8566e8347bc592c57b99b113f281fa6ba19e50ff,1476e7bdee8373948cd9546f8566e8347bc592c57b99b113f281fa6ba19e50ff,False,semantic_reviewed,reviews\revenue\wiki_fc_document_ledger.jsonl
company-wiki,assurance\fc\FC-901\REVIEWER_REPORT.md,C:\Users\郑曾波\Projects\company-wiki\assurance\fc\FC-901\REVIEWER_REPORT.md,historical_plan_or_evidence,32e0cf72036b2f43deb3230a59fb8d091085f20414488541e2cd13eab112be02,32e0cf72036b2f43deb3230a59fb8d091085f20414488541e2cd13eab112be02,False,semantic_reviewed,reviews\revenue\wiki_fc_document_ledger.jsonl
company-wiki,assurance\fc\FC-902\03_change_contract.md,C:\Users\郑曾波\Projects\company-wiki\assurance\fc\FC-902\03_change_contract.md,historical_plan_or_evidence,f49513c7ec7f8791347c5696089d3fe5b8a38e3a07169cc683095ce9b35eabc6,f49513c7ec7f8791347c5696089d3fe5b8a38e3a07169cc683095ce9b35eabc6,False,semantic_reviewed,reviews\revenue\wiki_fc_document_ledger.jsonl
company-wiki,assurance\fc\FC-902\REVIEWER_REPORT.md,C:\Users\郑曾波\Projects\company-wiki\assurance\fc\FC-902\REVIEWER_REPORT.md,historical_plan_or_evidence,8184ad70c1bef6886e23ef435243a12e1246a62716eedc4851b310cca00e20e8,8184ad70c1bef6886e23ef435243a12e1246a62716eedc4851b310cca00e20e8,False,semantic_reviewed,reviews\revenue\wiki_fc_document_ledger.jsonl
company-wiki,assurance\fc\FC-905\03_change_contract_fc905a.md,C:\Users\郑曾波\Projects\company-wiki\assurance\fc\FC-905\03_change_contract_fc905a.md,historical_plan_or_evidence,ecd3d727c29dad6422aecb19783ca1f3de1871cb3cdcc0b5d5bb58f1431b3401,ecd3d727c29dad6422aecb19783ca1f3de1871cb3cdcc0b5d5bb58f1431b3401,False,semantic_reviewed,reviews\revenue\wiki_fc_document_ledger.jsonl
company-wiki,assurance\fc\FC-905\REVIEWER_REPORT.md,C:\Users\郑曾波\Projects\company-wiki\assurance\fc\FC-905\REVIEWER_REPORT.md,historical_plan_or_evidence,a4abcf770e22d1f012132a28e3aac460659284b56c36240a3e3a678317d57a82,a4abcf770e22d1f012132a28e3aac460659284b56c36240a3e3a678317d57a82,False,semantic_reviewed,reviews\revenue\wiki_fc_document_ledger.jsonl
company-wiki,assurance\fc\FC-905\REVIEWER_REPORT_b.md,C:\Users\郑曾波\Projects\company-wiki\assurance\fc\FC-905\REVIEWER_REPORT_b.md,historical_plan_or_evidence,3e6fad14670d7263e6798681dffd7bf5a8aefa36f77b260ed54c8918d0ad9dd8,3e6fad14670d7263e6798681dffd7bf5a8aefa36f77b260ed54c8918d0ad9dd8,False,semantic_reviewed,reviews\revenue\wiki_fc_document_ledger.jsonl
company-wiki,assurance\fc\FC-906\00_wu_card_a.md,C:\Users\郑曾波\Projects\company-wiki\assurance\fc\FC-906\00_wu_card_a.md,historical_plan_or_evidence,41d9fb33dfdf703a02e93996c94afbac9c13b78628829608a50d0e5c37bb2a56,41d9fb33dfdf703a02e93996c94afbac9c13b78628829608a50d0e5c37bb2a56,False,semantic_reviewed,reviews\revenue\wiki_fc_document_ledger.jsonl
company-wiki,assurance\fc\FC-906\03_change_contract_fc906b.md,C:\Users\郑曾波\Projects\company-wiki\assurance\fc\FC-906\03_change_contract_fc906b.md,historical_plan_or_evidence,25ae73894a561e0b6c9a2a58d4a212c5252f76941bd58caa32335e8ddb14b0e8,25ae73894a561e0b6c9a2a58d4a212c5252f76941bd58caa32335e8ddb14b0e8,False,semantic_reviewed,reviews\revenue\wiki_fc_document_ledger.jsonl
company-wiki,assurance\fc\FC-906\10_rollback_fc906c.md,C:\Users\郑曾波\Projects\company-wiki\assurance\fc\FC-906\10_rollback_fc906c.md,historical_plan_or_evidence,a3551c176f010d0b34b6207103e20042aae50708d3e0c4b5b18c70f65f982501,a3551c176f010d0b34b6207103e20042aae50708d3e0c4b5b18c70f65f982501,False,semantic_reviewed,reviews\revenue\wiki_fc_document_ledger.jsonl
company-wiki,assurance\fc\FC-906\fc_906b_spec_gap.md,C:\Users\郑曾波\Projects\company-wiki\assurance\fc\FC-906\fc_906b_spec_gap.md,historical_plan_or_evidence,3e3ac28ea1886ac1eed7bae5290ee1f47548dbced387ab7712724aac82c8897d,3e3ac28ea1886ac1eed7bae5290ee1f47548dbced387ab7712724aac82c8897d,False,semantic_reviewed,reviews\revenue\wiki_fc_document_ledger.jsonl
company-wiki,assurance\fc\FC-906\t2_consumption_trace_fc906d.md,C:\Users\郑曾波\Projects\company-wiki\assurance\fc\FC-906\t2_consumption_trace_fc906d.md,historical_plan_or_evidence,ead56fbcb3db5d251aa44c3a24189b2b4c22ddbfbe5ab73b00d6d85f0cdc459a,ead56fbcb3db5d251aa44c3a24189b2b4c22ddbfbe5ab73b00d6d85f0cdc459a,False,semantic_reviewed,reviews\revenue\wiki_fc_document_ledger.jsonl
company-wiki,audit_worklog_2026-07-09.md,C:\Users\郑曾波\Projects\company-wiki\audit_worklog_2026-07-09.md,engineering_context,4a61ae75c41adeed578cb0d38f79edec7bc9e514453c397967c469b29a69d180,4a61ae75c41adeed578cb0d38f79edec7bc9e514453c397967c469b29a69d180,False,semantic_reviewed,reviews\wiki_legacy\coverage.json
company-wiki,auto_discover_report.md,C:\Users\郑曾波\Projects\company-wiki\auto_discover_report.md,engineering_context,fced160b6ce73c78909584cb5630e4d68eb167ac6dad2b5307cbd032a4790ab7,fced160b6ce73c78909584cb5630e4d68eb167ac6dad2b5307cbd032a4790ab7,False,semantic_reviewed,reviews\wiki_legacy\coverage.json
company-wiki,companies\亿华通\raw\news\2026-04-25_1ed46181_CelestialMind_Community_B1_Reviews_Proje.md,C:\Users\郑曾波\Projects\company-wiki\companies\亿华通\raw\news\2026-04-25_1ed46181_CelestialMind_Community_B1_Reviews_Proje.md,engineering_context,d0da8c0207fe5a67fbfd13fd15fbf0f5f4b98cf4032105bb4fc2d4456a7568a5,d0da8c0207fe5a67fbfd13fd15fbf0f5f4b98cf4032105bb4fc2d4456a7568a5,False,excluded_business_raw,reviews\wiki\read_coverage.json
company-wiki,contradiction_report.md,C:\Users\郑曾波\Projects\company-wiki\contradiction_report.md,engineering_context,9e48fdc080ffaac7684fb79e27333bb0fec772896abae8865195822d5c85b0d8,9e48fdc080ffaac7684fb79e27333bb0fec772896abae8865195822d5c85b0d8,False,semantic_reviewed,reviews\wiki_legacy\coverage.json
company-wiki,cross_verify_report.md,C:\Users\郑曾波\Projects\company-wiki\cross_verify_report.md,engineering_context,a053a88d94ee5a60e6024664f3b838d22d025ccd16e3c34ebef3061d11c43a0c,a053a88d94ee5a60e6024664f3b838d22d025ccd16e3c34ebef3061d11c43a0c,False,semantic_reviewed,reviews\wiki_legacy\coverage.json
company-wiki,dashboard.md,C:\Users\郑曾波\Projects\company-wiki\dashboard.md,engineering_context,64764d807dd5fcdf63ecb974f330a30f832e18560dd3de4853168b5fb3048c78,64764d807dd5fcdf63ecb974f330a30f832e18560dd3de4853168b5fb3048c78,False,semantic_reviewed,reviews\wiki_legacy\coverage.json
company-wiki,dashboard_v2.md,C:\Users\郑曾波\Projects\company-wiki\dashboard_v2.md,engineering_context,a33e7488198e97d78c9090f573d35bdf9382697f83ea57d5c8a9ac021e61c349,a33e7488198e97d78c9090f573d35bdf9382697f83ea57d5c8a9ac021e61c349,False,semantic_reviewed,reviews\wiki_legacy\coverage.json
company-wiki,docs\ACTION_ITEMS.md,C:\Users\郑曾波\Projects\company-wiki\docs\ACTION_ITEMS.md,engineering_context,bda4e8e1b8282ad23a40c98e1e04edfb14acf52bd857079f6fb58f7dcbdde769,bda4e8e1b8282ad23a40c98e1e04edfb14acf52bd857079f6fb58f7dcbdde769,False,semantic_reviewed,reviews\wiki\read_coverage.json
company-wiki,docs\API.md,C:\Users\郑曾波\Projects\company-wiki\docs\API.md,engineering_context,5cffe3dc9370437360c4e2eb869a7c9266a01631e12ef0f8163d6181c7cb77c5,5cffe3dc9370437360c4e2eb869a7c9266a01631e12ef0f8163d6181c7cb77c5,False,semantic_reviewed,reviews\wiki\read_coverage.json
company-wiki,docs\ARCHITECTURE.md,C:\Users\郑曾波\Projects\company-wiki\docs\ARCHITECTURE.md,engineering_context,30c016d7f3e9a36bd518c4d44dbe60b848390f27e70a12f2e733dd644ed08bb8,30c016d7f3e9a36bd518c4d44dbe60b848390f27e70a12f2e733dd644ed08bb8,False,semantic_reviewed,reviews\wiki\read_coverage.json
company-wiki,docs\DEPLOYMENT.md,C:\Users\郑曾波\Projects\company-wiki\docs\DEPLOYMENT.md,engineering_context,cf80453472829a944176b1b79b89c375471ca38bd70704d62d09a6b6d5bae12e,cf80453472829a944176b1b79b89c375471ca38bd70704d62d09a6b6d5bae12e,False,semantic_reviewed,reviews\wiki\read_coverage.json
company-wiki,docs\GATE_SYSTEM.md,C:\Users\郑曾波\Projects\company-wiki\docs\GATE_SYSTEM.md,engineering_context,458c8ba57cce438aed86d172205a26f7ec47e0cea25db83ef7f6553598e98e88,458c8ba57cce438aed86d172205a26f7ec47e0cea25db83ef7f6553598e98e88,False,semantic_reviewed,reviews\wiki\read_coverage.json
company-wiki,docs\OPERATIONS.md,C:\Users\郑曾波\Projects\company-wiki\docs\OPERATIONS.md,engineering_context,75c45c02038bd61e5b6b1009b5726c89837ca93b8a947fa5b60558ca7b38372e,75c45c02038bd61e5b6b1009b5726c89837ca93b8a947fa5b60558ca7b38372e,False,semantic_reviewed,reviews\wiki\read_coverage.json
company-wiki,docs\SECURITY_REMEDIATION.md,C:\Users\郑曾波\Projects\company-wiki\docs\SECURITY_REMEDIATION.md,engineering_context,0faf951ebd226e08e409ea89d8dc0aceb892b19664c2a862172c7aef271e3d8a,0faf951ebd226e08e409ea89d8dc0aceb892b19664c2a862172c7aef271e3d8a,False,semantic_reviewed,reviews\wiki\read_coverage.json
company-wiki,docs\TROUBLESHOOTING.md,C:\Users\郑曾波\Projects\company-wiki\docs\TROUBLESHOOTING.md,engineering_context,30a42160a9fc937677d2e118ebf3624af34ad2c0d6b6a2d1b4c3d0916aee783e,30a42160a9fc937677d2e118ebf3624af34ad2c0d6b6a2d1b4c3d0916aee783e,False,semantic_reviewed,reviews\wiki\read_coverage.json
company-wiki,docs\adr\ADR-001-knowledge-compiler.md,C:\Users\郑曾波\Projects\company-wiki\docs\adr\ADR-001-knowledge-compiler.md,engineering_context,84b3fa8cdc782aa684d5339516c7fbb3f43d4c21d394de1e899b0561f2ad093b,84b3fa8cdc782aa684d5339516c7fbb3f43d4c21d394de1e899b0561f2ad093b,False,semantic_reviewed,reviews\wiki\read_coverage.json
company-wiki,docs\adr\ADR-002-canonical-ingest-service.md,C:\Users\郑曾波\Projects\company-wiki\docs\adr\ADR-002-canonical-ingest-service.md,engineering_context,fa68533257fea8db89a23b51486df75e9f699a0e12b4b6a47b1bc6048d576ca3,fa68533257fea8db89a23b51486df75e9f699a0e12b4b6a47b1bc6048d576ca3,False,semantic_reviewed,reviews\wiki\read_coverage.json
company-wiki,docs\adr\ADR-003-execution-semantics.md,C:\Users\郑曾波\Projects\company-wiki\docs\adr\ADR-003-execution-semantics.md,engineering_context,160eb2a91b4afa08eb8f92b777395dddfe9d984460d326fdf93615fca63bd802,160eb2a91b4afa08eb8f92b777395dddfe9d984460d326fdf93615fca63bd802,False,semantic_reviewed,reviews\wiki\read_coverage.json
company-wiki,docs\adr\ADR-004-domain-model.md,C:\Users\郑曾波\Projects\company-wiki\docs\adr\ADR-004-domain-model.md,engineering_context,4797dcd0be2e6788b32489985958c622e5a3015872db8e312c3fa05f3bea74a1,4797dcd0be2e6788b32489985958c622e5a3015872db8e312c3fa05f3bea74a1,False,semantic_reviewed,reviews\wiki\read_coverage.json
company-wiki,docs\adr\ADR-005-single-writer.md,C:\Users\郑曾波\Projects\company-wiki\docs\adr\ADR-005-single-writer.md,engineering_context,64637f6d7a2234803b1bc70fca1fbe774dbd23706fa78c68c56532fdf59f76d2,64637f6d7a2234803b1bc70fca1fbe774dbd23706fa78c68c56532fdf59f76d2,False,semantic_reviewed,reviews\wiki\read_coverage.json
company-wiki,docs\adr\ADR-006-proposal-evolution.md,C:\Users\郑曾波\Projects\company-wiki\docs\adr\ADR-006-proposal-evolution.md,engineering_context,c60d7b2b2da264cd6cc6c4d603b7138ed1d4ee5054fd6f32f0b573ae0663d5fd,c60d7b2b2da264cd6cc6c4d603b7138ed1d4ee5054fd6f32f0b573ae0663d5fd,False,semantic_reviewed,reviews\wiki\read_coverage.json
company-wiki,docs\adr\ADR-007-portfolio-promotion.md,C:\Users\郑曾波\Projects\company-wiki\docs\adr\ADR-007-portfolio-promotion.md,engineering_context,d3ee805348811a5cf70e2766b6c4b686ac24e9b0e773e0fd3cb9eace4445fedf,d3ee805348811a5cf70e2766b6c4b686ac24e9b0e773e0fd3cb9eace4445fedf,False,semantic_reviewed,reviews\wiki\read_coverage.json
company-wiki,docs\adr\ADR-008-portfolio-auto-promotion.md,C:\Users\郑曾波\Projects\company-wiki\docs\adr\ADR-008-portfolio-auto-promotion.md,engineering_context,7ef0884c475514fdbdf3d0d6ba829355da89dff1d8e1f270319d939ef78707ef,7ef0884c475514fdbdf3d0d6ba829355da89dff1d8e1f270319d939ef78707ef,False,semantic_reviewed,reviews\wiki\read_coverage.json
company-wiki,docs\adr\ADR-009-catalog-space-governance.md,C:\Users\郑曾波\Projects\company-wiki\docs\adr\ADR-009-catalog-space-governance.md,engineering_context,9fcc40e6cbd8237a05eacb5404dbe39cfd98384e35deca86e17d5572ec6f2a7d,9fcc40e6cbd8237a05eacb5404dbe39cfd98384e35deca86e17d5572ec6f2a7d,False,semantic_reviewed,reviews\wiki\read_coverage.json
company-wiki,docs\adr\ADR-010-fcap-contract-ownership.md,C:\Users\郑曾波\Projects\company-wiki\docs\adr\ADR-010-fcap-contract-ownership.md,engineering_context,aeb84d1148150460bc5667a676e4ee1a6d4119adff44d2276ad05e68bdfe8c9e,aeb84d1148150460bc5667a676e4ee1a6d4119adff44d2276ad05e68bdfe8c9e,False,semantic_reviewed,reviews\wiki\read_coverage.json
company-wiki,docs\adr\README.md,C:\Users\郑曾波\Projects\company-wiki\docs\adr\README.md,engineering_context,b58f2d5e61ee43cf4722243293a0352d3e2594d9d7683fb8b111e8e59efd7272,b58f2d5e61ee43cf4722243293a0352d3e2594d9d7683fb8b111e8e59efd7272,False,semantic_reviewed,reviews\wiki\read_coverage.json
company-wiki,docs\archive\BUGFIX_REPORT.md,C:\Users\郑曾波\Projects\company-wiki\docs\archive\BUGFIX_REPORT.md,engineering_context,e6a2931a63af06eedb6a1c9305a7d276b1d94fd90cdbd4c32cfeb8e691fc7b0b,e6a2931a63af06eedb6a1c9305a7d276b1d94fd90cdbd4c32cfeb8e691fc7b0b,False,semantic_reviewed,reviews\wiki_archive\coverage.json
company-wiki,docs\archive\CODE_REVIEW.md,C:\Users\郑曾波\Projects\company-wiki\docs\archive\CODE_REVIEW.md,engineering_context,da84b848d5b1bacb23665d27d5d7686c4235cfdeb2895661c585bf4a05fca7a3,da84b848d5b1bacb23665d27d5d7686c4235cfdeb2895661c585bf4a05fca7a3,False,semantic_reviewed,reviews\wiki_archive\coverage.json
company-wiki,docs\archive\CURRENT_STATUS.md,C:\Users\郑曾波\Projects\company-wiki\docs\archive\CURRENT_STATUS.md,engineering_context,05d545d6c6eb96a842905a3026dd311ad6021f788bce98184f27fc9aaf7ab7fb,05d545d6c6eb96a842905a3026dd311ad6021f788bce98184f27fc9aaf7ab7fb,False,semantic_reviewed,reviews\wiki_archive\coverage.json
company-wiki,docs\archive\GAP_FIX_PLAN.md,C:\Users\郑曾波\Projects\company-wiki\docs\archive\GAP_FIX_PLAN.md,engineering_context,98e35ab74ba799a852dea4692a4c9db73a8674609e11100b46385a0d364469d4,98e35ab74ba799a852dea4692a4c9db73a8674609e11100b46385a0d364469d4,False,semantic_reviewed,reviews\wiki_archive\coverage.json
company-wiki,docs\archive\HARDCODE_FIXES.md,C:\Users\郑曾波\Projects\company-wiki\docs\archive\HARDCODE_FIXES.md,engineering_context,808bd7b0475a72dd8dc518362d49314a8c6408d6c8c6e52707327976e9dd79b2,808bd7b0475a72dd8dc518362d49314a8c6408d6c8c6e52707327976e9dd79b2,False,semantic_reviewed,reviews\wiki_archive\coverage.json
company-wiki,docs\archive\IMPLEMENTATION_STEPS.md,C:\Users\郑曾波\Projects\company-wiki\docs\archive\IMPLEMENTATION_STEPS.md,engineering_context,d663651fe12f6dacc1f9f36662e2e98feca4969810940ffae20313ccc0427d80,d663651fe12f6dacc1f9f36662e2e98feca4969810940ffae20313ccc0427d80,False,semantic_reviewed,reviews\wiki_archive\coverage.json
company-wiki,docs\archive\IMPROVEMENT_PLAN.md,C:\Users\郑曾波\Projects\company-wiki\docs\archive\IMPROVEMENT_PLAN.md,engineering_context,95c19c93fea5a6b18aa5a0d23cf0417f1f672871e7ab371ddc41b5e3980fc3bd,95c19c93fea5a6b18aa5a0d23cf0417f1f672871e7ab371ddc41b5e3980fc3bd,False,semantic_reviewed,reviews\wiki_archive\coverage.json
company-wiki,docs\archive\KARPATHY_COMPARISON.md,C:\Users\郑曾波\Projects\company-wiki\docs\archive\KARPATHY_COMPARISON.md,engineering_context,dff4acb30250c4f8166cc93bb72412105a94e079e054e9151be4421405a4d7d5,dff4acb30250c4f8166cc93bb72412105a94e079e054e9151be4421405a4d7d5,False,semantic_reviewed,reviews\wiki_archive\coverage.json
company-wiki,docs\archive\KARPATHY_COMPARISON_V2.md,C:\Users\郑曾波\Projects\company-wiki\docs\archive\KARPATHY_COMPARISON_V2.md,engineering_context,aa00c6facec1236960bd528e177507bc1f56732a0cc9c11081c5c4c7cf298ccb,aa00c6facec1236960bd528e177507bc1f56732a0cc9c11081c5c4c7cf298ccb,False,semantic_reviewed,reviews\wiki_archive\coverage.json
company-wiki,docs\archive\KARPATHY_GAPS_PLAN.md,C:\Users\郑曾波\Projects\company-wiki\docs\archive\KARPATHY_GAPS_PLAN.md,engineering_context,dc319bd322491b40629f3129de97c178d675ead81154d5c3c0ae4e407c60ffb4,dc319bd322491b40629f3129de97c178d675ead81154d5c3c0ae4e407c60ffb4,False,semantic_reviewed,reviews\wiki_archive\coverage.json
company-wiki,docs\archive\LLM_INTEGRATION_PLAN.md,C:\Users\郑曾波\Projects\company-wiki\docs\archive\LLM_INTEGRATION_PLAN.md,engineering_context,5909ca65211c7a6c1936b5e0c7cfec2cf23349608f0d0823c92f18be755b6d5d,5909ca65211c7a6c1936b5e0c7cfec2cf23349608f0d0823c92f18be755b6d5d,False,semantic_reviewed,reviews\wiki_archive\coverage.json
company-wiki,docs\archive\PHASE1_COMPLETE.md,C:\Users\郑曾波\Projects\company-wiki\docs\archive\PHASE1_COMPLETE.md,engineering_context,3640b8763631d791462aa6da27f706bf61b807ae9bee73b06f4b0458553f3968,3640b8763631d791462aa6da27f706bf61b807ae9bee73b06f4b0458553f3968,False,semantic_reviewed,reviews\wiki_archive\coverage.json
company-wiki,docs\archive\PHASE2_COMPLETE.md,C:\Users\郑曾波\Projects\company-wiki\docs\archive\PHASE2_COMPLETE.md,engineering_context,262c2d6d4d35f3d6b8cd23f18748ac30f172bd10af4d6463bbee4cc75c7a8906,262c2d6d4d35f3d6b8cd23f18748ac30f172bd10af4d6463bbee4cc75c7a8906,False,semantic_reviewed,reviews\wiki_archive\coverage.json
company-wiki,docs\archive\PLAN.md,C:\Users\郑曾波\Projects\company-wiki\docs\archive\PLAN.md,engineering_context,64bd3ac9ebab3820c7e6bebb124556c02e858217a679a669c8671949f3b250ba,64bd3ac9ebab3820c7e6bebb124556c02e858217a679a669c8671949f3b250ba,False,semantic_reviewed,reviews\wiki_archive\coverage.json
company-wiki,docs\archive\REFACTORING_PLAN.md,C:\Users\郑曾波\Projects\company-wiki\docs\archive\REFACTORING_PLAN.md,engineering_context,23a29c52f01cc7603e6b09bb6f4c4023a1d00a31bef2b76c13e27bef1110ac03,23a29c52f01cc7603e6b09bb6f4c4023a1d00a31bef2b76c13e27bef1110ac03,False,semantic_reviewed,reviews\wiki_archive\coverage.json
company-wiki,docs\archive\TESTING.md,C:\Users\郑曾波\Projects\company-wiki\docs\archive\TESTING.md,engineering_context,f9c3f064f92fce6ddefbc74ff293e8db3b130d658c688e1a6596ab8b56862deb,f9c3f064f92fce6ddefbc74ff293e8db3b130d658c688e1a6596ab8b56862deb,False,semantic_reviewed,reviews\wiki_archive\coverage.json
company-wiki,docs\archive\source_suggestions.md,C:\Users\郑曾波\Projects\company-wiki\docs\archive\source_suggestions.md,engineering_context,846ded70f9232e34910246d722835f005e2c4aab62f54c19b306ad32c24841a4,846ded70f9232e34910246d722835f005e2c4aab62f54c19b306ad32c24841a4,False,semantic_reviewed,reviews\wiki_archive\coverage.json
company-wiki,docs\contaminated_entries_review.md,C:\Users\郑曾波\Projects\company-wiki\docs\contaminated_entries_review.md,engineering_context,b7f8ea9b45ad0d708558439d808d57ce1b14eb79e1ec39ff6ce8c9516a6706e8,b7f8ea9b45ad0d708558439d808d57ce1b14eb79e1ec39ff6ce8c9516a6706e8,False,engineering_only_business_body_excluded,reviews\wiki\read_coverage.json
company-wiki,docs\contracts\announcement-collector-v1.md,C:\Users\郑曾波\Projects\company-wiki\docs\contracts\announcement-collector-v1.md,engineering_context,47db1a17e16b56307159e6d447d2a9c7f188f1bc16db27a7ebd8fdd4a3d64413,47db1a17e16b56307159e6d447d2a9c7f188f1bc16db27a7ebd8fdd4a3d64413,False,semantic_reviewed,reviews\wiki\read_coverage.json
company-wiki,docs\contracts\evidence-query-v1.md,C:\Users\郑曾波\Projects\company-wiki\docs\contracts\evidence-query-v1.md,engineering_context,b7b62a1eab371d4cd1e180c76dd30816b1de0904541aa9c1958fb02edf497c73,b7b62a1eab371d4cd1e180c76dd30816b1de0904541aa9c1958fb02edf497c73,False,semantic_reviewed,reviews\wiki\read_coverage.json
company-wiki,docs\contracts\evidence-span-v1.md,C:\Users\郑曾波\Projects\company-wiki\docs\contracts\evidence-span-v1.md,engineering_context,201c30425cb9fca3532ed82a06607fdb5e4f292a287f330cc03e8dd55a4c569d,201c30425cb9fca3532ed82a06607fdb5e4f292a287f330cc03e8dd55a4c569d,False,semantic_reviewed,reviews\wiki\read_coverage.json
company-wiki,docs\contracts\extraction-quality-v1.md,C:\Users\郑曾波\Projects\company-wiki\docs\contracts\extraction-quality-v1.md,engineering_context,e935b60401b5ed5e207f1e774ad242bdc5f50a58a4e39fc2cea93e31fda1cc26,e935b60401b5ed5e207f1e774ad242bdc5f50a58a4e39fc2cea93e31fda1cc26,False,semantic_reviewed,reviews\wiki\read_coverage.json
company-wiki,docs\contracts\ingest-service-v1.md,C:\Users\郑曾波\Projects\company-wiki\docs\contracts\ingest-service-v1.md,engineering_context,e515703312b4db087860c2edd9ac26a37b12821c15dfcbe27ba542f3413ad03b,e515703312b4db087860c2edd9ac26a37b12821c15dfcbe27ba542f3413ad03b,False,semantic_reviewed,reviews\wiki\read_coverage.json
company-wiki,docs\contracts\legacy-caller-reachability-v1.md,C:\Users\郑曾波\Projects\company-wiki\docs\contracts\legacy-caller-reachability-v1.md,engineering_context,c9f79ad17dffdb50011168c51617af745bd1799ec0d1c223d3fb9318b58ff20e,c9f79ad17dffdb50011168c51617af745bd1799ec0d1c223d3fb9318b58ff20e,False,semantic_reviewed,reviews\wiki\read_coverage.json
company-wiki,docs\contracts\pdf-extract-v3-adapter-v1.md,C:\Users\郑曾波\Projects\company-wiki\docs\contracts\pdf-extract-v3-adapter-v1.md,engineering_context,e640656edadae7ce9e5c1e0675c21ea2c1afa8656dfa144417481e71beaedf85,e640656edadae7ce9e5c1e0675c21ea2c1afa8656dfa144417481e71beaedf85,False,semantic_reviewed,reviews\wiki\read_coverage.json
company-wiki,docs\contracts\pdf-page-aware-parser-v1.md,C:\Users\郑曾波\Projects\company-wiki\docs\contracts\pdf-page-aware-parser-v1.md,engineering_context,91dff52790d87887d14cbe65166fc2509cab91174d27f72dd4592f9d4d6de44d,91dff52790d87887d14cbe65166fc2509cab91174d27f72dd4592f9d4d6de44d,False,semantic_reviewed,reviews\wiki\read_coverage.json
company-wiki,docs\contracts\source-contract-compatibility-v1.md,C:\Users\郑曾波\Projects\company-wiki\docs\contracts\source-contract-compatibility-v1.md,engineering_context,1d9ab72a5fc825096a0bb4370e90e353f59b996d5012b644a23e46ab9fd9b0c1,1d9ab72a5fc825096a0bb4370e90e353f59b996d5012b644a23e46ab9fd9b0c1,False,semantic_reviewed,reviews\wiki\read_coverage.json
company-wiki,docs\contracts\source-export-v1.md,C:\Users\郑曾波\Projects\company-wiki\docs\contracts\source-export-v1.md,engineering_context,05fc1e210b22ef3d766ab2fac144ae31a8139a1909098d597ae8667432ef662f,05fc1e210b22ef3d766ab2fac144ae31a8139a1909098d597ae8667432ef662f,False,semantic_reviewed,reviews\wiki\read_coverage.json
company-wiki,docs\contracts\source-manifest-v1.md,C:\Users\郑曾波\Projects\company-wiki\docs\contracts\source-manifest-v1.md,engineering_context,41facc09883dd34cdd70af44fa3b771f5dc966bb03ca973988c3c382eee6379d,41facc09883dd34cdd70af44fa3b771f5dc966bb03ca973988c3c382eee6379d,False,semantic_reviewed,reviews\wiki\read_coverage.json
company-wiki,docs\plans\catalog-space-remediation\CURRENT_STATUS.md,C:\Users\郑曾波\Projects\company-wiki\docs\plans\catalog-space-remediation\CURRENT_STATUS.md,historical_plan_or_evidence,505d5c33051dba2e83f8adc0973b1b9e04f4f83ea78e08f402b7d83ce6b08fa2,505d5c33051dba2e83f8adc0973b1b9e04f4f83ea78e08f402b7d83ce6b08fa2,False,semantic_reviewed,reviews\wiki_legacy\coverage.json
company-wiki,docs\plans\catalog-space-remediation\findings.md,C:\Users\郑曾波\Projects\company-wiki\docs\plans\catalog-space-remediation\findings.md,historical_plan_or_evidence,d707f7af9031891111751a7aad67ffb72a8ad7517b66b34a43bbd06e8e524b9f,d707f7af9031891111751a7aad67ffb72a8ad7517b66b34a43bbd06e8e524b9f,False,semantic_reviewed,reviews\wiki_legacy\coverage.json
company-wiki,docs\plans\catalog-space-remediation\granularity-proposal.md,C:\Users\郑曾波\Projects\company-wiki\docs\plans\catalog-space-remediation\granularity-proposal.md,historical_plan_or_evidence,4455fef5185b823a3d26352a2043c67157c6d97407aa96c78bb33a5b7aebfe5e,4455fef5185b823a3d26352a2043c67157c6d97407aa96c78bb33a5b7aebfe5e,False,semantic_reviewed,reviews\wiki_legacy\coverage.json
company-wiki,docs\plans\catalog-space-remediation\progress.md,C:\Users\郑曾波\Projects\company-wiki\docs\plans\catalog-space-remediation\progress.md,historical_plan_or_evidence,22dddc0b7838658dee7ed7addd73cddfde31db0b01f261a6a35e3d20b5ebeb8c,22dddc0b7838658dee7ed7addd73cddfde31db0b01f261a6a35e3d20b5ebeb8c,False,semantic_reviewed,reviews\wiki_legacy\coverage.json
company-wiki,docs\plans\catalog-space-remediation\task_plan.md,C:\Users\郑曾波\Projects\company-wiki\docs\plans\catalog-space-remediation\task_plan.md,historical_plan_or_evidence,ec6268929a18f732093269834619b587af079bd51c313320932729f9c6faf8c8,ec6268929a18f732093269834619b587af079bd51c313320932729f9c6faf8c8,False,semantic_reviewed,reviews\wiki_legacy\coverage.json
company-wiki,docs\plans\core-section-extraction\CURRENT_STATUS.md,C:\Users\郑曾波\Projects\company-wiki\docs\plans\core-section-extraction\CURRENT_STATUS.md,historical_plan_or_evidence,a6bda9ed63db6dc9d559642b1c0ff0eb4bbf4911b72eb3d176fb8474cfe8f350,a6bda9ed63db6dc9d559642b1c0ff0eb4bbf4911b72eb3d176fb8474cfe8f350,False,semantic_reviewed,reviews\wiki_legacy\coverage.json
company-wiki,docs\plans\core-section-extraction\findings.md,C:\Users\郑曾波\Projects\company-wiki\docs\plans\core-section-extraction\findings.md,historical_plan_or_evidence,5be80b582eceb3fffa36fd9b86e139c1fd06b6a2ef4a66271a05a427186c3248,5be80b582eceb3fffa36fd9b86e139c1fd06b6a2ef4a66271a05a427186c3248,False,semantic_reviewed,reviews\wiki_legacy\coverage.json
company-wiki,docs\plans\core-section-extraction\progress.md,C:\Users\郑曾波\Projects\company-wiki\docs\plans\core-section-extraction\progress.md,historical_plan_or_evidence,ddaab8a9e4411cc88a16087fb08b101c80bd1266880f355426acd1afdac6ac2f,ddaab8a9e4411cc88a16087fb08b101c80bd1266880f355426acd1afdac6ac2f,False,semantic_reviewed,reviews\wiki_legacy\coverage.json
company-wiki,docs\plans\core-section-extraction\task_plan.md,C:\Users\郑曾波\Projects\company-wiki\docs\plans\core-section-extraction\task_plan.md,historical_plan_or_evidence,ef39ffa4bc291132279f53f8ea7f628cf9ff4e5ff917da6a1ac8a9c7500b1e19,ef39ffa4bc291132279f53f8ea7f628cf9ff4e5ff917da6a1ac8a9c7500b1e19,False,semantic_reviewed,reviews\wiki_legacy\coverage.json
company-wiki,docs\plans\data-lake-simplification-2026-09-07\README.md,C:\Users\郑曾波\Projects\company-wiki\docs\plans\data-lake-simplification-2026-09-07\README.md,historical_plan_or_evidence,34268db418ed5817a9ae1f8d4ab992bdded6f6ad864b5a77040c259cf069b16a,34268db418ed5817a9ae1f8d4ab992bdded6f6ad864b5a77040c259cf069b16a,False,semantic_reviewed,reviews\final_context\coverage.json
company-wiki,docs\plans\data-lake-simplification-2026-09-07\findings.md,C:\Users\郑曾波\Projects\company-wiki\docs\plans\data-lake-simplification-2026-09-07\findings.md,historical_plan_or_evidence,0f82728d6d40fc6c8149f32bdfce10abb337017686e7ebd442b034b4d360c1b8,0f82728d6d40fc6c8149f32bdfce10abb337017686e7ebd442b034b4d360c1b8,False,semantic_reviewed,reviews\final_context\coverage.json
company-wiki,docs\plans\data-lake-simplification-2026-09-07\progress.md,C:\Users\郑曾波\Projects\company-wiki\docs\plans\data-lake-simplification-2026-09-07\progress.md,historical_plan_or_evidence,f98b27f48a3ea83da457c2f6d16ef24f6dcdf428a119232ff33b1e21927b7266,f98b27f48a3ea83da457c2f6d16ef24f6dcdf428a119232ff33b1e21927b7266,False,semantic_reviewed,reviews\final_context\coverage.json
company-wiki,docs\plans\data-lake-simplification-2026-09-07\task_plan.md,C:\Users\郑曾波\Projects\company-wiki\docs\plans\data-lake-simplification-2026-09-07\task_plan.md,historical_plan_or_evidence,39beedbcdd3c8d064e43d5127d8f8ba66793b87eb4efd8fd4bb858088b8b3332,39beedbcdd3c8d064e43d5127d8f8ba66793b87eb4efd8fd4bb858088b8b3332,False,semantic_reviewed,reviews\final_context\coverage.json
company-wiki,docs\plans\painpoint-outcome-audit-2026-09-05\README.md,C:\Users\郑曾波\Projects\company-wiki\docs\plans\painpoint-outcome-audit-2026-09-05\README.md,historical_plan_or_evidence,b785ee15ff1f601706cad72e1827de714dfc62f0108b3c6cc76140c5caf46916,b785ee15ff1f601706cad72e1827de714dfc62f0108b3c6cc76140c5caf46916,False,semantic_reviewed,reviews\cross_history\coverage.json
company-wiki,docs\plans\painpoint-outcome-audit-2026-09-05\assurance-audit.md,C:\Users\郑曾波\Projects\company-wiki\docs\plans\painpoint-outcome-audit-2026-09-05\assurance-audit.md,historical_plan_or_evidence,9470fe8fc9ad95a2b0d73e86343c3013fc1049a8cd410cdbd42adbb9912b5430,9470fe8fc9ad95a2b0d73e86343c3013fc1049a8cd410cdbd42adbb9912b5430,False,semantic_reviewed,reviews\cross_history\coverage.json
company-wiki,docs\plans\painpoint-outcome-audit-2026-09-05\assurance-independent-review.md,C:\Users\郑曾波\Projects\company-wiki\docs\plans\painpoint-outcome-audit-2026-09-05\assurance-independent-review.md,historical_plan_or_evidence,169b095a8f62f4c3ebdfc25e62c50fe90fe442ca76c7074b3bdc2721cd57a8e9,169b095a8f62f4c3ebdfc25e62c50fe90fe442ca76c7074b3bdc2721cd57a8e9,False,semantic_reviewed,reviews\cross_history\coverage.json
company-wiki,docs\plans\painpoint-outcome-audit-2026-09-05\current-delta-2026-09-07.md,C:\Users\郑曾波\Projects\company-wiki\docs\plans\painpoint-outcome-audit-2026-09-05\current-delta-2026-09-07.md,historical_plan_or_evidence,ce45529eaa16c0e430196dc172172a41754823172e568096d8d1cd678cdfc58d,ce45529eaa16c0e430196dc172172a41754823172e568096d8d1cd678cdfc58d,False,semantic_reviewed,reviews\cross_history\coverage.json
company-wiki,docs\plans\painpoint-outcome-audit-2026-09-05\current-delta-2026-09-09.md,C:\Users\郑曾波\Projects\company-wiki\docs\plans\painpoint-outcome-audit-2026-09-05\current-delta-2026-09-09.md,historical_plan_or_evidence,27c648cda9849d92d480e439df37b2fcbb8d8b24768b5db04e54137e53925224,27c648cda9849d92d480e439df37b2fcbb8d8b24768b5db04e54137e53925224,False,semantic_reviewed,reviews\cross_history\coverage.json
company-wiki,docs\plans\painpoint-outcome-audit-2026-09-05\document-consistency-review.md,C:\Users\郑曾波\Projects\company-wiki\docs\plans\painpoint-outcome-audit-2026-09-05\document-consistency-review.md,historical_plan_or_evidence,fdd7a15c134719ca9c20e8c2792782223c732f0be16d77300aa8567a0bab1919,fdd7a15c134719ca9c20e8c2792782223c732f0be16d77300aa8567a0bab1919,False,semantic_reviewed,reviews\cross_history\coverage.json
company-wiki,docs\plans\painpoint-outcome-audit-2026-09-05\execution-control-plane.md,C:\Users\郑曾波\Projects\company-wiki\docs\plans\painpoint-outcome-audit-2026-09-05\execution-control-plane.md,historical_plan_or_evidence,25b9d288a567349cb575ca9b23997f7470db2a8e0d3cd82636d1a308b05f9bb2,25b9d288a567349cb575ca9b23997f7470db2a8e0d3cd82636d1a308b05f9bb2,False,semantic_reviewed,reviews\cross_history\coverage.json
company-wiki,docs\plans\painpoint-outcome-audit-2026-09-05\execution-data-plane.md,C:\Users\郑曾波\Projects\company-wiki\docs\plans\painpoint-outcome-audit-2026-09-05\execution-data-plane.md,historical_plan_or_evidence,a668de8def1f2dd3645b3f42cf8c34057e175276f7a5f2fdd189c9c36d47cd41,a668de8def1f2dd3645b3f42cf8c34057e175276f7a5f2fdd189c9c36d47cd41,False,semantic_reviewed,reviews\cross_history\coverage.json
company-wiki,docs\plans\painpoint-outcome-audit-2026-09-05\execution-handbook.md,C:\Users\郑曾波\Projects\company-wiki\docs\plans\painpoint-outcome-audit-2026-09-05\execution-handbook.md,historical_plan_or_evidence,b20ace43143727376e83801771d08ba550d2ba3429d8f3f902db6847c2b113af,b20ace43143727376e83801771d08ba550d2ba3429d8f3f902db6847c2b113af,False,semantic_reviewed,reviews\cross_history\coverage.json
company-wiki,docs\plans\painpoint-outcome-audit-2026-09-05\execution-independent-review.md,C:\Users\郑曾波\Projects\company-wiki\docs\plans\painpoint-outcome-audit-2026-09-05\execution-independent-review.md,historical_plan_or_evidence,69fba786ebcfa49ad7fb584a072ee3513264ad45b042f3472b6709d5e79b2dc4,69fba786ebcfa49ad7fb584a072ee3513264ad45b042f3472b6709d5e79b2dc4,False,semantic_reviewed,reviews\cross_history\coverage.json
company-wiki,docs\plans\painpoint-outcome-audit-2026-09-05\execution-model-plane.md,C:\Users\郑曾波\Projects\company-wiki\docs\plans\painpoint-outcome-audit-2026-09-05\execution-model-plane.md,historical_plan_or_evidence,b960c1b73313a65806f7b8b184736843019a0b3fa7ac9bfa9384cef3460c4a9d,b960c1b73313a65806f7b8b184736843019a0b3fa7ac9bfa9384cef3460c4a9d,False,semantic_reviewed,reviews\cross_history\coverage.json
company-wiki,docs\plans\painpoint-outcome-audit-2026-09-05\filing-audit.md,C:\Users\郑曾波\Projects\company-wiki\docs\plans\painpoint-outcome-audit-2026-09-05\filing-audit.md,historical_plan_or_evidence,0c0624aea79dfd7c405d5ff71e261dad270250118131eeacb62497bacbc63505,0c0624aea79dfd7c405d5ff71e261dad270250118131eeacb62497bacbc63505,False,semantic_reviewed,reviews\cross_history\coverage.json
company-wiki,docs\plans\painpoint-outcome-audit-2026-09-05\findings.md,C:\Users\郑曾波\Projects\company-wiki\docs\plans\painpoint-outcome-audit-2026-09-05\findings.md,historical_plan_or_evidence,65aef0574745f0102dde23d60ba25a76615c5a6db234eb909bf033cf4f5be85f,65aef0574745f0102dde23d60ba25a76615c5a6db234eb909bf033cf4f5be85f,False,semantic_reviewed,reviews\cross_history\coverage.json
company-wiki,docs\plans\painpoint-outcome-audit-2026-09-05\gp-audit.md,C:\Users\郑曾波\Projects\company-wiki\docs\plans\painpoint-outcome-audit-2026-09-05\gp-audit.md,historical_plan_or_evidence,cd9db4f3fdecfb2fdcf537c811149ad63a9fd3e431f76c9c4b4e63ac6b54ce98,cd9db4f3fdecfb2fdcf537c811149ad63a9fd3e431f76c9c4b4e63ac6b54ce98,False,semantic_reviewed,reviews\cross_history\coverage.json
company-wiki,docs\plans\painpoint-outcome-audit-2026-09-05\historical-projects-audit.md,C:\Users\郑曾波\Projects\company-wiki\docs\plans\painpoint-outcome-audit-2026-09-05\historical-projects-audit.md,historical_plan_or_evidence,33cf1543ca4337dcfdba8f57d3623b1f4e714f2b0cc498647e2a8e9e3a0b651c,33cf1543ca4337dcfdba8f57d3623b1f4e714f2b0cc498647e2a8e9e3a0b651c,False,semantic_reviewed,reviews\cross_history\coverage.json
company-wiki,docs\plans\painpoint-outcome-audit-2026-09-05\legacy-inheritance.md,C:\Users\郑曾波\Projects\company-wiki\docs\plans\painpoint-outcome-audit-2026-09-05\legacy-inheritance.md,historical_plan_or_evidence,a4b11413e906096dee37c103a63883cb977158964bd14f37402b48884ba0a742,a4b11413e906096dee37c103a63883cb977158964bd14f37402b48884ba0a742,False,semantic_reviewed,reviews\cross_history\coverage.json
company-wiki,docs\plans\painpoint-outcome-audit-2026-09-05\progress.md,C:\Users\郑曾波\Projects\company-wiki\docs\plans\painpoint-outcome-audit-2026-09-05\progress.md,historical_plan_or_evidence,a1a76a7d5ede58de3a252d9f2e33c2d2286c724dc5e5e3b2f0bedb2cf38fbd8c,a1a76a7d5ede58de3a252d9f2e33c2d2286c724dc5e5e3b2f0bedb2cf38fbd8c,False,semantic_reviewed,reviews\cross_history\coverage.json
company-wiki,docs\plans\painpoint-outcome-audit-2026-09-05\r4-independent-review.md,C:\Users\郑曾波\Projects\company-wiki\docs\plans\painpoint-outcome-audit-2026-09-05\r4-independent-review.md,historical_plan_or_evidence,6e8f4b768ef7a86dbb59cead9d75326e17fbc0aa0c195a14b9cf68c670ea0e13,6e8f4b768ef7a86dbb59cead9d75326e17fbc0aa0c195a14b9cf68c670ea0e13,False,semantic_reviewed,reviews\cross_history\coverage.json
company-wiki,docs\plans\painpoint-outcome-audit-2026-09-05\r4-remediation-detail-review.md,C:\Users\郑曾波\Projects\company-wiki\docs\plans\painpoint-outcome-audit-2026-09-05\r4-remediation-detail-review.md,historical_plan_or_evidence,90ae8990ba3977b17f49902792dd7024e2934d3e4a75c90483349e258b2ca157,90ae8990ba3977b17f49902792dd7024e2934d3e4a75c90483349e258b2ca157,False,semantic_reviewed,reviews\cross_history\coverage.json
company-wiki,docs\plans\painpoint-outcome-audit-2026-09-05\r4-remediation-steps.md,C:\Users\郑曾波\Projects\company-wiki\docs\plans\painpoint-outcome-audit-2026-09-05\r4-remediation-steps.md,historical_plan_or_evidence,3723c92d919d423e6783c8deb0dfaf2e55b17f6c0f6348953259a01a52647422,3723c92d919d423e6783c8deb0dfaf2e55b17f6c0f6348953259a01a52647422,False,semantic_reviewed,reviews\cross_history\coverage.json
company-wiki,docs\plans\painpoint-outcome-audit-2026-09-05\r4-transition.md,C:\Users\郑曾波\Projects\company-wiki\docs\plans\painpoint-outcome-audit-2026-09-05\r4-transition.md,historical_plan_or_evidence,db9ba1201cd66814e83f25504a68a7d70066d2174cee5be12fde2210c1410488,db9ba1201cd66814e83f25504a68a7d70066d2174cee5be12fde2210c1410488,False,semantic_reviewed,reviews\cross_history\coverage.json
company-wiki,docs\plans\painpoint-outcome-audit-2026-09-05\r4-unit-remediation-map.md,C:\Users\郑曾波\Projects\company-wiki\docs\plans\painpoint-outcome-audit-2026-09-05\r4-unit-remediation-map.md,historical_plan_or_evidence,0d2c112e98ba2d52c0de51035a344bcc4729ece35e2dcef2d8489f38f4df4ca6,0d2c112e98ba2d52c0de51035a344bcc4729ece35e2dcef2d8489f38f4df4ca6,False,semantic_reviewed,reviews\cross_history\coverage.json
company-wiki,docs\plans\painpoint-outcome-audit-2026-09-05\remediation-plan-independent-review.md,C:\Users\郑曾波\Projects\company-wiki\docs\plans\painpoint-outcome-audit-2026-09-05\remediation-plan-independent-review.md,historical_plan_or_evidence,b45977a8bd4956c083e18c11ffa761ca46cdaab2d79e32afe2e27cb71838bfba,b45977a8bd4956c083e18c11ffa761ca46cdaab2d79e32afe2e27cb71838bfba,False,semantic_reviewed,reviews\cross_history\coverage.json
company-wiki,docs\plans\painpoint-outcome-audit-2026-09-05\remediation-plan.md,C:\Users\郑曾波\Projects\company-wiki\docs\plans\painpoint-outcome-audit-2026-09-05\remediation-plan.md,historical_plan_or_evidence,205347cbc33d1afa0c4e72316ef712ca5c7ebced8e9ef5d2b53c5ca6411276ec,205347cbc33d1afa0c4e72316ef712ca5c7ebced8e9ef5d2b53c5ca6411276ec,False,semantic_reviewed,reviews\cross_history\coverage.json
company-wiki,docs\plans\painpoint-outcome-audit-2026-09-05\retention-independent-review.md,C:\Users\郑曾波\Projects\company-wiki\docs\plans\painpoint-outcome-audit-2026-09-05\retention-independent-review.md,historical_plan_or_evidence,8171122f42eb34f178506b38e7b3c529593c2576c10e90173b6ad275d109be84,8171122f42eb34f178506b38e7b3c529593c2576c10e90173b6ad275d109be84,False,semantic_reviewed,reviews\cross_history\coverage.json
company-wiki,docs\plans\painpoint-outcome-audit-2026-09-05\revenue-audit.md,C:\Users\郑曾波\Projects\company-wiki\docs\plans\painpoint-outcome-audit-2026-09-05\revenue-audit.md,historical_plan_or_evidence,60c288f3425eb2f8e8eb08171ffb1f97fb1c121b21293e0fa47fe2c73e37a137,60c288f3425eb2f8e8eb08171ffb1f97fb1c121b21293e0fa47fe2c73e37a137,False,semantic_reviewed,reviews\cross_history\coverage.json
company-wiki,docs\plans\painpoint-outcome-audit-2026-09-05\simplified-execution-plan.md,C:\Users\郑曾波\Projects\company-wiki\docs\plans\painpoint-outcome-audit-2026-09-05\simplified-execution-plan.md,historical_plan_or_evidence,e0dccd11ef9191c97c1a9688a319ba253aed7c936836b8b01a476cdcf2896467,e0dccd11ef9191c97c1a9688a319ba253aed7c936836b8b01a476cdcf2896467,False,semantic_reviewed,reviews\cross_history\coverage.json
company-wiki,docs\plans\painpoint-outcome-audit-2026-09-05\simplified-test-matrix.md,C:\Users\郑曾波\Projects\company-wiki\docs\plans\painpoint-outcome-audit-2026-09-05\simplified-test-matrix.md,historical_plan_or_evidence,b90ef4d0b1c3e9446210953f1fa9696575e5c14292a914a8f8469679a1380f49,b90ef4d0b1c3e9446210953f1fa9696575e5c14292a914a8f8469679a1380f49,False,semantic_reviewed,reviews\cross_history\coverage.json
company-wiki,docs\plans\painpoint-outcome-audit-2026-09-05\task_plan.md,C:\Users\郑曾波\Projects\company-wiki\docs\plans\painpoint-outcome-audit-2026-09-05\task_plan.md,historical_plan_or_evidence,0c9dd807eab1fb54b5288f764efee58da1c40ddec6c6b5047cb63374857c9f69,0c9dd807eab1fb54b5288f764efee58da1c40ddec6c6b5047cb63374857c9f69,False,semantic_reviewed,reviews\cross_history\coverage.json
company-wiki,docs\plans\painpoint-outcome-audit-2026-09-05\unit-ledger.md,C:\Users\郑曾波\Projects\company-wiki\docs\plans\painpoint-outcome-audit-2026-09-05\unit-ledger.md,historical_plan_or_evidence,17a90ec5f1ff5c52739f5b1da6f5cb3f44c5a0d983f06b202d4e30b6def32c84,17a90ec5f1ff5c52739f5b1da6f5cb3f44c5a0d983f06b202d4e30b6def32c84,False,semantic_reviewed,reviews\cross_history\coverage.json
company-wiki,docs\plans\painpoint-outcome-audit-2026-09-05\upstream-asset-audit.md,C:\Users\郑曾波\Projects\company-wiki\docs\plans\painpoint-outcome-audit-2026-09-05\upstream-asset-audit.md,historical_plan_or_evidence,f67d5b7191056f7e703329627a1258724368299aadd3e5c39a07e40bf6662b96,f67d5b7191056f7e703329627a1258724368299aadd3e5c39a07e40bf6662b96,False,semantic_reviewed,reviews\cross_history\coverage.json
company-wiki,docs\plans\painpoint-outcome-audit-2026-09-05\wiki-audit.md,C:\Users\郑曾波\Projects\company-wiki\docs\plans\painpoint-outcome-audit-2026-09-05\wiki-audit.md,historical_plan_or_evidence,3cf25054f9fc0094ff6a1a2c80756bd6ef23aa469ef7281ec9fefbea4bce04c5,3cf25054f9fc0094ff6a1a2c80756bd6ef23aa469ef7281ec9fefbea4bce04c5,False,semantic_reviewed,reviews\cross_history\coverage.json
company-wiki,docs\plans\planning-sync-2026-09-04\company-root-audit.md,C:\Users\郑曾波\Projects\company-wiki\docs\plans\planning-sync-2026-09-04\company-root-audit.md,historical_plan_or_evidence,9865537a529573fe4380d08fc28834599292c9ef2a28bd3b5bd6d222864eae40,9865537a529573fe4380d08fc28834599292c9ef2a28bd3b5bd6d222864eae40,False,semantic_reviewed,reviews\cross_history\coverage.json
company-wiki,docs\plans\planning-sync-2026-09-04\filing-fetch-audit.md,C:\Users\郑曾波\Projects\company-wiki\docs\plans\planning-sync-2026-09-04\filing-fetch-audit.md,historical_plan_or_evidence,a4e39e20b7ba1f3305a6673f16a62e74936675fccfe933d579de7376a2f01449,a4e39e20b7ba1f3305a6673f16a62e74936675fccfe933d579de7376a2f01449,False,semantic_reviewed,reviews\cross_history\coverage.json
company-wiki,docs\plans\planning-sync-2026-09-04\final-independent-review.md,C:\Users\郑曾波\Projects\company-wiki\docs\plans\planning-sync-2026-09-04\final-independent-review.md,historical_plan_or_evidence,aa781a28094b655a53b5a8445a3d3ec014e063342aac3c01c6c949ab855fedbb,aa781a28094b655a53b5a8445a3d3ec014e063342aac3c01c6c949ab855fedbb,False,semantic_reviewed,reviews\cross_history\coverage.json
company-wiki,docs\plans\planning-sync-2026-09-04\findings.md,C:\Users\郑曾波\Projects\company-wiki\docs\plans\planning-sync-2026-09-04\findings.md,historical_plan_or_evidence,8827b7eb7744002f111bbc54ae8f5d60908bec387a5d15fddbaf60faea74f5e2,8827b7eb7744002f111bbc54ae8f5d60908bec387a5d15fddbaf60faea74f5e2,False,semantic_reviewed,reviews\cross_history\coverage.json
company-wiki,docs\plans\planning-sync-2026-09-04\patch-review.md,C:\Users\郑曾波\Projects\company-wiki\docs\plans\planning-sync-2026-09-04\patch-review.md,historical_plan_or_evidence,d8ff099788e788fb7b44119114c74458a1d84f4779ee7e70db7e208a7f233a0e,d8ff099788e788fb7b44119114c74458a1d84f4779ee7e70db7e208a7f233a0e,False,semantic_reviewed,reviews\cross_history\coverage.json
company-wiki,docs\plans\planning-sync-2026-09-04\progress.md,C:\Users\郑曾波\Projects\company-wiki\docs\plans\planning-sync-2026-09-04\progress.md,historical_plan_or_evidence,293afa2451fdd5640e3d114ac4abf37c8ca3bae7fec536b1a9e4f9531d2d42ca,293afa2451fdd5640e3d114ac4abf37c8ca3bae7fec536b1a9e4f9531d2d42ca,False,semantic_reviewed,reviews\cross_history\coverage.json
company-wiki,docs\plans\planning-sync-2026-09-04\revenue-datalake-adr.md,C:\Users\郑曾波\Projects\company-wiki\docs\plans\planning-sync-2026-09-04\revenue-datalake-adr.md,historical_plan_or_evidence,2ef0f03ec5f4572060ea9bbd6862543038fedc22d9819e36ac6e4b06d11bb199,2ef0f03ec5f4572060ea9bbd6862543038fedc22d9819e36ac6e4b06d11bb199,False,semantic_reviewed,reviews\cross_history\coverage.json
company-wiki,docs\plans\planning-sync-2026-09-04\revenue-forecast-audit.md,C:\Users\郑曾波\Projects\company-wiki\docs\plans\planning-sync-2026-09-04\revenue-forecast-audit.md,historical_plan_or_evidence,73d968dfed7e34ddbc0c0c835518054a3b06aead4c11e8a9278b25ff7ba13097,73d968dfed7e34ddbc0c0c835518054a3b06aead4c11e8a9278b25ff7ba13097,False,semantic_reviewed,reviews\cross_history\coverage.json
company-wiki,docs\plans\planning-sync-2026-09-04\revenue-post-apply-review.md,C:\Users\郑曾波\Projects\company-wiki\docs\plans\planning-sync-2026-09-04\revenue-post-apply-review.md,historical_plan_or_evidence,de877036bb0ae1f3bb42eb98b529ea597ba866d765b10dbea77f73892ecdaded,de877036bb0ae1f3bb42eb98b529ea597ba866d765b10dbea77f73892ecdaded,False,semantic_reviewed,reviews\cross_history\coverage.json
company-wiki,docs\plans\planning-sync-2026-09-04\revenue-remediation-tail.md,C:\Users\郑曾波\Projects\company-wiki\docs\plans\planning-sync-2026-09-04\revenue-remediation-tail.md,historical_plan_or_evidence,c1c9e5eb1b449948a138ee4c6707ab58e72356219c1941682fedb665b8fac781,c1c9e5eb1b449948a138ee4c6707ab58e72356219c1941682fedb665b8fac781,False,semantic_reviewed,reviews\cross_history\coverage.json
company-wiki,docs\plans\planning-sync-2026-09-04\revenue-scope-inventory.md,C:\Users\郑曾波\Projects\company-wiki\docs\plans\planning-sync-2026-09-04\revenue-scope-inventory.md,historical_plan_or_evidence,35528b950d29d4d724b5b8f0b31aba4056cbfefc65a352b2bbc38166fc22e06e,35528b950d29d4d724b5b8f0b31aba4056cbfefc65a352b2bbc38166fc22e06e,False,semantic_reviewed,reviews\cross_history\coverage.json
company-wiki,docs\plans\planning-sync-2026-09-04\task_plan.md,C:\Users\郑曾波\Projects\company-wiki\docs\plans\planning-sync-2026-09-04\task_plan.md,historical_plan_or_evidence,87da3e556135419ed0494ad70ae9a679acea12d84e38b3107b7f1c30ccd5eff8,87da3e556135419ed0494ad70ae9a679acea12d84e38b3107b7f1c30ccd5eff8,False,semantic_reviewed,reviews\cross_history\coverage.json
company-wiki,docs\plans\planning-sync-2026-09-04\v5-baseline-audit.md,C:\Users\郑曾波\Projects\company-wiki\docs\plans\planning-sync-2026-09-04\v5-baseline-audit.md,historical_plan_or_evidence,605c52f989b6420ce2c07cf4b5e57b6d46da9bb8d1ffb60c762abe4e6628cdda,605c52f989b6420ce2c07cf4b5e57b6d46da9bb8d1ffb60c762abe4e6628cdda,False,semantic_reviewed,reviews\cross_history\coverage.json
company-wiki,docs\plans\portfolio-reuse-automatic\CURRENT_STATUS.md,C:\Users\郑曾波\Projects\company-wiki\docs\plans\portfolio-reuse-automatic\CURRENT_STATUS.md,historical_plan_or_evidence,1a9523abeea7ae56a7e7e27fc07529e3f09b1783bc66d86689b59c9186701ce2,1a9523abeea7ae56a7e7e27fc07529e3f09b1783bc66d86689b59c9186701ce2,False,semantic_reviewed,reviews\wiki_legacy\coverage.json
company-wiki,docs\plans\portfolio-reuse-automatic\findings.md,C:\Users\郑曾波\Projects\company-wiki\docs\plans\portfolio-reuse-automatic\findings.md,historical_plan_or_evidence,ca39586613990b556a43cdb35dca61aaf555b4a8d7dc99460b4bdda6c0de63ac,ca39586613990b556a43cdb35dca61aaf555b4a8d7dc99460b4bdda6c0de63ac,False,semantic_reviewed,reviews\wiki_legacy\coverage.json
company-wiki,docs\plans\portfolio-reuse-automatic\progress.md,C:\Users\郑曾波\Projects\company-wiki\docs\plans\portfolio-reuse-automatic\progress.md,historical_plan_or_evidence,3d484428e75fcb523b4004126b5356c9bd28b047af23fab23a8f0334f6974b67,3d484428e75fcb523b4004126b5356c9bd28b047af23fab23a8f0334f6974b67,False,semantic_reviewed,reviews\wiki_legacy\coverage.json
company-wiki,docs\plans\portfolio-reuse-automatic\task_plan.md,C:\Users\郑曾波\Projects\company-wiki\docs\plans\portfolio-reuse-automatic\task_plan.md,historical_plan_or_evidence,e2a7c4305a26393518b786b82c627afdbb9eac6a42273c97722fec1ee6efc456,e2a7c4305a26393518b786b82c627afdbb9eac6a42273c97722fec1ee6efc456,False,semantic_reviewed,reviews\wiki_legacy\coverage.json
company-wiki,docs\plans\portfolio-reuse-fix\CURRENT_STATUS.md,C:\Users\郑曾波\Projects\company-wiki\docs\plans\portfolio-reuse-fix\CURRENT_STATUS.md,historical_plan_or_evidence,4932808ef52ef62fcc319ecf21f77a3d3a879727cda692f655ee965b7ac35043,4932808ef52ef62fcc319ecf21f77a3d3a879727cda692f655ee965b7ac35043,False,semantic_reviewed,reviews\wiki_legacy\coverage.json
company-wiki,docs\plans\portfolio-reuse-fix\findings.md,C:\Users\郑曾波\Projects\company-wiki\docs\plans\portfolio-reuse-fix\findings.md,historical_plan_or_evidence,fc87e6e90b840d2c65021cda25613e1571b62f9b16805863c4b8cfd4be294c02,fc87e6e90b840d2c65021cda25613e1571b62f9b16805863c4b8cfd4be294c02,False,semantic_reviewed,reviews\wiki_legacy\coverage.json
company-wiki,docs\plans\portfolio-reuse-fix\progress.md,C:\Users\郑曾波\Projects\company-wiki\docs\plans\portfolio-reuse-fix\progress.md,historical_plan_or_evidence,7241861894c251bad314909d7efce5fdb9d512a90a2c0b7bd22df6fdf0ace446,7241861894c251bad314909d7efce5fdb9d512a90a2c0b7bd22df6fdf0ace446,False,semantic_reviewed,reviews\wiki_legacy\coverage.json
company-wiki,docs\plans\portfolio-reuse-fix\task_plan.md,C:\Users\郑曾波\Projects\company-wiki\docs\plans\portfolio-reuse-fix\task_plan.md,historical_plan_or_evidence,681978e3ac1ccc4f1f078ebc3d2d79baee7b2f6037af4ae939edfa777d1387c4,681978e3ac1ccc4f1f078ebc3d2d79baee7b2f6037af4ae939edfa777d1387c4,False,semantic_reviewed,reviews\wiki_legacy\coverage.json
company-wiki,docs\plans\source-catalog-worker-recovery-2026-08-22\README.md,C:\Users\郑曾波\Projects\company-wiki\docs\plans\source-catalog-worker-recovery-2026-08-22\README.md,historical_plan_or_evidence,953b401dee56840631aaf0dc73d7fbeb41f9be9e76aaa3eb00ff5d360dc5bae5,953b401dee56840631aaf0dc73d7fbeb41f9be9e76aaa3eb00ff5d360dc5bae5,False,semantic_reviewed,reviews\wiki\read_coverage.json
company-wiki,docs\plans\source-catalog-worker-recovery-2026-08-22\acceptance_thresholds.md,C:\Users\郑曾波\Projects\company-wiki\docs\plans\source-catalog-worker-recovery-2026-08-22\acceptance_thresholds.md,historical_plan_or_evidence,6319a2beb061c844653d30489b903737ce16e697ad3f98d12588194db3782f56,6319a2beb061c844653d30489b903737ce16e697ad3f98d12588194db3782f56,False,semantic_reviewed,reviews\wiki\read_coverage.json
company-wiki,docs\plans\source-catalog-worker-recovery-2026-08-22\agent_review_gates.md,C:\Users\郑曾波\Projects\company-wiki\docs\plans\source-catalog-worker-recovery-2026-08-22\agent_review_gates.md,historical_plan_or_evidence,2b0b3edb0e9b89e281a36b64c83b995dd572c8f5627c8d1e56eb541464d67822,2b0b3edb0e9b89e281a36b64c83b995dd572c8f5627c8d1e56eb541464d67822,False,semantic_reviewed,reviews\wiki\read_coverage.json
company-wiki,docs\plans\source-catalog-worker-recovery-2026-08-22\execution_playbook.md,C:\Users\郑曾波\Projects\company-wiki\docs\plans\source-catalog-worker-recovery-2026-08-22\execution_playbook.md,historical_plan_or_evidence,56e8df6256f3efa1ea6dc9c1bd59e67877053b31ad9b26ae98f35e92a132adc3,56e8df6256f3efa1ea6dc9c1bd59e67877053b31ad9b26ae98f35e92a132adc3,False,semantic_reviewed,reviews\wiki\read_coverage.json
company-wiki,docs\plans\source-catalog-worker-recovery-2026-08-22\findings.md,C:\Users\郑曾波\Projects\company-wiki\docs\plans\source-catalog-worker-recovery-2026-08-22\findings.md,historical_plan_or_evidence,6438e99cdf449d6a81cdea62e9acef2a32430cf6c385766c92681c7257bb331f,6438e99cdf449d6a81cdea62e9acef2a32430cf6c385766c92681c7257bb331f,False,semantic_reviewed,reviews\wiki\read_coverage.json
company-wiki,docs\plans\source-catalog-worker-recovery-2026-08-22\gate_state_machine.md,C:\Users\郑曾波\Projects\company-wiki\docs\plans\source-catalog-worker-recovery-2026-08-22\gate_state_machine.md,historical_plan_or_evidence,83a4ac10e2df66dcfe25cecf2aa29f33164c5976defd0b58dff889e9d78f7802,83a4ac10e2df66dcfe25cecf2aa29f33164c5976defd0b58dff889e9d78f7802,False,semantic_reviewed,reviews\wiki\read_coverage.json
company-wiki,docs\plans\source-catalog-worker-recovery-2026-08-22\implementation_agent_prompts.md,C:\Users\郑曾波\Projects\company-wiki\docs\plans\source-catalog-worker-recovery-2026-08-22\implementation_agent_prompts.md,historical_plan_or_evidence,0936e0596d67478e339a307564a0afc8fe0c761b2bc5cceaa9919db970666e4e,0936e0596d67478e339a307564a0afc8fe0c761b2bc5cceaa9919db970666e4e,False,semantic_reviewed,reviews\wiki\read_coverage.json
company-wiki,docs\plans\source-catalog-worker-recovery-2026-08-22\ledger_validator_contract.md,C:\Users\郑曾波\Projects\company-wiki\docs\plans\source-catalog-worker-recovery-2026-08-22\ledger_validator_contract.md,historical_plan_or_evidence,c8af635f6f6cd17b2696aa96b0ab00988f26e9dce56341ca160b7dee72b25dee,c8af635f6f6cd17b2696aa96b0ab00988f26e9dce56341ca160b7dee72b25dee,False,semantic_reviewed,reviews\wiki\read_coverage.json
company-wiki,docs\plans\source-catalog-worker-recovery-2026-08-22\plan_review_findings.md,C:\Users\郑曾波\Projects\company-wiki\docs\plans\source-catalog-worker-recovery-2026-08-22\plan_review_findings.md,historical_plan_or_evidence,00dced9311251a7a3a3c44caae028db17ad96bbe46db06944359e56c1f104024,00dced9311251a7a3a3c44caae028db17ad96bbe46db06944359e56c1f104024,False,semantic_reviewed,reviews\wiki\read_coverage.json
company-wiki,docs\plans\source-catalog-worker-recovery-2026-08-22\plan_review_revision.md,C:\Users\郑曾波\Projects\company-wiki\docs\plans\source-catalog-worker-recovery-2026-08-22\plan_review_revision.md,historical_plan_or_evidence,afb8259755fd26726a222c11ce6800f371cbeace2514dcd6c26b5318e49d6607,afb8259755fd26726a222c11ce6800f371cbeace2514dcd6c26b5318e49d6607,False,semantic_reviewed,reviews\wiki\read_coverage.json
company-wiki,docs\plans\source-catalog-worker-recovery-2026-08-22\progress.md,C:\Users\郑曾波\Projects\company-wiki\docs\plans\source-catalog-worker-recovery-2026-08-22\progress.md,historical_plan_or_evidence,ca87d8180ee744ff87d55549405e1066e979e2500bb7de43dfada38783349b64,ca87d8180ee744ff87d55549405e1066e979e2500bb7de43dfada38783349b64,False,semantic_reviewed,reviews\wiki\read_coverage.json
company-wiki,docs\plans\source-catalog-worker-recovery-2026-08-22\rollout_rollback_runbook.md,C:\Users\郑曾波\Projects\company-wiki\docs\plans\source-catalog-worker-recovery-2026-08-22\rollout_rollback_runbook.md,historical_plan_or_evidence,04560c9e3ed4839a676cda217a1b9f0013df8196828c51b0b43a3e9bdede6c5f,04560c9e3ed4839a676cda217a1b9f0013df8196828c51b0b43a3e9bdede6c5f,False,semantic_reviewed,reviews\wiki\read_coverage.json
company-wiki,docs\plans\source-catalog-worker-recovery-2026-08-22\task_plan.md,C:\Users\郑曾波\Projects\company-wiki\docs\plans\source-catalog-worker-recovery-2026-08-22\task_plan.md,historical_plan_or_evidence,109a8776de77728e83ba3fe7079b9229efa738debdf13e072e6bb973e9799f37,109a8776de77728e83ba3fe7079b9229efa738debdf13e072e6bb973e9799f37,False,semantic_reviewed,reviews\wiki\read_coverage.json
company-wiki,docs\plans\source-catalog-worker-recovery-2026-08-22\test_acceptance_plan.md,C:\Users\郑曾波\Projects\company-wiki\docs\plans\source-catalog-worker-recovery-2026-08-22\test_acceptance_plan.md,historical_plan_or_evidence,4b5c0fb0f89e30833c81311e8e6e585a4418eb50e9a7af372e883b079bdb0bb7,4b5c0fb0f89e30833c81311e8e6e585a4418eb50e9a7af372e883b079bdb0bb7,False,semantic_reviewed,reviews\wiki\read_coverage.json
company-wiki,docs\plans\source-catalog-worker-recovery-2026-08-22\traceability_matrix.md,C:\Users\郑曾波\Projects\company-wiki\docs\plans\source-catalog-worker-recovery-2026-08-22\traceability_matrix.md,historical_plan_or_evidence,0dd5f4c00fb58c357eb9c675c5de44e8adc34694a474c5928b1cc410bc1f00e5,0dd5f4c00fb58c357eb9c675c5de44e8adc34694a474c5928b1cc410bc1f00e5,False,semantic_reviewed,reviews\wiki\read_coverage.json
company-wiki,docs\plans\source-catalog-worker-recovery-v5-2026-09-03\README.md,C:\Users\郑曾波\Projects\company-wiki\docs\plans\source-catalog-worker-recovery-v5-2026-09-03\README.md,historical_plan_or_evidence,a46ad40a07046c6f1b8a7a1bac2fc6539406d3fbf620a709a4f04e4d6e91bc9e,a46ad40a07046c6f1b8a7a1bac2fc6539406d3fbf620a709a4f04e4d6e91bc9e,False,semantic_reviewed,reviews\wiki\read_coverage.json
company-wiki,docs\plans\source-catalog-worker-recovery-v5-2026-09-03\baseline\history\plan_review_revision.v4.md,C:\Users\郑曾波\Projects\company-wiki\docs\plans\source-catalog-worker-recovery-v5-2026-09-03\baseline\history\plan_review_revision.v4.md,historical_plan_or_evidence,7b489b8fb81e25297136da00a9124d7d3ae6edd3b995d91df56a5d7c689e79cf,7b489b8fb81e25297136da00a9124d7d3ae6edd3b995d91df56a5d7c689e79cf,False,semantic_reviewed,reviews\wiki\read_coverage.json
company-wiki,docs\plans\source-catalog-worker-recovery-v5-2026-09-03\baseline\history\progress.v4.md,C:\Users\郑曾波\Projects\company-wiki\docs\plans\source-catalog-worker-recovery-v5-2026-09-03\baseline\history\progress.v4.md,historical_plan_or_evidence,6c34d6da016241a8dd5f8d662b776a76b814e58c46d4f4b3d606503757ee2b50,6c34d6da016241a8dd5f8d662b776a76b814e58c46d4f4b3d606503757ee2b50,False,semantic_reviewed,reviews\wiki\read_coverage.json
company-wiki,docs\plans\source-catalog-worker-recovery-v5-2026-09-03\baseline\history\v4-freeze-integrity-incident-2026-09-03.md,C:\Users\郑曾波\Projects\company-wiki\docs\plans\source-catalog-worker-recovery-v5-2026-09-03\baseline\history\v4-freeze-integrity-incident-2026-09-03.md,historical_plan_or_evidence,ede40ac40f7afa35fbc27d00fd7aff6441cc54a9875b041dd6b1d82dd3306a6d,ede40ac40f7afa35fbc27d00fd7aff6441cc54a9875b041dd6b1d82dd3306a6d,False,semantic_reviewed,reviews\wiki\read_coverage.json
company-wiki,docs\plans\source-catalog-worker-recovery-v5-2026-09-03\baseline\investigation\worker-investigation-2026-08-20.md,C:\Users\郑曾波\Projects\company-wiki\docs\plans\source-catalog-worker-recovery-v5-2026-09-03\baseline\investigation\worker-investigation-2026-08-20.md,historical_plan_or_evidence,8e6166ba063bc281ca1fa5da3c0743b895e4d93b6f2957de3cbd0b6938a95be6,8e6166ba063bc281ca1fa5da3c0743b895e4d93b6f2957de3cbd0b6938a95be6,False,semantic_reviewed,reviews\wiki\read_coverage.json
company-wiki,docs\plans\source-catalog-worker-recovery-v5-2026-09-03\baseline\plan\README.md,C:\Users\郑曾波\Projects\company-wiki\docs\plans\source-catalog-worker-recovery-v5-2026-09-03\baseline\plan\README.md,historical_plan_or_evidence,200e618179a360bc558b8c0e50140cca2b4858a846b3172d9fb0bcb229567e7e,200e618179a360bc558b8c0e50140cca2b4858a846b3172d9fb0bcb229567e7e,False,semantic_reviewed,reviews\wiki\read_coverage.json
company-wiki,docs\plans\source-catalog-worker-recovery-v5-2026-09-03\baseline\plan\acceptance_thresholds.md,C:\Users\郑曾波\Projects\company-wiki\docs\plans\source-catalog-worker-recovery-v5-2026-09-03\baseline\plan\acceptance_thresholds.md,historical_plan_or_evidence,d6f3068498c8c6d8064c0babae809afbb320916da240567805f9a4cab20c96af,d6f3068498c8c6d8064c0babae809afbb320916da240567805f9a4cab20c96af,False,semantic_reviewed,reviews\wiki\read_coverage.json
company-wiki,docs\plans\source-catalog-worker-recovery-v5-2026-09-03\baseline\plan\agent_review_gates.md,C:\Users\郑曾波\Projects\company-wiki\docs\plans\source-catalog-worker-recovery-v5-2026-09-03\baseline\plan\agent_review_gates.md,historical_plan_or_evidence,bbab56f39b7a9392295bca855f65ad99c5f7372dc54f4d4039adf909a3641a26,bbab56f39b7a9392295bca855f65ad99c5f7372dc54f4d4039adf909a3641a26,False,semantic_reviewed,reviews\wiki\read_coverage.json
company-wiki,docs\plans\source-catalog-worker-recovery-v5-2026-09-03\baseline\plan\execution_playbook.md,C:\Users\郑曾波\Projects\company-wiki\docs\plans\source-catalog-worker-recovery-v5-2026-09-03\baseline\plan\execution_playbook.md,historical_plan_or_evidence,14bfca6216acc8f4de49ec59b58e11906f40dd9d416e9da15493322e8696ecba,14bfca6216acc8f4de49ec59b58e11906f40dd9d416e9da15493322e8696ecba,False,semantic_reviewed,reviews\wiki\read_coverage.json
company-wiki,docs\plans\source-catalog-worker-recovery-v5-2026-09-03\baseline\plan\findings.md,C:\Users\郑曾波\Projects\company-wiki\docs\plans\source-catalog-worker-recovery-v5-2026-09-03\baseline\plan\findings.md,historical_plan_or_evidence,e246b222fac6da7682f6af680029eb8d5dc9e36a05714eae15ea5f6074e090f1,e246b222fac6da7682f6af680029eb8d5dc9e36a05714eae15ea5f6074e090f1,False,semantic_reviewed,reviews\wiki\read_coverage.json
company-wiki,docs\plans\source-catalog-worker-recovery-v5-2026-09-03\baseline\plan\gate_state_machine.md,C:\Users\郑曾波\Projects\company-wiki\docs\plans\source-catalog-worker-recovery-v5-2026-09-03\baseline\plan\gate_state_machine.md,historical_plan_or_evidence,49940700b4ee117211bbafef50b8d0c55c2f1045a324a29f06bfce2fea3b3c47,49940700b4ee117211bbafef50b8d0c55c2f1045a324a29f06bfce2fea3b3c47,False,semantic_reviewed,reviews\wiki\read_coverage.json
company-wiki,docs\plans\source-catalog-worker-recovery-v5-2026-09-03\baseline\plan\implementation_agent_prompts.md,C:\Users\郑曾波\Projects\company-wiki\docs\plans\source-catalog-worker-recovery-v5-2026-09-03\baseline\plan\implementation_agent_prompts.md,historical_plan_or_evidence,ab5c2fbc28996f5d501fff39e2a314030886857b5f246db58293df283f00c73d,ab5c2fbc28996f5d501fff39e2a314030886857b5f246db58293df283f00c73d,False,semantic_reviewed,reviews\wiki\read_coverage.json
company-wiki,docs\plans\source-catalog-worker-recovery-v5-2026-09-03\baseline\plan\ledger_validator_contract.md,C:\Users\郑曾波\Projects\company-wiki\docs\plans\source-catalog-worker-recovery-v5-2026-09-03\baseline\plan\ledger_validator_contract.md,historical_plan_or_evidence,c5b94e63b055ef6a989cb77282e2ade13cd5ae330899c90ee32567fbcf877978,c5b94e63b055ef6a989cb77282e2ade13cd5ae330899c90ee32567fbcf877978,False,semantic_reviewed,reviews\wiki\read_coverage.json
company-wiki,docs\plans\source-catalog-worker-recovery-v5-2026-09-03\baseline\plan\plan_review_findings.md,C:\Users\郑曾波\Projects\company-wiki\docs\plans\source-catalog-worker-recovery-v5-2026-09-03\baseline\plan\plan_review_findings.md,historical_plan_or_evidence,17206a816de688afa29bfeff734e0abc79954cef7964f0d4de568f6e07dd9559,17206a816de688afa29bfeff734e0abc79954cef7964f0d4de568f6e07dd9559,False,semantic_reviewed,reviews\wiki\read_coverage.json
company-wiki,docs\plans\source-catalog-worker-recovery-v5-2026-09-03\baseline\plan\rollout_rollback_runbook.md,C:\Users\郑曾波\Projects\company-wiki\docs\plans\source-catalog-worker-recovery-v5-2026-09-03\baseline\plan\rollout_rollback_runbook.md,historical_plan_or_evidence,2728be56f758a53d9a91631707909ff88e0a5d394760bccdbbaaed67c64786a4,2728be56f758a53d9a91631707909ff88e0a5d394760bccdbbaaed67c64786a4,False,semantic_reviewed,reviews\wiki\read_coverage.json
company-wiki,docs\plans\source-catalog-worker-recovery-v5-2026-09-03\baseline\plan\task_plan.md,C:\Users\郑曾波\Projects\company-wiki\docs\plans\source-catalog-worker-recovery-v5-2026-09-03\baseline\plan\task_plan.md,historical_plan_or_evidence,46634bec14cf3046c30b4b0159413b91ea66e00fb8833c3ab046dc7b14f2e336,46634bec14cf3046c30b4b0159413b91ea66e00fb8833c3ab046dc7b14f2e336,False,semantic_reviewed,reviews\wiki\read_coverage.json
company-wiki,docs\plans\source-catalog-worker-recovery-v5-2026-09-03\baseline\plan\test_acceptance_plan.md,C:\Users\郑曾波\Projects\company-wiki\docs\plans\source-catalog-worker-recovery-v5-2026-09-03\baseline\plan\test_acceptance_plan.md,historical_plan_or_evidence,8f0a86919e60d1cac6b022cb2bb26a284748c707bdf35972a0938a8a609bffc3,8f0a86919e60d1cac6b022cb2bb26a284748c707bdf35972a0938a8a609bffc3,False,semantic_reviewed,reviews\wiki\read_coverage.json
company-wiki,docs\plans\source-catalog-worker-recovery-v5-2026-09-03\baseline\plan\traceability_matrix.md,C:\Users\郑曾波\Projects\company-wiki\docs\plans\source-catalog-worker-recovery-v5-2026-09-03\baseline\plan\traceability_matrix.md,historical_plan_or_evidence,7a6865532489f8783b34cd62e138f4f2de8ce8fb89bbf56d819a7c3567626ef4,7a6865532489f8783b34cd62e138f4f2de8ce8fb89bbf56d819a7c3567626ef4,False,semantic_reviewed,reviews\wiki\read_coverage.json
company-wiki,docs\plans\source-catalog-worker-recovery-v5-2026-09-03\findings.md,C:\Users\郑曾波\Projects\company-wiki\docs\plans\source-catalog-worker-recovery-v5-2026-09-03\findings.md,historical_plan_or_evidence,2738a5bc16717d870f4644040a1e55e298ac80b987e00e4cd108067bcdcf66b8,2738a5bc16717d870f4644040a1e55e298ac80b987e00e4cd108067bcdcf66b8,False,semantic_reviewed,reviews\wiki\read_coverage.json
company-wiki,docs\plans\source-catalog-worker-recovery-v5-2026-09-03\progress.md,C:\Users\郑曾波\Projects\company-wiki\docs\plans\source-catalog-worker-recovery-v5-2026-09-03\progress.md,historical_plan_or_evidence,e52cfe1750a1d1e1912477ac2abcdb3101eaed80ce27d32b40d16cd47b445d73,e52cfe1750a1d1e1912477ac2abcdb3101eaed80ce27d32b40d16cd47b445d73,False,semantic_reviewed,reviews\wiki\read_coverage.json
company-wiki,docs\plans\source-catalog-worker-recovery-v5-2026-09-03\reviews\import-review-2026-09-03.md,C:\Users\郑曾波\Projects\company-wiki\docs\plans\source-catalog-worker-recovery-v5-2026-09-03\reviews\import-review-2026-09-03.md,historical_plan_or_evidence,baa64f7b4749c13b4f8188e4982a9e3fa907f692e776c37014f4dd2e57490e43,baa64f7b4749c13b4f8188e4982a9e3fa907f692e776c37014f4dd2e57490e43,False,semantic_reviewed,reviews\wiki\read_coverage.json
company-wiki,docs\plans\source-catalog-worker-recovery-v5-2026-09-03\reviews\old-plan-retirement-result.md,C:\Users\郑曾波\Projects\company-wiki\docs\plans\source-catalog-worker-recovery-v5-2026-09-03\reviews\old-plan-retirement-result.md,historical_plan_or_evidence,b27a428ff32ed9aa81d0090a2e8de30efc1193121725e1ab43d28f37370cb423,b27a428ff32ed9aa81d0090a2e8de30efc1193121725e1ab43d28f37370cb423,False,semantic_reviewed,reviews\wiki\read_coverage.json
company-wiki,docs\plans\source-catalog-worker-recovery-v5-2026-09-03\task_plan.md,C:\Users\郑曾波\Projects\company-wiki\docs\plans\source-catalog-worker-recovery-v5-2026-09-03\task_plan.md,historical_plan_or_evidence,32de3715a7446fc23a68b9923fcbeae7d10340e7f0d0b4b0ff43dd6feb14c49e,32de3715a7446fc23a68b9923fcbeae7d10340e7f0d0b4b0ff43dd6feb14c49e,False,semantic_reviewed,reviews\wiki\read_coverage.json
company-wiki,docs\plans\source-catalog-worker-recovery-v5-2026-09-03\v5-freeze-boundary.md,C:\Users\郑曾波\Projects\company-wiki\docs\plans\source-catalog-worker-recovery-v5-2026-09-03\v5-freeze-boundary.md,historical_plan_or_evidence,5e939d4646d233506447e6ca545c293347a9cfc86a62fe45b22f4b0ee9e47906,5e939d4646d233506447e6ca545c293347a9cfc86a62fe45b22f4b0ee9e47906,False,semantic_reviewed,reviews\wiki\read_coverage.json
company-wiki,docs\plans\source-catalog-worker-recovery-v5-2026-09-03\v5-freeze-record.md,C:\Users\郑曾波\Projects\company-wiki\docs\plans\source-catalog-worker-recovery-v5-2026-09-03\v5-freeze-record.md,historical_plan_or_evidence,592ce5643e939a31fc516607c50f09efcbde5e32201d9ae550408c73e8c27320,592ce5643e939a31fc516607c50f09efcbde5e32201d9ae550408c73e8c27320,False,semantic_reviewed,reviews\wiki\read_coverage.json
company-wiki,docs\plans\source-catalog-worker-recovery-v5-2026-09-03\v5-freeze-review-handover-docs.md,C:\Users\郑曾波\Projects\company-wiki\docs\plans\source-catalog-worker-recovery-v5-2026-09-03\v5-freeze-review-handover-docs.md,historical_plan_or_evidence,4870ca4afe67322237fcbfc29d38ac4cd06668178f73ad4e596bf0c8d7985d36,4870ca4afe67322237fcbfc29d38ac4cd06668178f73ad4e596bf0c8d7985d36,False,semantic_reviewed,reviews\wiki\read_coverage.json
company-wiki,docs\plans\source-catalog-worker-recovery-v5-2026-09-03\v5-freeze-review-handover-state.md,C:\Users\郑曾波\Projects\company-wiki\docs\plans\source-catalog-worker-recovery-v5-2026-09-03\v5-freeze-review-handover-state.md,historical_plan_or_evidence,e9937e9247319ba4d9fc04c9fdbc79f9a04420586c7fc4ef9c86e40d302bfbf8,e9937e9247319ba4d9fc04c9fdbc79f9a04420586c7fc4ef9c86e40d302bfbf8,False,semantic_reviewed,reviews\wiki\read_coverage.json
company-wiki,docs\plans\source-catalog-worker-recovery-v5-2026-09-03\v5-freeze-review-lifecycle-security-closure.md,C:\Users\郑曾波\Projects\company-wiki\docs\plans\source-catalog-worker-recovery-v5-2026-09-03\v5-freeze-review-lifecycle-security-closure.md,historical_plan_or_evidence,e528011f1081616471a7c71b586637e9b5897c0b6d941185efdee8e62df23b19,e528011f1081616471a7c71b586637e9b5897c0b6d941185efdee8e62df23b19,False,semantic_reviewed,reviews\wiki\read_coverage.json
company-wiki,docs\plans\source-catalog-worker-recovery-v5-2026-09-03\v5-freeze-review-lifecycle-security-closure2.md,C:\Users\郑曾波\Projects\company-wiki\docs\plans\source-catalog-worker-recovery-v5-2026-09-03\v5-freeze-review-lifecycle-security-closure2.md,historical_plan_or_evidence,6b16ba12c42f01703ecd564d1afbf8c5478484465de886d5cbde824063c3d142,6b16ba12c42f01703ecd564d1afbf8c5478484465de886d5cbde824063c3d142,False,semantic_reviewed,reviews\wiki\read_coverage.json
company-wiki,docs\plans\source-catalog-worker-recovery-v5-2026-09-03\v5-freeze-review-lifecycle-security-closure3.md,C:\Users\郑曾波\Projects\company-wiki\docs\plans\source-catalog-worker-recovery-v5-2026-09-03\v5-freeze-review-lifecycle-security-closure3.md,historical_plan_or_evidence,751ef25f99c3685d86a3d36b31a87e7233a4b4dfe2c6626d00b4455e986c4cbf,751ef25f99c3685d86a3d36b31a87e7233a4b4dfe2c6626d00b4455e986c4cbf,False,semantic_reviewed,reviews\wiki\read_coverage.json
company-wiki,docs\plans\source-catalog-worker-recovery-v5-2026-09-03\v5-freeze-review-lifecycle-security.md,C:\Users\郑曾波\Projects\company-wiki\docs\plans\source-catalog-worker-recovery-v5-2026-09-03\v5-freeze-review-lifecycle-security.md,historical_plan_or_evidence,5663444adf858b0223a8878d25060e2fb60d3672982a7a1ba9c744a22865691c,5663444adf858b0223a8878d25060e2fb60d3672982a7a1ba9c744a22865691c,False,semantic_reviewed,reviews\wiki\read_coverage.json
company-wiki,docs\plans\source-catalog-worker-recovery-v5-2026-09-03\v5-freeze-review-sql-performance-closure.md,C:\Users\郑曾波\Projects\company-wiki\docs\plans\source-catalog-worker-recovery-v5-2026-09-03\v5-freeze-review-sql-performance-closure.md,historical_plan_or_evidence,0a3003e88af3d173b277bf530a2c4b7aef4d6b053af50962e33ffd93512c3136,0a3003e88af3d173b277bf530a2c4b7aef4d6b053af50962e33ffd93512c3136,False,semantic_reviewed,reviews\wiki\read_coverage.json
company-wiki,docs\plans\source-catalog-worker-recovery-v5-2026-09-03\v5-freeze-review-sql-performance-closure2.md,C:\Users\郑曾波\Projects\company-wiki\docs\plans\source-catalog-worker-recovery-v5-2026-09-03\v5-freeze-review-sql-performance-closure2.md,historical_plan_or_evidence,e80d758143f733c14534ee4671efd41fb5b7b811c3c898294493605e03222853,e80d758143f733c14534ee4671efd41fb5b7b811c3c898294493605e03222853,False,semantic_reviewed,reviews\wiki\read_coverage.json
company-wiki,docs\plans\source-catalog-worker-recovery-v5-2026-09-03\v5-freeze-review-sql-performance-closure3.md,C:\Users\郑曾波\Projects\company-wiki\docs\plans\source-catalog-worker-recovery-v5-2026-09-03\v5-freeze-review-sql-performance-closure3.md,historical_plan_or_evidence,5e5d9a9dc58f41fb2ebc9a59d1907599e18a00b0531bae6cf758ed81080ce45b,5e5d9a9dc58f41fb2ebc9a59d1907599e18a00b0531bae6cf758ed81080ce45b,False,semantic_reviewed,reviews\wiki\read_coverage.json
company-wiki,docs\plans\source-catalog-worker-recovery-v5-2026-09-03\v5-freeze-review-sql-performance.md,C:\Users\郑曾波\Projects\company-wiki\docs\plans\source-catalog-worker-recovery-v5-2026-09-03\v5-freeze-review-sql-performance.md,historical_plan_or_evidence,4c03a00b80f80b8dc41cdca65032ea629f595abf9a39857a2e65ce3579fc9b88,4c03a00b80f80b8dc41cdca65032ea629f595abf9a39857a2e65ce3579fc9b88,False,semantic_reviewed,reviews\wiki\read_coverage.json
company-wiki,docs\plans\source-catalog-worker-recovery-v5-2026-09-03\v5-freeze-review-test-dag-closure.md,C:\Users\郑曾波\Projects\company-wiki\docs\plans\source-catalog-worker-recovery-v5-2026-09-03\v5-freeze-review-test-dag-closure.md,historical_plan_or_evidence,3404bab919c96627552c74ee43f81bada519c5ce6a784185816cb1b58f739a1a,3404bab919c96627552c74ee43f81bada519c5ce6a784185816cb1b58f739a1a,False,semantic_reviewed,reviews\wiki\read_coverage.json
company-wiki,docs\plans\source-catalog-worker-recovery-v5-2026-09-03\v5-freeze-review-test-dag-closure2.md,C:\Users\郑曾波\Projects\company-wiki\docs\plans\source-catalog-worker-recovery-v5-2026-09-03\v5-freeze-review-test-dag-closure2.md,historical_plan_or_evidence,ab2178ae39b5608f74bb551678ea0b0363aad968f3ee4547072aeb6b5d23e338,ab2178ae39b5608f74bb551678ea0b0363aad968f3ee4547072aeb6b5d23e338,False,semantic_reviewed,reviews\wiki\read_coverage.json
company-wiki,docs\plans\source-catalog-worker-recovery-v5-2026-09-03\v5-freeze-review-test-dag-closure3.md,C:\Users\郑曾波\Projects\company-wiki\docs\plans\source-catalog-worker-recovery-v5-2026-09-03\v5-freeze-review-test-dag-closure3.md,historical_plan_or_evidence,794f2b795d8c3cee7d129fbbe80b9b3306295a4c458901a82b6a8cfc5cdf473d,794f2b795d8c3cee7d129fbbe80b9b3306295a4c458901a82b6a8cfc5cdf473d,False,semantic_reviewed,reviews\wiki\read_coverage.json
company-wiki,docs\plans\source-catalog-worker-recovery-v5-2026-09-03\v5-freeze-review-test-dag-closure4.md,C:\Users\郑曾波\Projects\company-wiki\docs\plans\source-catalog-worker-recovery-v5-2026-09-03\v5-freeze-review-test-dag-closure4.md,historical_plan_or_evidence,bb0e9ab37da792e20a88e81be5926f982d024857a549c2cec87adaef6b4544d6,bb0e9ab37da792e20a88e81be5926f982d024857a549c2cec87adaef6b4544d6,False,semantic_reviewed,reviews\wiki\read_coverage.json
company-wiki,docs\plans\source-catalog-worker-recovery-v5-2026-09-03\v5-freeze-review-test-dag.md,C:\Users\郑曾波\Projects\company-wiki\docs\plans\source-catalog-worker-recovery-v5-2026-09-03\v5-freeze-review-test-dag.md,historical_plan_or_evidence,f04418936405e7c3468b5ebb6053d4eee9a776b6f5dc2d06dcfd7668bf58270f,f04418936405e7c3468b5ebb6053d4eee9a776b6f5dc2d06dcfd7668bf58270f,False,semantic_reviewed,reviews\wiki\read_coverage.json
company-wiki,docs\plans\source-catalog-worker-recovery-v5-2026-09-03\v5-version-contract-review-rev2.md,C:\Users\郑曾波\Projects\company-wiki\docs\plans\source-catalog-worker-recovery-v5-2026-09-03\v5-version-contract-review-rev2.md,historical_plan_or_evidence,3c651bbde41f5752a93939abf51eacbcdd636aed9fde7c5e8948cacca8f74f4d,3c651bbde41f5752a93939abf51eacbcdd636aed9fde7c5e8948cacca8f74f4d,False,semantic_reviewed,reviews\wiki\read_coverage.json
company-wiki,docs\plans\source-catalog-worker-recovery-v5-2026-09-03\v5-version-contract-review-rev3.md,C:\Users\郑曾波\Projects\company-wiki\docs\plans\source-catalog-worker-recovery-v5-2026-09-03\v5-version-contract-review-rev3.md,historical_plan_or_evidence,21d4f22daee7d085257a24aa4b53331fce1077d446ddabfbee7d8322e93da5d3,21d4f22daee7d085257a24aa4b53331fce1077d446ddabfbee7d8322e93da5d3,False,semantic_reviewed,reviews\wiki\read_coverage.json
company-wiki,docs\plans\source-catalog-worker-recovery-v5-2026-09-03\v5-version-contract-review-rev4.md,C:\Users\郑曾波\Projects\company-wiki\docs\plans\source-catalog-worker-recovery-v5-2026-09-03\v5-version-contract-review-rev4.md,historical_plan_or_evidence,87113fe2d254f4fca21559adacfe44d0ee0268196abbcc4d4cd4183303091e6f,87113fe2d254f4fca21559adacfe44d0ee0268196abbcc4d4cd4183303091e6f,False,semantic_reviewed,reviews\wiki\read_coverage.json
company-wiki,docs\plans\source-catalog-worker-recovery-v5-2026-09-03\v5-version-contract-review.md,C:\Users\郑曾波\Projects\company-wiki\docs\plans\source-catalog-worker-recovery-v5-2026-09-03\v5-version-contract-review.md,historical_plan_or_evidence,a4c4e907a272dfd4362c2438b852eaded5eeb01f39361cee786531eb94356164,a4c4e907a272dfd4362c2438b852eaded5eeb01f39361cee786531eb94356164,False,semantic_reviewed,reviews\wiki\read_coverage.json
company-wiki,docs\plans\source-catalog-worker-recovery-v5-2026-09-03\v5-version-contract.md,C:\Users\郑曾波\Projects\company-wiki\docs\plans\source-catalog-worker-recovery-v5-2026-09-03\v5-version-contract.md,historical_plan_or_evidence,e283d385bcd629aed5ff3cbb8f0f313d42fc582084e7c1490a6ce7add1603adf,e283d385bcd629aed5ff3cbb8f0f313d42fc582084e7c1490a6ce7add1603adf,False,semantic_reviewed,reviews\wiki\read_coverage.json
company-wiki,docs\plans\source-catalog-worker-recovery-v5-2026-09-03\v5-version-reference-inventory.md,C:\Users\郑曾波\Projects\company-wiki\docs\plans\source-catalog-worker-recovery-v5-2026-09-03\v5-version-reference-inventory.md,historical_plan_or_evidence,55482bad5b17dd6d48d342753672453bf46c6701c236fb2129d27e373c801dad,55482bad5b17dd6d48d342753672453bf46c6701c236fb2129d27e373c801dad,False,semantic_reviewed,reviews\wiki\read_coverage.json
company-wiki,docs\quality_report_final.md,C:\Users\郑曾波\Projects\company-wiki\docs\quality_report_final.md,engineering_context,06ae670303c985a1c953070042e888f73a186d08146b4553f03bc0db8c651bf3,06ae670303c985a1c953070042e888f73a186d08146b4553f03bc0db8c651bf3,False,semantic_reviewed,reviews\wiki\read_coverage.json
company-wiki,docs\source-acquisition-dedup-design.md,C:\Users\郑曾波\Projects\company-wiki\docs\source-acquisition-dedup-design.md,engineering_context,6591e47ade40e8584e7dbe768e0eff0a2684a98d27032fa436a267b6dcc951ee,6591e47ade40e8584e7dbe768e0eff0a2684a98d27032fa436a267b6dcc951ee,False,semantic_reviewed,reviews\wiki\read_coverage.json
company-wiki,docs\source-catalog.md,C:\Users\郑曾波\Projects\company-wiki\docs\source-catalog.md,engineering_context,7084721c2dac6871c215b90dafd4ec42a6a347a53ecd9b70711fd7e1f3012cc3,7084721c2dac6871c215b90dafd4ec42a6a347a53ecd9b70711fd7e1f3012cc3,False,semantic_reviewed,reviews\wiki\read_coverage.json
company-wiki,docs\worker-investigation-2026-08-20.md,C:\Users\郑曾波\Projects\company-wiki\docs\worker-investigation-2026-08-20.md,engineering_context,8e6166ba063bc281ca1fa5da3c0743b895e4d93b6f2957de3cbd0b6938a95be6,8e6166ba063bc281ca1fa5da3c0743b895e4d93b6f2957de3cbd0b6938a95be6,False,semantic_reviewed,reviews\wiki\read_coverage.json
company-wiki,docs\使用说明书.md,C:\Users\郑曾波\Projects\company-wiki\docs\使用说明书.md,engineering_context,f085e994c3bff33cd9e5dac168746a8e65ad2c9797135e948392f01ac1a4dfcc,f085e994c3bff33cd9e5dac168746a8e65ad2c9797135e948392f01ac1a4dfcc,False,semantic_reviewed,reviews\wiki\read_coverage.json
company-wiki,docs\可视化使用指南.md,C:\Users\郑曾波\Projects\company-wiki\docs\可视化使用指南.md,engineering_context,3c317e5affbd74cb1e897ed94452ecd14d4a8bfdb3612053bd919c42979f369a,3c317e5affbd74cb1e897ed94452ecd14d4a8bfdb3612053bd919c42979f369a,False,semantic_reviewed,reviews\wiki\read_coverage.json
company-wiki,docs\知识库全面审查与系统性改进计划.md,C:\Users\郑曾波\Projects\company-wiki\docs\知识库全面审查与系统性改进计划.md,engineering_context,9f24779bbe9afa46923a392ef4fcf6f80a52a970fb29619f34ac80439ed685fa,9f24779bbe9afa46923a392ef4fcf6f80a52a970fb29619f34ac80439ed685fa,False,semantic_reviewed,reviews\wiki\read_coverage.json
company-wiki,docs\系统审查与改进计划.md,C:\Users\郑曾波\Projects\company-wiki\docs\系统审查与改进计划.md,engineering_context,db8f2bef3ae06e3957684b5cb92f3d80748a256318d2585c18a1445d10e8da45,db8f2bef3ae06e3957684b5cb92f3d80748a256318d2585c18a1445d10e8da45,False,semantic_reviewed,reviews\wiki\read_coverage.json
company-wiki,findings.md,C:\Users\郑曾波\Projects\company-wiki\findings.md,historical_plan_or_evidence,a45b89d5e801a5c7584e93e77453ba743b9280ce09fa4bb50bf98429273d9f5f,a45b89d5e801a5c7584e93e77453ba743b9280ce09fa4bb50bf98429273d9f5f,False,semantic_reviewed,reviews\wiki_legacy\coverage.json
company-wiki,index.md,C:\Users\郑曾波\Projects\company-wiki\index.md,engineering_context,20c07b8a011bfb249f4608a1e35a2d2d4ee29f6b2431b858cfc41e2c00922ce2,20c07b8a011bfb249f4608a1e35a2d2d4ee29f6b2431b858cfc41e2c00922ce2,False,semantic_reviewed,reviews\wiki_legacy\coverage.json
company-wiki,llm-wiki.md,C:\Users\郑曾波\Projects\company-wiki\llm-wiki.md,engineering_context,dc3efe98ae62f23dd08acad13aba2e95287beb20b6bec2f4af0423557fe37401,dc3efe98ae62f23dd08acad13aba2e95287beb20b6bec2f4af0423557fe37401,False,semantic_reviewed,reviews\wiki_legacy\coverage.json
company-wiki,log.md,C:\Users\郑曾波\Projects\company-wiki\log.md,engineering_context,df59049403825cb23593818d2b7b23606eead2ee85d6399954df98932efe9eb9,df59049403825cb23593818d2b7b23606eead2ee85d6399954df98932efe9eb9,False,semantic_reviewed,reviews\wiki_legacy\coverage.json
company-wiki,log_2026-04-23.md,C:\Users\郑曾波\Projects\company-wiki\log_2026-04-23.md,engineering_context,4594a6fda02b7032ef8977b55143afa1357a3be87ad604bead31ed66c5767a2c,4594a6fda02b7032ef8977b55143afa1357a3be87ad604bead31ed66c5767a2c,False,semantic_reviewed,reviews\wiki_legacy\coverage.json
company-wiki,progress.md,C:\Users\郑曾波\Projects\company-wiki\progress.md,historical_plan_or_evidence,80ca072916744c19be4ddd8d6dbabf422674054872b36d83a8801d7bc47d721f,80ca072916744c19be4ddd8d6dbabf422674054872b36d83a8801d7bc47d721f,False,semantic_reviewed,reviews\wiki_legacy\coverage.json
company-wiki,review_plan.md,C:\Users\郑曾波\Projects\company-wiki\review_plan.md,engineering_context,767218b2668ceea722f0deafac39cd0f4170cb17eca198393cb54152072e6fb9,767218b2668ceea722f0deafac39cd0f4170cb17eca198393cb54152072e6fb9,False,semantic_reviewed,reviews\wiki_legacy\coverage.json
company-wiki,review_queue.md,C:\Users\郑曾波\Projects\company-wiki\review_queue.md,engineering_context,5c61bc6fd7af566b52e694767708bfd0a3b559768823a70250228feb265da767,5c61bc6fd7af566b52e694767708bfd0a3b559768823a70250228feb265da767,False,semantic_reviewed,reviews\wiki_legacy\coverage.json
company-wiki,task_plan.md,C:\Users\郑曾波\Projects\company-wiki\task_plan.md,historical_plan_or_evidence,69d941cd174589563b567d48343a76a10e4d5a691d66466504a167a0cda1809a,69d941cd174589563b567d48343a76a10e4d5a691d66466504a167a0cda1809a,False,semantic_reviewed,reviews\wiki_legacy\coverage.json
company-wiki,task_plan_cw_recovery_20260725.md,C:\Users\郑曾波\Projects\company-wiki\task_plan_cw_recovery_20260725.md,historical_plan_or_evidence,962a8d0a78b1fafdb2b6a529a21a03da5daf49c7725433bf8cb8126adafe168d,962a8d0a78b1fafdb2b6a529a21a03da5daf49c7725433bf8cb8126adafe168d,False,semantic_reviewed,reviews\wiki_legacy\coverage.json
company-wiki,task_plan_v2.md,C:\Users\郑曾波\Projects\company-wiki\task_plan_v2.md,historical_plan_or_evidence,acf03f6ed32804021235c60754d5e572e59e9390e1a5c28629bd305c9b37fc42,acf03f6ed32804021235c60754d5e572e59e9390e1a5c28629bd305c9b37fc42,False,semantic_reviewed,reviews\wiki_legacy\coverage.json
company-wiki,temp_design.md,C:\Users\郑曾波\Projects\company-wiki\temp_design.md,engineering_context,ed5a040732374c4973c5b15688a045568821d93150766bae622ac3fc682308db,ed5a040732374c4973c5b15688a045568821d93150766bae622ac3fc682308db,False,semantic_reviewed,reviews\wiki_legacy\coverage.json
company-wiki,verification_CW-2.24_plan.md,C:\Users\郑曾波\Projects\company-wiki\verification_CW-2.24_plan.md,engineering_context,083a7c8a19050e7a22a017fd8ca013079630c159e6d0305c58ab155fca128b12,083a7c8a19050e7a22a017fd8ca013079630c159e6d0305c58ab155fca128b12,False,semantic_reviewed,reviews\wiki_legacy\coverage.json
company-wiki,web\docs\index.md,C:\Users\郑曾波\Projects\company-wiki\web\docs\index.md,engineering_context,a20ffb28ac40e3d559fffc5b0a15ff1e4295f61c5bd9bdae768f582bf54499bd,a20ffb28ac40e3d559fffc5b0a15ff1e4295f61c5bd9bdae768f582bf54499bd,False,semantic_reviewed,reviews\wiki\read_coverage.json
company-wiki,web\docs\tags.md,C:\Users\郑曾波\Projects\company-wiki\web\docs\tags.md,engineering_context,bdb9ad0b964e32827473e61b7f03217c1444a6bee21518e3d7efa214bd32d5ea,bdb9ad0b964e32827473e61b7f03217c1444a6bee21518e3d7efa214bd32d5ea,False,semantic_reviewed,reviews\wiki\read_coverage.json
company-wiki,web\docs\产业链导航.md,C:\Users\郑曾波\Projects\company-wiki\web\docs\产业链导航.md,engineering_context,3f370d03efae7be1c1734ff9c243c7a1cb12b4003684abd404e594a57822501a,3f370d03efae7be1c1734ff9c243c7a1cb12b4003684abd404e594a57822501a,False,semantic_reviewed,reviews\wiki\read_coverage.json
company-wiki,web\docs\图谱.md,C:\Users\郑曾波\Projects\company-wiki\web\docs\图谱.md,engineering_context,f2c0023ae9baa057f84ccd0280bc8d5639d5a8f7da9d666425354a6936a005f5,f2c0023ae9baa057f84ccd0280bc8d5639d5a8f7da9d666425354a6936a005f5,False,semantic_reviewed,reviews\wiki\read_coverage.json
company-wiki,设计思想.md,C:\Users\郑曾波\Projects\company-wiki\设计思想.md,engineering_context,ed5a040732374c4973c5b15688a045568821d93150766bae622ac3fc682308db,ed5a040732374c4973c5b15688a045568821d93150766bae622ac3fc682308db,False,semantic_reviewed,reviews\wiki_legacy\coverage.json
filing-fetch,e2e/E2E_DESIGN.md,C:\Users\郑曾波\Projects\filing-fetch\e2e\E2E_DESIGN.md,engineering_context,be58d1dacfa3e884a5c7eef8862e53ff43616f86d9f752ca780251007da8bc42,be58d1dacfa3e884a5c7eef8862e53ff43616f86d9f752ca780251007da8bc42,False,semantic_reviewed,reviews\filing\item_ledger.jsonl
filing-fetch,references/contract-ownership.md,C:\Users\郑曾波\Projects\filing-fetch\references\contract-ownership.md,engineering_context,5534e09503612d4e578899984b663d045467fddbba6ee74a66eae2eb082f8a0e,5534e09503612d4e578899984b663d045467fddbba6ee74a66eae2eb082f8a0e,False,semantic_reviewed,reviews\filing\item_ledger.jsonl
filing-fetch,references/identity.md,C:\Users\郑曾波\Projects\filing-fetch\references\identity.md,engineering_context,ae83b6215c8c1cd0d60fac31f7c69446a2c57d9e945a6f58a709640e51aedd64,ae83b6215c8c1cd0d60fac31f7c69446a2c57d9e945a6f58a709640e51aedd64,False,semantic_reviewed,reviews\filing\item_ledger.jsonl
